-- begin_signature
-- AnimationRom(WIDTH
-- 18
-- HEIGHT
-- 32
-- TOP
-- 100
-- LEFT
-- 160
-- ANIMATION_LENGTH
-- 24
-- POTION_ID
-- 3
-- ANIMATION_SLOWDOWN_RATE
-- 4)
-- end_signature
WIDTH=8;
DEPTH=16384;

ADDRESS_RADIX=UNS;
DATA_RADIX=BIN;

CONTENT BEGIN
	16383 :	XXXXXXXX;
	16382 :	XXXXXXXX;
	16381 :	XXXXXXXX;
	16380 :	XXXXXXXX;
	16379 :	XXXXXXXX;
	16378 :	XXXXXXXX;
	16377 :	XXXXXXXX;
	16376 :	XXXXXXXX;
	16375 :	XXXXXXXX;
	16374 :	XXXXXXXX;
	16373 :	XXXXXXXX;
	16372 :	XXXXXXXX;
	16371 :	XXXXXXXX;
	16370 :	XXXXXXXX;
	16369 :	XXXXXXXX;
	16368 :	XXXXXXXX;
	16367 :	XXXXXXXX;
	16366 :	XXXXXXXX;
	16365 :	XXXXXXXX;
	16364 :	XXXXXXXX;
	16363 :	XXXXXXXX;
	16362 :	XXXXXXXX;
	16361 :	XXXXXXXX;
	16360 :	XXXXXXXX;
	16359 :	XXXXXXXX;
	16358 :	XXXXXXXX;
	16357 :	XXXXXXXX;
	16356 :	XXXXXXXX;
	16355 :	XXXXXXXX;
	16354 :	XXXXXXXX;
	16353 :	XXXXXXXX;
	16352 :	XXXXXXXX;
	16351 :	XXXXXXXX;
	16350 :	XXXXXXXX;
	16349 :	XXXXXXXX;
	16348 :	XXXXXXXX;
	16347 :	XXXXXXXX;
	16346 :	XXXXXXXX;
	16345 :	XXXXXXXX;
	16344 :	XXXXXXXX;
	16343 :	XXXXXXXX;
	16342 :	XXXXXXXX;
	16341 :	XXXXXXXX;
	16340 :	XXXXXXXX;
	16339 :	XXXXXXXX;
	16338 :	XXXXXXXX;
	16337 :	XXXXXXXX;
	16336 :	XXXXXXXX;
	16335 :	XXXXXXXX;
	16334 :	XXXXXXXX;
	16333 :	XXXXXXXX;
	16332 :	XXXXXXXX;
	16331 :	XXXXXXXX;
	16330 :	XXXXXXXX;
	16329 :	XXXXXXXX;
	16328 :	XXXXXXXX;
	16327 :	XXXXXXXX;
	16326 :	XXXXXXXX;
	16325 :	XXXXXXXX;
	16324 :	XXXXXXXX;
	16323 :	XXXXXXXX;
	16322 :	XXXXXXXX;
	16321 :	XXXXXXXX;
	16320 :	XXXXXXXX;
	16319 :	XXXXXXXX;
	16318 :	XXXXXXXX;
	16317 :	XXXXXXXX;
	16316 :	XXXXXXXX;
	16315 :	XXXXXXXX;
	16314 :	XXXXXXXX;
	16313 :	XXXXXXXX;
	16312 :	XXXXXXXX;
	16311 :	XXXXXXXX;
	16310 :	XXXXXXXX;
	16309 :	XXXXXXXX;
	16308 :	XXXXXXXX;
	16307 :	XXXXXXXX;
	16306 :	XXXXXXXX;
	16305 :	XXXXXXXX;
	16304 :	XXXXXXXX;
	16303 :	XXXXXXXX;
	16302 :	XXXXXXXX;
	16301 :	XXXXXXXX;
	16300 :	XXXXXXXX;
	16299 :	XXXXXXXX;
	16298 :	XXXXXXXX;
	16297 :	XXXXXXXX;
	16296 :	XXXXXXXX;
	16295 :	XXXXXXXX;
	16294 :	XXXXXXXX;
	16293 :	XXXXXXXX;
	16292 :	XXXXXXXX;
	16291 :	XXXXXXXX;
	16290 :	XXXXXXXX;
	16289 :	XXXXXXXX;
	16288 :	XXXXXXXX;
	16287 :	XXXXXXXX;
	16286 :	XXXXXXXX;
	16285 :	XXXXXXXX;
	16284 :	XXXXXXXX;
	16283 :	XXXXXXXX;
	16282 :	XXXXXXXX;
	16281 :	XXXXXXXX;
	16280 :	XXXXXXXX;
	16279 :	XXXXXXXX;
	16278 :	XXXXXXXX;
	16277 :	XXXXXXXX;
	16276 :	XXXXXXXX;
	16275 :	XXXXXXXX;
	16274 :	XXXXXXXX;
	16273 :	XXXXXXXX;
	16272 :	XXXXXXXX;
	16271 :	XXXXXXXX;
	16270 :	XXXXXXXX;
	16269 :	XXXXXXXX;
	16268 :	XXXXXXXX;
	16267 :	XXXXXXXX;
	16266 :	XXXXXXXX;
	16265 :	XXXXXXXX;
	16264 :	XXXXXXXX;
	16263 :	XXXXXXXX;
	16262 :	XXXXXXXX;
	16261 :	XXXXXXXX;
	16260 :	XXXXXXXX;
	16259 :	XXXXXXXX;
	16258 :	XXXXXXXX;
	16257 :	XXXXXXXX;
	16256 :	XXXXXXXX;
	16255 :	XXXXXXXX;
	16254 :	XXXXXXXX;
	16253 :	XXXXXXXX;
	16252 :	XXXXXXXX;
	16251 :	XXXXXXXX;
	16250 :	XXXXXXXX;
	16249 :	XXXXXXXX;
	16248 :	XXXXXXXX;
	16247 :	XXXXXXXX;
	16246 :	XXXXXXXX;
	16245 :	XXXXXXXX;
	16244 :	XXXXXXXX;
	16243 :	XXXXXXXX;
	16242 :	XXXXXXXX;
	16241 :	XXXXXXXX;
	16240 :	XXXXXXXX;
	16239 :	XXXXXXXX;
	16238 :	XXXXXXXX;
	16237 :	XXXXXXXX;
	16236 :	XXXXXXXX;
	16235 :	XXXXXXXX;
	16234 :	XXXXXXXX;
	16233 :	XXXXXXXX;
	16232 :	XXXXXXXX;
	16231 :	XXXXXXXX;
	16230 :	XXXXXXXX;
	16229 :	XXXXXXXX;
	16228 :	XXXXXXXX;
	16227 :	XXXXXXXX;
	16226 :	XXXXXXXX;
	16225 :	XXXXXXXX;
	16224 :	XXXXXXXX;
	16223 :	XXXXXXXX;
	16222 :	XXXXXXXX;
	16221 :	XXXXXXXX;
	16220 :	XXXXXXXX;
	16219 :	XXXXXXXX;
	16218 :	XXXXXXXX;
	16217 :	XXXXXXXX;
	16216 :	XXXXXXXX;
	16215 :	XXXXXXXX;
	16214 :	XXXXXXXX;
	16213 :	XXXXXXXX;
	16212 :	XXXXXXXX;
	16211 :	XXXXXXXX;
	16210 :	XXXXXXXX;
	16209 :	XXXXXXXX;
	16208 :	XXXXXXXX;
	16207 :	XXXXXXXX;
	16206 :	XXXXXXXX;
	16205 :	XXXXXXXX;
	16204 :	XXXXXXXX;
	16203 :	XXXXXXXX;
	16202 :	XXXXXXXX;
	16201 :	XXXXXXXX;
	16200 :	XXXXXXXX;
	16199 :	XXXXXXXX;
	16198 :	XXXXXXXX;
	16197 :	XXXXXXXX;
	16196 :	XXXXXXXX;
	16195 :	XXXXXXXX;
	16194 :	XXXXXXXX;
	16193 :	XXXXXXXX;
	16192 :	XXXXXXXX;
	16191 :	XXXXXXXX;
	16190 :	XXXXXXXX;
	16189 :	XXXXXXXX;
	16188 :	XXXXXXXX;
	16187 :	XXXXXXXX;
	16186 :	XXXXXXXX;
	16185 :	XXXXXXXX;
	16184 :	XXXXXXXX;
	16183 :	XXXXXXXX;
	16182 :	XXXXXXXX;
	16181 :	XXXXXXXX;
	16180 :	XXXXXXXX;
	16179 :	XXXXXXXX;
	16178 :	XXXXXXXX;
	16177 :	XXXXXXXX;
	16176 :	XXXXXXXX;
	16175 :	XXXXXXXX;
	16174 :	XXXXXXXX;
	16173 :	XXXXXXXX;
	16172 :	XXXXXXXX;
	16171 :	XXXXXXXX;
	16170 :	XXXXXXXX;
	16169 :	XXXXXXXX;
	16168 :	XXXXXXXX;
	16167 :	XXXXXXXX;
	16166 :	XXXXXXXX;
	16165 :	XXXXXXXX;
	16164 :	XXXXXXXX;
	16163 :	XXXXXXXX;
	16162 :	XXXXXXXX;
	16161 :	XXXXXXXX;
	16160 :	XXXXXXXX;
	16159 :	XXXXXXXX;
	16158 :	XXXXXXXX;
	16157 :	XXXXXXXX;
	16156 :	XXXXXXXX;
	16155 :	XXXXXXXX;
	16154 :	XXXXXXXX;
	16153 :	XXXXXXXX;
	16152 :	XXXXXXXX;
	16151 :	XXXXXXXX;
	16150 :	XXXXXXXX;
	16149 :	XXXXXXXX;
	16148 :	XXXXXXXX;
	16147 :	XXXXXXXX;
	16146 :	XXXXXXXX;
	16145 :	XXXXXXXX;
	16144 :	XXXXXXXX;
	16143 :	XXXXXXXX;
	16142 :	XXXXXXXX;
	16141 :	XXXXXXXX;
	16140 :	XXXXXXXX;
	16139 :	XXXXXXXX;
	16138 :	XXXXXXXX;
	16137 :	XXXXXXXX;
	16136 :	XXXXXXXX;
	16135 :	XXXXXXXX;
	16134 :	XXXXXXXX;
	16133 :	XXXXXXXX;
	16132 :	XXXXXXXX;
	16131 :	XXXXXXXX;
	16130 :	XXXXXXXX;
	16129 :	XXXXXXXX;
	16128 :	XXXXXXXX;
	16127 :	XXXXXXXX;
	16126 :	XXXXXXXX;
	16125 :	XXXXXXXX;
	16124 :	XXXXXXXX;
	16123 :	XXXXXXXX;
	16122 :	XXXXXXXX;
	16121 :	XXXXXXXX;
	16120 :	XXXXXXXX;
	16119 :	XXXXXXXX;
	16118 :	XXXXXXXX;
	16117 :	XXXXXXXX;
	16116 :	XXXXXXXX;
	16115 :	XXXXXXXX;
	16114 :	XXXXXXXX;
	16113 :	XXXXXXXX;
	16112 :	XXXXXXXX;
	16111 :	XXXXXXXX;
	16110 :	XXXXXXXX;
	16109 :	XXXXXXXX;
	16108 :	XXXXXXXX;
	16107 :	XXXXXXXX;
	16106 :	XXXXXXXX;
	16105 :	XXXXXXXX;
	16104 :	XXXXXXXX;
	16103 :	XXXXXXXX;
	16102 :	XXXXXXXX;
	16101 :	XXXXXXXX;
	16100 :	XXXXXXXX;
	16099 :	XXXXXXXX;
	16098 :	XXXXXXXX;
	16097 :	XXXXXXXX;
	16096 :	XXXXXXXX;
	16095 :	XXXXXXXX;
	16094 :	XXXXXXXX;
	16093 :	XXXXXXXX;
	16092 :	XXXXXXXX;
	16091 :	XXXXXXXX;
	16090 :	XXXXXXXX;
	16089 :	XXXXXXXX;
	16088 :	XXXXXXXX;
	16087 :	XXXXXXXX;
	16086 :	XXXXXXXX;
	16085 :	XXXXXXXX;
	16084 :	XXXXXXXX;
	16083 :	XXXXXXXX;
	16082 :	XXXXXXXX;
	16081 :	XXXXXXXX;
	16080 :	XXXXXXXX;
	16079 :	XXXXXXXX;
	16078 :	XXXXXXXX;
	16077 :	XXXXXXXX;
	16076 :	XXXXXXXX;
	16075 :	XXXXXXXX;
	16074 :	XXXXXXXX;
	16073 :	XXXXXXXX;
	16072 :	XXXXXXXX;
	16071 :	XXXXXXXX;
	16070 :	XXXXXXXX;
	16069 :	XXXXXXXX;
	16068 :	XXXXXXXX;
	16067 :	XXXXXXXX;
	16066 :	XXXXXXXX;
	16065 :	XXXXXXXX;
	16064 :	XXXXXXXX;
	16063 :	XXXXXXXX;
	16062 :	XXXXXXXX;
	16061 :	XXXXXXXX;
	16060 :	XXXXXXXX;
	16059 :	XXXXXXXX;
	16058 :	XXXXXXXX;
	16057 :	XXXXXXXX;
	16056 :	XXXXXXXX;
	16055 :	XXXXXXXX;
	16054 :	XXXXXXXX;
	16053 :	XXXXXXXX;
	16052 :	XXXXXXXX;
	16051 :	XXXXXXXX;
	16050 :	XXXXXXXX;
	16049 :	XXXXXXXX;
	16048 :	XXXXXXXX;
	16047 :	XXXXXXXX;
	16046 :	XXXXXXXX;
	16045 :	XXXXXXXX;
	16044 :	XXXXXXXX;
	16043 :	XXXXXXXX;
	16042 :	XXXXXXXX;
	16041 :	XXXXXXXX;
	16040 :	XXXXXXXX;
	16039 :	XXXXXXXX;
	16038 :	XXXXXXXX;
	16037 :	XXXXXXXX;
	16036 :	XXXXXXXX;
	16035 :	XXXXXXXX;
	16034 :	XXXXXXXX;
	16033 :	XXXXXXXX;
	16032 :	XXXXXXXX;
	16031 :	XXXXXXXX;
	16030 :	XXXXXXXX;
	16029 :	XXXXXXXX;
	16028 :	XXXXXXXX;
	16027 :	XXXXXXXX;
	16026 :	XXXXXXXX;
	16025 :	XXXXXXXX;
	16024 :	XXXXXXXX;
	16023 :	XXXXXXXX;
	16022 :	XXXXXXXX;
	16021 :	XXXXXXXX;
	16020 :	XXXXXXXX;
	16019 :	XXXXXXXX;
	16018 :	XXXXXXXX;
	16017 :	XXXXXXXX;
	16016 :	XXXXXXXX;
	16015 :	XXXXXXXX;
	16014 :	XXXXXXXX;
	16013 :	XXXXXXXX;
	16012 :	XXXXXXXX;
	16011 :	XXXXXXXX;
	16010 :	XXXXXXXX;
	16009 :	XXXXXXXX;
	16008 :	XXXXXXXX;
	16007 :	XXXXXXXX;
	16006 :	XXXXXXXX;
	16005 :	XXXXXXXX;
	16004 :	XXXXXXXX;
	16003 :	XXXXXXXX;
	16002 :	XXXXXXXX;
	16001 :	XXXXXXXX;
	16000 :	XXXXXXXX;
	15999 :	XXXXXXXX;
	15998 :	XXXXXXXX;
	15997 :	XXXXXXXX;
	15996 :	XXXXXXXX;
	15995 :	XXXXXXXX;
	15994 :	XXXXXXXX;
	15993 :	XXXXXXXX;
	15992 :	XXXXXXXX;
	15991 :	XXXXXXXX;
	15990 :	XXXXXXXX;
	15989 :	XXXXXXXX;
	15988 :	XXXXXXXX;
	15987 :	XXXXXXXX;
	15986 :	XXXXXXXX;
	15985 :	XXXXXXXX;
	15984 :	XXXXXXXX;
	15983 :	XXXXXXXX;
	15982 :	XXXXXXXX;
	15981 :	XXXXXXXX;
	15980 :	XXXXXXXX;
	15979 :	XXXXXXXX;
	15978 :	XXXXXXXX;
	15977 :	XXXXXXXX;
	15976 :	XXXXXXXX;
	15975 :	XXXXXXXX;
	15974 :	XXXXXXXX;
	15973 :	XXXXXXXX;
	15972 :	XXXXXXXX;
	15971 :	XXXXXXXX;
	15970 :	XXXXXXXX;
	15969 :	XXXXXXXX;
	15968 :	XXXXXXXX;
	15967 :	XXXXXXXX;
	15966 :	XXXXXXXX;
	15965 :	XXXXXXXX;
	15964 :	XXXXXXXX;
	15963 :	XXXXXXXX;
	15962 :	XXXXXXXX;
	15961 :	XXXXXXXX;
	15960 :	XXXXXXXX;
	15959 :	XXXXXXXX;
	15958 :	XXXXXXXX;
	15957 :	XXXXXXXX;
	15956 :	XXXXXXXX;
	15955 :	XXXXXXXX;
	15954 :	XXXXXXXX;
	15953 :	XXXXXXXX;
	15952 :	XXXXXXXX;
	15951 :	XXXXXXXX;
	15950 :	XXXXXXXX;
	15949 :	XXXXXXXX;
	15948 :	XXXXXXXX;
	15947 :	XXXXXXXX;
	15946 :	XXXXXXXX;
	15945 :	XXXXXXXX;
	15944 :	XXXXXXXX;
	15943 :	XXXXXXXX;
	15942 :	XXXXXXXX;
	15941 :	XXXXXXXX;
	15940 :	XXXXXXXX;
	15939 :	XXXXXXXX;
	15938 :	XXXXXXXX;
	15937 :	XXXXXXXX;
	15936 :	XXXXXXXX;
	15935 :	XXXXXXXX;
	15934 :	XXXXXXXX;
	15933 :	XXXXXXXX;
	15932 :	XXXXXXXX;
	15931 :	XXXXXXXX;
	15930 :	XXXXXXXX;
	15929 :	XXXXXXXX;
	15928 :	XXXXXXXX;
	15927 :	XXXXXXXX;
	15926 :	XXXXXXXX;
	15925 :	XXXXXXXX;
	15924 :	XXXXXXXX;
	15923 :	XXXXXXXX;
	15922 :	XXXXXXXX;
	15921 :	XXXXXXXX;
	15920 :	XXXXXXXX;
	15919 :	XXXXXXXX;
	15918 :	XXXXXXXX;
	15917 :	XXXXXXXX;
	15916 :	XXXXXXXX;
	15915 :	XXXXXXXX;
	15914 :	XXXXXXXX;
	15913 :	XXXXXXXX;
	15912 :	XXXXXXXX;
	15911 :	XXXXXXXX;
	15910 :	XXXXXXXX;
	15909 :	XXXXXXXX;
	15908 :	XXXXXXXX;
	15907 :	XXXXXXXX;
	15906 :	XXXXXXXX;
	15905 :	XXXXXXXX;
	15904 :	XXXXXXXX;
	15903 :	XXXXXXXX;
	15902 :	XXXXXXXX;
	15901 :	XXXXXXXX;
	15900 :	XXXXXXXX;
	15899 :	XXXXXXXX;
	15898 :	XXXXXXXX;
	15897 :	XXXXXXXX;
	15896 :	XXXXXXXX;
	15895 :	XXXXXXXX;
	15894 :	XXXXXXXX;
	15893 :	XXXXXXXX;
	15892 :	XXXXXXXX;
	15891 :	XXXXXXXX;
	15890 :	XXXXXXXX;
	15889 :	XXXXXXXX;
	15888 :	XXXXXXXX;
	15887 :	XXXXXXXX;
	15886 :	XXXXXXXX;
	15885 :	XXXXXXXX;
	15884 :	XXXXXXXX;
	15883 :	XXXXXXXX;
	15882 :	XXXXXXXX;
	15881 :	XXXXXXXX;
	15880 :	XXXXXXXX;
	15879 :	XXXXXXXX;
	15878 :	XXXXXXXX;
	15877 :	XXXXXXXX;
	15876 :	XXXXXXXX;
	15875 :	XXXXXXXX;
	15874 :	XXXXXXXX;
	15873 :	XXXXXXXX;
	15872 :	XXXXXXXX;
	15871 :	XXXXXXXX;
	15870 :	XXXXXXXX;
	15869 :	XXXXXXXX;
	15868 :	XXXXXXXX;
	15867 :	XXXXXXXX;
	15866 :	XXXXXXXX;
	15865 :	XXXXXXXX;
	15864 :	XXXXXXXX;
	15863 :	XXXXXXXX;
	15862 :	XXXXXXXX;
	15861 :	XXXXXXXX;
	15860 :	XXXXXXXX;
	15859 :	XXXXXXXX;
	15858 :	XXXXXXXX;
	15857 :	XXXXXXXX;
	15856 :	XXXXXXXX;
	15855 :	XXXXXXXX;
	15854 :	XXXXXXXX;
	15853 :	XXXXXXXX;
	15852 :	XXXXXXXX;
	15851 :	XXXXXXXX;
	15850 :	XXXXXXXX;
	15849 :	XXXXXXXX;
	15848 :	XXXXXXXX;
	15847 :	XXXXXXXX;
	15846 :	XXXXXXXX;
	15845 :	XXXXXXXX;
	15844 :	XXXXXXXX;
	15843 :	XXXXXXXX;
	15842 :	XXXXXXXX;
	15841 :	XXXXXXXX;
	15840 :	XXXXXXXX;
	15839 :	XXXXXXXX;
	15838 :	XXXXXXXX;
	15837 :	XXXXXXXX;
	15836 :	XXXXXXXX;
	15835 :	XXXXXXXX;
	15834 :	XXXXXXXX;
	15833 :	XXXXXXXX;
	15832 :	XXXXXXXX;
	15831 :	XXXXXXXX;
	15830 :	XXXXXXXX;
	15829 :	XXXXXXXX;
	15828 :	XXXXXXXX;
	15827 :	XXXXXXXX;
	15826 :	XXXXXXXX;
	15825 :	XXXXXXXX;
	15824 :	XXXXXXXX;
	15823 :	XXXXXXXX;
	15822 :	XXXXXXXX;
	15821 :	XXXXXXXX;
	15820 :	XXXXXXXX;
	15819 :	XXXXXXXX;
	15818 :	XXXXXXXX;
	15817 :	XXXXXXXX;
	15816 :	XXXXXXXX;
	15815 :	XXXXXXXX;
	15814 :	XXXXXXXX;
	15813 :	XXXXXXXX;
	15812 :	XXXXXXXX;
	15811 :	XXXXXXXX;
	15810 :	XXXXXXXX;
	15809 :	XXXXXXXX;
	15808 :	XXXXXXXX;
	15807 :	XXXXXXXX;
	15806 :	XXXXXXXX;
	15805 :	XXXXXXXX;
	15804 :	XXXXXXXX;
	15803 :	XXXXXXXX;
	15802 :	XXXXXXXX;
	15801 :	XXXXXXXX;
	15800 :	XXXXXXXX;
	15799 :	XXXXXXXX;
	15798 :	XXXXXXXX;
	15797 :	XXXXXXXX;
	15796 :	XXXXXXXX;
	15795 :	XXXXXXXX;
	15794 :	XXXXXXXX;
	15793 :	XXXXXXXX;
	15792 :	XXXXXXXX;
	15791 :	XXXXXXXX;
	15790 :	XXXXXXXX;
	15789 :	XXXXXXXX;
	15788 :	XXXXXXXX;
	15787 :	XXXXXXXX;
	15786 :	XXXXXXXX;
	15785 :	XXXXXXXX;
	15784 :	XXXXXXXX;
	15783 :	XXXXXXXX;
	15782 :	XXXXXXXX;
	15781 :	XXXXXXXX;
	15780 :	XXXXXXXX;
	15779 :	XXXXXXXX;
	15778 :	XXXXXXXX;
	15777 :	XXXXXXXX;
	15776 :	XXXXXXXX;
	15775 :	XXXXXXXX;
	15774 :	XXXXXXXX;
	15773 :	XXXXXXXX;
	15772 :	XXXXXXXX;
	15771 :	XXXXXXXX;
	15770 :	XXXXXXXX;
	15769 :	XXXXXXXX;
	15768 :	XXXXXXXX;
	15767 :	XXXXXXXX;
	15766 :	XXXXXXXX;
	15765 :	XXXXXXXX;
	15764 :	XXXXXXXX;
	15763 :	XXXXXXXX;
	15762 :	XXXXXXXX;
	15761 :	XXXXXXXX;
	15760 :	XXXXXXXX;
	15759 :	XXXXXXXX;
	15758 :	XXXXXXXX;
	15757 :	XXXXXXXX;
	15756 :	XXXXXXXX;
	15755 :	XXXXXXXX;
	15754 :	XXXXXXXX;
	15753 :	XXXXXXXX;
	15752 :	XXXXXXXX;
	15751 :	XXXXXXXX;
	15750 :	XXXXXXXX;
	15749 :	XXXXXXXX;
	15748 :	XXXXXXXX;
	15747 :	XXXXXXXX;
	15746 :	XXXXXXXX;
	15745 :	XXXXXXXX;
	15744 :	XXXXXXXX;
	15743 :	XXXXXXXX;
	15742 :	XXXXXXXX;
	15741 :	XXXXXXXX;
	15740 :	XXXXXXXX;
	15739 :	XXXXXXXX;
	15738 :	XXXXXXXX;
	15737 :	XXXXXXXX;
	15736 :	XXXXXXXX;
	15735 :	XXXXXXXX;
	15734 :	XXXXXXXX;
	15733 :	XXXXXXXX;
	15732 :	XXXXXXXX;
	15731 :	XXXXXXXX;
	15730 :	XXXXXXXX;
	15729 :	XXXXXXXX;
	15728 :	XXXXXXXX;
	15727 :	XXXXXXXX;
	15726 :	XXXXXXXX;
	15725 :	XXXXXXXX;
	15724 :	XXXXXXXX;
	15723 :	XXXXXXXX;
	15722 :	XXXXXXXX;
	15721 :	XXXXXXXX;
	15720 :	XXXXXXXX;
	15719 :	XXXXXXXX;
	15718 :	XXXXXXXX;
	15717 :	XXXXXXXX;
	15716 :	XXXXXXXX;
	15715 :	XXXXXXXX;
	15714 :	XXXXXXXX;
	15713 :	XXXXXXXX;
	15712 :	XXXXXXXX;
	15711 :	XXXXXXXX;
	15710 :	XXXXXXXX;
	15709 :	XXXXXXXX;
	15708 :	XXXXXXXX;
	15707 :	XXXXXXXX;
	15706 :	XXXXXXXX;
	15705 :	XXXXXXXX;
	15704 :	XXXXXXXX;
	15703 :	XXXXXXXX;
	15702 :	XXXXXXXX;
	15701 :	XXXXXXXX;
	15700 :	XXXXXXXX;
	15699 :	XXXXXXXX;
	15698 :	XXXXXXXX;
	15697 :	XXXXXXXX;
	15696 :	XXXXXXXX;
	15695 :	XXXXXXXX;
	15694 :	XXXXXXXX;
	15693 :	XXXXXXXX;
	15692 :	XXXXXXXX;
	15691 :	XXXXXXXX;
	15690 :	XXXXXXXX;
	15689 :	XXXXXXXX;
	15688 :	XXXXXXXX;
	15687 :	XXXXXXXX;
	15686 :	XXXXXXXX;
	15685 :	XXXXXXXX;
	15684 :	XXXXXXXX;
	15683 :	XXXXXXXX;
	15682 :	XXXXXXXX;
	15681 :	XXXXXXXX;
	15680 :	XXXXXXXX;
	15679 :	XXXXXXXX;
	15678 :	XXXXXXXX;
	15677 :	XXXXXXXX;
	15676 :	XXXXXXXX;
	15675 :	XXXXXXXX;
	15674 :	XXXXXXXX;
	15673 :	XXXXXXXX;
	15672 :	XXXXXXXX;
	15671 :	XXXXXXXX;
	15670 :	XXXXXXXX;
	15669 :	XXXXXXXX;
	15668 :	XXXXXXXX;
	15667 :	XXXXXXXX;
	15666 :	XXXXXXXX;
	15665 :	XXXXXXXX;
	15664 :	XXXXXXXX;
	15663 :	XXXXXXXX;
	15662 :	XXXXXXXX;
	15661 :	XXXXXXXX;
	15660 :	XXXXXXXX;
	15659 :	XXXXXXXX;
	15658 :	XXXXXXXX;
	15657 :	XXXXXXXX;
	15656 :	XXXXXXXX;
	15655 :	XXXXXXXX;
	15654 :	XXXXXXXX;
	15653 :	XXXXXXXX;
	15652 :	XXXXXXXX;
	15651 :	XXXXXXXX;
	15650 :	XXXXXXXX;
	15649 :	XXXXXXXX;
	15648 :	XXXXXXXX;
	15647 :	XXXXXXXX;
	15646 :	XXXXXXXX;
	15645 :	XXXXXXXX;
	15644 :	XXXXXXXX;
	15643 :	XXXXXXXX;
	15642 :	XXXXXXXX;
	15641 :	XXXXXXXX;
	15640 :	XXXXXXXX;
	15639 :	XXXXXXXX;
	15638 :	XXXXXXXX;
	15637 :	XXXXXXXX;
	15636 :	XXXXXXXX;
	15635 :	XXXXXXXX;
	15634 :	XXXXXXXX;
	15633 :	XXXXXXXX;
	15632 :	XXXXXXXX;
	15631 :	XXXXXXXX;
	15630 :	XXXXXXXX;
	15629 :	XXXXXXXX;
	15628 :	XXXXXXXX;
	15627 :	XXXXXXXX;
	15626 :	XXXXXXXX;
	15625 :	XXXXXXXX;
	15624 :	XXXXXXXX;
	15623 :	XXXXXXXX;
	15622 :	XXXXXXXX;
	15621 :	XXXXXXXX;
	15620 :	XXXXXXXX;
	15619 :	XXXXXXXX;
	15618 :	XXXXXXXX;
	15617 :	XXXXXXXX;
	15616 :	XXXXXXXX;
	15615 :	XXXXXXXX;
	15614 :	XXXXXXXX;
	15613 :	XXXXXXXX;
	15612 :	XXXXXXXX;
	15611 :	XXXXXXXX;
	15610 :	XXXXXXXX;
	15609 :	XXXXXXXX;
	15608 :	XXXXXXXX;
	15607 :	XXXXXXXX;
	15606 :	XXXXXXXX;
	15605 :	XXXXXXXX;
	15604 :	XXXXXXXX;
	15603 :	XXXXXXXX;
	15602 :	XXXXXXXX;
	15601 :	XXXXXXXX;
	15600 :	XXXXXXXX;
	15599 :	XXXXXXXX;
	15598 :	XXXXXXXX;
	15597 :	XXXXXXXX;
	15596 :	XXXXXXXX;
	15595 :	XXXXXXXX;
	15594 :	XXXXXXXX;
	15593 :	XXXXXXXX;
	15592 :	XXXXXXXX;
	15591 :	XXXXXXXX;
	15590 :	XXXXXXXX;
	15589 :	XXXXXXXX;
	15588 :	XXXXXXXX;
	15587 :	XXXXXXXX;
	15586 :	XXXXXXXX;
	15585 :	XXXXXXXX;
	15584 :	XXXXXXXX;
	15583 :	XXXXXXXX;
	15582 :	XXXXXXXX;
	15581 :	XXXXXXXX;
	15580 :	XXXXXXXX;
	15579 :	XXXXXXXX;
	15578 :	XXXXXXXX;
	15577 :	XXXXXXXX;
	15576 :	XXXXXXXX;
	15575 :	XXXXXXXX;
	15574 :	XXXXXXXX;
	15573 :	XXXXXXXX;
	15572 :	XXXXXXXX;
	15571 :	XXXXXXXX;
	15570 :	XXXXXXXX;
	15569 :	XXXXXXXX;
	15568 :	XXXXXXXX;
	15567 :	XXXXXXXX;
	15566 :	XXXXXXXX;
	15565 :	XXXXXXXX;
	15564 :	XXXXXXXX;
	15563 :	XXXXXXXX;
	15562 :	XXXXXXXX;
	15561 :	XXXXXXXX;
	15560 :	XXXXXXXX;
	15559 :	XXXXXXXX;
	15558 :	XXXXXXXX;
	15557 :	XXXXXXXX;
	15556 :	XXXXXXXX;
	15555 :	XXXXXXXX;
	15554 :	XXXXXXXX;
	15553 :	XXXXXXXX;
	15552 :	XXXXXXXX;
	15551 :	XXXXXXXX;
	15550 :	XXXXXXXX;
	15549 :	XXXXXXXX;
	15548 :	XXXXXXXX;
	15547 :	XXXXXXXX;
	15546 :	XXXXXXXX;
	15545 :	XXXXXXXX;
	15544 :	XXXXXXXX;
	15543 :	XXXXXXXX;
	15542 :	XXXXXXXX;
	15541 :	XXXXXXXX;
	15540 :	XXXXXXXX;
	15539 :	XXXXXXXX;
	15538 :	XXXXXXXX;
	15537 :	XXXXXXXX;
	15536 :	XXXXXXXX;
	15535 :	XXXXXXXX;
	15534 :	XXXXXXXX;
	15533 :	XXXXXXXX;
	15532 :	XXXXXXXX;
	15531 :	XXXXXXXX;
	15530 :	XXXXXXXX;
	15529 :	XXXXXXXX;
	15528 :	XXXXXXXX;
	15527 :	XXXXXXXX;
	15526 :	XXXXXXXX;
	15525 :	XXXXXXXX;
	15524 :	XXXXXXXX;
	15523 :	XXXXXXXX;
	15522 :	XXXXXXXX;
	15521 :	XXXXXXXX;
	15520 :	XXXXXXXX;
	15519 :	XXXXXXXX;
	15518 :	XXXXXXXX;
	15517 :	XXXXXXXX;
	15516 :	XXXXXXXX;
	15515 :	XXXXXXXX;
	15514 :	XXXXXXXX;
	15513 :	XXXXXXXX;
	15512 :	XXXXXXXX;
	15511 :	XXXXXXXX;
	15510 :	XXXXXXXX;
	15509 :	XXXXXXXX;
	15508 :	XXXXXXXX;
	15507 :	XXXXXXXX;
	15506 :	XXXXXXXX;
	15505 :	XXXXXXXX;
	15504 :	XXXXXXXX;
	15503 :	XXXXXXXX;
	15502 :	XXXXXXXX;
	15501 :	XXXXXXXX;
	15500 :	XXXXXXXX;
	15499 :	XXXXXXXX;
	15498 :	XXXXXXXX;
	15497 :	XXXXXXXX;
	15496 :	XXXXXXXX;
	15495 :	XXXXXXXX;
	15494 :	XXXXXXXX;
	15493 :	XXXXXXXX;
	15492 :	XXXXXXXX;
	15491 :	XXXXXXXX;
	15490 :	XXXXXXXX;
	15489 :	XXXXXXXX;
	15488 :	XXXXXXXX;
	15487 :	XXXXXXXX;
	15486 :	XXXXXXXX;
	15485 :	XXXXXXXX;
	15484 :	XXXXXXXX;
	15483 :	XXXXXXXX;
	15482 :	XXXXXXXX;
	15481 :	XXXXXXXX;
	15480 :	XXXXXXXX;
	15479 :	XXXXXXXX;
	15478 :	XXXXXXXX;
	15477 :	XXXXXXXX;
	15476 :	XXXXXXXX;
	15475 :	XXXXXXXX;
	15474 :	XXXXXXXX;
	15473 :	XXXXXXXX;
	15472 :	XXXXXXXX;
	15471 :	XXXXXXXX;
	15470 :	XXXXXXXX;
	15469 :	XXXXXXXX;
	15468 :	XXXXXXXX;
	15467 :	XXXXXXXX;
	15466 :	XXXXXXXX;
	15465 :	XXXXXXXX;
	15464 :	XXXXXXXX;
	15463 :	XXXXXXXX;
	15462 :	XXXXXXXX;
	15461 :	XXXXXXXX;
	15460 :	XXXXXXXX;
	15459 :	XXXXXXXX;
	15458 :	XXXXXXXX;
	15457 :	XXXXXXXX;
	15456 :	XXXXXXXX;
	15455 :	XXXXXXXX;
	15454 :	XXXXXXXX;
	15453 :	XXXXXXXX;
	15452 :	XXXXXXXX;
	15451 :	XXXXXXXX;
	15450 :	XXXXXXXX;
	15449 :	XXXXXXXX;
	15448 :	XXXXXXXX;
	15447 :	XXXXXXXX;
	15446 :	XXXXXXXX;
	15445 :	XXXXXXXX;
	15444 :	XXXXXXXX;
	15443 :	XXXXXXXX;
	15442 :	XXXXXXXX;
	15441 :	XXXXXXXX;
	15440 :	XXXXXXXX;
	15439 :	XXXXXXXX;
	15438 :	XXXXXXXX;
	15437 :	XXXXXXXX;
	15436 :	XXXXXXXX;
	15435 :	XXXXXXXX;
	15434 :	XXXXXXXX;
	15433 :	XXXXXXXX;
	15432 :	XXXXXXXX;
	15431 :	XXXXXXXX;
	15430 :	XXXXXXXX;
	15429 :	XXXXXXXX;
	15428 :	XXXXXXXX;
	15427 :	XXXXXXXX;
	15426 :	XXXXXXXX;
	15425 :	XXXXXXXX;
	15424 :	XXXXXXXX;
	15423 :	XXXXXXXX;
	15422 :	XXXXXXXX;
	15421 :	XXXXXXXX;
	15420 :	XXXXXXXX;
	15419 :	XXXXXXXX;
	15418 :	XXXXXXXX;
	15417 :	XXXXXXXX;
	15416 :	XXXXXXXX;
	15415 :	XXXXXXXX;
	15414 :	XXXXXXXX;
	15413 :	XXXXXXXX;
	15412 :	XXXXXXXX;
	15411 :	XXXXXXXX;
	15410 :	XXXXXXXX;
	15409 :	XXXXXXXX;
	15408 :	XXXXXXXX;
	15407 :	XXXXXXXX;
	15406 :	XXXXXXXX;
	15405 :	XXXXXXXX;
	15404 :	XXXXXXXX;
	15403 :	XXXXXXXX;
	15402 :	XXXXXXXX;
	15401 :	XXXXXXXX;
	15400 :	XXXXXXXX;
	15399 :	XXXXXXXX;
	15398 :	XXXXXXXX;
	15397 :	XXXXXXXX;
	15396 :	XXXXXXXX;
	15395 :	XXXXXXXX;
	15394 :	XXXXXXXX;
	15393 :	XXXXXXXX;
	15392 :	XXXXXXXX;
	15391 :	XXXXXXXX;
	15390 :	XXXXXXXX;
	15389 :	XXXXXXXX;
	15388 :	XXXXXXXX;
	15387 :	XXXXXXXX;
	15386 :	XXXXXXXX;
	15385 :	XXXXXXXX;
	15384 :	XXXXXXXX;
	15383 :	XXXXXXXX;
	15382 :	XXXXXXXX;
	15381 :	XXXXXXXX;
	15380 :	XXXXXXXX;
	15379 :	XXXXXXXX;
	15378 :	XXXXXXXX;
	15377 :	XXXXXXXX;
	15376 :	XXXXXXXX;
	15375 :	XXXXXXXX;
	15374 :	XXXXXXXX;
	15373 :	XXXXXXXX;
	15372 :	XXXXXXXX;
	15371 :	XXXXXXXX;
	15370 :	XXXXXXXX;
	15369 :	XXXXXXXX;
	15368 :	XXXXXXXX;
	15367 :	XXXXXXXX;
	15366 :	XXXXXXXX;
	15365 :	XXXXXXXX;
	15364 :	XXXXXXXX;
	15363 :	XXXXXXXX;
	15362 :	XXXXXXXX;
	15361 :	XXXXXXXX;
	15360 :	XXXXXXXX;
	15359 :	XXXXXXXX;
	15358 :	XXXXXXXX;
	15357 :	XXXXXXXX;
	15356 :	XXXXXXXX;
	15355 :	XXXXXXXX;
	15354 :	XXXXXXXX;
	15353 :	XXXXXXXX;
	15352 :	XXXXXXXX;
	15351 :	XXXXXXXX;
	15350 :	XXXXXXXX;
	15349 :	XXXXXXXX;
	15348 :	XXXXXXXX;
	15347 :	XXXXXXXX;
	15346 :	XXXXXXXX;
	15345 :	XXXXXXXX;
	15344 :	XXXXXXXX;
	15343 :	XXXXXXXX;
	15342 :	XXXXXXXX;
	15341 :	XXXXXXXX;
	15340 :	XXXXXXXX;
	15339 :	XXXXXXXX;
	15338 :	XXXXXXXX;
	15337 :	XXXXXXXX;
	15336 :	XXXXXXXX;
	15335 :	XXXXXXXX;
	15334 :	XXXXXXXX;
	15333 :	XXXXXXXX;
	15332 :	XXXXXXXX;
	15331 :	XXXXXXXX;
	15330 :	XXXXXXXX;
	15329 :	XXXXXXXX;
	15328 :	XXXXXXXX;
	15327 :	XXXXXXXX;
	15326 :	XXXXXXXX;
	15325 :	XXXXXXXX;
	15324 :	XXXXXXXX;
	15323 :	XXXXXXXX;
	15322 :	XXXXXXXX;
	15321 :	XXXXXXXX;
	15320 :	XXXXXXXX;
	15319 :	XXXXXXXX;
	15318 :	XXXXXXXX;
	15317 :	XXXXXXXX;
	15316 :	XXXXXXXX;
	15315 :	XXXXXXXX;
	15314 :	XXXXXXXX;
	15313 :	XXXXXXXX;
	15312 :	XXXXXXXX;
	15311 :	XXXXXXXX;
	15310 :	XXXXXXXX;
	15309 :	XXXXXXXX;
	15308 :	XXXXXXXX;
	15307 :	XXXXXXXX;
	15306 :	XXXXXXXX;
	15305 :	XXXXXXXX;
	15304 :	XXXXXXXX;
	15303 :	XXXXXXXX;
	15302 :	XXXXXXXX;
	15301 :	XXXXXXXX;
	15300 :	XXXXXXXX;
	15299 :	XXXXXXXX;
	15298 :	XXXXXXXX;
	15297 :	XXXXXXXX;
	15296 :	XXXXXXXX;
	15295 :	XXXXXXXX;
	15294 :	XXXXXXXX;
	15293 :	XXXXXXXX;
	15292 :	XXXXXXXX;
	15291 :	XXXXXXXX;
	15290 :	XXXXXXXX;
	15289 :	XXXXXXXX;
	15288 :	XXXXXXXX;
	15287 :	XXXXXXXX;
	15286 :	XXXXXXXX;
	15285 :	XXXXXXXX;
	15284 :	XXXXXXXX;
	15283 :	XXXXXXXX;
	15282 :	XXXXXXXX;
	15281 :	XXXXXXXX;
	15280 :	XXXXXXXX;
	15279 :	XXXXXXXX;
	15278 :	XXXXXXXX;
	15277 :	XXXXXXXX;
	15276 :	XXXXXXXX;
	15275 :	XXXXXXXX;
	15274 :	XXXXXXXX;
	15273 :	XXXXXXXX;
	15272 :	XXXXXXXX;
	15271 :	XXXXXXXX;
	15270 :	XXXXXXXX;
	15269 :	XXXXXXXX;
	15268 :	XXXXXXXX;
	15267 :	XXXXXXXX;
	15266 :	XXXXXXXX;
	15265 :	XXXXXXXX;
	15264 :	XXXXXXXX;
	15263 :	XXXXXXXX;
	15262 :	XXXXXXXX;
	15261 :	XXXXXXXX;
	15260 :	XXXXXXXX;
	15259 :	XXXXXXXX;
	15258 :	XXXXXXXX;
	15257 :	XXXXXXXX;
	15256 :	XXXXXXXX;
	15255 :	XXXXXXXX;
	15254 :	XXXXXXXX;
	15253 :	XXXXXXXX;
	15252 :	XXXXXXXX;
	15251 :	XXXXXXXX;
	15250 :	XXXXXXXX;
	15249 :	XXXXXXXX;
	15248 :	XXXXXXXX;
	15247 :	XXXXXXXX;
	15246 :	XXXXXXXX;
	15245 :	XXXXXXXX;
	15244 :	XXXXXXXX;
	15243 :	XXXXXXXX;
	15242 :	XXXXXXXX;
	15241 :	XXXXXXXX;
	15240 :	XXXXXXXX;
	15239 :	XXXXXXXX;
	15238 :	XXXXXXXX;
	15237 :	XXXXXXXX;
	15236 :	XXXXXXXX;
	15235 :	XXXXXXXX;
	15234 :	XXXXXXXX;
	15233 :	XXXXXXXX;
	15232 :	XXXXXXXX;
	15231 :	XXXXXXXX;
	15230 :	XXXXXXXX;
	15229 :	XXXXXXXX;
	15228 :	XXXXXXXX;
	15227 :	XXXXXXXX;
	15226 :	XXXXXXXX;
	15225 :	XXXXXXXX;
	15224 :	XXXXXXXX;
	15223 :	XXXXXXXX;
	15222 :	XXXXXXXX;
	15221 :	XXXXXXXX;
	15220 :	XXXXXXXX;
	15219 :	XXXXXXXX;
	15218 :	XXXXXXXX;
	15217 :	XXXXXXXX;
	15216 :	XXXXXXXX;
	15215 :	XXXXXXXX;
	15214 :	XXXXXXXX;
	15213 :	XXXXXXXX;
	15212 :	XXXXXXXX;
	15211 :	XXXXXXXX;
	15210 :	XXXXXXXX;
	15209 :	XXXXXXXX;
	15208 :	XXXXXXXX;
	15207 :	XXXXXXXX;
	15206 :	XXXXXXXX;
	15205 :	XXXXXXXX;
	15204 :	XXXXXXXX;
	15203 :	XXXXXXXX;
	15202 :	XXXXXXXX;
	15201 :	XXXXXXXX;
	15200 :	XXXXXXXX;
	15199 :	XXXXXXXX;
	15198 :	XXXXXXXX;
	15197 :	XXXXXXXX;
	15196 :	XXXXXXXX;
	15195 :	XXXXXXXX;
	15194 :	XXXXXXXX;
	15193 :	XXXXXXXX;
	15192 :	XXXXXXXX;
	15191 :	XXXXXXXX;
	15190 :	XXXXXXXX;
	15189 :	XXXXXXXX;
	15188 :	XXXXXXXX;
	15187 :	XXXXXXXX;
	15186 :	XXXXXXXX;
	15185 :	XXXXXXXX;
	15184 :	XXXXXXXX;
	15183 :	XXXXXXXX;
	15182 :	XXXXXXXX;
	15181 :	XXXXXXXX;
	15180 :	XXXXXXXX;
	15179 :	XXXXXXXX;
	15178 :	XXXXXXXX;
	15177 :	XXXXXXXX;
	15176 :	XXXXXXXX;
	15175 :	XXXXXXXX;
	15174 :	XXXXXXXX;
	15173 :	XXXXXXXX;
	15172 :	XXXXXXXX;
	15171 :	XXXXXXXX;
	15170 :	XXXXXXXX;
	15169 :	XXXXXXXX;
	15168 :	XXXXXXXX;
	15167 :	XXXXXXXX;
	15166 :	XXXXXXXX;
	15165 :	XXXXXXXX;
	15164 :	XXXXXXXX;
	15163 :	XXXXXXXX;
	15162 :	XXXXXXXX;
	15161 :	XXXXXXXX;
	15160 :	XXXXXXXX;
	15159 :	XXXXXXXX;
	15158 :	XXXXXXXX;
	15157 :	XXXXXXXX;
	15156 :	XXXXXXXX;
	15155 :	XXXXXXXX;
	15154 :	XXXXXXXX;
	15153 :	XXXXXXXX;
	15152 :	XXXXXXXX;
	15151 :	XXXXXXXX;
	15150 :	XXXXXXXX;
	15149 :	XXXXXXXX;
	15148 :	XXXXXXXX;
	15147 :	XXXXXXXX;
	15146 :	XXXXXXXX;
	15145 :	XXXXXXXX;
	15144 :	XXXXXXXX;
	15143 :	XXXXXXXX;
	15142 :	XXXXXXXX;
	15141 :	XXXXXXXX;
	15140 :	XXXXXXXX;
	15139 :	XXXXXXXX;
	15138 :	XXXXXXXX;
	15137 :	XXXXXXXX;
	15136 :	XXXXXXXX;
	15135 :	XXXXXXXX;
	15134 :	XXXXXXXX;
	15133 :	XXXXXXXX;
	15132 :	XXXXXXXX;
	15131 :	XXXXXXXX;
	15130 :	XXXXXXXX;
	15129 :	XXXXXXXX;
	15128 :	XXXXXXXX;
	15127 :	XXXXXXXX;
	15126 :	XXXXXXXX;
	15125 :	XXXXXXXX;
	15124 :	XXXXXXXX;
	15123 :	XXXXXXXX;
	15122 :	XXXXXXXX;
	15121 :	XXXXXXXX;
	15120 :	XXXXXXXX;
	15119 :	XXXXXXXX;
	15118 :	XXXXXXXX;
	15117 :	XXXXXXXX;
	15116 :	XXXXXXXX;
	15115 :	XXXXXXXX;
	15114 :	XXXXXXXX;
	15113 :	XXXXXXXX;
	15112 :	XXXXXXXX;
	15111 :	XXXXXXXX;
	15110 :	XXXXXXXX;
	15109 :	XXXXXXXX;
	15108 :	XXXXXXXX;
	15107 :	XXXXXXXX;
	15106 :	XXXXXXXX;
	15105 :	XXXXXXXX;
	15104 :	XXXXXXXX;
	15103 :	XXXXXXXX;
	15102 :	XXXXXXXX;
	15101 :	XXXXXXXX;
	15100 :	XXXXXXXX;
	15099 :	XXXXXXXX;
	15098 :	XXXXXXXX;
	15097 :	XXXXXXXX;
	15096 :	XXXXXXXX;
	15095 :	XXXXXXXX;
	15094 :	XXXXXXXX;
	15093 :	XXXXXXXX;
	15092 :	XXXXXXXX;
	15091 :	XXXXXXXX;
	15090 :	XXXXXXXX;
	15089 :	XXXXXXXX;
	15088 :	XXXXXXXX;
	15087 :	XXXXXXXX;
	15086 :	XXXXXXXX;
	15085 :	XXXXXXXX;
	15084 :	XXXXXXXX;
	15083 :	XXXXXXXX;
	15082 :	XXXXXXXX;
	15081 :	XXXXXXXX;
	15080 :	XXXXXXXX;
	15079 :	XXXXXXXX;
	15078 :	XXXXXXXX;
	15077 :	XXXXXXXX;
	15076 :	XXXXXXXX;
	15075 :	XXXXXXXX;
	15074 :	XXXXXXXX;
	15073 :	XXXXXXXX;
	15072 :	XXXXXXXX;
	15071 :	XXXXXXXX;
	15070 :	XXXXXXXX;
	15069 :	XXXXXXXX;
	15068 :	XXXXXXXX;
	15067 :	XXXXXXXX;
	15066 :	XXXXXXXX;
	15065 :	XXXXXXXX;
	15064 :	XXXXXXXX;
	15063 :	XXXXXXXX;
	15062 :	XXXXXXXX;
	15061 :	XXXXXXXX;
	15060 :	XXXXXXXX;
	15059 :	XXXXXXXX;
	15058 :	XXXXXXXX;
	15057 :	XXXXXXXX;
	15056 :	XXXXXXXX;
	15055 :	XXXXXXXX;
	15054 :	XXXXXXXX;
	15053 :	XXXXXXXX;
	15052 :	XXXXXXXX;
	15051 :	XXXXXXXX;
	15050 :	XXXXXXXX;
	15049 :	XXXXXXXX;
	15048 :	XXXXXXXX;
	15047 :	XXXXXXXX;
	15046 :	XXXXXXXX;
	15045 :	XXXXXXXX;
	15044 :	XXXXXXXX;
	15043 :	XXXXXXXX;
	15042 :	XXXXXXXX;
	15041 :	XXXXXXXX;
	15040 :	XXXXXXXX;
	15039 :	XXXXXXXX;
	15038 :	XXXXXXXX;
	15037 :	XXXXXXXX;
	15036 :	XXXXXXXX;
	15035 :	XXXXXXXX;
	15034 :	XXXXXXXX;
	15033 :	XXXXXXXX;
	15032 :	XXXXXXXX;
	15031 :	XXXXXXXX;
	15030 :	XXXXXXXX;
	15029 :	XXXXXXXX;
	15028 :	XXXXXXXX;
	15027 :	XXXXXXXX;
	15026 :	XXXXXXXX;
	15025 :	XXXXXXXX;
	15024 :	XXXXXXXX;
	15023 :	XXXXXXXX;
	15022 :	XXXXXXXX;
	15021 :	XXXXXXXX;
	15020 :	XXXXXXXX;
	15019 :	XXXXXXXX;
	15018 :	XXXXXXXX;
	15017 :	XXXXXXXX;
	15016 :	XXXXXXXX;
	15015 :	XXXXXXXX;
	15014 :	XXXXXXXX;
	15013 :	XXXXXXXX;
	15012 :	XXXXXXXX;
	15011 :	XXXXXXXX;
	15010 :	XXXXXXXX;
	15009 :	XXXXXXXX;
	15008 :	XXXXXXXX;
	15007 :	XXXXXXXX;
	15006 :	XXXXXXXX;
	15005 :	XXXXXXXX;
	15004 :	XXXXXXXX;
	15003 :	XXXXXXXX;
	15002 :	XXXXXXXX;
	15001 :	XXXXXXXX;
	15000 :	XXXXXXXX;
	14999 :	XXXXXXXX;
	14998 :	XXXXXXXX;
	14997 :	XXXXXXXX;
	14996 :	XXXXXXXX;
	14995 :	XXXXXXXX;
	14994 :	XXXXXXXX;
	14993 :	XXXXXXXX;
	14992 :	XXXXXXXX;
	14991 :	XXXXXXXX;
	14990 :	XXXXXXXX;
	14989 :	XXXXXXXX;
	14988 :	XXXXXXXX;
	14987 :	XXXXXXXX;
	14986 :	XXXXXXXX;
	14985 :	XXXXXXXX;
	14984 :	XXXXXXXX;
	14983 :	XXXXXXXX;
	14982 :	XXXXXXXX;
	14981 :	XXXXXXXX;
	14980 :	XXXXXXXX;
	14979 :	XXXXXXXX;
	14978 :	XXXXXXXX;
	14977 :	XXXXXXXX;
	14976 :	XXXXXXXX;
	14975 :	XXXXXXXX;
	14974 :	XXXXXXXX;
	14973 :	XXXXXXXX;
	14972 :	XXXXXXXX;
	14971 :	XXXXXXXX;
	14970 :	XXXXXXXX;
	14969 :	XXXXXXXX;
	14968 :	XXXXXXXX;
	14967 :	XXXXXXXX;
	14966 :	XXXXXXXX;
	14965 :	XXXXXXXX;
	14964 :	XXXXXXXX;
	14963 :	XXXXXXXX;
	14962 :	XXXXXXXX;
	14961 :	XXXXXXXX;
	14960 :	XXXXXXXX;
	14959 :	XXXXXXXX;
	14958 :	XXXXXXXX;
	14957 :	XXXXXXXX;
	14956 :	XXXXXXXX;
	14955 :	XXXXXXXX;
	14954 :	XXXXXXXX;
	14953 :	XXXXXXXX;
	14952 :	XXXXXXXX;
	14951 :	XXXXXXXX;
	14950 :	XXXXXXXX;
	14949 :	XXXXXXXX;
	14948 :	XXXXXXXX;
	14947 :	XXXXXXXX;
	14946 :	XXXXXXXX;
	14945 :	XXXXXXXX;
	14944 :	XXXXXXXX;
	14943 :	XXXXXXXX;
	14942 :	XXXXXXXX;
	14941 :	XXXXXXXX;
	14940 :	XXXXXXXX;
	14939 :	XXXXXXXX;
	14938 :	XXXXXXXX;
	14937 :	XXXXXXXX;
	14936 :	XXXXXXXX;
	14935 :	XXXXXXXX;
	14934 :	XXXXXXXX;
	14933 :	XXXXXXXX;
	14932 :	XXXXXXXX;
	14931 :	XXXXXXXX;
	14930 :	XXXXXXXX;
	14929 :	XXXXXXXX;
	14928 :	XXXXXXXX;
	14927 :	XXXXXXXX;
	14926 :	XXXXXXXX;
	14925 :	XXXXXXXX;
	14924 :	XXXXXXXX;
	14923 :	XXXXXXXX;
	14922 :	XXXXXXXX;
	14921 :	XXXXXXXX;
	14920 :	XXXXXXXX;
	14919 :	XXXXXXXX;
	14918 :	XXXXXXXX;
	14917 :	XXXXXXXX;
	14916 :	XXXXXXXX;
	14915 :	XXXXXXXX;
	14914 :	XXXXXXXX;
	14913 :	XXXXXXXX;
	14912 :	XXXXXXXX;
	14911 :	XXXXXXXX;
	14910 :	XXXXXXXX;
	14909 :	XXXXXXXX;
	14908 :	XXXXXXXX;
	14907 :	XXXXXXXX;
	14906 :	XXXXXXXX;
	14905 :	XXXXXXXX;
	14904 :	XXXXXXXX;
	14903 :	XXXXXXXX;
	14902 :	XXXXXXXX;
	14901 :	XXXXXXXX;
	14900 :	XXXXXXXX;
	14899 :	XXXXXXXX;
	14898 :	XXXXXXXX;
	14897 :	XXXXXXXX;
	14896 :	XXXXXXXX;
	14895 :	XXXXXXXX;
	14894 :	XXXXXXXX;
	14893 :	XXXXXXXX;
	14892 :	XXXXXXXX;
	14891 :	XXXXXXXX;
	14890 :	XXXXXXXX;
	14889 :	XXXXXXXX;
	14888 :	XXXXXXXX;
	14887 :	XXXXXXXX;
	14886 :	XXXXXXXX;
	14885 :	XXXXXXXX;
	14884 :	XXXXXXXX;
	14883 :	XXXXXXXX;
	14882 :	XXXXXXXX;
	14881 :	XXXXXXXX;
	14880 :	XXXXXXXX;
	14879 :	XXXXXXXX;
	14878 :	XXXXXXXX;
	14877 :	XXXXXXXX;
	14876 :	XXXXXXXX;
	14875 :	XXXXXXXX;
	14874 :	XXXXXXXX;
	14873 :	XXXXXXXX;
	14872 :	XXXXXXXX;
	14871 :	XXXXXXXX;
	14870 :	XXXXXXXX;
	14869 :	XXXXXXXX;
	14868 :	XXXXXXXX;
	14867 :	XXXXXXXX;
	14866 :	XXXXXXXX;
	14865 :	XXXXXXXX;
	14864 :	XXXXXXXX;
	14863 :	XXXXXXXX;
	14862 :	XXXXXXXX;
	14861 :	XXXXXXXX;
	14860 :	XXXXXXXX;
	14859 :	XXXXXXXX;
	14858 :	XXXXXXXX;
	14857 :	XXXXXXXX;
	14856 :	XXXXXXXX;
	14855 :	XXXXXXXX;
	14854 :	XXXXXXXX;
	14853 :	XXXXXXXX;
	14852 :	XXXXXXXX;
	14851 :	XXXXXXXX;
	14850 :	XXXXXXXX;
	14849 :	XXXXXXXX;
	14848 :	XXXXXXXX;
	14847 :	XXXXXXXX;
	14846 :	XXXXXXXX;
	14845 :	XXXXXXXX;
	14844 :	XXXXXXXX;
	14843 :	XXXXXXXX;
	14842 :	XXXXXXXX;
	14841 :	XXXXXXXX;
	14840 :	XXXXXXXX;
	14839 :	XXXXXXXX;
	14838 :	XXXXXXXX;
	14837 :	XXXXXXXX;
	14836 :	XXXXXXXX;
	14835 :	XXXXXXXX;
	14834 :	XXXXXXXX;
	14833 :	XXXXXXXX;
	14832 :	XXXXXXXX;
	14831 :	XXXXXXXX;
	14830 :	XXXXXXXX;
	14829 :	XXXXXXXX;
	14828 :	XXXXXXXX;
	14827 :	XXXXXXXX;
	14826 :	XXXXXXXX;
	14825 :	XXXXXXXX;
	14824 :	XXXXXXXX;
	14823 :	XXXXXXXX;
	14822 :	XXXXXXXX;
	14821 :	XXXXXXXX;
	14820 :	XXXXXXXX;
	14819 :	XXXXXXXX;
	14818 :	XXXXXXXX;
	14817 :	XXXXXXXX;
	14816 :	XXXXXXXX;
	14815 :	XXXXXXXX;
	14814 :	XXXXXXXX;
	14813 :	XXXXXXXX;
	14812 :	XXXXXXXX;
	14811 :	XXXXXXXX;
	14810 :	XXXXXXXX;
	14809 :	XXXXXXXX;
	14808 :	XXXXXXXX;
	14807 :	XXXXXXXX;
	14806 :	XXXXXXXX;
	14805 :	XXXXXXXX;
	14804 :	XXXXXXXX;
	14803 :	XXXXXXXX;
	14802 :	XXXXXXXX;
	14801 :	XXXXXXXX;
	14800 :	XXXXXXXX;
	14799 :	XXXXXXXX;
	14798 :	XXXXXXXX;
	14797 :	XXXXXXXX;
	14796 :	XXXXXXXX;
	14795 :	XXXXXXXX;
	14794 :	XXXXXXXX;
	14793 :	XXXXXXXX;
	14792 :	XXXXXXXX;
	14791 :	XXXXXXXX;
	14790 :	XXXXXXXX;
	14789 :	XXXXXXXX;
	14788 :	XXXXXXXX;
	14787 :	XXXXXXXX;
	14786 :	XXXXXXXX;
	14785 :	XXXXXXXX;
	14784 :	XXXXXXXX;
	14783 :	XXXXXXXX;
	14782 :	XXXXXXXX;
	14781 :	XXXXXXXX;
	14780 :	XXXXXXXX;
	14779 :	XXXXXXXX;
	14778 :	XXXXXXXX;
	14777 :	XXXXXXXX;
	14776 :	XXXXXXXX;
	14775 :	XXXXXXXX;
	14774 :	XXXXXXXX;
	14773 :	XXXXXXXX;
	14772 :	XXXXXXXX;
	14771 :	XXXXXXXX;
	14770 :	XXXXXXXX;
	14769 :	XXXXXXXX;
	14768 :	XXXXXXXX;
	14767 :	XXXXXXXX;
	14766 :	XXXXXXXX;
	14765 :	XXXXXXXX;
	14764 :	XXXXXXXX;
	14763 :	XXXXXXXX;
	14762 :	XXXXXXXX;
	14761 :	XXXXXXXX;
	14760 :	XXXXXXXX;
	14759 :	XXXXXXXX;
	14758 :	XXXXXXXX;
	14757 :	XXXXXXXX;
	14756 :	XXXXXXXX;
	14755 :	XXXXXXXX;
	14754 :	XXXXXXXX;
	14753 :	XXXXXXXX;
	14752 :	XXXXXXXX;
	14751 :	XXXXXXXX;
	14750 :	XXXXXXXX;
	14749 :	XXXXXXXX;
	14748 :	XXXXXXXX;
	14747 :	XXXXXXXX;
	14746 :	XXXXXXXX;
	14745 :	XXXXXXXX;
	14744 :	XXXXXXXX;
	14743 :	XXXXXXXX;
	14742 :	XXXXXXXX;
	14741 :	XXXXXXXX;
	14740 :	XXXXXXXX;
	14739 :	XXXXXXXX;
	14738 :	XXXXXXXX;
	14737 :	XXXXXXXX;
	14736 :	XXXXXXXX;
	14735 :	XXXXXXXX;
	14734 :	XXXXXXXX;
	14733 :	XXXXXXXX;
	14732 :	XXXXXXXX;
	14731 :	XXXXXXXX;
	14730 :	XXXXXXXX;
	14729 :	XXXXXXXX;
	14728 :	XXXXXXXX;
	14727 :	XXXXXXXX;
	14726 :	XXXXXXXX;
	14725 :	XXXXXXXX;
	14724 :	XXXXXXXX;
	14723 :	XXXXXXXX;
	14722 :	XXXXXXXX;
	14721 :	XXXXXXXX;
	14720 :	XXXXXXXX;
	14719 :	XXXXXXXX;
	14718 :	XXXXXXXX;
	14717 :	XXXXXXXX;
	14716 :	XXXXXXXX;
	14715 :	XXXXXXXX;
	14714 :	XXXXXXXX;
	14713 :	XXXXXXXX;
	14712 :	XXXXXXXX;
	14711 :	XXXXXXXX;
	14710 :	XXXXXXXX;
	14709 :	XXXXXXXX;
	14708 :	XXXXXXXX;
	14707 :	XXXXXXXX;
	14706 :	XXXXXXXX;
	14705 :	XXXXXXXX;
	14704 :	XXXXXXXX;
	14703 :	XXXXXXXX;
	14702 :	XXXXXXXX;
	14701 :	XXXXXXXX;
	14700 :	XXXXXXXX;
	14699 :	XXXXXXXX;
	14698 :	XXXXXXXX;
	14697 :	XXXXXXXX;
	14696 :	XXXXXXXX;
	14695 :	XXXXXXXX;
	14694 :	XXXXXXXX;
	14693 :	XXXXXXXX;
	14692 :	XXXXXXXX;
	14691 :	XXXXXXXX;
	14690 :	XXXXXXXX;
	14689 :	XXXXXXXX;
	14688 :	XXXXXXXX;
	14687 :	XXXXXXXX;
	14686 :	XXXXXXXX;
	14685 :	XXXXXXXX;
	14684 :	XXXXXXXX;
	14683 :	XXXXXXXX;
	14682 :	XXXXXXXX;
	14681 :	XXXXXXXX;
	14680 :	XXXXXXXX;
	14679 :	XXXXXXXX;
	14678 :	XXXXXXXX;
	14677 :	XXXXXXXX;
	14676 :	XXXXXXXX;
	14675 :	XXXXXXXX;
	14674 :	XXXXXXXX;
	14673 :	XXXXXXXX;
	14672 :	XXXXXXXX;
	14671 :	XXXXXXXX;
	14670 :	XXXXXXXX;
	14669 :	XXXXXXXX;
	14668 :	XXXXXXXX;
	14667 :	XXXXXXXX;
	14666 :	XXXXXXXX;
	14665 :	XXXXXXXX;
	14664 :	XXXXXXXX;
	14663 :	XXXXXXXX;
	14662 :	XXXXXXXX;
	14661 :	XXXXXXXX;
	14660 :	XXXXXXXX;
	14659 :	XXXXXXXX;
	14658 :	XXXXXXXX;
	14657 :	XXXXXXXX;
	14656 :	XXXXXXXX;
	14655 :	XXXXXXXX;
	14654 :	XXXXXXXX;
	14653 :	XXXXXXXX;
	14652 :	XXXXXXXX;
	14651 :	XXXXXXXX;
	14650 :	XXXXXXXX;
	14649 :	XXXXXXXX;
	14648 :	XXXXXXXX;
	14647 :	XXXXXXXX;
	14646 :	XXXXXXXX;
	14645 :	XXXXXXXX;
	14644 :	XXXXXXXX;
	14643 :	XXXXXXXX;
	14642 :	XXXXXXXX;
	14641 :	XXXXXXXX;
	14640 :	XXXXXXXX;
	14639 :	XXXXXXXX;
	14638 :	XXXXXXXX;
	14637 :	XXXXXXXX;
	14636 :	XXXXXXXX;
	14635 :	XXXXXXXX;
	14634 :	XXXXXXXX;
	14633 :	XXXXXXXX;
	14632 :	XXXXXXXX;
	14631 :	XXXXXXXX;
	14630 :	XXXXXXXX;
	14629 :	XXXXXXXX;
	14628 :	XXXXXXXX;
	14627 :	XXXXXXXX;
	14626 :	XXXXXXXX;
	14625 :	XXXXXXXX;
	14624 :	XXXXXXXX;
	14623 :	XXXXXXXX;
	14622 :	XXXXXXXX;
	14621 :	XXXXXXXX;
	14620 :	XXXXXXXX;
	14619 :	XXXXXXXX;
	14618 :	XXXXXXXX;
	14617 :	XXXXXXXX;
	14616 :	XXXXXXXX;
	14615 :	XXXXXXXX;
	14614 :	XXXXXXXX;
	14613 :	XXXXXXXX;
	14612 :	XXXXXXXX;
	14611 :	XXXXXXXX;
	14610 :	XXXXXXXX;
	14609 :	XXXXXXXX;
	14608 :	XXXXXXXX;
	14607 :	XXXXXXXX;
	14606 :	XXXXXXXX;
	14605 :	XXXXXXXX;
	14604 :	XXXXXXXX;
	14603 :	XXXXXXXX;
	14602 :	XXXXXXXX;
	14601 :	XXXXXXXX;
	14600 :	XXXXXXXX;
	14599 :	XXXXXXXX;
	14598 :	XXXXXXXX;
	14597 :	XXXXXXXX;
	14596 :	XXXXXXXX;
	14595 :	XXXXXXXX;
	14594 :	XXXXXXXX;
	14593 :	XXXXXXXX;
	14592 :	XXXXXXXX;
	14591 :	XXXXXXXX;
	14590 :	XXXXXXXX;
	14589 :	XXXXXXXX;
	14588 :	XXXXXXXX;
	14587 :	XXXXXXXX;
	14586 :	XXXXXXXX;
	14585 :	XXXXXXXX;
	14584 :	XXXXXXXX;
	14583 :	XXXXXXXX;
	14582 :	XXXXXXXX;
	14581 :	XXXXXXXX;
	14580 :	XXXXXXXX;
	14579 :	XXXXXXXX;
	14578 :	XXXXXXXX;
	14577 :	XXXXXXXX;
	14576 :	XXXXXXXX;
	14575 :	XXXXXXXX;
	14574 :	XXXXXXXX;
	14573 :	XXXXXXXX;
	14572 :	XXXXXXXX;
	14571 :	XXXXXXXX;
	14570 :	XXXXXXXX;
	14569 :	XXXXXXXX;
	14568 :	XXXXXXXX;
	14567 :	XXXXXXXX;
	14566 :	XXXXXXXX;
	14565 :	XXXXXXXX;
	14564 :	XXXXXXXX;
	14563 :	XXXXXXXX;
	14562 :	XXXXXXXX;
	14561 :	XXXXXXXX;
	14560 :	XXXXXXXX;
	14559 :	XXXXXXXX;
	14558 :	XXXXXXXX;
	14557 :	XXXXXXXX;
	14556 :	XXXXXXXX;
	14555 :	XXXXXXXX;
	14554 :	XXXXXXXX;
	14553 :	XXXXXXXX;
	14552 :	XXXXXXXX;
	14551 :	XXXXXXXX;
	14550 :	XXXXXXXX;
	14549 :	XXXXXXXX;
	14548 :	XXXXXXXX;
	14547 :	XXXXXXXX;
	14546 :	XXXXXXXX;
	14545 :	XXXXXXXX;
	14544 :	XXXXXXXX;
	14543 :	XXXXXXXX;
	14542 :	XXXXXXXX;
	14541 :	XXXXXXXX;
	14540 :	XXXXXXXX;
	14539 :	XXXXXXXX;
	14538 :	XXXXXXXX;
	14537 :	XXXXXXXX;
	14536 :	XXXXXXXX;
	14535 :	XXXXXXXX;
	14534 :	XXXXXXXX;
	14533 :	XXXXXXXX;
	14532 :	XXXXXXXX;
	14531 :	XXXXXXXX;
	14530 :	XXXXXXXX;
	14529 :	XXXXXXXX;
	14528 :	XXXXXXXX;
	14527 :	XXXXXXXX;
	14526 :	XXXXXXXX;
	14525 :	XXXXXXXX;
	14524 :	XXXXXXXX;
	14523 :	XXXXXXXX;
	14522 :	XXXXXXXX;
	14521 :	XXXXXXXX;
	14520 :	XXXXXXXX;
	14519 :	XXXXXXXX;
	14518 :	XXXXXXXX;
	14517 :	XXXXXXXX;
	14516 :	XXXXXXXX;
	14515 :	XXXXXXXX;
	14514 :	XXXXXXXX;
	14513 :	XXXXXXXX;
	14512 :	XXXXXXXX;
	14511 :	XXXXXXXX;
	14510 :	XXXXXXXX;
	14509 :	XXXXXXXX;
	14508 :	XXXXXXXX;
	14507 :	XXXXXXXX;
	14506 :	XXXXXXXX;
	14505 :	XXXXXXXX;
	14504 :	XXXXXXXX;
	14503 :	XXXXXXXX;
	14502 :	XXXXXXXX;
	14501 :	XXXXXXXX;
	14500 :	XXXXXXXX;
	14499 :	XXXXXXXX;
	14498 :	XXXXXXXX;
	14497 :	XXXXXXXX;
	14496 :	XXXXXXXX;
	14495 :	XXXXXXXX;
	14494 :	XXXXXXXX;
	14493 :	XXXXXXXX;
	14492 :	XXXXXXXX;
	14491 :	XXXXXXXX;
	14490 :	XXXXXXXX;
	14489 :	XXXXXXXX;
	14488 :	XXXXXXXX;
	14487 :	XXXXXXXX;
	14486 :	XXXXXXXX;
	14485 :	XXXXXXXX;
	14484 :	XXXXXXXX;
	14483 :	XXXXXXXX;
	14482 :	XXXXXXXX;
	14481 :	XXXXXXXX;
	14480 :	XXXXXXXX;
	14479 :	XXXXXXXX;
	14478 :	XXXXXXXX;
	14477 :	XXXXXXXX;
	14476 :	XXXXXXXX;
	14475 :	XXXXXXXX;
	14474 :	XXXXXXXX;
	14473 :	XXXXXXXX;
	14472 :	XXXXXXXX;
	14471 :	XXXXXXXX;
	14470 :	XXXXXXXX;
	14469 :	XXXXXXXX;
	14468 :	XXXXXXXX;
	14467 :	XXXXXXXX;
	14466 :	XXXXXXXX;
	14465 :	XXXXXXXX;
	14464 :	XXXXXXXX;
	14463 :	XXXXXXXX;
	14462 :	XXXXXXXX;
	14461 :	XXXXXXXX;
	14460 :	XXXXXXXX;
	14459 :	XXXXXXXX;
	14458 :	XXXXXXXX;
	14457 :	XXXXXXXX;
	14456 :	XXXXXXXX;
	14455 :	XXXXXXXX;
	14454 :	XXXXXXXX;
	14453 :	XXXXXXXX;
	14452 :	XXXXXXXX;
	14451 :	XXXXXXXX;
	14450 :	XXXXXXXX;
	14449 :	XXXXXXXX;
	14448 :	XXXXXXXX;
	14447 :	XXXXXXXX;
	14446 :	XXXXXXXX;
	14445 :	XXXXXXXX;
	14444 :	XXXXXXXX;
	14443 :	XXXXXXXX;
	14442 :	XXXXXXXX;
	14441 :	XXXXXXXX;
	14440 :	XXXXXXXX;
	14439 :	XXXXXXXX;
	14438 :	XXXXXXXX;
	14437 :	XXXXXXXX;
	14436 :	XXXXXXXX;
	14435 :	XXXXXXXX;
	14434 :	XXXXXXXX;
	14433 :	XXXXXXXX;
	14432 :	XXXXXXXX;
	14431 :	XXXXXXXX;
	14430 :	XXXXXXXX;
	14429 :	XXXXXXXX;
	14428 :	XXXXXXXX;
	14427 :	XXXXXXXX;
	14426 :	XXXXXXXX;
	14425 :	XXXXXXXX;
	14424 :	XXXXXXXX;
	14423 :	XXXXXXXX;
	14422 :	XXXXXXXX;
	14421 :	XXXXXXXX;
	14420 :	XXXXXXXX;
	14419 :	XXXXXXXX;
	14418 :	XXXXXXXX;
	14417 :	XXXXXXXX;
	14416 :	XXXXXXXX;
	14415 :	XXXXXXXX;
	14414 :	XXXXXXXX;
	14413 :	XXXXXXXX;
	14412 :	XXXXXXXX;
	14411 :	XXXXXXXX;
	14410 :	XXXXXXXX;
	14409 :	XXXXXXXX;
	14408 :	XXXXXXXX;
	14407 :	XXXXXXXX;
	14406 :	XXXXXXXX;
	14405 :	XXXXXXXX;
	14404 :	XXXXXXXX;
	14403 :	XXXXXXXX;
	14402 :	XXXXXXXX;
	14401 :	XXXXXXXX;
	14400 :	XXXXXXXX;
	14399 :	XXXXXXXX;
	14398 :	XXXXXXXX;
	14397 :	XXXXXXXX;
	14396 :	XXXXXXXX;
	14395 :	XXXXXXXX;
	14394 :	XXXXXXXX;
	14393 :	XXXXXXXX;
	14392 :	XXXXXXXX;
	14391 :	XXXXXXXX;
	14390 :	XXXXXXXX;
	14389 :	XXXXXXXX;
	14388 :	XXXXXXXX;
	14387 :	XXXXXXXX;
	14386 :	XXXXXXXX;
	14385 :	XXXXXXXX;
	14384 :	XXXXXXXX;
	14383 :	XXXXXXXX;
	14382 :	XXXXXXXX;
	14381 :	XXXXXXXX;
	14380 :	XXXXXXXX;
	14379 :	XXXXXXXX;
	14378 :	XXXXXXXX;
	14377 :	XXXXXXXX;
	14376 :	XXXXXXXX;
	14375 :	XXXXXXXX;
	14374 :	XXXXXXXX;
	14373 :	XXXXXXXX;
	14372 :	XXXXXXXX;
	14371 :	XXXXXXXX;
	14370 :	XXXXXXXX;
	14369 :	XXXXXXXX;
	14368 :	XXXXXXXX;
	14367 :	XXXXXXXX;
	14366 :	XXXXXXXX;
	14365 :	XXXXXXXX;
	14364 :	XXXXXXXX;
	14363 :	XXXXXXXX;
	14362 :	XXXXXXXX;
	14361 :	XXXXXXXX;
	14360 :	XXXXXXXX;
	14359 :	XXXXXXXX;
	14358 :	XXXXXXXX;
	14357 :	XXXXXXXX;
	14356 :	XXXXXXXX;
	14355 :	XXXXXXXX;
	14354 :	XXXXXXXX;
	14353 :	XXXXXXXX;
	14352 :	XXXXXXXX;
	14351 :	XXXXXXXX;
	14350 :	XXXXXXXX;
	14349 :	XXXXXXXX;
	14348 :	XXXXXXXX;
	14347 :	XXXXXXXX;
	14346 :	XXXXXXXX;
	14345 :	XXXXXXXX;
	14344 :	XXXXXXXX;
	14343 :	XXXXXXXX;
	14342 :	XXXXXXXX;
	14341 :	XXXXXXXX;
	14340 :	XXXXXXXX;
	14339 :	XXXXXXXX;
	14338 :	XXXXXXXX;
	14337 :	XXXXXXXX;
	14336 :	XXXXXXXX;
	14335 :	XXXXXXXX;
	14334 :	XXXXXXXX;
	14333 :	XXXXXXXX;
	14332 :	XXXXXXXX;
	14331 :	XXXXXXXX;
	14330 :	XXXXXXXX;
	14329 :	XXXXXXXX;
	14328 :	XXXXXXXX;
	14327 :	XXXXXXXX;
	14326 :	XXXXXXXX;
	14325 :	XXXXXXXX;
	14324 :	XXXXXXXX;
	14323 :	XXXXXXXX;
	14322 :	XXXXXXXX;
	14321 :	XXXXXXXX;
	14320 :	XXXXXXXX;
	14319 :	XXXXXXXX;
	14318 :	XXXXXXXX;
	14317 :	XXXXXXXX;
	14316 :	XXXXXXXX;
	14315 :	XXXXXXXX;
	14314 :	XXXXXXXX;
	14313 :	XXXXXXXX;
	14312 :	XXXXXXXX;
	14311 :	XXXXXXXX;
	14310 :	XXXXXXXX;
	14309 :	XXXXXXXX;
	14308 :	XXXXXXXX;
	14307 :	XXXXXXXX;
	14306 :	XXXXXXXX;
	14305 :	XXXXXXXX;
	14304 :	XXXXXXXX;
	14303 :	XXXXXXXX;
	14302 :	XXXXXXXX;
	14301 :	XXXXXXXX;
	14300 :	XXXXXXXX;
	14299 :	XXXXXXXX;
	14298 :	XXXXXXXX;
	14297 :	XXXXXXXX;
	14296 :	XXXXXXXX;
	14295 :	XXXXXXXX;
	14294 :	XXXXXXXX;
	14293 :	XXXXXXXX;
	14292 :	XXXXXXXX;
	14291 :	XXXXXXXX;
	14290 :	XXXXXXXX;
	14289 :	XXXXXXXX;
	14288 :	XXXXXXXX;
	14287 :	XXXXXXXX;
	14286 :	XXXXXXXX;
	14285 :	XXXXXXXX;
	14284 :	XXXXXXXX;
	14283 :	XXXXXXXX;
	14282 :	XXXXXXXX;
	14281 :	XXXXXXXX;
	14280 :	XXXXXXXX;
	14279 :	XXXXXXXX;
	14278 :	XXXXXXXX;
	14277 :	XXXXXXXX;
	14276 :	XXXXXXXX;
	14275 :	XXXXXXXX;
	14274 :	XXXXXXXX;
	14273 :	XXXXXXXX;
	14272 :	XXXXXXXX;
	14271 :	XXXXXXXX;
	14270 :	XXXXXXXX;
	14269 :	XXXXXXXX;
	14268 :	XXXXXXXX;
	14267 :	XXXXXXXX;
	14266 :	XXXXXXXX;
	14265 :	XXXXXXXX;
	14264 :	XXXXXXXX;
	14263 :	XXXXXXXX;
	14262 :	XXXXXXXX;
	14261 :	XXXXXXXX;
	14260 :	XXXXXXXX;
	14259 :	XXXXXXXX;
	14258 :	XXXXXXXX;
	14257 :	XXXXXXXX;
	14256 :	XXXXXXXX;
	14255 :	XXXXXXXX;
	14254 :	XXXXXXXX;
	14253 :	XXXXXXXX;
	14252 :	XXXXXXXX;
	14251 :	XXXXXXXX;
	14250 :	XXXXXXXX;
	14249 :	XXXXXXXX;
	14248 :	XXXXXXXX;
	14247 :	XXXXXXXX;
	14246 :	XXXXXXXX;
	14245 :	XXXXXXXX;
	14244 :	XXXXXXXX;
	14243 :	XXXXXXXX;
	14242 :	XXXXXXXX;
	14241 :	XXXXXXXX;
	14240 :	XXXXXXXX;
	14239 :	XXXXXXXX;
	14238 :	XXXXXXXX;
	14237 :	XXXXXXXX;
	14236 :	XXXXXXXX;
	14235 :	XXXXXXXX;
	14234 :	XXXXXXXX;
	14233 :	XXXXXXXX;
	14232 :	XXXXXXXX;
	14231 :	XXXXXXXX;
	14230 :	XXXXXXXX;
	14229 :	XXXXXXXX;
	14228 :	XXXXXXXX;
	14227 :	XXXXXXXX;
	14226 :	XXXXXXXX;
	14225 :	XXXXXXXX;
	14224 :	XXXXXXXX;
	14223 :	XXXXXXXX;
	14222 :	XXXXXXXX;
	14221 :	XXXXXXXX;
	14220 :	XXXXXXXX;
	14219 :	XXXXXXXX;
	14218 :	XXXXXXXX;
	14217 :	XXXXXXXX;
	14216 :	XXXXXXXX;
	14215 :	XXXXXXXX;
	14214 :	XXXXXXXX;
	14213 :	XXXXXXXX;
	14212 :	XXXXXXXX;
	14211 :	XXXXXXXX;
	14210 :	XXXXXXXX;
	14209 :	XXXXXXXX;
	14208 :	XXXXXXXX;
	14207 :	XXXXXXXX;
	14206 :	XXXXXXXX;
	14205 :	XXXXXXXX;
	14204 :	XXXXXXXX;
	14203 :	XXXXXXXX;
	14202 :	XXXXXXXX;
	14201 :	XXXXXXXX;
	14200 :	XXXXXXXX;
	14199 :	XXXXXXXX;
	14198 :	XXXXXXXX;
	14197 :	XXXXXXXX;
	14196 :	XXXXXXXX;
	14195 :	XXXXXXXX;
	14194 :	XXXXXXXX;
	14193 :	XXXXXXXX;
	14192 :	XXXXXXXX;
	14191 :	XXXXXXXX;
	14190 :	XXXXXXXX;
	14189 :	XXXXXXXX;
	14188 :	XXXXXXXX;
	14187 :	XXXXXXXX;
	14186 :	XXXXXXXX;
	14185 :	XXXXXXXX;
	14184 :	XXXXXXXX;
	14183 :	XXXXXXXX;
	14182 :	XXXXXXXX;
	14181 :	XXXXXXXX;
	14180 :	XXXXXXXX;
	14179 :	XXXXXXXX;
	14178 :	XXXXXXXX;
	14177 :	XXXXXXXX;
	14176 :	XXXXXXXX;
	14175 :	XXXXXXXX;
	14174 :	XXXXXXXX;
	14173 :	XXXXXXXX;
	14172 :	XXXXXXXX;
	14171 :	XXXXXXXX;
	14170 :	XXXXXXXX;
	14169 :	XXXXXXXX;
	14168 :	XXXXXXXX;
	14167 :	XXXXXXXX;
	14166 :	XXXXXXXX;
	14165 :	XXXXXXXX;
	14164 :	XXXXXXXX;
	14163 :	XXXXXXXX;
	14162 :	XXXXXXXX;
	14161 :	XXXXXXXX;
	14160 :	XXXXXXXX;
	14159 :	XXXXXXXX;
	14158 :	XXXXXXXX;
	14157 :	XXXXXXXX;
	14156 :	XXXXXXXX;
	14155 :	XXXXXXXX;
	14154 :	XXXXXXXX;
	14153 :	XXXXXXXX;
	14152 :	XXXXXXXX;
	14151 :	XXXXXXXX;
	14150 :	XXXXXXXX;
	14149 :	XXXXXXXX;
	14148 :	XXXXXXXX;
	14147 :	XXXXXXXX;
	14146 :	XXXXXXXX;
	14145 :	XXXXXXXX;
	14144 :	XXXXXXXX;
	14143 :	XXXXXXXX;
	14142 :	XXXXXXXX;
	14141 :	XXXXXXXX;
	14140 :	XXXXXXXX;
	14139 :	XXXXXXXX;
	14138 :	XXXXXXXX;
	14137 :	XXXXXXXX;
	14136 :	XXXXXXXX;
	14135 :	XXXXXXXX;
	14134 :	XXXXXXXX;
	14133 :	XXXXXXXX;
	14132 :	XXXXXXXX;
	14131 :	XXXXXXXX;
	14130 :	XXXXXXXX;
	14129 :	XXXXXXXX;
	14128 :	XXXXXXXX;
	14127 :	XXXXXXXX;
	14126 :	XXXXXXXX;
	14125 :	XXXXXXXX;
	14124 :	XXXXXXXX;
	14123 :	XXXXXXXX;
	14122 :	XXXXXXXX;
	14121 :	XXXXXXXX;
	14120 :	XXXXXXXX;
	14119 :	XXXXXXXX;
	14118 :	XXXXXXXX;
	14117 :	XXXXXXXX;
	14116 :	XXXXXXXX;
	14115 :	XXXXXXXX;
	14114 :	XXXXXXXX;
	14113 :	XXXXXXXX;
	14112 :	XXXXXXXX;
	14111 :	XXXXXXXX;
	14110 :	XXXXXXXX;
	14109 :	XXXXXXXX;
	14108 :	XXXXXXXX;
	14107 :	XXXXXXXX;
	14106 :	XXXXXXXX;
	14105 :	XXXXXXXX;
	14104 :	XXXXXXXX;
	14103 :	XXXXXXXX;
	14102 :	XXXXXXXX;
	14101 :	XXXXXXXX;
	14100 :	XXXXXXXX;
	14099 :	XXXXXXXX;
	14098 :	XXXXXXXX;
	14097 :	XXXXXXXX;
	14096 :	XXXXXXXX;
	14095 :	XXXXXXXX;
	14094 :	XXXXXXXX;
	14093 :	XXXXXXXX;
	14092 :	XXXXXXXX;
	14091 :	XXXXXXXX;
	14090 :	XXXXXXXX;
	14089 :	XXXXXXXX;
	14088 :	XXXXXXXX;
	14087 :	XXXXXXXX;
	14086 :	XXXXXXXX;
	14085 :	XXXXXXXX;
	14084 :	XXXXXXXX;
	14083 :	XXXXXXXX;
	14082 :	XXXXXXXX;
	14081 :	XXXXXXXX;
	14080 :	XXXXXXXX;
	14079 :	XXXXXXXX;
	14078 :	XXXXXXXX;
	14077 :	XXXXXXXX;
	14076 :	XXXXXXXX;
	14075 :	XXXXXXXX;
	14074 :	XXXXXXXX;
	14073 :	XXXXXXXX;
	14072 :	XXXXXXXX;
	14071 :	XXXXXXXX;
	14070 :	XXXXXXXX;
	14069 :	XXXXXXXX;
	14068 :	XXXXXXXX;
	14067 :	XXXXXXXX;
	14066 :	XXXXXXXX;
	14065 :	XXXXXXXX;
	14064 :	XXXXXXXX;
	14063 :	XXXXXXXX;
	14062 :	XXXXXXXX;
	14061 :	XXXXXXXX;
	14060 :	XXXXXXXX;
	14059 :	XXXXXXXX;
	14058 :	XXXXXXXX;
	14057 :	XXXXXXXX;
	14056 :	XXXXXXXX;
	14055 :	XXXXXXXX;
	14054 :	XXXXXXXX;
	14053 :	XXXXXXXX;
	14052 :	XXXXXXXX;
	14051 :	XXXXXXXX;
	14050 :	XXXXXXXX;
	14049 :	XXXXXXXX;
	14048 :	XXXXXXXX;
	14047 :	XXXXXXXX;
	14046 :	XXXXXXXX;
	14045 :	XXXXXXXX;
	14044 :	XXXXXXXX;
	14043 :	XXXXXXXX;
	14042 :	XXXXXXXX;
	14041 :	XXXXXXXX;
	14040 :	XXXXXXXX;
	14039 :	XXXXXXXX;
	14038 :	XXXXXXXX;
	14037 :	XXXXXXXX;
	14036 :	XXXXXXXX;
	14035 :	XXXXXXXX;
	14034 :	XXXXXXXX;
	14033 :	XXXXXXXX;
	14032 :	XXXXXXXX;
	14031 :	XXXXXXXX;
	14030 :	XXXXXXXX;
	14029 :	XXXXXXXX;
	14028 :	XXXXXXXX;
	14027 :	XXXXXXXX;
	14026 :	XXXXXXXX;
	14025 :	XXXXXXXX;
	14024 :	XXXXXXXX;
	14023 :	XXXXXXXX;
	14022 :	XXXXXXXX;
	14021 :	XXXXXXXX;
	14020 :	XXXXXXXX;
	14019 :	XXXXXXXX;
	14018 :	XXXXXXXX;
	14017 :	XXXXXXXX;
	14016 :	XXXXXXXX;
	14015 :	XXXXXXXX;
	14014 :	XXXXXXXX;
	14013 :	XXXXXXXX;
	14012 :	XXXXXXXX;
	14011 :	XXXXXXXX;
	14010 :	XXXXXXXX;
	14009 :	XXXXXXXX;
	14008 :	XXXXXXXX;
	14007 :	XXXXXXXX;
	14006 :	XXXXXXXX;
	14005 :	XXXXXXXX;
	14004 :	XXXXXXXX;
	14003 :	XXXXXXXX;
	14002 :	XXXXXXXX;
	14001 :	XXXXXXXX;
	14000 :	XXXXXXXX;
	13999 :	XXXXXXXX;
	13998 :	XXXXXXXX;
	13997 :	XXXXXXXX;
	13996 :	XXXXXXXX;
	13995 :	XXXXXXXX;
	13994 :	XXXXXXXX;
	13993 :	XXXXXXXX;
	13992 :	XXXXXXXX;
	13991 :	XXXXXXXX;
	13990 :	XXXXXXXX;
	13989 :	XXXXXXXX;
	13988 :	XXXXXXXX;
	13987 :	XXXXXXXX;
	13986 :	XXXXXXXX;
	13985 :	XXXXXXXX;
	13984 :	XXXXXXXX;
	13983 :	XXXXXXXX;
	13982 :	XXXXXXXX;
	13981 :	XXXXXXXX;
	13980 :	XXXXXXXX;
	13979 :	XXXXXXXX;
	13978 :	XXXXXXXX;
	13977 :	XXXXXXXX;
	13976 :	XXXXXXXX;
	13975 :	XXXXXXXX;
	13974 :	XXXXXXXX;
	13973 :	XXXXXXXX;
	13972 :	XXXXXXXX;
	13971 :	XXXXXXXX;
	13970 :	XXXXXXXX;
	13969 :	XXXXXXXX;
	13968 :	XXXXXXXX;
	13967 :	XXXXXXXX;
	13966 :	XXXXXXXX;
	13965 :	XXXXXXXX;
	13964 :	XXXXXXXX;
	13963 :	XXXXXXXX;
	13962 :	XXXXXXXX;
	13961 :	XXXXXXXX;
	13960 :	XXXXXXXX;
	13959 :	XXXXXXXX;
	13958 :	XXXXXXXX;
	13957 :	XXXXXXXX;
	13956 :	XXXXXXXX;
	13955 :	XXXXXXXX;
	13954 :	XXXXXXXX;
	13953 :	XXXXXXXX;
	13952 :	XXXXXXXX;
	13951 :	XXXXXXXX;
	13950 :	XXXXXXXX;
	13949 :	XXXXXXXX;
	13948 :	XXXXXXXX;
	13947 :	XXXXXXXX;
	13946 :	XXXXXXXX;
	13945 :	XXXXXXXX;
	13944 :	XXXXXXXX;
	13943 :	XXXXXXXX;
	13942 :	XXXXXXXX;
	13941 :	XXXXXXXX;
	13940 :	XXXXXXXX;
	13939 :	XXXXXXXX;
	13938 :	XXXXXXXX;
	13937 :	XXXXXXXX;
	13936 :	XXXXXXXX;
	13935 :	XXXXXXXX;
	13934 :	XXXXXXXX;
	13933 :	XXXXXXXX;
	13932 :	XXXXXXXX;
	13931 :	XXXXXXXX;
	13930 :	XXXXXXXX;
	13929 :	XXXXXXXX;
	13928 :	XXXXXXXX;
	13927 :	XXXXXXXX;
	13926 :	XXXXXXXX;
	13925 :	XXXXXXXX;
	13924 :	XXXXXXXX;
	13923 :	XXXXXXXX;
	13922 :	XXXXXXXX;
	13921 :	XXXXXXXX;
	13920 :	XXXXXXXX;
	13919 :	XXXXXXXX;
	13918 :	XXXXXXXX;
	13917 :	XXXXXXXX;
	13916 :	XXXXXXXX;
	13915 :	XXXXXXXX;
	13914 :	XXXXXXXX;
	13913 :	XXXXXXXX;
	13912 :	XXXXXXXX;
	13911 :	XXXXXXXX;
	13910 :	XXXXXXXX;
	13909 :	XXXXXXXX;
	13908 :	XXXXXXXX;
	13907 :	XXXXXXXX;
	13906 :	XXXXXXXX;
	13905 :	XXXXXXXX;
	13904 :	XXXXXXXX;
	13903 :	XXXXXXXX;
	13902 :	XXXXXXXX;
	13901 :	XXXXXXXX;
	13900 :	XXXXXXXX;
	13899 :	XXXXXXXX;
	13898 :	XXXXXXXX;
	13897 :	XXXXXXXX;
	13896 :	XXXXXXXX;
	13895 :	XXXXXXXX;
	13894 :	XXXXXXXX;
	13893 :	XXXXXXXX;
	13892 :	XXXXXXXX;
	13891 :	XXXXXXXX;
	13890 :	XXXXXXXX;
	13889 :	XXXXXXXX;
	13888 :	XXXXXXXX;
	13887 :	XXXXXXXX;
	13886 :	XXXXXXXX;
	13885 :	XXXXXXXX;
	13884 :	XXXXXXXX;
	13883 :	XXXXXXXX;
	13882 :	XXXXXXXX;
	13881 :	XXXXXXXX;
	13880 :	XXXXXXXX;
	13879 :	XXXXXXXX;
	13878 :	XXXXXXXX;
	13877 :	XXXXXXXX;
	13876 :	XXXXXXXX;
	13875 :	XXXXXXXX;
	13874 :	XXXXXXXX;
	13873 :	XXXXXXXX;
	13872 :	XXXXXXXX;
	13871 :	XXXXXXXX;
	13870 :	XXXXXXXX;
	13869 :	XXXXXXXX;
	13868 :	XXXXXXXX;
	13867 :	XXXXXXXX;
	13866 :	XXXXXXXX;
	13865 :	XXXXXXXX;
	13864 :	XXXXXXXX;
	13863 :	XXXXXXXX;
	13862 :	XXXXXXXX;
	13861 :	XXXXXXXX;
	13860 :	XXXXXXXX;
	13859 :	XXXXXXXX;
	13858 :	XXXXXXXX;
	13857 :	XXXXXXXX;
	13856 :	XXXXXXXX;
	13855 :	XXXXXXXX;
	13854 :	XXXXXXXX;
	13853 :	XXXXXXXX;
	13852 :	XXXXXXXX;
	13851 :	XXXXXXXX;
	13850 :	XXXXXXXX;
	13849 :	XXXXXXXX;
	13848 :	XXXXXXXX;
	13847 :	XXXXXXXX;
	13846 :	XXXXXXXX;
	13845 :	XXXXXXXX;
	13844 :	XXXXXXXX;
	13843 :	XXXXXXXX;
	13842 :	XXXXXXXX;
	13841 :	XXXXXXXX;
	13840 :	XXXXXXXX;
	13839 :	XXXXXXXX;
	13838 :	XXXXXXXX;
	13837 :	XXXXXXXX;
	13836 :	XXXXXXXX;
	13835 :	XXXXXXXX;
	13834 :	XXXXXXXX;
	13833 :	XXXXXXXX;
	13832 :	XXXXXXXX;
	13831 :	XXXXXXXX;
	13830 :	XXXXXXXX;
	13829 :	XXXXXXXX;
	13828 :	XXXXXXXX;
	13827 :	XXXXXXXX;
	13826 :	XXXXXXXX;
	13825 :	XXXXXXXX;
	13824 :	XXXXXXXX;
	13823 :	11111111;
	13822 :	11111111;
	13821 :	01110010;
	13820 :	01110010;
	13819 :	01110010;
	13818 :	01110010;
	13817 :	01110110;
	13816 :	01110010;
	13815 :	01110110;
	13814 :	01110110;
	13813 :	01110110;
	13812 :	01110110;
	13811 :	01110110;
	13810 :	01110010;
	13809 :	01110110;
	13808 :	10010110;
	13807 :	11111111;
	13806 :	11111111;
	13805 :	11111111;
	13804 :	01110110;
	13803 :	00001000;
	13802 :	00001000;
	13801 :	00001000;
	13800 :	00001000;
	13799 :	00001000;
	13798 :	00001000;
	13797 :	00001000;
	13796 :	00001000;
	13795 :	00000100;
	13794 :	00000100;
	13793 :	00001000;
	13792 :	00001000;
	13791 :	00001000;
	13790 :	00001000;
	13789 :	10010110;
	13788 :	11111111;
	13787 :	01110110;
	13786 :	00001000;
	13785 :	00000100;
	13784 :	00001000;
	13783 :	00001000;
	13782 :	00001000;
	13781 :	00001000;
	13780 :	00001000;
	13779 :	11111111;
	13778 :	11111111;
	13777 :	00001000;
	13776 :	11111111;
	13775 :	11111111;
	13774 :	11111111;
	13773 :	00001000;
	13772 :	00000100;
	13771 :	00001000;
	13770 :	10010110;
	13769 :	01110110;
	13768 :	00001000;
	13767 :	00001000;
	13766 :	00001000;
	13765 :	00001000;
	13764 :	01010110;
	13763 :	00110001;
	13762 :	00001000;
	13761 :	00001000;
	13760 :	00001000;
	13759 :	00001000;
	13758 :	00001000;
	13757 :	00001000;
	13756 :	00000100;
	13755 :	11111111;
	13754 :	00001000;
	13753 :	00001000;
	13752 :	10010110;
	13751 :	01110110;
	13750 :	00001000;
	13749 :	00001000;
	13748 :	00001000;
	13747 :	00001000;
	13746 :	00001100;
	13745 :	00001000;
	13744 :	00001000;
	13743 :	00110101;
	13742 :	00110101;
	13741 :	00001100;
	13740 :	00001000;
	13739 :	00001000;
	13738 :	00001000;
	13737 :	00000100;
	13736 :	11111111;
	13735 :	00001000;
	13734 :	10010110;
	13733 :	01110110;
	13732 :	00001000;
	13731 :	00001000;
	13730 :	00001000;
	13729 :	00001000;
	13728 :	00001100;
	13727 :	00001100;
	13726 :	00001000;
	13725 :	00101101;
	13724 :	00101101;
	13723 :	01011010;
	13722 :	00101101;
	13721 :	00001000;
	13720 :	00001000;
	13719 :	00001000;
	13718 :	11111111;
	13717 :	00001000;
	13716 :	10010110;
	13715 :	01110110;
	13714 :	00001000;
	13713 :	00001000;
	13712 :	00001000;
	13711 :	00110101;
	13710 :	00110101;
	13709 :	00101101;
	13708 :	00101101;
	13707 :	00101101;
	13706 :	00101101;
	13705 :	00101101;
	13704 :	00110110;
	13703 :	00101101;
	13702 :	00001101;
	13701 :	00001000;
	13700 :	00001000;
	13699 :	00001000;
	13698 :	10010010;
	13697 :	01110110;
	13696 :	00001000;
	13695 :	11111111;
	13694 :	00110101;
	13693 :	00110101;
	13692 :	00001101;
	13691 :	00001100;
	13690 :	00001101;
	13689 :	00110101;
	13688 :	01011010;
	13687 :	00101101;
	13686 :	00110101;
	13685 :	00110101;
	13684 :	00101101;
	13683 :	00001000;
	13682 :	00001000;
	13681 :	00001000;
	13680 :	10010010;
	13679 :	01110110;
	13678 :	00001000;
	13677 :	11111111;
	13676 :	00001001;
	13675 :	00001000;
	13674 :	00001000;
	13673 :	00001000;
	13672 :	00001101;
	13671 :	01011010;
	13670 :	00101101;
	13669 :	00101101;
	13668 :	00101101;
	13667 :	00110101;
	13666 :	00101101;
	13665 :	00001101;
	13664 :	11111111;
	13663 :	00001000;
	13662 :	10010010;
	13661 :	01110110;
	13660 :	00001000;
	13659 :	11111111;
	13658 :	00001000;
	13657 :	00001000;
	13656 :	00001101;
	13655 :	00001001;
	13654 :	00001101;
	13653 :	00001101;
	13652 :	00110101;
	13651 :	00101101;
	13650 :	00101101;
	13649 :	00101101;
	13648 :	00110101;
	13647 :	00001101;
	13646 :	00001000;
	13645 :	00001000;
	13644 :	10010010;
	13643 :	01110010;
	13642 :	00001000;
	13641 :	00001000;
	13640 :	00001000;
	13639 :	00001000;
	13638 :	00001000;
	13637 :	00001101;
	13636 :	00101101;
	13635 :	00001101;
	13634 :	00001101;
	13633 :	00001101;
	13632 :	00101101;
	13631 :	01011010;
	13630 :	00101101;
	13629 :	00001101;
	13628 :	00001000;
	13627 :	00001000;
	13626 :	10010010;
	13625 :	01110010;
	13624 :	00001000;
	13623 :	00001000;
	13622 :	00001000;
	13621 :	00001000;
	13620 :	00001000;
	13619 :	00001000;
	13618 :	00001000;
	13617 :	00001000;
	13616 :	00001101;
	13615 :	00001101;
	13614 :	00001101;
	13613 :	00110101;
	13612 :	00001101;
	13611 :	00001000;
	13610 :	11111111;
	13609 :	00001000;
	13608 :	10010010;
	13607 :	01110110;
	13606 :	00001000;
	13605 :	11111111;
	13604 :	00111010;
	13603 :	00111010;
	13602 :	00111010;
	13601 :	00111010;
	13600 :	00111010;
	13599 :	00111010;
	13598 :	00001000;
	13597 :	00001000;
	13596 :	00001101;
	13595 :	00001101;
	13594 :	00001101;
	13593 :	00001000;
	13592 :	11111111;
	13591 :	00001000;
	13590 :	10010010;
	13589 :	01110110;
	13588 :	00111010;
	13587 :	11111111;
	13586 :	00111010;
	13585 :	01011010;
	13584 :	01011010;
	13583 :	10010110;
	13582 :	01110110;
	13581 :	10010110;
	13580 :	01110110;
	13579 :	01110110;
	13578 :	10010110;
	13577 :	00001101;
	13576 :	00001101;
	13575 :	00001000;
	13574 :	11111111;
	13573 :	00001000;
	13572 :	10010010;
	13571 :	01110110;
	13570 :	01011010;
	13569 :	01011010;
	13568 :	01011010;
	13567 :	01011010;
	13566 :	10010110;
	13565 :	10010110;
	13564 :	01110110;
	13563 :	01110110;
	13562 :	10010110;
	13561 :	01110110;
	13560 :	01110110;
	13559 :	01110110;
	13558 :	01110110;
	13557 :	10010110;
	13556 :	11111111;
	13555 :	00001000;
	13554 :	10010010;
	13553 :	01110010;
	13552 :	01011010;
	13551 :	11111111;
	13550 :	01110110;
	13549 :	10010110;
	13548 :	10010110;
	13547 :	10010110;
	13546 :	10010110;
	13545 :	10010110;
	13544 :	10010110;
	13543 :	10010110;
	13542 :	10010110;
	13541 :	01110110;
	13540 :	01110110;
	13539 :	01110110;
	13538 :	11111111;
	13537 :	10010110;
	13536 :	10010110;
	13535 :	01110110;
	13534 :	10010110;
	13533 :	10010110;
	13532 :	10010110;
	13531 :	10010110;
	13530 :	01110110;
	13529 :	01110110;
	13528 :	10010110;
	13527 :	10010110;
	13526 :	10010110;
	13525 :	10010110;
	13524 :	10010110;
	13523 :	01110110;
	13522 :	10010110;
	13521 :	01110110;
	13520 :	11111111;
	13519 :	01110110;
	13518 :	10010110;
	13517 :	01110110;
	13516 :	01110110;
	13515 :	01110110;
	13514 :	01110110;
	13513 :	10010110;
	13512 :	10010110;
	13511 :	10010110;
	13510 :	10010110;
	13509 :	10010110;
	13508 :	10010110;
	13507 :	10010110;
	13506 :	10010110;
	13505 :	10010110;
	13504 :	10010110;
	13503 :	10010110;
	13502 :	11111111;
	13501 :	01110110;
	13500 :	10010110;
	13499 :	01110110;
	13498 :	01110110;
	13497 :	01110110;
	13496 :	10010110;
	13495 :	10010110;
	13494 :	10010110;
	13493 :	10010110;
	13492 :	10010110;
	13491 :	10010110;
	13490 :	01110110;
	13489 :	10010110;
	13488 :	10010110;
	13487 :	10010110;
	13486 :	10010110;
	13485 :	10010110;
	13484 :	01110110;
	13483 :	01110110;
	13482 :	10010110;
	13481 :	01110110;
	13480 :	10010110;
	13479 :	10010110;
	13478 :	10010110;
	13477 :	10010110;
	13476 :	10010110;
	13475 :	10010110;
	13474 :	10010110;
	13473 :	10010110;
	13472 :	10010110;
	13471 :	10010110;
	13470 :	10010110;
	13469 :	10010110;
	13468 :	10010110;
	13467 :	10010110;
	13466 :	10010110;
	13465 :	01110110;
	13464 :	10010110;
	13463 :	11111111;
	13462 :	01010010;
	13461 :	01010010;
	13460 :	01010010;
	13459 :	01010010;
	13458 :	01010010;
	13457 :	01010010;
	13456 :	01010010;
	13455 :	01010010;
	13454 :	01010010;
	13453 :	01010010;
	13452 :	01010010;
	13451 :	01010010;
	13450 :	01110010;
	13449 :	10010110;
	13448 :	01110010;
	13447 :	10010110;
	13446 :	11111111;
	13445 :	11111111;
	13444 :	11111111;
	13443 :	01010010;
	13442 :	01010010;
	13441 :	01010010;
	13440 :	01001101;
	13439 :	01001101;
	13438 :	01001101;
	13437 :	01001101;
	13436 :	01001101;
	13435 :	01001101;
	13434 :	01001101;
	13433 :	01001101;
	13432 :	01010010;
	13431 :	01010010;
	13430 :	01010010;
	13429 :	11111111;
	13428 :	11111111;
	13427 :	11111111;
	13426 :	00101110;
	13425 :	00101110;
	13424 :	00110010;
	13423 :	00101110;
	13422 :	00101110;
	13421 :	10011010;
	13420 :	00110010;
	13419 :	00101110;
	13418 :	01010010;
	13417 :	00101110;
	13416 :	01010010;
	13415 :	01010010;
	13414 :	00101110;
	13413 :	11111111;
	13412 :	01010110;
	13411 :	00110010;
	13410 :	11111111;
	13409 :	11111111;
	13408 :	11111111;
	13407 :	11111111;
	13406 :	11111111;
	13405 :	00100000;
	13404 :	00100000;
	13403 :	00100000;
	13402 :	00100000;
	13401 :	00100000;
	13400 :	00100000;
	13399 :	00100000;
	13398 :	00100000;
	13397 :	01000000;
	13396 :	01000000;
	13395 :	11111111;
	13394 :	11111111;
	13393 :	11111111;
	13392 :	11111111;
	13391 :	11111111;
	13390 :	11111111;
	13389 :	01000000;
	13388 :	01000000;
	13387 :	01100100;
	13386 :	10001001;
	13385 :	10101101;
	13384 :	10101101;
	13383 :	10101101;
	13382 :	10101101;
	13381 :	10110001;
	13380 :	11010101;
	13379 :	11011010;
	13378 :	11010110;
	13377 :	11010110;
	13376 :	11010110;
	13375 :	11111111;
	13374 :	11111111;
	13373 :	11111111;
	13372 :	11111111;
	13371 :	01000000;
	13370 :	01000000;
	13369 :	01000100;
	13368 :	10001101;
	13367 :	10101101;
	13366 :	10101101;
	13365 :	10101101;
	13364 :	10101101;
	13363 :	10110001;
	13362 :	11010101;
	13361 :	11010101;
	13360 :	11011010;
	13359 :	11010110;
	13358 :	11011010;
	13357 :	11111111;
	13356 :	11111111;
	13355 :	11111111;
	13354 :	11111111;
	13353 :	11111111;
	13352 :	11111111;
	13351 :	11111111;
	13350 :	11111111;
	13349 :	00100000;
	13348 :	00100000;
	13347 :	01000000;
	13346 :	01000000;
	13345 :	01000100;
	13344 :	01100100;
	13343 :	11111111;
	13342 :	11111111;
	13341 :	11111111;
	13340 :	11111111;
	13339 :	11111111;
	13338 :	11111111;
	13337 :	11111111;
	13336 :	11111111;
	13335 :	11111111;
	13334 :	11111111;
	13333 :	11111111;
	13332 :	11111111;
	13331 :	01100100;
	13330 :	01100100;
	13329 :	01100100;
	13328 :	10101101;
	13327 :	10101101;
	13326 :	11010001;
	13325 :	11111111;
	13324 :	11111111;
	13323 :	11111111;
	13322 :	11111111;
	13321 :	11111111;
	13320 :	11111111;
	13319 :	11111111;
	13318 :	11111111;
	13317 :	11111111;
	13316 :	11111111;
	13315 :	11111111;
	13314 :	11111111;
	13313 :	01100100;
	13312 :	01100100;
	13311 :	01100100;
	13310 :	10001000;
	13309 :	10001000;
	13308 :	10001000;
	13307 :	11111111;
	13306 :	11111111;
	13305 :	11111111;
	13304 :	11111111;
	13303 :	11111111;
	13302 :	11111111;
	13301 :	11111111;
	13300 :	11111111;
	13299 :	11111111;
	13298 :	11111111;
	13297 :	11111111;
	13296 :	00100000;
	13295 :	01000000;
	13294 :	01000000;
	13293 :	01000000;
	13292 :	01000000;
	13291 :	00100000;
	13290 :	00100000;
	13289 :	00100000;
	13288 :	11111111;
	13287 :	11111111;
	13286 :	11111111;
	13285 :	11111111;
	13284 :	11111111;
	13283 :	11111111;
	13282 :	11111111;
	13281 :	11111111;
	13280 :	11111111;
	13279 :	00100000;
	13278 :	01000000;
	13277 :	01100100;
	13276 :	01100100;
	13275 :	10001000;
	13274 :	10101101;
	13273 :	10101101;
	13272 :	10110001;
	13271 :	11010001;
	13270 :	11010001;
	13269 :	11111111;
	13268 :	11111111;
	13267 :	11111111;
	13266 :	11111111;
	13265 :	11111111;
	13264 :	11111111;
	13263 :	11111111;
	13262 :	11111111;
	13261 :	00100000;
	13260 :	01000100;
	13259 :	01101000;
	13258 :	10001101;
	13257 :	10101101;
	13256 :	11010110;
	13255 :	11010001;
	13254 :	11010110;
	13253 :	11010110;
	13252 :	11011010;
	13251 :	11111111;
	13250 :	11111111;
	13249 :	11111111;
	13248 :	11111111;
	13247 :	11111111;
	13246 :	11111111;
	13245 :	01110010;
	13244 :	01110010;
	13243 :	01110010;
	13242 :	01110010;
	13241 :	01110110;
	13240 :	01110010;
	13239 :	01110110;
	13238 :	01110110;
	13237 :	01110110;
	13236 :	01110110;
	13235 :	01110110;
	13234 :	01110010;
	13233 :	01110110;
	13232 :	10010110;
	13231 :	11111111;
	13230 :	11111111;
	13229 :	11111111;
	13228 :	01110110;
	13227 :	00001000;
	13226 :	00001000;
	13225 :	00001000;
	13224 :	00001000;
	13223 :	00001000;
	13222 :	00001000;
	13221 :	00001000;
	13220 :	00001000;
	13219 :	00000100;
	13218 :	00000100;
	13217 :	00001000;
	13216 :	00001000;
	13215 :	00001000;
	13214 :	00001000;
	13213 :	10010110;
	13212 :	11111111;
	13211 :	01110110;
	13210 :	00001000;
	13209 :	00000100;
	13208 :	00001000;
	13207 :	00001000;
	13206 :	00001000;
	13205 :	00001000;
	13204 :	00001000;
	13203 :	11111111;
	13202 :	11111111;
	13201 :	00001000;
	13200 :	11111111;
	13199 :	11111111;
	13198 :	11111111;
	13197 :	00001000;
	13196 :	00000100;
	13195 :	00001000;
	13194 :	10010110;
	13193 :	01110110;
	13192 :	00000100;
	13191 :	00001000;
	13190 :	00001000;
	13189 :	00001000;
	13188 :	01010110;
	13187 :	00110001;
	13186 :	00001000;
	13185 :	00001000;
	13184 :	00001000;
	13183 :	00001000;
	13182 :	00001000;
	13181 :	00001000;
	13180 :	00000100;
	13179 :	11111111;
	13178 :	00001000;
	13177 :	00001000;
	13176 :	10010110;
	13175 :	01110110;
	13174 :	00001000;
	13173 :	00001000;
	13172 :	00001000;
	13171 :	00001000;
	13170 :	00001000;
	13169 :	00001000;
	13168 :	00001000;
	13167 :	00110101;
	13166 :	00110101;
	13165 :	00001100;
	13164 :	00001100;
	13163 :	00001000;
	13162 :	00001000;
	13161 :	00000100;
	13160 :	11111111;
	13159 :	00001000;
	13158 :	10010110;
	13157 :	01110110;
	13156 :	00001000;
	13155 :	00001000;
	13154 :	00001000;
	13153 :	00001000;
	13152 :	00001000;
	13151 :	00001000;
	13150 :	00001000;
	13149 :	00101101;
	13148 :	00101101;
	13147 :	01011010;
	13146 :	00110110;
	13145 :	00001100;
	13144 :	00001000;
	13143 :	00001000;
	13142 :	11111111;
	13141 :	00001000;
	13140 :	10010110;
	13139 :	01110110;
	13138 :	00001000;
	13137 :	00001000;
	13136 :	00001000;
	13135 :	00001100;
	13134 :	00001101;
	13133 :	00001101;
	13132 :	00101101;
	13131 :	00101101;
	13130 :	00101101;
	13129 :	00101101;
	13128 :	00110101;
	13127 :	00110101;
	13126 :	00001101;
	13125 :	00001000;
	13124 :	00001000;
	13123 :	00001000;
	13122 :	10010010;
	13121 :	01110110;
	13120 :	00001000;
	13119 :	11111111;
	13118 :	00001101;
	13117 :	00110101;
	13116 :	00110101;
	13115 :	00001100;
	13114 :	00001101;
	13113 :	00110101;
	13112 :	01011010;
	13111 :	00101101;
	13110 :	00101101;
	13109 :	00101101;
	13108 :	00101101;
	13107 :	00001000;
	13106 :	00001000;
	13105 :	00001000;
	13104 :	10010010;
	13103 :	01110110;
	13102 :	00001000;
	13101 :	11111111;
	13100 :	00001101;
	13099 :	00001101;
	13098 :	00001100;
	13097 :	00001101;
	13096 :	00001101;
	13095 :	01011010;
	13094 :	00101101;
	13093 :	00101101;
	13092 :	00101101;
	13091 :	00101101;
	13090 :	00110101;
	13089 :	00001101;
	13088 :	11111111;
	13087 :	00001000;
	13086 :	10010010;
	13085 :	01110110;
	13084 :	00001000;
	13083 :	11111111;
	13082 :	00001000;
	13081 :	00001000;
	13080 :	00001101;
	13079 :	00001101;
	13078 :	00001101;
	13077 :	00001101;
	13076 :	00110101;
	13075 :	00101101;
	13074 :	00101101;
	13073 :	01011010;
	13072 :	00101101;
	13071 :	00001101;
	13070 :	00001000;
	13069 :	00001000;
	13068 :	10010010;
	13067 :	01110110;
	13066 :	00001000;
	13065 :	00001000;
	13064 :	00001000;
	13063 :	00001000;
	13062 :	00001000;
	13061 :	00001101;
	13060 :	00001101;
	13059 :	00001101;
	13058 :	00001101;
	13057 :	00001101;
	13056 :	00001101;
	13055 :	00110101;
	13054 :	00001101;
	13053 :	00001000;
	13052 :	00001000;
	13051 :	00001000;
	13050 :	10010010;
	13049 :	01110010;
	13048 :	00001101;
	13047 :	00001101;
	13046 :	00001001;
	13045 :	00001000;
	13044 :	00001000;
	13043 :	00001000;
	13042 :	00001000;
	13041 :	00001000;
	13040 :	00001001;
	13039 :	00001101;
	13038 :	00001101;
	13037 :	00001100;
	13036 :	00001101;
	13035 :	00001000;
	13034 :	11111111;
	13033 :	00001000;
	13032 :	10010010;
	13031 :	01110110;
	13030 :	00001000;
	13029 :	11111111;
	13028 :	00001000;
	13027 :	00111010;
	13026 :	00111010;
	13025 :	00111010;
	13024 :	00111010;
	13023 :	01110110;
	13022 :	01110110;
	13021 :	00001000;
	13020 :	00001000;
	13019 :	00001000;
	13018 :	00001000;
	13017 :	00001000;
	13016 :	11111111;
	13015 :	00001000;
	13014 :	10010010;
	13013 :	01110110;
	13012 :	00111010;
	13011 :	11111111;
	13010 :	00111010;
	13009 :	01011010;
	13008 :	01110110;
	13007 :	10010110;
	13006 :	01110110;
	13005 :	10010110;
	13004 :	01110110;
	13003 :	01110110;
	13002 :	10010110;
	13001 :	10010110;
	13000 :	00001101;
	12999 :	00001000;
	12998 :	11111111;
	12997 :	00001000;
	12996 :	10010010;
	12995 :	01110110;
	12994 :	01011010;
	12993 :	01011010;
	12992 :	01011010;
	12991 :	01110110;
	12990 :	10010110;
	12989 :	10010110;
	12988 :	01110110;
	12987 :	01110110;
	12986 :	10010110;
	12985 :	01110110;
	12984 :	01110110;
	12983 :	01110110;
	12982 :	01110110;
	12981 :	10010110;
	12980 :	11111111;
	12979 :	00001000;
	12978 :	10010010;
	12977 :	01110010;
	12976 :	01011010;
	12975 :	11111111;
	12974 :	01110110;
	12973 :	10010110;
	12972 :	10010110;
	12971 :	10010110;
	12970 :	10010110;
	12969 :	10010110;
	12968 :	10010110;
	12967 :	10010110;
	12966 :	10010110;
	12965 :	01110110;
	12964 :	01110110;
	12963 :	01110110;
	12962 :	11111111;
	12961 :	10010110;
	12960 :	10010110;
	12959 :	01110110;
	12958 :	10010110;
	12957 :	10010110;
	12956 :	10010110;
	12955 :	10010110;
	12954 :	01110110;
	12953 :	01110110;
	12952 :	10010110;
	12951 :	10010110;
	12950 :	10010110;
	12949 :	10010110;
	12948 :	10010110;
	12947 :	01110110;
	12946 :	10010110;
	12945 :	01110110;
	12944 :	11111111;
	12943 :	01110110;
	12942 :	10010110;
	12941 :	01110110;
	12940 :	01110110;
	12939 :	01110110;
	12938 :	01110110;
	12937 :	10010110;
	12936 :	10010110;
	12935 :	10010110;
	12934 :	10010110;
	12933 :	10010110;
	12932 :	10010110;
	12931 :	10010110;
	12930 :	10010110;
	12929 :	10010110;
	12928 :	10010110;
	12927 :	10010110;
	12926 :	11111111;
	12925 :	01110110;
	12924 :	10010110;
	12923 :	01110110;
	12922 :	01110110;
	12921 :	01110110;
	12920 :	10010110;
	12919 :	10010110;
	12918 :	10010110;
	12917 :	10010110;
	12916 :	10010110;
	12915 :	10010110;
	12914 :	01110110;
	12913 :	10010110;
	12912 :	10010110;
	12911 :	10010110;
	12910 :	10010110;
	12909 :	10010110;
	12908 :	01110110;
	12907 :	01110110;
	12906 :	10010110;
	12905 :	01110110;
	12904 :	10010110;
	12903 :	10010110;
	12902 :	10010110;
	12901 :	10010110;
	12900 :	10010110;
	12899 :	10010110;
	12898 :	10010110;
	12897 :	10010110;
	12896 :	10010110;
	12895 :	10010110;
	12894 :	10010110;
	12893 :	10010110;
	12892 :	10010110;
	12891 :	10010110;
	12890 :	10010110;
	12889 :	01110110;
	12888 :	10010110;
	12887 :	11111111;
	12886 :	01010010;
	12885 :	01010010;
	12884 :	01010010;
	12883 :	01010010;
	12882 :	01010010;
	12881 :	01010010;
	12880 :	01010010;
	12879 :	01010010;
	12878 :	01010010;
	12877 :	01010010;
	12876 :	01010010;
	12875 :	01010010;
	12874 :	01110010;
	12873 :	10010110;
	12872 :	01110010;
	12871 :	10010110;
	12870 :	11111111;
	12869 :	11111111;
	12868 :	11111111;
	12867 :	01010010;
	12866 :	01010010;
	12865 :	01010010;
	12864 :	01001101;
	12863 :	01001101;
	12862 :	01001101;
	12861 :	01001101;
	12860 :	01001101;
	12859 :	01001101;
	12858 :	01001101;
	12857 :	01001101;
	12856 :	01010010;
	12855 :	01010010;
	12854 :	01010010;
	12853 :	11111111;
	12852 :	11111111;
	12851 :	11111111;
	12850 :	00101110;
	12849 :	00101110;
	12848 :	00110010;
	12847 :	00101110;
	12846 :	00101110;
	12845 :	10011010;
	12844 :	00110010;
	12843 :	00101110;
	12842 :	01010010;
	12841 :	00101110;
	12840 :	01010010;
	12839 :	01010010;
	12838 :	00101110;
	12837 :	11111111;
	12836 :	01010110;
	12835 :	00110010;
	12834 :	11111111;
	12833 :	11111111;
	12832 :	11111111;
	12831 :	11111111;
	12830 :	11111111;
	12829 :	00100000;
	12828 :	00100000;
	12827 :	00100000;
	12826 :	00100000;
	12825 :	00100000;
	12824 :	00100000;
	12823 :	00100000;
	12822 :	00100000;
	12821 :	01000000;
	12820 :	01000000;
	12819 :	11111111;
	12818 :	11111111;
	12817 :	11111111;
	12816 :	11111111;
	12815 :	11111111;
	12814 :	11111111;
	12813 :	01000000;
	12812 :	01000000;
	12811 :	01100100;
	12810 :	10001001;
	12809 :	10101101;
	12808 :	10101101;
	12807 :	10101101;
	12806 :	10101101;
	12805 :	10110001;
	12804 :	11010101;
	12803 :	11011010;
	12802 :	11010110;
	12801 :	11010110;
	12800 :	11010110;
	12799 :	11111111;
	12798 :	11111111;
	12797 :	11111111;
	12796 :	11111111;
	12795 :	01000000;
	12794 :	01000000;
	12793 :	01000100;
	12792 :	10001101;
	12791 :	10101101;
	12790 :	10101101;
	12789 :	10101101;
	12788 :	10101101;
	12787 :	10110001;
	12786 :	11010101;
	12785 :	11010101;
	12784 :	11011010;
	12783 :	11010110;
	12782 :	11011010;
	12781 :	11111111;
	12780 :	11111111;
	12779 :	11111111;
	12778 :	11111111;
	12777 :	11111111;
	12776 :	11111111;
	12775 :	11111111;
	12774 :	11111111;
	12773 :	00100000;
	12772 :	00100000;
	12771 :	01000000;
	12770 :	01000000;
	12769 :	01000100;
	12768 :	01100100;
	12767 :	11111111;
	12766 :	11111111;
	12765 :	11111111;
	12764 :	11111111;
	12763 :	11111111;
	12762 :	11111111;
	12761 :	11111111;
	12760 :	11111111;
	12759 :	11111111;
	12758 :	11111111;
	12757 :	11111111;
	12756 :	11111111;
	12755 :	01100100;
	12754 :	01100100;
	12753 :	01100100;
	12752 :	10101101;
	12751 :	10101101;
	12750 :	11010001;
	12749 :	11111111;
	12748 :	11111111;
	12747 :	11111111;
	12746 :	11111111;
	12745 :	11111111;
	12744 :	11111111;
	12743 :	11111111;
	12742 :	11111111;
	12741 :	11111111;
	12740 :	11111111;
	12739 :	11111111;
	12738 :	11111111;
	12737 :	01100100;
	12736 :	01100100;
	12735 :	01100100;
	12734 :	10001000;
	12733 :	10001000;
	12732 :	10001000;
	12731 :	11111111;
	12730 :	11111111;
	12729 :	11111111;
	12728 :	11111111;
	12727 :	11111111;
	12726 :	11111111;
	12725 :	11111111;
	12724 :	11111111;
	12723 :	11111111;
	12722 :	11111111;
	12721 :	11111111;
	12720 :	00100000;
	12719 :	01000000;
	12718 :	01000000;
	12717 :	01000000;
	12716 :	01000000;
	12715 :	00100000;
	12714 :	00100000;
	12713 :	00100000;
	12712 :	11111111;
	12711 :	11111111;
	12710 :	11111111;
	12709 :	11111111;
	12708 :	11111111;
	12707 :	11111111;
	12706 :	11111111;
	12705 :	11111111;
	12704 :	11111111;
	12703 :	00100000;
	12702 :	01000000;
	12701 :	01100100;
	12700 :	01100100;
	12699 :	10001000;
	12698 :	10101101;
	12697 :	10101101;
	12696 :	10110001;
	12695 :	11010001;
	12694 :	11010001;
	12693 :	11111111;
	12692 :	11111111;
	12691 :	11111111;
	12690 :	11111111;
	12689 :	11111111;
	12688 :	11111111;
	12687 :	11111111;
	12686 :	11111111;
	12685 :	00100000;
	12684 :	01000100;
	12683 :	01101000;
	12682 :	10001101;
	12681 :	10101101;
	12680 :	11010110;
	12679 :	11010001;
	12678 :	11010110;
	12677 :	11010110;
	12676 :	11011010;
	12675 :	11111111;
	12674 :	11111111;
	12673 :	11111111;
	12672 :	11111111;
	12671 :	11111111;
	12670 :	11111111;
	12669 :	01110010;
	12668 :	01110010;
	12667 :	01110010;
	12666 :	01110010;
	12665 :	01110110;
	12664 :	01110010;
	12663 :	01110110;
	12662 :	01110110;
	12661 :	01110110;
	12660 :	01110110;
	12659 :	01110110;
	12658 :	01110010;
	12657 :	01110110;
	12656 :	10010110;
	12655 :	11111111;
	12654 :	11111111;
	12653 :	11111111;
	12652 :	01110110;
	12651 :	00001000;
	12650 :	00001000;
	12649 :	00001000;
	12648 :	00001000;
	12647 :	00001000;
	12646 :	00001000;
	12645 :	00001000;
	12644 :	00001000;
	12643 :	00000100;
	12642 :	00000100;
	12641 :	00001000;
	12640 :	00001000;
	12639 :	00001000;
	12638 :	00001000;
	12637 :	10010110;
	12636 :	11111111;
	12635 :	01110110;
	12634 :	00001000;
	12633 :	00000100;
	12632 :	00000100;
	12631 :	00000100;
	12630 :	00001000;
	12629 :	00001000;
	12628 :	00001000;
	12627 :	11111111;
	12626 :	11111111;
	12625 :	00001000;
	12624 :	11111111;
	12623 :	11111111;
	12622 :	11111111;
	12621 :	00001000;
	12620 :	00000100;
	12619 :	00001000;
	12618 :	10010110;
	12617 :	01110110;
	12616 :	00000100;
	12615 :	00001000;
	12614 :	00001000;
	12613 :	00001000;
	12612 :	00001000;
	12611 :	00001000;
	12610 :	00001000;
	12609 :	00001000;
	12608 :	00001000;
	12607 :	00001000;
	12606 :	00001000;
	12605 :	00001000;
	12604 :	00000100;
	12603 :	11111111;
	12602 :	00001000;
	12601 :	00001000;
	12600 :	10010110;
	12599 :	01110110;
	12598 :	00001000;
	12597 :	00001000;
	12596 :	00001000;
	12595 :	00001000;
	12594 :	01010110;
	12593 :	00110001;
	12592 :	00001000;
	12591 :	00110101;
	12590 :	00110101;
	12589 :	00001100;
	12588 :	00001100;
	12587 :	00001000;
	12586 :	00001000;
	12585 :	00000100;
	12584 :	11111111;
	12583 :	00001000;
	12582 :	10010110;
	12581 :	01110110;
	12580 :	00001000;
	12579 :	00001000;
	12578 :	00001000;
	12577 :	00001000;
	12576 :	00001000;
	12575 :	00001100;
	12574 :	00001100;
	12573 :	00101101;
	12572 :	00101101;
	12571 :	01011010;
	12570 :	00110110;
	12569 :	00001100;
	12568 :	00001000;
	12567 :	00001000;
	12566 :	11111111;
	12565 :	00001000;
	12564 :	10010110;
	12563 :	01110110;
	12562 :	00001000;
	12561 :	00001000;
	12560 :	00001000;
	12559 :	00001100;
	12558 :	00001101;
	12557 :	00101101;
	12556 :	00101101;
	12555 :	00110101;
	12554 :	00101101;
	12553 :	00101101;
	12552 :	00110101;
	12551 :	00110101;
	12550 :	00001101;
	12549 :	00001000;
	12548 :	00001000;
	12547 :	00001000;
	12546 :	10010010;
	12545 :	01110110;
	12544 :	00001000;
	12543 :	11111111;
	12542 :	00001101;
	12541 :	00110101;
	12540 :	00110101;
	12539 :	00101101;
	12538 :	00001101;
	12537 :	00101101;
	12536 :	01011010;
	12535 :	00101101;
	12534 :	00101101;
	12533 :	00101101;
	12532 :	00101101;
	12531 :	00001000;
	12530 :	00001000;
	12529 :	00001000;
	12528 :	10010010;
	12527 :	01110110;
	12526 :	00001000;
	12525 :	11111111;
	12524 :	00001101;
	12523 :	00001101;
	12522 :	00001100;
	12521 :	00001100;
	12520 :	00001101;
	12519 :	00001101;
	12518 :	00101101;
	12517 :	00101101;
	12516 :	00101101;
	12515 :	00101101;
	12514 :	00110101;
	12513 :	00001101;
	12512 :	11111111;
	12511 :	00001000;
	12510 :	10010010;
	12509 :	01110110;
	12508 :	00001000;
	12507 :	11111111;
	12506 :	00001000;
	12505 :	00001000;
	12504 :	00001101;
	12503 :	00001101;
	12502 :	00001101;
	12501 :	00001101;
	12500 :	00110101;
	12499 :	00101101;
	12498 :	00101101;
	12497 :	01011010;
	12496 :	00101101;
	12495 :	00001101;
	12494 :	00001000;
	12493 :	00001000;
	12492 :	10010010;
	12491 :	01110110;
	12490 :	00001000;
	12489 :	00001000;
	12488 :	00001000;
	12487 :	00001000;
	12486 :	00001000;
	12485 :	00001101;
	12484 :	00101101;
	12483 :	00001101;
	12482 :	00001101;
	12481 :	00001101;
	12480 :	00001101;
	12479 :	00110101;
	12478 :	00001101;
	12477 :	00001000;
	12476 :	00001000;
	12475 :	00001000;
	12474 :	10010010;
	12473 :	01110010;
	12472 :	00001000;
	12471 :	00001101;
	12470 :	00001101;
	12469 :	00001001;
	12468 :	00001000;
	12467 :	00001000;
	12466 :	00001000;
	12465 :	00001001;
	12464 :	00001001;
	12463 :	00001101;
	12462 :	00001101;
	12461 :	00001100;
	12460 :	00001101;
	12459 :	00001000;
	12458 :	11111111;
	12457 :	00001000;
	12456 :	10010010;
	12455 :	01110110;
	12454 :	00001000;
	12453 :	11111111;
	12452 :	00001000;
	12451 :	00001000;
	12450 :	01011010;
	12449 :	00111010;
	12448 :	10010110;
	12447 :	01110110;
	12446 :	01110110;
	12445 :	01110110;
	12444 :	00001000;
	12443 :	00001000;
	12442 :	00001000;
	12441 :	00001000;
	12440 :	11111111;
	12439 :	00001000;
	12438 :	10010010;
	12437 :	01110110;
	12436 :	00111010;
	12435 :	11111111;
	12434 :	01011010;
	12433 :	10010110;
	12432 :	01110110;
	12431 :	10010110;
	12430 :	01110110;
	12429 :	10010110;
	12428 :	01110110;
	12427 :	01110110;
	12426 :	10010110;
	12425 :	10010110;
	12424 :	10010110;
	12423 :	00001000;
	12422 :	11111111;
	12421 :	00001000;
	12420 :	10010010;
	12419 :	01110110;
	12418 :	01011010;
	12417 :	01011010;
	12416 :	01110110;
	12415 :	01110110;
	12414 :	10010110;
	12413 :	10010110;
	12412 :	01110110;
	12411 :	01110110;
	12410 :	10010110;
	12409 :	01110110;
	12408 :	01110110;
	12407 :	01110110;
	12406 :	01110110;
	12405 :	10010110;
	12404 :	11111111;
	12403 :	10010110;
	12402 :	10010010;
	12401 :	01110010;
	12400 :	10010110;
	12399 :	11111111;
	12398 :	01110110;
	12397 :	10010110;
	12396 :	10010110;
	12395 :	10010110;
	12394 :	10010110;
	12393 :	10010110;
	12392 :	10010110;
	12391 :	10010110;
	12390 :	10010110;
	12389 :	01110110;
	12388 :	01110110;
	12387 :	01110110;
	12386 :	11111111;
	12385 :	10010110;
	12384 :	10010110;
	12383 :	01110110;
	12382 :	10010110;
	12381 :	10010110;
	12380 :	10010110;
	12379 :	10010110;
	12378 :	01110110;
	12377 :	01110110;
	12376 :	10010110;
	12375 :	10010110;
	12374 :	10010110;
	12373 :	10010110;
	12372 :	10010110;
	12371 :	01110110;
	12370 :	10010110;
	12369 :	01110110;
	12368 :	11111111;
	12367 :	01110110;
	12366 :	10010110;
	12365 :	01110110;
	12364 :	01110110;
	12363 :	01110110;
	12362 :	01110110;
	12361 :	10010110;
	12360 :	10010110;
	12359 :	10010110;
	12358 :	10010110;
	12357 :	10010110;
	12356 :	10010110;
	12355 :	10010110;
	12354 :	10010110;
	12353 :	10010110;
	12352 :	10010110;
	12351 :	10010110;
	12350 :	11111111;
	12349 :	01110110;
	12348 :	10010110;
	12347 :	01110110;
	12346 :	01110110;
	12345 :	01110110;
	12344 :	10010110;
	12343 :	10010110;
	12342 :	10010110;
	12341 :	10010110;
	12340 :	10010110;
	12339 :	10010110;
	12338 :	01110110;
	12337 :	10010110;
	12336 :	10010110;
	12335 :	10010110;
	12334 :	10010110;
	12333 :	10010110;
	12332 :	01110110;
	12331 :	01110110;
	12330 :	10010110;
	12329 :	01110110;
	12328 :	10010110;
	12327 :	10010110;
	12326 :	10010110;
	12325 :	10010110;
	12324 :	10010110;
	12323 :	10010110;
	12322 :	10010110;
	12321 :	10010110;
	12320 :	10010110;
	12319 :	10010110;
	12318 :	10010110;
	12317 :	10010110;
	12316 :	10010110;
	12315 :	10010110;
	12314 :	10010110;
	12313 :	01110110;
	12312 :	10010110;
	12311 :	11111111;
	12310 :	01010010;
	12309 :	01010010;
	12308 :	01010010;
	12307 :	01010010;
	12306 :	01010010;
	12305 :	01010010;
	12304 :	01010010;
	12303 :	01010010;
	12302 :	01010010;
	12301 :	01010010;
	12300 :	01010010;
	12299 :	01010010;
	12298 :	01110010;
	12297 :	10010110;
	12296 :	01110010;
	12295 :	10010110;
	12294 :	11111111;
	12293 :	11111111;
	12292 :	11111111;
	12291 :	01010010;
	12290 :	01010010;
	12289 :	01010010;
	12288 :	01001101;
	12287 :	01001101;
	12286 :	01001101;
	12285 :	01001101;
	12284 :	01001101;
	12283 :	01001101;
	12282 :	01001101;
	12281 :	01001101;
	12280 :	01010010;
	12279 :	01010010;
	12278 :	01010010;
	12277 :	11111111;
	12276 :	11111111;
	12275 :	11111111;
	12274 :	00101110;
	12273 :	00101110;
	12272 :	00110010;
	12271 :	00101110;
	12270 :	00101110;
	12269 :	10011010;
	12268 :	00110010;
	12267 :	00101110;
	12266 :	01010010;
	12265 :	00101110;
	12264 :	01010010;
	12263 :	01010010;
	12262 :	00101110;
	12261 :	11111111;
	12260 :	01010110;
	12259 :	00110010;
	12258 :	11111111;
	12257 :	11111111;
	12256 :	11111111;
	12255 :	11111111;
	12254 :	11111111;
	12253 :	00100000;
	12252 :	00100000;
	12251 :	00100000;
	12250 :	00100000;
	12249 :	00100000;
	12248 :	00100000;
	12247 :	00100000;
	12246 :	00100000;
	12245 :	01000000;
	12244 :	01000000;
	12243 :	11111111;
	12242 :	11111111;
	12241 :	11111111;
	12240 :	11111111;
	12239 :	11111111;
	12238 :	11111111;
	12237 :	01000000;
	12236 :	01000000;
	12235 :	01100100;
	12234 :	10001001;
	12233 :	10101101;
	12232 :	10101101;
	12231 :	10101101;
	12230 :	10101101;
	12229 :	10110001;
	12228 :	11010101;
	12227 :	11011010;
	12226 :	11010110;
	12225 :	11010110;
	12224 :	11010110;
	12223 :	11111111;
	12222 :	11111111;
	12221 :	11111111;
	12220 :	11111111;
	12219 :	01000000;
	12218 :	01000000;
	12217 :	01000100;
	12216 :	10001101;
	12215 :	10101101;
	12214 :	10101101;
	12213 :	10101101;
	12212 :	10101101;
	12211 :	10110001;
	12210 :	11010101;
	12209 :	11010101;
	12208 :	11011010;
	12207 :	11010110;
	12206 :	11011010;
	12205 :	11111111;
	12204 :	11111111;
	12203 :	11111111;
	12202 :	11111111;
	12201 :	11111111;
	12200 :	11111111;
	12199 :	11111111;
	12198 :	11111111;
	12197 :	00100000;
	12196 :	00100000;
	12195 :	01000000;
	12194 :	01000000;
	12193 :	01000100;
	12192 :	01100100;
	12191 :	11111111;
	12190 :	11111111;
	12189 :	11111111;
	12188 :	11111111;
	12187 :	11111111;
	12186 :	11111111;
	12185 :	11111111;
	12184 :	11111111;
	12183 :	11111111;
	12182 :	11111111;
	12181 :	11111111;
	12180 :	11111111;
	12179 :	01100100;
	12178 :	01100100;
	12177 :	01100100;
	12176 :	10101101;
	12175 :	10101101;
	12174 :	11010001;
	12173 :	11111111;
	12172 :	11111111;
	12171 :	11111111;
	12170 :	11111111;
	12169 :	11111111;
	12168 :	11111111;
	12167 :	11111111;
	12166 :	11111111;
	12165 :	11111111;
	12164 :	11111111;
	12163 :	11111111;
	12162 :	11111111;
	12161 :	01100100;
	12160 :	01100100;
	12159 :	01100100;
	12158 :	10001000;
	12157 :	10001000;
	12156 :	10001000;
	12155 :	11111111;
	12154 :	11111111;
	12153 :	11111111;
	12152 :	11111111;
	12151 :	11111111;
	12150 :	11111111;
	12149 :	11111111;
	12148 :	11111111;
	12147 :	11111111;
	12146 :	11111111;
	12145 :	11111111;
	12144 :	00100000;
	12143 :	01000000;
	12142 :	01000000;
	12141 :	01000000;
	12140 :	01000000;
	12139 :	00100000;
	12138 :	00100000;
	12137 :	00100000;
	12136 :	11111111;
	12135 :	11111111;
	12134 :	11111111;
	12133 :	11111111;
	12132 :	11111111;
	12131 :	11111111;
	12130 :	11111111;
	12129 :	11111111;
	12128 :	11111111;
	12127 :	00100000;
	12126 :	01000000;
	12125 :	01100100;
	12124 :	01100100;
	12123 :	10001000;
	12122 :	10101101;
	12121 :	10101101;
	12120 :	10110001;
	12119 :	11010001;
	12118 :	11010001;
	12117 :	11111111;
	12116 :	11111111;
	12115 :	11111111;
	12114 :	11111111;
	12113 :	11111111;
	12112 :	11111111;
	12111 :	11111111;
	12110 :	11111111;
	12109 :	00100000;
	12108 :	01000100;
	12107 :	01101000;
	12106 :	10001101;
	12105 :	10101101;
	12104 :	11010110;
	12103 :	11010001;
	12102 :	11010110;
	12101 :	11010110;
	12100 :	11011010;
	12099 :	11111111;
	12098 :	11111111;
	12097 :	11111111;
	12096 :	11111111;
	12095 :	11111111;
	12094 :	11111111;
	12093 :	01110010;
	12092 :	01110010;
	12091 :	01110010;
	12090 :	01110010;
	12089 :	01110110;
	12088 :	01110010;
	12087 :	01110110;
	12086 :	01110110;
	12085 :	01110110;
	12084 :	01110110;
	12083 :	01110110;
	12082 :	01110010;
	12081 :	01110110;
	12080 :	10010110;
	12079 :	11111111;
	12078 :	11111111;
	12077 :	11111111;
	12076 :	01110110;
	12075 :	00001000;
	12074 :	00001000;
	12073 :	00001000;
	12072 :	00001000;
	12071 :	00001000;
	12070 :	00001000;
	12069 :	00001000;
	12068 :	00001000;
	12067 :	00001000;
	12066 :	00001000;
	12065 :	00001000;
	12064 :	00001000;
	12063 :	00001000;
	12062 :	00001000;
	12061 :	10010110;
	12060 :	11111111;
	12059 :	01110110;
	12058 :	00001000;
	12057 :	00000100;
	12056 :	00000100;
	12055 :	00000100;
	12054 :	00001000;
	12053 :	00001000;
	12052 :	00001000;
	12051 :	11111111;
	12050 :	11111111;
	12049 :	00001000;
	12048 :	11111111;
	12047 :	11111111;
	12046 :	11111111;
	12045 :	00001000;
	12044 :	00000100;
	12043 :	00001000;
	12042 :	10010110;
	12041 :	01110110;
	12040 :	00000100;
	12039 :	00001000;
	12038 :	00001000;
	12037 :	00001000;
	12036 :	00001000;
	12035 :	00001000;
	12034 :	00001000;
	12033 :	00001100;
	12032 :	00110101;
	12031 :	00001000;
	12030 :	00001000;
	12029 :	00001000;
	12028 :	00001000;
	12027 :	11111111;
	12026 :	00001000;
	12025 :	00001000;
	12024 :	10010110;
	12023 :	01110110;
	12022 :	00001000;
	12021 :	00001000;
	12020 :	00001000;
	12019 :	00001000;
	12018 :	01010110;
	12017 :	00110001;
	12016 :	00001000;
	12015 :	00101101;
	12014 :	00001101;
	12013 :	00001101;
	12012 :	00110110;
	12011 :	00001100;
	12010 :	00001000;
	12009 :	00001000;
	12008 :	11111111;
	12007 :	00001000;
	12006 :	10010110;
	12005 :	01110110;
	12004 :	00001000;
	12003 :	00001000;
	12002 :	00001000;
	12001 :	00001000;
	12000 :	00001000;
	11999 :	00001000;
	11998 :	00001000;
	11997 :	00110101;
	11996 :	00101101;
	11995 :	01011010;
	11994 :	00110101;
	11993 :	00110101;
	11992 :	00001000;
	11991 :	00001000;
	11990 :	11111111;
	11989 :	00001000;
	11988 :	10010110;
	11987 :	01110110;
	11986 :	00001000;
	11985 :	00001000;
	11984 :	00001000;
	11983 :	00001000;
	11982 :	00001100;
	11981 :	00001101;
	11980 :	00101101;
	11979 :	00101101;
	11978 :	01011010;
	11977 :	00101101;
	11976 :	00101101;
	11975 :	00101101;
	11974 :	00101101;
	11973 :	00001000;
	11972 :	00001000;
	11971 :	00001000;
	11970 :	10010010;
	11969 :	01110110;
	11968 :	00001000;
	11967 :	11111111;
	11966 :	00001100;
	11965 :	00001101;
	11964 :	00001100;
	11963 :	00001100;
	11962 :	00001101;
	11961 :	00101101;
	11960 :	00101101;
	11959 :	00101101;
	11958 :	00101101;
	11957 :	00110101;
	11956 :	00101101;
	11955 :	00001000;
	11954 :	00001000;
	11953 :	00001000;
	11952 :	10010010;
	11951 :	01110110;
	11950 :	00001000;
	11949 :	11111111;
	11948 :	00110101;
	11947 :	00110101;
	11946 :	00101101;
	11945 :	00001101;
	11944 :	00001101;
	11943 :	00001101;
	11942 :	00110101;
	11941 :	00001101;
	11940 :	00101101;
	11939 :	01011010;
	11938 :	00101101;
	11937 :	00001101;
	11936 :	11111111;
	11935 :	00001000;
	11934 :	10010010;
	11933 :	01110110;
	11932 :	00001000;
	11931 :	11111111;
	11930 :	00001100;
	11929 :	00001101;
	11928 :	00001101;
	11927 :	00001101;
	11926 :	00001101;
	11925 :	00001101;
	11924 :	00001101;
	11923 :	00001101;
	11922 :	00001101;
	11921 :	00110101;
	11920 :	00001101;
	11919 :	00001000;
	11918 :	00001000;
	11917 :	00001000;
	11916 :	10010010;
	11915 :	01110110;
	11914 :	00001000;
	11913 :	00001000;
	11912 :	00001000;
	11911 :	00001001;
	11910 :	00001000;
	11909 :	00001101;
	11908 :	00001101;
	11907 :	00001101;
	11906 :	00001101;
	11905 :	00001101;
	11904 :	00001101;
	11903 :	00001000;
	11902 :	00001000;
	11901 :	00001000;
	11900 :	00001000;
	11899 :	00001000;
	11898 :	10010010;
	11897 :	01110010;
	11896 :	00001000;
	11895 :	00001000;
	11894 :	00001001;
	11893 :	00001001;
	11892 :	00001001;
	11891 :	00001000;
	11890 :	00001101;
	11889 :	00001000;
	11888 :	00001000;
	11887 :	00001001;
	11886 :	00001000;
	11885 :	00001000;
	11884 :	00001101;
	11883 :	00001000;
	11882 :	11111111;
	11881 :	00001000;
	11880 :	10010010;
	11879 :	01110110;
	11878 :	00001000;
	11877 :	11111111;
	11876 :	00001000;
	11875 :	00001000;
	11874 :	00001000;
	11873 :	10010110;
	11872 :	10010110;
	11871 :	01110110;
	11870 :	01110110;
	11869 :	01110110;
	11868 :	01110110;
	11867 :	00001000;
	11866 :	00001000;
	11865 :	00001000;
	11864 :	11111111;
	11863 :	00001000;
	11862 :	10010010;
	11861 :	01110110;
	11860 :	00001000;
	11859 :	11111111;
	11858 :	01110110;
	11857 :	10010110;
	11856 :	01110110;
	11855 :	10010110;
	11854 :	01110110;
	11853 :	10010110;
	11852 :	01110110;
	11851 :	01110110;
	11850 :	10010110;
	11849 :	10010110;
	11848 :	10010110;
	11847 :	10010110;
	11846 :	11111111;
	11845 :	00001000;
	11844 :	10010010;
	11843 :	01110110;
	11842 :	01011010;
	11841 :	01110110;
	11840 :	01110110;
	11839 :	01110110;
	11838 :	10010110;
	11837 :	10010110;
	11836 :	01110110;
	11835 :	01110110;
	11834 :	10010110;
	11833 :	01110110;
	11832 :	01110110;
	11831 :	01110110;
	11830 :	01110110;
	11829 :	10010110;
	11828 :	11111111;
	11827 :	10010110;
	11826 :	10010010;
	11825 :	01110010;
	11824 :	10010110;
	11823 :	11111111;
	11822 :	01110110;
	11821 :	10010110;
	11820 :	10010110;
	11819 :	10010110;
	11818 :	10010110;
	11817 :	10010110;
	11816 :	10010110;
	11815 :	10010110;
	11814 :	10010110;
	11813 :	01110110;
	11812 :	01110110;
	11811 :	01110110;
	11810 :	11111111;
	11809 :	10010110;
	11808 :	10010110;
	11807 :	01110110;
	11806 :	10010110;
	11805 :	10010110;
	11804 :	10010110;
	11803 :	10010110;
	11802 :	01110110;
	11801 :	01110110;
	11800 :	10010110;
	11799 :	10010110;
	11798 :	10010110;
	11797 :	10010110;
	11796 :	10010110;
	11795 :	01110110;
	11794 :	10010110;
	11793 :	01110110;
	11792 :	11111111;
	11791 :	01110110;
	11790 :	10010110;
	11789 :	01110110;
	11788 :	01110110;
	11787 :	01110110;
	11786 :	01110110;
	11785 :	10010110;
	11784 :	10010110;
	11783 :	10010110;
	11782 :	10010110;
	11781 :	10010110;
	11780 :	10010110;
	11779 :	10010110;
	11778 :	10010110;
	11777 :	10010110;
	11776 :	10010110;
	11775 :	10010110;
	11774 :	11111111;
	11773 :	01110110;
	11772 :	10010110;
	11771 :	01110110;
	11770 :	01110110;
	11769 :	01110110;
	11768 :	10010110;
	11767 :	10010110;
	11766 :	10010110;
	11765 :	10010110;
	11764 :	10010110;
	11763 :	10010110;
	11762 :	01110110;
	11761 :	10010110;
	11760 :	10010110;
	11759 :	10010110;
	11758 :	10010110;
	11757 :	10010110;
	11756 :	01110110;
	11755 :	01110110;
	11754 :	10010110;
	11753 :	01110110;
	11752 :	10010110;
	11751 :	10010110;
	11750 :	10010110;
	11749 :	10010110;
	11748 :	10010110;
	11747 :	10010110;
	11746 :	10010110;
	11745 :	10010110;
	11744 :	10010110;
	11743 :	10010110;
	11742 :	10010110;
	11741 :	10010110;
	11740 :	10010110;
	11739 :	10010110;
	11738 :	10010110;
	11737 :	01110110;
	11736 :	10010110;
	11735 :	11111111;
	11734 :	01010010;
	11733 :	01010010;
	11732 :	01010010;
	11731 :	01010010;
	11730 :	01010010;
	11729 :	01010010;
	11728 :	01010010;
	11727 :	01010010;
	11726 :	01010010;
	11725 :	01010010;
	11724 :	01010010;
	11723 :	01010010;
	11722 :	01110010;
	11721 :	10010110;
	11720 :	01110010;
	11719 :	10010110;
	11718 :	11111111;
	11717 :	11111111;
	11716 :	11111111;
	11715 :	01010010;
	11714 :	01010010;
	11713 :	01010010;
	11712 :	01001101;
	11711 :	01001101;
	11710 :	01001101;
	11709 :	01001101;
	11708 :	01001101;
	11707 :	01001101;
	11706 :	01001101;
	11705 :	01001101;
	11704 :	01010010;
	11703 :	01010010;
	11702 :	01010010;
	11701 :	11111111;
	11700 :	11111111;
	11699 :	11111111;
	11698 :	00101110;
	11697 :	00101110;
	11696 :	00110010;
	11695 :	00101110;
	11694 :	00101110;
	11693 :	10011010;
	11692 :	00110010;
	11691 :	00101110;
	11690 :	01010010;
	11689 :	00101110;
	11688 :	01010010;
	11687 :	01010010;
	11686 :	00101110;
	11685 :	11111111;
	11684 :	01010110;
	11683 :	00110010;
	11682 :	11111111;
	11681 :	11111111;
	11680 :	11111111;
	11679 :	11111111;
	11678 :	11111111;
	11677 :	00100000;
	11676 :	00100000;
	11675 :	00100000;
	11674 :	00100000;
	11673 :	00100000;
	11672 :	00100000;
	11671 :	00100000;
	11670 :	00100000;
	11669 :	01000000;
	11668 :	01000000;
	11667 :	11111111;
	11666 :	11111111;
	11665 :	11111111;
	11664 :	11111111;
	11663 :	11111111;
	11662 :	11111111;
	11661 :	01000000;
	11660 :	01000000;
	11659 :	01100100;
	11658 :	10001001;
	11657 :	10101101;
	11656 :	10101101;
	11655 :	10101101;
	11654 :	10101101;
	11653 :	10110001;
	11652 :	11010101;
	11651 :	11011010;
	11650 :	11010110;
	11649 :	11010110;
	11648 :	11010110;
	11647 :	11111111;
	11646 :	11111111;
	11645 :	11111111;
	11644 :	11111111;
	11643 :	01000000;
	11642 :	01000000;
	11641 :	01000100;
	11640 :	10001101;
	11639 :	10101101;
	11638 :	10101101;
	11637 :	10101101;
	11636 :	10101101;
	11635 :	10110001;
	11634 :	11010101;
	11633 :	11010101;
	11632 :	11011010;
	11631 :	11010110;
	11630 :	11011010;
	11629 :	11111111;
	11628 :	11111111;
	11627 :	11111111;
	11626 :	11111111;
	11625 :	11111111;
	11624 :	11111111;
	11623 :	11111111;
	11622 :	11111111;
	11621 :	00100000;
	11620 :	00100000;
	11619 :	01000000;
	11618 :	01000000;
	11617 :	01000100;
	11616 :	01100100;
	11615 :	11111111;
	11614 :	11111111;
	11613 :	11111111;
	11612 :	11111111;
	11611 :	11111111;
	11610 :	11111111;
	11609 :	11111111;
	11608 :	11111111;
	11607 :	11111111;
	11606 :	11111111;
	11605 :	11111111;
	11604 :	11111111;
	11603 :	01100100;
	11602 :	01100100;
	11601 :	01100100;
	11600 :	10101101;
	11599 :	10101101;
	11598 :	11010001;
	11597 :	11111111;
	11596 :	11111111;
	11595 :	11111111;
	11594 :	11111111;
	11593 :	11111111;
	11592 :	11111111;
	11591 :	11111111;
	11590 :	11111111;
	11589 :	11111111;
	11588 :	11111111;
	11587 :	11111111;
	11586 :	11111111;
	11585 :	01100100;
	11584 :	01100100;
	11583 :	01100100;
	11582 :	10001000;
	11581 :	10001000;
	11580 :	10001000;
	11579 :	11111111;
	11578 :	11111111;
	11577 :	11111111;
	11576 :	11111111;
	11575 :	11111111;
	11574 :	11111111;
	11573 :	11111111;
	11572 :	11111111;
	11571 :	11111111;
	11570 :	11111111;
	11569 :	11111111;
	11568 :	00100000;
	11567 :	01000000;
	11566 :	01000000;
	11565 :	01000000;
	11564 :	01000000;
	11563 :	00100000;
	11562 :	00100000;
	11561 :	00100000;
	11560 :	11111111;
	11559 :	11111111;
	11558 :	11111111;
	11557 :	11111111;
	11556 :	11111111;
	11555 :	11111111;
	11554 :	11111111;
	11553 :	11111111;
	11552 :	11111111;
	11551 :	00100000;
	11550 :	01000000;
	11549 :	01100100;
	11548 :	01100100;
	11547 :	10001000;
	11546 :	10101101;
	11545 :	10101101;
	11544 :	10110001;
	11543 :	11010001;
	11542 :	11010001;
	11541 :	11111111;
	11540 :	11111111;
	11539 :	11111111;
	11538 :	11111111;
	11537 :	11111111;
	11536 :	11111111;
	11535 :	11111111;
	11534 :	11111111;
	11533 :	00100000;
	11532 :	01000100;
	11531 :	01101000;
	11530 :	10001101;
	11529 :	10101101;
	11528 :	11010110;
	11527 :	11010001;
	11526 :	11010110;
	11525 :	11010110;
	11524 :	11011010;
	11523 :	11111111;
	11522 :	11111111;
	11521 :	11111111;
	11520 :	11111111;
	11519 :	11111111;
	11518 :	11111111;
	11517 :	01110010;
	11516 :	01110010;
	11515 :	01110010;
	11514 :	01110010;
	11513 :	01110110;
	11512 :	01110010;
	11511 :	01110110;
	11510 :	01110110;
	11509 :	01110110;
	11508 :	01110110;
	11507 :	01110110;
	11506 :	01110010;
	11505 :	01110110;
	11504 :	10010110;
	11503 :	11111111;
	11502 :	11111111;
	11501 :	11111111;
	11500 :	01110110;
	11499 :	00001000;
	11498 :	00001000;
	11497 :	00001000;
	11496 :	00001000;
	11495 :	00001000;
	11494 :	00001000;
	11493 :	00001000;
	11492 :	00001000;
	11491 :	00001000;
	11490 :	00001000;
	11489 :	00001000;
	11488 :	00001000;
	11487 :	00001000;
	11486 :	00001000;
	11485 :	10010110;
	11484 :	11111111;
	11483 :	01110110;
	11482 :	00001000;
	11481 :	00000100;
	11480 :	00000100;
	11479 :	00000100;
	11478 :	00001000;
	11477 :	00001000;
	11476 :	00001000;
	11475 :	11111111;
	11474 :	11111111;
	11473 :	00001000;
	11472 :	11111111;
	11471 :	11111111;
	11470 :	11111111;
	11469 :	00001000;
	11468 :	00000100;
	11467 :	00001000;
	11466 :	10010110;
	11465 :	01110110;
	11464 :	00000100;
	11463 :	00001000;
	11462 :	00001000;
	11461 :	00001000;
	11460 :	00001000;
	11459 :	00001000;
	11458 :	00001000;
	11457 :	00110101;
	11456 :	00110101;
	11455 :	00001000;
	11454 :	00001000;
	11453 :	00001000;
	11452 :	00001000;
	11451 :	11111111;
	11450 :	00001000;
	11449 :	00001000;
	11448 :	10010110;
	11447 :	01110110;
	11446 :	00001000;
	11445 :	00001000;
	11444 :	00001000;
	11443 :	00001000;
	11442 :	00001000;
	11441 :	00001000;
	11440 :	00001000;
	11439 :	00101101;
	11438 :	00001101;
	11437 :	00001101;
	11436 :	00110110;
	11435 :	00001100;
	11434 :	00001000;
	11433 :	00001000;
	11432 :	11111111;
	11431 :	00001000;
	11430 :	10010110;
	11429 :	01110110;
	11428 :	00001000;
	11427 :	00001000;
	11426 :	00001000;
	11425 :	00001000;
	11424 :	01010110;
	11423 :	00110001;
	11422 :	00001100;
	11421 :	00101101;
	11420 :	00101101;
	11419 :	01011010;
	11418 :	00110101;
	11417 :	00110101;
	11416 :	00001000;
	11415 :	00001000;
	11414 :	11111111;
	11413 :	00001000;
	11412 :	10010110;
	11411 :	01110110;
	11410 :	00001000;
	11409 :	00001000;
	11408 :	00001000;
	11407 :	00001100;
	11406 :	00001101;
	11405 :	00101101;
	11404 :	00101101;
	11403 :	00110101;
	11402 :	01011010;
	11401 :	00101101;
	11400 :	00101101;
	11399 :	00101101;
	11398 :	00101101;
	11397 :	00001000;
	11396 :	00001000;
	11395 :	00001000;
	11394 :	10010010;
	11393 :	01110110;
	11392 :	00001000;
	11391 :	11111111;
	11390 :	00001100;
	11389 :	00101101;
	11388 :	00001101;
	11387 :	00101101;
	11386 :	00001101;
	11385 :	00101101;
	11384 :	00101101;
	11383 :	00101101;
	11382 :	00101101;
	11381 :	00110101;
	11380 :	00101101;
	11379 :	00001000;
	11378 :	00001000;
	11377 :	00001000;
	11376 :	10010010;
	11375 :	01110110;
	11374 :	00001000;
	11373 :	11111111;
	11372 :	00110101;
	11371 :	00110101;
	11370 :	00101101;
	11369 :	00001101;
	11368 :	00001101;
	11367 :	00001101;
	11366 :	00110101;
	11365 :	00001101;
	11364 :	00101101;
	11363 :	01011010;
	11362 :	00101101;
	11361 :	00001101;
	11360 :	11111111;
	11359 :	00001000;
	11358 :	10010010;
	11357 :	01110110;
	11356 :	00001000;
	11355 :	11111111;
	11354 :	00001100;
	11353 :	00001101;
	11352 :	00001101;
	11351 :	00001101;
	11350 :	00001101;
	11349 :	00001101;
	11348 :	00001101;
	11347 :	00001101;
	11346 :	00001101;
	11345 :	00110101;
	11344 :	00001101;
	11343 :	00001000;
	11342 :	00001000;
	11341 :	00001000;
	11340 :	10010010;
	11339 :	01110110;
	11338 :	00001000;
	11337 :	00001000;
	11336 :	00001000;
	11335 :	00001001;
	11334 :	00001000;
	11333 :	00001101;
	11332 :	00001101;
	11331 :	00001101;
	11330 :	00001101;
	11329 :	00001101;
	11328 :	00001101;
	11327 :	00001000;
	11326 :	00001000;
	11325 :	00001000;
	11324 :	00001000;
	11323 :	00001000;
	11322 :	10010010;
	11321 :	01110010;
	11320 :	00001000;
	11319 :	00001000;
	11318 :	00001000;
	11317 :	00001001;
	11316 :	00001001;
	11315 :	00001000;
	11314 :	00001101;
	11313 :	00001000;
	11312 :	00001000;
	11311 :	00001000;
	11310 :	00001000;
	11309 :	00001000;
	11308 :	00001001;
	11307 :	00001000;
	11306 :	11111111;
	11305 :	00001000;
	11304 :	10010010;
	11303 :	01110110;
	11302 :	00001000;
	11301 :	11111111;
	11300 :	00001000;
	11299 :	00001000;
	11298 :	00001000;
	11297 :	00001000;
	11296 :	10010110;
	11295 :	01110110;
	11294 :	01110110;
	11293 :	00111010;
	11292 :	00111010;
	11291 :	00111010;
	11290 :	00001000;
	11289 :	00001000;
	11288 :	11111111;
	11287 :	00001000;
	11286 :	10010010;
	11285 :	01110110;
	11284 :	00001000;
	11283 :	11111111;
	11282 :	01110110;
	11281 :	10010110;
	11280 :	01110110;
	11279 :	10010110;
	11278 :	01110110;
	11277 :	10010110;
	11276 :	01110110;
	11275 :	01110110;
	11274 :	10010110;
	11273 :	10010110;
	11272 :	10010110;
	11271 :	00111010;
	11270 :	11111111;
	11269 :	00001000;
	11268 :	10010010;
	11267 :	01110110;
	11266 :	10010110;
	11265 :	01110110;
	11264 :	01110110;
	11263 :	01110110;
	11262 :	10010110;
	11261 :	10010110;
	11260 :	01110110;
	11259 :	01110110;
	11258 :	10010110;
	11257 :	01110110;
	11256 :	01110110;
	11255 :	01110110;
	11254 :	01110110;
	11253 :	10010110;
	11252 :	11111111;
	11251 :	00111010;
	11250 :	10010010;
	11249 :	01110010;
	11248 :	10010110;
	11247 :	11111111;
	11246 :	01110110;
	11245 :	10010110;
	11244 :	10010110;
	11243 :	10010110;
	11242 :	10010110;
	11241 :	10010110;
	11240 :	10010110;
	11239 :	10010110;
	11238 :	10010110;
	11237 :	01110110;
	11236 :	01110110;
	11235 :	01110110;
	11234 :	11111111;
	11233 :	10010110;
	11232 :	10010110;
	11231 :	01110110;
	11230 :	10010110;
	11229 :	10010110;
	11228 :	10010110;
	11227 :	10010110;
	11226 :	01110110;
	11225 :	01110110;
	11224 :	10010110;
	11223 :	10010110;
	11222 :	10010110;
	11221 :	10010110;
	11220 :	10010110;
	11219 :	01110110;
	11218 :	10010110;
	11217 :	01110110;
	11216 :	11111111;
	11215 :	01110110;
	11214 :	10010110;
	11213 :	01110110;
	11212 :	01110110;
	11211 :	01110110;
	11210 :	01110110;
	11209 :	10010110;
	11208 :	10010110;
	11207 :	10010110;
	11206 :	10010110;
	11205 :	10010110;
	11204 :	10010110;
	11203 :	10010110;
	11202 :	10010110;
	11201 :	10010110;
	11200 :	10010110;
	11199 :	10010110;
	11198 :	11111111;
	11197 :	01110110;
	11196 :	10010110;
	11195 :	01110110;
	11194 :	01110110;
	11193 :	01110110;
	11192 :	10010110;
	11191 :	10010110;
	11190 :	10010110;
	11189 :	10010110;
	11188 :	10010110;
	11187 :	10010110;
	11186 :	01110110;
	11185 :	10010110;
	11184 :	10010110;
	11183 :	10010110;
	11182 :	10010110;
	11181 :	10010110;
	11180 :	01110110;
	11179 :	01110110;
	11178 :	10010110;
	11177 :	01110110;
	11176 :	10010110;
	11175 :	10010110;
	11174 :	10010110;
	11173 :	10010110;
	11172 :	10010110;
	11171 :	10010110;
	11170 :	10010110;
	11169 :	10010110;
	11168 :	10010110;
	11167 :	10010110;
	11166 :	10010110;
	11165 :	10010110;
	11164 :	10010110;
	11163 :	10010110;
	11162 :	10010110;
	11161 :	01110110;
	11160 :	10010110;
	11159 :	11111111;
	11158 :	01010010;
	11157 :	01010010;
	11156 :	01010010;
	11155 :	01010010;
	11154 :	01010010;
	11153 :	01010010;
	11152 :	01010010;
	11151 :	01010010;
	11150 :	01010010;
	11149 :	01010010;
	11148 :	01010010;
	11147 :	01010010;
	11146 :	01110010;
	11145 :	10010110;
	11144 :	01110010;
	11143 :	10010110;
	11142 :	11111111;
	11141 :	11111111;
	11140 :	11111111;
	11139 :	01010010;
	11138 :	01010010;
	11137 :	01010010;
	11136 :	01001101;
	11135 :	01001101;
	11134 :	01001101;
	11133 :	01001101;
	11132 :	01001101;
	11131 :	01001101;
	11130 :	01001101;
	11129 :	01001101;
	11128 :	01010010;
	11127 :	01010010;
	11126 :	01010010;
	11125 :	11111111;
	11124 :	11111111;
	11123 :	11111111;
	11122 :	00101110;
	11121 :	00101110;
	11120 :	00110010;
	11119 :	00101110;
	11118 :	00101110;
	11117 :	10011010;
	11116 :	00110010;
	11115 :	00101110;
	11114 :	01010010;
	11113 :	00101110;
	11112 :	01010010;
	11111 :	01010010;
	11110 :	00101110;
	11109 :	11111111;
	11108 :	01010110;
	11107 :	00110010;
	11106 :	11111111;
	11105 :	11111111;
	11104 :	11111111;
	11103 :	11111111;
	11102 :	11111111;
	11101 :	00100000;
	11100 :	00100000;
	11099 :	00100000;
	11098 :	00100000;
	11097 :	00100000;
	11096 :	00100000;
	11095 :	00100000;
	11094 :	00100000;
	11093 :	01000000;
	11092 :	01000000;
	11091 :	11111111;
	11090 :	11111111;
	11089 :	11111111;
	11088 :	11111111;
	11087 :	11111111;
	11086 :	11111111;
	11085 :	01000000;
	11084 :	01000000;
	11083 :	01100100;
	11082 :	10001001;
	11081 :	10101101;
	11080 :	10101101;
	11079 :	10101101;
	11078 :	10101101;
	11077 :	10110001;
	11076 :	11010101;
	11075 :	11011010;
	11074 :	11010110;
	11073 :	11010110;
	11072 :	11010110;
	11071 :	11111111;
	11070 :	11111111;
	11069 :	11111111;
	11068 :	11111111;
	11067 :	01000000;
	11066 :	01000000;
	11065 :	01000100;
	11064 :	10001101;
	11063 :	10101101;
	11062 :	10101101;
	11061 :	10101101;
	11060 :	10101101;
	11059 :	10110001;
	11058 :	11010101;
	11057 :	11010101;
	11056 :	11011010;
	11055 :	11010110;
	11054 :	11011010;
	11053 :	11111111;
	11052 :	11111111;
	11051 :	11111111;
	11050 :	11111111;
	11049 :	11111111;
	11048 :	11111111;
	11047 :	11111111;
	11046 :	11111111;
	11045 :	00100000;
	11044 :	00100000;
	11043 :	01000000;
	11042 :	01000000;
	11041 :	01000100;
	11040 :	01100100;
	11039 :	11111111;
	11038 :	11111111;
	11037 :	11111111;
	11036 :	11111111;
	11035 :	11111111;
	11034 :	11111111;
	11033 :	11111111;
	11032 :	11111111;
	11031 :	11111111;
	11030 :	11111111;
	11029 :	11111111;
	11028 :	11111111;
	11027 :	01100100;
	11026 :	01100100;
	11025 :	01100100;
	11024 :	10101101;
	11023 :	10101101;
	11022 :	11010001;
	11021 :	11111111;
	11020 :	11111111;
	11019 :	11111111;
	11018 :	11111111;
	11017 :	11111111;
	11016 :	11111111;
	11015 :	11111111;
	11014 :	11111111;
	11013 :	11111111;
	11012 :	11111111;
	11011 :	11111111;
	11010 :	11111111;
	11009 :	01100100;
	11008 :	01100100;
	11007 :	01100100;
	11006 :	10001000;
	11005 :	10001000;
	11004 :	10001000;
	11003 :	11111111;
	11002 :	11111111;
	11001 :	11111111;
	11000 :	11111111;
	10999 :	11111111;
	10998 :	11111111;
	10997 :	11111111;
	10996 :	11111111;
	10995 :	11111111;
	10994 :	11111111;
	10993 :	11111111;
	10992 :	00100000;
	10991 :	01000000;
	10990 :	01000000;
	10989 :	01000000;
	10988 :	01000000;
	10987 :	00100000;
	10986 :	00100000;
	10985 :	00100000;
	10984 :	11111111;
	10983 :	11111111;
	10982 :	11111111;
	10981 :	11111111;
	10980 :	11111111;
	10979 :	11111111;
	10978 :	11111111;
	10977 :	11111111;
	10976 :	11111111;
	10975 :	00100000;
	10974 :	01000000;
	10973 :	01100100;
	10972 :	01100100;
	10971 :	10001000;
	10970 :	10101101;
	10969 :	10101101;
	10968 :	10110001;
	10967 :	11010001;
	10966 :	11010001;
	10965 :	11111111;
	10964 :	11111111;
	10963 :	11111111;
	10962 :	11111111;
	10961 :	11111111;
	10960 :	11111111;
	10959 :	11111111;
	10958 :	11111111;
	10957 :	00100000;
	10956 :	01000100;
	10955 :	01101000;
	10954 :	10001101;
	10953 :	10101101;
	10952 :	11010110;
	10951 :	11010001;
	10950 :	11010110;
	10949 :	11010110;
	10948 :	11011010;
	10947 :	11111111;
	10946 :	11111111;
	10945 :	11111111;
	10944 :	11111111;
	10943 :	11111111;
	10942 :	11111111;
	10941 :	01110010;
	10940 :	01110010;
	10939 :	01110010;
	10938 :	01110010;
	10937 :	01110110;
	10936 :	01110010;
	10935 :	01110110;
	10934 :	01110110;
	10933 :	01110110;
	10932 :	01110110;
	10931 :	01110110;
	10930 :	01110010;
	10929 :	01110110;
	10928 :	10010110;
	10927 :	11111111;
	10926 :	11111111;
	10925 :	11111111;
	10924 :	01110110;
	10923 :	00001000;
	10922 :	00001000;
	10921 :	00001000;
	10920 :	00001000;
	10919 :	00001000;
	10918 :	00001000;
	10917 :	00001000;
	10916 :	00001000;
	10915 :	00001000;
	10914 :	00001000;
	10913 :	00001000;
	10912 :	00001000;
	10911 :	00001000;
	10910 :	00001000;
	10909 :	10010110;
	10908 :	11111111;
	10907 :	01110110;
	10906 :	00001000;
	10905 :	00000100;
	10904 :	00000100;
	10903 :	00000100;
	10902 :	00001000;
	10901 :	00001000;
	10900 :	00001000;
	10899 :	11111111;
	10898 :	11111111;
	10897 :	00001000;
	10896 :	11111111;
	10895 :	11111111;
	10894 :	11111111;
	10893 :	00001000;
	10892 :	00000100;
	10891 :	00001000;
	10890 :	10010110;
	10889 :	01110110;
	10888 :	00000100;
	10887 :	00001000;
	10886 :	00001000;
	10885 :	00001000;
	10884 :	00001000;
	10883 :	00001000;
	10882 :	00001000;
	10881 :	00110101;
	10880 :	00001100;
	10879 :	00001100;
	10878 :	00001100;
	10877 :	00001000;
	10876 :	00001000;
	10875 :	11111111;
	10874 :	00001000;
	10873 :	00001000;
	10872 :	10010110;
	10871 :	01110110;
	10870 :	00001000;
	10869 :	00001000;
	10868 :	00001000;
	10867 :	00001000;
	10866 :	00001000;
	10865 :	00001000;
	10864 :	00001000;
	10863 :	00101101;
	10862 :	00101101;
	10861 :	01011010;
	10860 :	00110110;
	10859 :	00110101;
	10858 :	00001000;
	10857 :	00001000;
	10856 :	11111111;
	10855 :	00001000;
	10854 :	10010110;
	10853 :	01110110;
	10852 :	00001000;
	10851 :	00001000;
	10850 :	00001000;
	10849 :	00001000;
	10848 :	01010110;
	10847 :	00110001;
	10846 :	00001100;
	10845 :	00101101;
	10844 :	01011010;
	10843 :	00101101;
	10842 :	00110101;
	10841 :	00001101;
	10840 :	00001100;
	10839 :	00001000;
	10838 :	11111111;
	10837 :	00001000;
	10836 :	10010110;
	10835 :	01110110;
	10834 :	00001000;
	10833 :	00001000;
	10832 :	00001000;
	10831 :	00001000;
	10830 :	00001100;
	10829 :	00101101;
	10828 :	00101101;
	10827 :	00110101;
	10826 :	00101101;
	10825 :	00101101;
	10824 :	00101101;
	10823 :	00110101;
	10822 :	00101101;
	10821 :	00001000;
	10820 :	00001000;
	10819 :	00001000;
	10818 :	10010010;
	10817 :	01110110;
	10816 :	00001000;
	10815 :	11111111;
	10814 :	00001000;
	10813 :	00001000;
	10812 :	00001000;
	10811 :	00001100;
	10810 :	00001101;
	10809 :	00101101;
	10808 :	00101101;
	10807 :	00101101;
	10806 :	00101101;
	10805 :	00101101;
	10804 :	00110101;
	10803 :	00001000;
	10802 :	00001000;
	10801 :	00001000;
	10800 :	10010010;
	10799 :	01110110;
	10798 :	00001000;
	10797 :	11111111;
	10796 :	00101101;
	10795 :	00110101;
	10794 :	00110101;
	10793 :	00001101;
	10792 :	00001101;
	10791 :	00001101;
	10790 :	00001101;
	10789 :	00001101;
	10788 :	00001101;
	10787 :	00110101;
	10786 :	00001101;
	10785 :	00001000;
	10784 :	11111111;
	10783 :	00001000;
	10782 :	10010010;
	10781 :	01110110;
	10780 :	00001000;
	10779 :	11111111;
	10778 :	00110101;
	10777 :	00110101;
	10776 :	00001101;
	10775 :	00001101;
	10774 :	00001101;
	10773 :	00001101;
	10772 :	00001101;
	10771 :	00001101;
	10770 :	00001101;
	10769 :	00001101;
	10768 :	00001000;
	10767 :	00001000;
	10766 :	00001000;
	10765 :	00001000;
	10764 :	10010010;
	10763 :	01110010;
	10762 :	00001000;
	10761 :	00001000;
	10760 :	00001100;
	10759 :	00001101;
	10758 :	00001100;
	10757 :	00001101;
	10756 :	00101101;
	10755 :	00001101;
	10754 :	00001101;
	10753 :	00001001;
	10752 :	00001001;
	10751 :	00001000;
	10750 :	00001000;
	10749 :	00001000;
	10748 :	00001000;
	10747 :	00001000;
	10746 :	10010010;
	10745 :	01110010;
	10744 :	00001000;
	10743 :	00001000;
	10742 :	00001000;
	10741 :	00001000;
	10740 :	00001101;
	10739 :	00001001;
	10738 :	00001101;
	10737 :	00001000;
	10736 :	00001000;
	10735 :	00001000;
	10734 :	00001000;
	10733 :	00001000;
	10732 :	00001000;
	10731 :	00001000;
	10730 :	11111111;
	10729 :	00001000;
	10728 :	10010010;
	10727 :	01110110;
	10726 :	00001000;
	10725 :	11111111;
	10724 :	00001000;
	10723 :	00001000;
	10722 :	00001000;
	10721 :	00001000;
	10720 :	00001000;
	10719 :	01110110;
	10718 :	00111010;
	10717 :	00111010;
	10716 :	00111010;
	10715 :	00111010;
	10714 :	00111010;
	10713 :	00001000;
	10712 :	11111111;
	10711 :	00001000;
	10710 :	10010010;
	10709 :	01110110;
	10708 :	00001000;
	10707 :	11111111;
	10706 :	00001000;
	10705 :	10010110;
	10704 :	01110110;
	10703 :	10010110;
	10702 :	01110110;
	10701 :	10010110;
	10700 :	01110110;
	10699 :	01110110;
	10698 :	10010110;
	10697 :	10010110;
	10696 :	00111010;
	10695 :	00111010;
	10694 :	11111111;
	10693 :	00111010;
	10692 :	10010010;
	10691 :	01110110;
	10690 :	00001000;
	10689 :	01110110;
	10688 :	01110110;
	10687 :	01110110;
	10686 :	10010110;
	10685 :	10010110;
	10684 :	01110110;
	10683 :	01110110;
	10682 :	10010110;
	10681 :	01110110;
	10680 :	01110110;
	10679 :	01110110;
	10678 :	01110110;
	10677 :	10010110;
	10676 :	11111111;
	10675 :	00111010;
	10674 :	10010010;
	10673 :	01110010;
	10672 :	10010110;
	10671 :	11111111;
	10670 :	01110110;
	10669 :	10010110;
	10668 :	10010110;
	10667 :	10010110;
	10666 :	10010110;
	10665 :	10010110;
	10664 :	10010110;
	10663 :	10010110;
	10662 :	10010110;
	10661 :	01110110;
	10660 :	01110110;
	10659 :	01110110;
	10658 :	11111111;
	10657 :	10010110;
	10656 :	10010110;
	10655 :	01110110;
	10654 :	10010110;
	10653 :	10010110;
	10652 :	10010110;
	10651 :	10010110;
	10650 :	01110110;
	10649 :	01110110;
	10648 :	10010110;
	10647 :	10010110;
	10646 :	10010110;
	10645 :	10010110;
	10644 :	10010110;
	10643 :	01110110;
	10642 :	10010110;
	10641 :	01110110;
	10640 :	11111111;
	10639 :	01110110;
	10638 :	10010110;
	10637 :	01110110;
	10636 :	01110110;
	10635 :	01110110;
	10634 :	01110110;
	10633 :	10010110;
	10632 :	10010110;
	10631 :	10010110;
	10630 :	10010110;
	10629 :	10010110;
	10628 :	10010110;
	10627 :	10010110;
	10626 :	10010110;
	10625 :	10010110;
	10624 :	10010110;
	10623 :	10010110;
	10622 :	11111111;
	10621 :	01110110;
	10620 :	10010110;
	10619 :	01110110;
	10618 :	01110110;
	10617 :	01110110;
	10616 :	10010110;
	10615 :	10010110;
	10614 :	10010110;
	10613 :	10010110;
	10612 :	10010110;
	10611 :	10010110;
	10610 :	01110110;
	10609 :	10010110;
	10608 :	10010110;
	10607 :	10010110;
	10606 :	10010110;
	10605 :	10010110;
	10604 :	01110110;
	10603 :	01110110;
	10602 :	10010110;
	10601 :	01110110;
	10600 :	10010110;
	10599 :	10010110;
	10598 :	10010110;
	10597 :	10010110;
	10596 :	10010110;
	10595 :	10010110;
	10594 :	10010110;
	10593 :	10010110;
	10592 :	10010110;
	10591 :	10010110;
	10590 :	10010110;
	10589 :	10010110;
	10588 :	10010110;
	10587 :	10010110;
	10586 :	10010110;
	10585 :	01110110;
	10584 :	10010110;
	10583 :	11111111;
	10582 :	01010010;
	10581 :	01010010;
	10580 :	01010010;
	10579 :	01010010;
	10578 :	01010010;
	10577 :	01010010;
	10576 :	01010010;
	10575 :	01010010;
	10574 :	01010010;
	10573 :	01010010;
	10572 :	01010010;
	10571 :	01010010;
	10570 :	01110010;
	10569 :	10010110;
	10568 :	01110010;
	10567 :	10010110;
	10566 :	11111111;
	10565 :	11111111;
	10564 :	11111111;
	10563 :	01010010;
	10562 :	01010010;
	10561 :	01010010;
	10560 :	01001101;
	10559 :	01001101;
	10558 :	01001101;
	10557 :	01001101;
	10556 :	01001101;
	10555 :	01001101;
	10554 :	01001101;
	10553 :	01001101;
	10552 :	01010010;
	10551 :	01010010;
	10550 :	01010010;
	10549 :	11111111;
	10548 :	11111111;
	10547 :	11111111;
	10546 :	00101110;
	10545 :	00101110;
	10544 :	00110010;
	10543 :	00101110;
	10542 :	00101110;
	10541 :	10011010;
	10540 :	00110010;
	10539 :	00101110;
	10538 :	01010010;
	10537 :	00101110;
	10536 :	01010010;
	10535 :	01010010;
	10534 :	00101110;
	10533 :	11111111;
	10532 :	01010110;
	10531 :	00110010;
	10530 :	11111111;
	10529 :	11111111;
	10528 :	11111111;
	10527 :	11111111;
	10526 :	11111111;
	10525 :	00100000;
	10524 :	00100000;
	10523 :	00100000;
	10522 :	00100000;
	10521 :	00100000;
	10520 :	00100000;
	10519 :	00100000;
	10518 :	00100000;
	10517 :	01000000;
	10516 :	01000000;
	10515 :	11111111;
	10514 :	11111111;
	10513 :	11111111;
	10512 :	11111111;
	10511 :	11111111;
	10510 :	11111111;
	10509 :	01000000;
	10508 :	01000000;
	10507 :	01100100;
	10506 :	10001001;
	10505 :	10101101;
	10504 :	10101101;
	10503 :	10101101;
	10502 :	10101101;
	10501 :	10110001;
	10500 :	11010101;
	10499 :	11011010;
	10498 :	11010110;
	10497 :	11010110;
	10496 :	11010110;
	10495 :	11111111;
	10494 :	11111111;
	10493 :	11111111;
	10492 :	11111111;
	10491 :	01000000;
	10490 :	01000000;
	10489 :	01000100;
	10488 :	10001101;
	10487 :	10101101;
	10486 :	10101101;
	10485 :	10101101;
	10484 :	10101101;
	10483 :	10110001;
	10482 :	11010101;
	10481 :	11010101;
	10480 :	11011010;
	10479 :	11010110;
	10478 :	11011010;
	10477 :	11111111;
	10476 :	11111111;
	10475 :	11111111;
	10474 :	11111111;
	10473 :	11111111;
	10472 :	11111111;
	10471 :	11111111;
	10470 :	11111111;
	10469 :	00100000;
	10468 :	00100000;
	10467 :	01000000;
	10466 :	01000000;
	10465 :	01000100;
	10464 :	01100100;
	10463 :	11111111;
	10462 :	11111111;
	10461 :	11111111;
	10460 :	11111111;
	10459 :	11111111;
	10458 :	11111111;
	10457 :	11111111;
	10456 :	11111111;
	10455 :	11111111;
	10454 :	11111111;
	10453 :	11111111;
	10452 :	11111111;
	10451 :	01100100;
	10450 :	01100100;
	10449 :	01100100;
	10448 :	10101101;
	10447 :	10101101;
	10446 :	11010001;
	10445 :	11111111;
	10444 :	11111111;
	10443 :	11111111;
	10442 :	11111111;
	10441 :	11111111;
	10440 :	11111111;
	10439 :	11111111;
	10438 :	11111111;
	10437 :	11111111;
	10436 :	11111111;
	10435 :	11111111;
	10434 :	11111111;
	10433 :	01100100;
	10432 :	01100100;
	10431 :	01100100;
	10430 :	10001000;
	10429 :	10001000;
	10428 :	10001000;
	10427 :	11111111;
	10426 :	11111111;
	10425 :	11111111;
	10424 :	11111111;
	10423 :	11111111;
	10422 :	11111111;
	10421 :	11111111;
	10420 :	11111111;
	10419 :	11111111;
	10418 :	11111111;
	10417 :	11111111;
	10416 :	00100000;
	10415 :	01000000;
	10414 :	01000000;
	10413 :	01000000;
	10412 :	01000000;
	10411 :	00100000;
	10410 :	00100000;
	10409 :	00100000;
	10408 :	11111111;
	10407 :	11111111;
	10406 :	11111111;
	10405 :	11111111;
	10404 :	11111111;
	10403 :	11111111;
	10402 :	11111111;
	10401 :	11111111;
	10400 :	11111111;
	10399 :	00100000;
	10398 :	01000000;
	10397 :	01100100;
	10396 :	01100100;
	10395 :	10001000;
	10394 :	10101101;
	10393 :	10101101;
	10392 :	10110001;
	10391 :	11010001;
	10390 :	11010001;
	10389 :	11111111;
	10388 :	11111111;
	10387 :	11111111;
	10386 :	11111111;
	10385 :	11111111;
	10384 :	11111111;
	10383 :	11111111;
	10382 :	11111111;
	10381 :	00100000;
	10380 :	01000100;
	10379 :	01101000;
	10378 :	10001101;
	10377 :	10101101;
	10376 :	11010110;
	10375 :	11010001;
	10374 :	11010110;
	10373 :	11010110;
	10372 :	11011010;
	10371 :	11111111;
	10370 :	11111111;
	10369 :	11111111;
	10368 :	11111111;
	10367 :	11111111;
	10366 :	11111111;
	10365 :	01110010;
	10364 :	01110010;
	10363 :	01110010;
	10362 :	01110010;
	10361 :	01110110;
	10360 :	01110010;
	10359 :	01110110;
	10358 :	01110110;
	10357 :	01110110;
	10356 :	01110110;
	10355 :	01110110;
	10354 :	01110010;
	10353 :	01110110;
	10352 :	10010110;
	10351 :	11111111;
	10350 :	11111111;
	10349 :	11111111;
	10348 :	01110110;
	10347 :	00001000;
	10346 :	00001000;
	10345 :	00001000;
	10344 :	00001000;
	10343 :	00000100;
	10342 :	00001000;
	10341 :	00001000;
	10340 :	00001000;
	10339 :	00001000;
	10338 :	00001000;
	10337 :	00001000;
	10336 :	00001000;
	10335 :	00001000;
	10334 :	00001000;
	10333 :	10010110;
	10332 :	11111111;
	10331 :	01110110;
	10330 :	00001000;
	10329 :	00000100;
	10328 :	00000100;
	10327 :	00000100;
	10326 :	00001000;
	10325 :	00001000;
	10324 :	00001000;
	10323 :	11111111;
	10322 :	11111111;
	10321 :	00001000;
	10320 :	11111111;
	10319 :	11111111;
	10318 :	11111111;
	10317 :	00001000;
	10316 :	00000100;
	10315 :	00001000;
	10314 :	10010110;
	10313 :	01110110;
	10312 :	00000100;
	10311 :	00001000;
	10310 :	00001000;
	10309 :	00001000;
	10308 :	00001000;
	10307 :	00001000;
	10306 :	00001000;
	10305 :	00001000;
	10304 :	00001000;
	10303 :	00001100;
	10302 :	00001100;
	10301 :	00001000;
	10300 :	00001000;
	10299 :	11111111;
	10298 :	00001000;
	10297 :	00001000;
	10296 :	10010110;
	10295 :	01110110;
	10294 :	00001000;
	10293 :	00001000;
	10292 :	00001000;
	10291 :	00001000;
	10290 :	00001000;
	10289 :	00001000;
	10288 :	00001000;
	10287 :	00110101;
	10286 :	00001101;
	10285 :	01011010;
	10284 :	00110110;
	10283 :	00110101;
	10282 :	00001000;
	10281 :	00001000;
	10280 :	11111111;
	10279 :	00001000;
	10278 :	10010110;
	10277 :	01110110;
	10276 :	00001000;
	10275 :	00001000;
	10274 :	00001000;
	10273 :	00001000;
	10272 :	00001000;
	10271 :	00001000;
	10270 :	00001000;
	10269 :	00101101;
	10268 :	01011010;
	10267 :	00101101;
	10266 :	00110101;
	10265 :	00001101;
	10264 :	00001100;
	10263 :	00001000;
	10262 :	11111111;
	10261 :	00001000;
	10260 :	10010110;
	10259 :	01110110;
	10258 :	00001000;
	10257 :	00001000;
	10256 :	00001000;
	10255 :	00001000;
	10254 :	01010110;
	10253 :	00110101;
	10252 :	00101101;
	10251 :	00101101;
	10250 :	00101101;
	10249 :	00101101;
	10248 :	00101101;
	10247 :	00110101;
	10246 :	00101101;
	10245 :	00001000;
	10244 :	00001000;
	10243 :	00001000;
	10242 :	10010010;
	10241 :	01110110;
	10240 :	00001000;
	10239 :	11111111;
	10238 :	00001000;
	10237 :	00001100;
	10236 :	00001100;
	10235 :	00101101;
	10234 :	00001101;
	10233 :	00110101;
	10232 :	00101101;
	10231 :	00101101;
	10230 :	00101101;
	10229 :	00101101;
	10228 :	00110101;
	10227 :	00001000;
	10226 :	00001000;
	10225 :	00001000;
	10224 :	10010010;
	10223 :	01110110;
	10222 :	00001000;
	10221 :	11111111;
	10220 :	00101101;
	10219 :	00110101;
	10218 :	00110101;
	10217 :	00001101;
	10216 :	00001101;
	10215 :	01011010;
	10214 :	00101101;
	10213 :	00001101;
	10212 :	00001101;
	10211 :	00110101;
	10210 :	00001101;
	10209 :	00001000;
	10208 :	11111111;
	10207 :	00001000;
	10206 :	10010010;
	10205 :	01110110;
	10204 :	00001000;
	10203 :	11111111;
	10202 :	00110101;
	10201 :	00110101;
	10200 :	00001101;
	10199 :	00001101;
	10198 :	00001101;
	10197 :	00001101;
	10196 :	00001101;
	10195 :	00001101;
	10194 :	00001101;
	10193 :	00001101;
	10192 :	00001000;
	10191 :	00001000;
	10190 :	00001000;
	10189 :	00001000;
	10188 :	10010010;
	10187 :	01110010;
	10186 :	00001000;
	10185 :	00001000;
	10184 :	00001100;
	10183 :	00001101;
	10182 :	00001100;
	10181 :	00001101;
	10180 :	00001101;
	10179 :	00001101;
	10178 :	00001101;
	10177 :	00001001;
	10176 :	00001001;
	10175 :	00001000;
	10174 :	00001000;
	10173 :	00001000;
	10172 :	00001000;
	10171 :	00001000;
	10170 :	10010010;
	10169 :	01110010;
	10168 :	00001000;
	10167 :	00001001;
	10166 :	00001000;
	10165 :	00001000;
	10164 :	00001000;
	10163 :	00001101;
	10162 :	00001101;
	10161 :	00001101;
	10160 :	00001000;
	10159 :	00001000;
	10158 :	00001000;
	10157 :	00001000;
	10156 :	00001000;
	10155 :	00001000;
	10154 :	11111111;
	10153 :	00001000;
	10152 :	10010010;
	10151 :	01110110;
	10150 :	00001000;
	10149 :	11111111;
	10148 :	00001000;
	10147 :	00001000;
	10146 :	00001000;
	10145 :	00001000;
	10144 :	00001000;
	10143 :	00001000;
	10142 :	00111010;
	10141 :	00111010;
	10140 :	00111010;
	10139 :	00111010;
	10138 :	00111010;
	10137 :	00111010;
	10136 :	11111111;
	10135 :	00001000;
	10134 :	10010010;
	10133 :	01110110;
	10132 :	00001000;
	10131 :	11111111;
	10130 :	00001101;
	10129 :	00001101;
	10128 :	01110110;
	10127 :	10010110;
	10126 :	01110110;
	10125 :	10010110;
	10124 :	01110110;
	10123 :	01110110;
	10122 :	10010110;
	10121 :	00111010;
	10120 :	00111010;
	10119 :	00111010;
	10118 :	11111111;
	10117 :	00111010;
	10116 :	10010010;
	10115 :	01110110;
	10114 :	00001000;
	10113 :	00001000;
	10112 :	01110110;
	10111 :	01110110;
	10110 :	10010110;
	10109 :	10010110;
	10108 :	01110110;
	10107 :	01110110;
	10106 :	10010110;
	10105 :	01110110;
	10104 :	01110110;
	10103 :	01110110;
	10102 :	01110110;
	10101 :	00111010;
	10100 :	11111111;
	10099 :	00111010;
	10098 :	10010010;
	10097 :	01110010;
	10096 :	10010110;
	10095 :	11111111;
	10094 :	01110110;
	10093 :	10010110;
	10092 :	10010110;
	10091 :	10010110;
	10090 :	10010110;
	10089 :	10010110;
	10088 :	10010110;
	10087 :	10010110;
	10086 :	10010110;
	10085 :	01110110;
	10084 :	01110110;
	10083 :	01110110;
	10082 :	11111111;
	10081 :	00111010;
	10080 :	10010110;
	10079 :	01110110;
	10078 :	10010110;
	10077 :	10010110;
	10076 :	10010110;
	10075 :	10010110;
	10074 :	01110110;
	10073 :	01110110;
	10072 :	10010110;
	10071 :	10010110;
	10070 :	10010110;
	10069 :	10010110;
	10068 :	10010110;
	10067 :	01110110;
	10066 :	10010110;
	10065 :	01110110;
	10064 :	11111111;
	10063 :	01110110;
	10062 :	10010110;
	10061 :	01110110;
	10060 :	01110110;
	10059 :	01110110;
	10058 :	01110110;
	10057 :	10010110;
	10056 :	10010110;
	10055 :	10010110;
	10054 :	10010110;
	10053 :	10010110;
	10052 :	10010110;
	10051 :	10010110;
	10050 :	10010110;
	10049 :	10010110;
	10048 :	10010110;
	10047 :	10010110;
	10046 :	11111111;
	10045 :	01110110;
	10044 :	10010110;
	10043 :	01110110;
	10042 :	01110110;
	10041 :	01110110;
	10040 :	10010110;
	10039 :	10010110;
	10038 :	10010110;
	10037 :	10010110;
	10036 :	10010110;
	10035 :	10010110;
	10034 :	01110110;
	10033 :	10010110;
	10032 :	10010110;
	10031 :	10010110;
	10030 :	10010110;
	10029 :	10010110;
	10028 :	01110110;
	10027 :	01110110;
	10026 :	10010110;
	10025 :	01110110;
	10024 :	10010110;
	10023 :	10010110;
	10022 :	10010110;
	10021 :	10010110;
	10020 :	10010110;
	10019 :	10010110;
	10018 :	10010110;
	10017 :	10010110;
	10016 :	10010110;
	10015 :	10010110;
	10014 :	10010110;
	10013 :	10010110;
	10012 :	10010110;
	10011 :	10010110;
	10010 :	10010110;
	10009 :	01110110;
	10008 :	10010110;
	10007 :	11111111;
	10006 :	01010010;
	10005 :	01010010;
	10004 :	01010010;
	10003 :	01010010;
	10002 :	01010010;
	10001 :	01010010;
	10000 :	01010010;
	9999 :	01010010;
	9998 :	01010010;
	9997 :	01010010;
	9996 :	01010010;
	9995 :	01010010;
	9994 :	01110010;
	9993 :	10010110;
	9992 :	01110010;
	9991 :	10010110;
	9990 :	11111111;
	9989 :	11111111;
	9988 :	11111111;
	9987 :	01010010;
	9986 :	01010010;
	9985 :	01010010;
	9984 :	01001101;
	9983 :	01001101;
	9982 :	01001101;
	9981 :	01001101;
	9980 :	01001101;
	9979 :	01001101;
	9978 :	01001101;
	9977 :	01001101;
	9976 :	01010010;
	9975 :	01010010;
	9974 :	01010010;
	9973 :	11111111;
	9972 :	11111111;
	9971 :	11111111;
	9970 :	00101110;
	9969 :	00101110;
	9968 :	00110010;
	9967 :	00101110;
	9966 :	00101110;
	9965 :	10011010;
	9964 :	00110010;
	9963 :	00101110;
	9962 :	01010010;
	9961 :	00101110;
	9960 :	01010010;
	9959 :	01010010;
	9958 :	00101110;
	9957 :	11111111;
	9956 :	01010110;
	9955 :	00110010;
	9954 :	11111111;
	9953 :	11111111;
	9952 :	11111111;
	9951 :	11111111;
	9950 :	11111111;
	9949 :	00100000;
	9948 :	00100000;
	9947 :	00100000;
	9946 :	00100000;
	9945 :	00100000;
	9944 :	00100000;
	9943 :	00100000;
	9942 :	00100000;
	9941 :	01000000;
	9940 :	01000000;
	9939 :	11111111;
	9938 :	11111111;
	9937 :	11111111;
	9936 :	11111111;
	9935 :	11111111;
	9934 :	11111111;
	9933 :	01000000;
	9932 :	01000000;
	9931 :	01100100;
	9930 :	10001001;
	9929 :	10101101;
	9928 :	10101101;
	9927 :	10101101;
	9926 :	10101101;
	9925 :	10110001;
	9924 :	11010101;
	9923 :	11011010;
	9922 :	11010110;
	9921 :	11010110;
	9920 :	11010110;
	9919 :	11111111;
	9918 :	11111111;
	9917 :	11111111;
	9916 :	11111111;
	9915 :	01000000;
	9914 :	01000000;
	9913 :	01000100;
	9912 :	10001101;
	9911 :	10101101;
	9910 :	10101101;
	9909 :	10101101;
	9908 :	10101101;
	9907 :	10110001;
	9906 :	11010101;
	9905 :	11010101;
	9904 :	11011010;
	9903 :	11010110;
	9902 :	11011010;
	9901 :	11111111;
	9900 :	11111111;
	9899 :	11111111;
	9898 :	11111111;
	9897 :	11111111;
	9896 :	11111111;
	9895 :	11111111;
	9894 :	11111111;
	9893 :	00100000;
	9892 :	00100000;
	9891 :	01000000;
	9890 :	01000000;
	9889 :	01000100;
	9888 :	01100100;
	9887 :	11111111;
	9886 :	11111111;
	9885 :	11111111;
	9884 :	11111111;
	9883 :	11111111;
	9882 :	11111111;
	9881 :	11111111;
	9880 :	11111111;
	9879 :	11111111;
	9878 :	11111111;
	9877 :	11111111;
	9876 :	11111111;
	9875 :	01100100;
	9874 :	01100100;
	9873 :	01100100;
	9872 :	10101101;
	9871 :	10101101;
	9870 :	11010001;
	9869 :	11111111;
	9868 :	11111111;
	9867 :	11111111;
	9866 :	11111111;
	9865 :	11111111;
	9864 :	11111111;
	9863 :	11111111;
	9862 :	11111111;
	9861 :	11111111;
	9860 :	11111111;
	9859 :	11111111;
	9858 :	11111111;
	9857 :	01100100;
	9856 :	01100100;
	9855 :	01100100;
	9854 :	10001000;
	9853 :	10001000;
	9852 :	10001000;
	9851 :	11111111;
	9850 :	11111111;
	9849 :	11111111;
	9848 :	11111111;
	9847 :	11111111;
	9846 :	11111111;
	9845 :	11111111;
	9844 :	11111111;
	9843 :	11111111;
	9842 :	11111111;
	9841 :	11111111;
	9840 :	00100000;
	9839 :	01000000;
	9838 :	01000000;
	9837 :	01000000;
	9836 :	01000000;
	9835 :	00100000;
	9834 :	00100000;
	9833 :	00100000;
	9832 :	11111111;
	9831 :	11111111;
	9830 :	11111111;
	9829 :	11111111;
	9828 :	11111111;
	9827 :	11111111;
	9826 :	11111111;
	9825 :	11111111;
	9824 :	11111111;
	9823 :	00100000;
	9822 :	01000000;
	9821 :	01100100;
	9820 :	01100100;
	9819 :	10001000;
	9818 :	10101101;
	9817 :	10101101;
	9816 :	10110001;
	9815 :	11010001;
	9814 :	11010001;
	9813 :	11111111;
	9812 :	11111111;
	9811 :	11111111;
	9810 :	11111111;
	9809 :	11111111;
	9808 :	11111111;
	9807 :	11111111;
	9806 :	11111111;
	9805 :	00100000;
	9804 :	01000100;
	9803 :	01101000;
	9802 :	10001101;
	9801 :	10101101;
	9800 :	11010110;
	9799 :	11010001;
	9798 :	11010110;
	9797 :	11010110;
	9796 :	11011010;
	9795 :	11111111;
	9794 :	11111111;
	9793 :	11111111;
	9792 :	11111111;
	9791 :	11111111;
	9790 :	11111111;
	9789 :	01110010;
	9788 :	01110010;
	9787 :	01110010;
	9786 :	01110010;
	9785 :	01110110;
	9784 :	01110010;
	9783 :	01110110;
	9782 :	01110110;
	9781 :	01110110;
	9780 :	01110110;
	9779 :	01110110;
	9778 :	01110010;
	9777 :	01110110;
	9776 :	10010110;
	9775 :	11111111;
	9774 :	11111111;
	9773 :	11111111;
	9772 :	01110110;
	9771 :	00001000;
	9770 :	00001000;
	9769 :	00001000;
	9768 :	00001000;
	9767 :	00000100;
	9766 :	00001000;
	9765 :	00001000;
	9764 :	00001000;
	9763 :	00001000;
	9762 :	00001000;
	9761 :	00001000;
	9760 :	00001000;
	9759 :	00001000;
	9758 :	00001000;
	9757 :	10010110;
	9756 :	11111111;
	9755 :	01110110;
	9754 :	00001000;
	9753 :	00000100;
	9752 :	00000100;
	9751 :	00000100;
	9750 :	00001000;
	9749 :	00001000;
	9748 :	00001000;
	9747 :	11111111;
	9746 :	11111111;
	9745 :	00001000;
	9744 :	11111111;
	9743 :	11111111;
	9742 :	11111111;
	9741 :	00001000;
	9740 :	00000100;
	9739 :	00001000;
	9738 :	10010110;
	9737 :	01110110;
	9736 :	00000100;
	9735 :	00001000;
	9734 :	00001000;
	9733 :	00001000;
	9732 :	00001000;
	9731 :	00001000;
	9730 :	00001000;
	9729 :	00001000;
	9728 :	00110101;
	9727 :	00001100;
	9726 :	00001100;
	9725 :	00001000;
	9724 :	00001000;
	9723 :	11111111;
	9722 :	00001000;
	9721 :	00001000;
	9720 :	10010110;
	9719 :	01110110;
	9718 :	00001000;
	9717 :	00001000;
	9716 :	00001000;
	9715 :	00001000;
	9714 :	00001000;
	9713 :	00001000;
	9712 :	00001000;
	9711 :	00110101;
	9710 :	00001101;
	9709 :	01011010;
	9708 :	00110110;
	9707 :	00110101;
	9706 :	00001000;
	9705 :	00001000;
	9704 :	11111111;
	9703 :	00001000;
	9702 :	10010110;
	9701 :	01110110;
	9700 :	00001000;
	9699 :	00001000;
	9698 :	00001000;
	9697 :	00001000;
	9696 :	00001000;
	9695 :	00001000;
	9694 :	00001000;
	9693 :	00101101;
	9692 :	00101101;
	9691 :	00101101;
	9690 :	00110101;
	9689 :	00001101;
	9688 :	00001100;
	9687 :	00001000;
	9686 :	11111111;
	9685 :	00001000;
	9684 :	10010110;
	9683 :	01110110;
	9682 :	00001000;
	9681 :	00001000;
	9680 :	00001000;
	9679 :	00001000;
	9678 :	00001100;
	9677 :	00001101;
	9676 :	00101101;
	9675 :	00101101;
	9674 :	01011010;
	9673 :	00101101;
	9672 :	00101101;
	9671 :	00110101;
	9670 :	00101101;
	9669 :	00001000;
	9668 :	00001000;
	9667 :	00001000;
	9666 :	10010010;
	9665 :	01110110;
	9664 :	00001000;
	9663 :	11111111;
	9662 :	00001000;
	9661 :	00001000;
	9660 :	01010110;
	9659 :	00110001;
	9658 :	00001101;
	9657 :	00110101;
	9656 :	00101101;
	9655 :	00101101;
	9654 :	00101101;
	9653 :	00101101;
	9652 :	00110101;
	9651 :	00001000;
	9650 :	00001000;
	9649 :	00001000;
	9648 :	10010010;
	9647 :	01110110;
	9646 :	00001000;
	9645 :	11111111;
	9644 :	00001101;
	9643 :	00101101;
	9642 :	00101101;
	9641 :	00101101;
	9640 :	00001101;
	9639 :	01011010;
	9638 :	00110101;
	9637 :	00101101;
	9636 :	00101101;
	9635 :	00110101;
	9634 :	00001101;
	9633 :	00001000;
	9632 :	11111111;
	9631 :	00001000;
	9630 :	10010010;
	9629 :	01110110;
	9628 :	00001000;
	9627 :	11111111;
	9626 :	00101101;
	9625 :	00110101;
	9624 :	00110101;
	9623 :	00001101;
	9622 :	00001101;
	9621 :	00001101;
	9620 :	00001101;
	9619 :	00001101;
	9618 :	00001101;
	9617 :	00001101;
	9616 :	00001000;
	9615 :	00001000;
	9614 :	00001000;
	9613 :	00001000;
	9612 :	10010010;
	9611 :	01110010;
	9610 :	00001000;
	9609 :	00001000;
	9608 :	00110101;
	9607 :	00110101;
	9606 :	00001101;
	9605 :	00001101;
	9604 :	00101101;
	9603 :	00001101;
	9602 :	00001101;
	9601 :	00001101;
	9600 :	00001101;
	9599 :	00001000;
	9598 :	00001000;
	9597 :	00001000;
	9596 :	00001000;
	9595 :	00001000;
	9594 :	10010010;
	9593 :	01110010;
	9592 :	00001000;
	9591 :	00001100;
	9590 :	00001101;
	9589 :	00001101;
	9588 :	00001101;
	9587 :	00001000;
	9586 :	00001101;
	9585 :	00001101;
	9584 :	00001000;
	9583 :	00001000;
	9582 :	00001000;
	9581 :	00001000;
	9580 :	00001000;
	9579 :	00001000;
	9578 :	11111111;
	9577 :	00001000;
	9576 :	10010010;
	9575 :	01110110;
	9574 :	00001000;
	9573 :	11111111;
	9572 :	00001000;
	9571 :	00001000;
	9570 :	00001000;
	9569 :	00001000;
	9568 :	00001000;
	9567 :	00001000;
	9566 :	00001000;
	9565 :	00111010;
	9564 :	00111010;
	9563 :	00111010;
	9562 :	00111010;
	9561 :	00111010;
	9560 :	11111111;
	9559 :	00001000;
	9558 :	10010010;
	9557 :	01110110;
	9556 :	00001000;
	9555 :	11111111;
	9554 :	00001001;
	9553 :	00001000;
	9552 :	00001000;
	9551 :	10010110;
	9550 :	01110110;
	9549 :	10010110;
	9548 :	01110110;
	9547 :	01110110;
	9546 :	00111010;
	9545 :	00111010;
	9544 :	00111010;
	9543 :	00111010;
	9542 :	11111111;
	9541 :	00111010;
	9540 :	10010010;
	9539 :	01110110;
	9538 :	00001000;
	9537 :	00001000;
	9536 :	00001000;
	9535 :	01110110;
	9534 :	10010110;
	9533 :	10010110;
	9532 :	01110110;
	9531 :	01110110;
	9530 :	10010110;
	9529 :	01110110;
	9528 :	01110110;
	9527 :	01110110;
	9526 :	00111010;
	9525 :	00111010;
	9524 :	11111111;
	9523 :	00111010;
	9522 :	10010010;
	9521 :	01110010;
	9520 :	00001000;
	9519 :	11111111;
	9518 :	01110110;
	9517 :	10010110;
	9516 :	10010110;
	9515 :	10010110;
	9514 :	10010110;
	9513 :	10010110;
	9512 :	10010110;
	9511 :	10010110;
	9510 :	10010110;
	9509 :	01110110;
	9508 :	01110110;
	9507 :	01110110;
	9506 :	11111111;
	9505 :	00111010;
	9504 :	10010110;
	9503 :	01110110;
	9502 :	10010110;
	9501 :	10010110;
	9500 :	10010110;
	9499 :	10010110;
	9498 :	01110110;
	9497 :	01110110;
	9496 :	10010110;
	9495 :	10010110;
	9494 :	10010110;
	9493 :	10010110;
	9492 :	10010110;
	9491 :	01110110;
	9490 :	10010110;
	9489 :	01110110;
	9488 :	11111111;
	9487 :	01111010;
	9486 :	10010110;
	9485 :	01110110;
	9484 :	01110110;
	9483 :	01110110;
	9482 :	01110110;
	9481 :	10010110;
	9480 :	10010110;
	9479 :	10010110;
	9478 :	10010110;
	9477 :	10010110;
	9476 :	10010110;
	9475 :	10010110;
	9474 :	10010110;
	9473 :	10010110;
	9472 :	10010110;
	9471 :	10010110;
	9470 :	11111111;
	9469 :	01110110;
	9468 :	10010110;
	9467 :	01110110;
	9466 :	01110110;
	9465 :	01110110;
	9464 :	10010110;
	9463 :	10010110;
	9462 :	10010110;
	9461 :	10010110;
	9460 :	10010110;
	9459 :	10010110;
	9458 :	01110110;
	9457 :	10010110;
	9456 :	10010110;
	9455 :	10010110;
	9454 :	10010110;
	9453 :	10010110;
	9452 :	01110110;
	9451 :	01110110;
	9450 :	10010110;
	9449 :	01110110;
	9448 :	10010110;
	9447 :	10010110;
	9446 :	10010110;
	9445 :	10010110;
	9444 :	10010110;
	9443 :	10010110;
	9442 :	10010110;
	9441 :	10010110;
	9440 :	10010110;
	9439 :	10010110;
	9438 :	10010110;
	9437 :	10010110;
	9436 :	10010110;
	9435 :	10010110;
	9434 :	10010110;
	9433 :	01110110;
	9432 :	10010110;
	9431 :	11111111;
	9430 :	01010010;
	9429 :	01010010;
	9428 :	01010010;
	9427 :	01010010;
	9426 :	01010010;
	9425 :	01010010;
	9424 :	01010010;
	9423 :	01010010;
	9422 :	01010010;
	9421 :	01010010;
	9420 :	01010010;
	9419 :	01010010;
	9418 :	01110010;
	9417 :	10010110;
	9416 :	01110010;
	9415 :	10010110;
	9414 :	11111111;
	9413 :	11111111;
	9412 :	11111111;
	9411 :	01010010;
	9410 :	01010010;
	9409 :	01010010;
	9408 :	01001101;
	9407 :	01001101;
	9406 :	01001101;
	9405 :	01001101;
	9404 :	01001101;
	9403 :	01001101;
	9402 :	01001101;
	9401 :	01001101;
	9400 :	01010010;
	9399 :	01010010;
	9398 :	01010010;
	9397 :	11111111;
	9396 :	11111111;
	9395 :	11111111;
	9394 :	00101110;
	9393 :	00101110;
	9392 :	00110010;
	9391 :	00101110;
	9390 :	00101110;
	9389 :	10011010;
	9388 :	00110010;
	9387 :	00101110;
	9386 :	01010010;
	9385 :	00101110;
	9384 :	01010010;
	9383 :	01010010;
	9382 :	00101110;
	9381 :	11111111;
	9380 :	01010110;
	9379 :	00110010;
	9378 :	11111111;
	9377 :	11111111;
	9376 :	11111111;
	9375 :	11111111;
	9374 :	11111111;
	9373 :	00100000;
	9372 :	00100000;
	9371 :	00100000;
	9370 :	00100000;
	9369 :	00100000;
	9368 :	00100000;
	9367 :	00100000;
	9366 :	00100000;
	9365 :	01000000;
	9364 :	01000000;
	9363 :	11111111;
	9362 :	11111111;
	9361 :	11111111;
	9360 :	11111111;
	9359 :	11111111;
	9358 :	11111111;
	9357 :	01000000;
	9356 :	01000000;
	9355 :	01100100;
	9354 :	10001001;
	9353 :	10101101;
	9352 :	10101101;
	9351 :	10101101;
	9350 :	10101101;
	9349 :	10110001;
	9348 :	11010101;
	9347 :	11011010;
	9346 :	11010110;
	9345 :	11010110;
	9344 :	11010110;
	9343 :	11111111;
	9342 :	11111111;
	9341 :	11111111;
	9340 :	11111111;
	9339 :	01000000;
	9338 :	01000000;
	9337 :	01000100;
	9336 :	10001101;
	9335 :	10101101;
	9334 :	10101101;
	9333 :	10101101;
	9332 :	10101101;
	9331 :	10110001;
	9330 :	11010101;
	9329 :	11010101;
	9328 :	11011010;
	9327 :	11010110;
	9326 :	11011010;
	9325 :	11111111;
	9324 :	11111111;
	9323 :	11111111;
	9322 :	11111111;
	9321 :	11111111;
	9320 :	11111111;
	9319 :	11111111;
	9318 :	11111111;
	9317 :	00100000;
	9316 :	00100000;
	9315 :	01000000;
	9314 :	01000000;
	9313 :	01000100;
	9312 :	01100100;
	9311 :	11111111;
	9310 :	11111111;
	9309 :	11111111;
	9308 :	11111111;
	9307 :	11111111;
	9306 :	11111111;
	9305 :	11111111;
	9304 :	11111111;
	9303 :	11111111;
	9302 :	11111111;
	9301 :	11111111;
	9300 :	11111111;
	9299 :	01100100;
	9298 :	01100100;
	9297 :	01100100;
	9296 :	10101101;
	9295 :	10101101;
	9294 :	11010001;
	9293 :	11111111;
	9292 :	11111111;
	9291 :	11111111;
	9290 :	11111111;
	9289 :	11111111;
	9288 :	11111111;
	9287 :	11111111;
	9286 :	11111111;
	9285 :	11111111;
	9284 :	11111111;
	9283 :	11111111;
	9282 :	11111111;
	9281 :	01100100;
	9280 :	01100100;
	9279 :	01100100;
	9278 :	10001000;
	9277 :	10001000;
	9276 :	10001000;
	9275 :	11111111;
	9274 :	11111111;
	9273 :	11111111;
	9272 :	11111111;
	9271 :	11111111;
	9270 :	11111111;
	9269 :	11111111;
	9268 :	11111111;
	9267 :	11111111;
	9266 :	11111111;
	9265 :	11111111;
	9264 :	00100000;
	9263 :	01000000;
	9262 :	01000000;
	9261 :	01000000;
	9260 :	01000000;
	9259 :	00100000;
	9258 :	00100000;
	9257 :	00100000;
	9256 :	11111111;
	9255 :	11111111;
	9254 :	11111111;
	9253 :	11111111;
	9252 :	11111111;
	9251 :	11111111;
	9250 :	11111111;
	9249 :	11111111;
	9248 :	11111111;
	9247 :	00100000;
	9246 :	01000000;
	9245 :	01100100;
	9244 :	01100100;
	9243 :	10001000;
	9242 :	10101101;
	9241 :	10101101;
	9240 :	10110001;
	9239 :	11010001;
	9238 :	11010001;
	9237 :	11111111;
	9236 :	11111111;
	9235 :	11111111;
	9234 :	11111111;
	9233 :	11111111;
	9232 :	11111111;
	9231 :	11111111;
	9230 :	11111111;
	9229 :	00100000;
	9228 :	01000100;
	9227 :	01101000;
	9226 :	10001101;
	9225 :	10101101;
	9224 :	11010110;
	9223 :	11010001;
	9222 :	11010110;
	9221 :	11010110;
	9220 :	11011010;
	9219 :	11111111;
	9218 :	11111111;
	9217 :	11111111;
	9216 :	11111111;
	9215 :	11111111;
	9214 :	11111111;
	9213 :	01110010;
	9212 :	01110010;
	9211 :	01110010;
	9210 :	01110010;
	9209 :	01110110;
	9208 :	01110010;
	9207 :	01110110;
	9206 :	01110110;
	9205 :	01110110;
	9204 :	01110110;
	9203 :	01110110;
	9202 :	01110010;
	9201 :	01110110;
	9200 :	10010110;
	9199 :	11111111;
	9198 :	11111111;
	9197 :	11111111;
	9196 :	01110110;
	9195 :	00001000;
	9194 :	00001000;
	9193 :	00001000;
	9192 :	00001000;
	9191 :	00000100;
	9190 :	00000100;
	9189 :	00001000;
	9188 :	00001000;
	9187 :	00001000;
	9186 :	00001000;
	9185 :	00001000;
	9184 :	00001000;
	9183 :	00001000;
	9182 :	00001000;
	9181 :	10010110;
	9180 :	11111111;
	9179 :	01110110;
	9178 :	00001000;
	9177 :	00000100;
	9176 :	00000100;
	9175 :	00000100;
	9174 :	00001000;
	9173 :	00001000;
	9172 :	00000100;
	9171 :	11111111;
	9170 :	11111111;
	9169 :	00001000;
	9168 :	11111111;
	9167 :	11111111;
	9166 :	11111111;
	9165 :	00001000;
	9164 :	00000100;
	9163 :	00001000;
	9162 :	10010110;
	9161 :	01110110;
	9160 :	00000100;
	9159 :	00001000;
	9158 :	00001000;
	9157 :	00001000;
	9156 :	00001000;
	9155 :	00001000;
	9154 :	00001000;
	9153 :	00001000;
	9152 :	00110101;
	9151 :	00001100;
	9150 :	00110110;
	9149 :	00110101;
	9148 :	00001000;
	9147 :	11111111;
	9146 :	00001000;
	9145 :	00001000;
	9144 :	10010110;
	9143 :	01110110;
	9142 :	00001000;
	9141 :	00001000;
	9140 :	00001000;
	9139 :	00001000;
	9138 :	00001000;
	9137 :	00001000;
	9136 :	00001000;
	9135 :	00001101;
	9134 :	00001101;
	9133 :	01011010;
	9132 :	00110101;
	9131 :	00101101;
	9130 :	00001000;
	9129 :	00001000;
	9128 :	11111111;
	9127 :	00001000;
	9126 :	10010110;
	9125 :	01110110;
	9124 :	00001000;
	9123 :	00001000;
	9122 :	00001000;
	9121 :	00001000;
	9120 :	00001000;
	9119 :	00001000;
	9118 :	00001000;
	9117 :	00110101;
	9116 :	00101101;
	9115 :	00101101;
	9114 :	00101101;
	9113 :	00110101;
	9112 :	00001100;
	9111 :	00001000;
	9110 :	11111111;
	9109 :	00001000;
	9108 :	10010110;
	9107 :	01110110;
	9106 :	00001000;
	9105 :	00001000;
	9104 :	00001000;
	9103 :	00001000;
	9102 :	00001000;
	9101 :	00001100;
	9100 :	00001100;
	9099 :	00101101;
	9098 :	01011010;
	9097 :	00101101;
	9096 :	00101101;
	9095 :	00101101;
	9094 :	00110101;
	9093 :	00001000;
	9092 :	00001000;
	9091 :	00001000;
	9090 :	10010010;
	9089 :	01110110;
	9088 :	00001000;
	9087 :	11111111;
	9086 :	00001000;
	9085 :	00001000;
	9084 :	00001100;
	9083 :	00001100;
	9082 :	00001101;
	9081 :	00101101;
	9080 :	00101101;
	9079 :	00001101;
	9078 :	00101101;
	9077 :	01011010;
	9076 :	00101101;
	9075 :	00001000;
	9074 :	00001000;
	9073 :	00001000;
	9072 :	10010010;
	9071 :	01110110;
	9070 :	00001000;
	9069 :	11111111;
	9068 :	00101101;
	9067 :	00101101;
	9066 :	00101101;
	9065 :	00101101;
	9064 :	00101101;
	9063 :	00101101;
	9062 :	00110101;
	9061 :	00001101;
	9060 :	00001101;
	9059 :	00001101;
	9058 :	00001000;
	9057 :	00001000;
	9056 :	11111111;
	9055 :	00001000;
	9054 :	10010010;
	9053 :	01110110;
	9052 :	00001000;
	9051 :	11111111;
	9050 :	00101101;
	9049 :	00110101;
	9048 :	00110101;
	9047 :	00101101;
	9046 :	00001101;
	9045 :	01011010;
	9044 :	00001101;
	9043 :	00001101;
	9042 :	00001101;
	9041 :	00001000;
	9040 :	00001000;
	9039 :	00001000;
	9038 :	00001000;
	9037 :	00001000;
	9036 :	10010010;
	9035 :	01110010;
	9034 :	00001000;
	9033 :	00001000;
	9032 :	00110101;
	9031 :	00110101;
	9030 :	00101101;
	9029 :	00001101;
	9028 :	00101101;
	9027 :	00001101;
	9026 :	00001101;
	9025 :	00001101;
	9024 :	00001001;
	9023 :	00001000;
	9022 :	00001000;
	9021 :	00001000;
	9020 :	00001000;
	9019 :	00001000;
	9018 :	10010010;
	9017 :	01110010;
	9016 :	00001000;
	9015 :	00001100;
	9014 :	00001100;
	9013 :	00001101;
	9012 :	00001101;
	9011 :	00001101;
	9010 :	00001101;
	9009 :	00001101;
	9008 :	00001001;
	9007 :	00001000;
	9006 :	00001000;
	9005 :	00001000;
	9004 :	00001000;
	9003 :	00001000;
	9002 :	11111111;
	9001 :	00001000;
	9000 :	10010010;
	8999 :	01110110;
	8998 :	00001000;
	8997 :	11111111;
	8996 :	00001000;
	8995 :	00001000;
	8994 :	00001000;
	8993 :	00001000;
	8992 :	00001000;
	8991 :	00001000;
	8990 :	00001000;
	8989 :	00001000;
	8988 :	00111010;
	8987 :	00111010;
	8986 :	00111010;
	8985 :	00111010;
	8984 :	11111111;
	8983 :	00111010;
	8982 :	10010010;
	8981 :	01110110;
	8980 :	00001000;
	8979 :	11111111;
	8978 :	00001000;
	8977 :	00001000;
	8976 :	00001001;
	8975 :	00001000;
	8974 :	01110110;
	8973 :	10010110;
	8972 :	01110110;
	8971 :	00111010;
	8970 :	00111010;
	8969 :	00111010;
	8968 :	00111010;
	8967 :	00111010;
	8966 :	11111111;
	8965 :	00111010;
	8964 :	10010010;
	8963 :	01110110;
	8962 :	00001000;
	8961 :	00001000;
	8960 :	00001000;
	8959 :	00001000;
	8958 :	10010110;
	8957 :	10010110;
	8956 :	01110110;
	8955 :	01110110;
	8954 :	10010110;
	8953 :	01110110;
	8952 :	01110110;
	8951 :	00111010;
	8950 :	00111010;
	8949 :	00111010;
	8948 :	11111111;
	8947 :	00111010;
	8946 :	10010010;
	8945 :	01110010;
	8944 :	00001000;
	8943 :	11111111;
	8942 :	01110110;
	8941 :	10010110;
	8940 :	10010110;
	8939 :	10010110;
	8938 :	10010110;
	8937 :	10010110;
	8936 :	10010110;
	8935 :	10010110;
	8934 :	10010110;
	8933 :	01110110;
	8932 :	01110110;
	8931 :	00111010;
	8930 :	11111111;
	8929 :	01011010;
	8928 :	10010110;
	8927 :	01110110;
	8926 :	10010110;
	8925 :	10010110;
	8924 :	10010110;
	8923 :	10010110;
	8922 :	01110110;
	8921 :	01110110;
	8920 :	10010110;
	8919 :	10010110;
	8918 :	10010110;
	8917 :	10010110;
	8916 :	10010110;
	8915 :	01110110;
	8914 :	10010110;
	8913 :	01110110;
	8912 :	11111111;
	8911 :	01111010;
	8910 :	10010110;
	8909 :	01110110;
	8908 :	01110110;
	8907 :	01110110;
	8906 :	01110110;
	8905 :	10010110;
	8904 :	10010110;
	8903 :	10010110;
	8902 :	10010110;
	8901 :	10010110;
	8900 :	10010110;
	8899 :	10010110;
	8898 :	10010110;
	8897 :	10010110;
	8896 :	10010110;
	8895 :	10010110;
	8894 :	11111111;
	8893 :	01110110;
	8892 :	10010110;
	8891 :	01110110;
	8890 :	01110110;
	8889 :	01110110;
	8888 :	10010110;
	8887 :	10010110;
	8886 :	10010110;
	8885 :	10010110;
	8884 :	10010110;
	8883 :	10010110;
	8882 :	01110110;
	8881 :	10010110;
	8880 :	10010110;
	8879 :	10010110;
	8878 :	10010110;
	8877 :	10010110;
	8876 :	01110110;
	8875 :	01110110;
	8874 :	10010110;
	8873 :	01110110;
	8872 :	10010110;
	8871 :	10010110;
	8870 :	10010110;
	8869 :	10010110;
	8868 :	10010110;
	8867 :	10010110;
	8866 :	10010110;
	8865 :	10010110;
	8864 :	10010110;
	8863 :	10010110;
	8862 :	10010110;
	8861 :	10010110;
	8860 :	10010110;
	8859 :	10010110;
	8858 :	10010110;
	8857 :	01110110;
	8856 :	10010110;
	8855 :	11111111;
	8854 :	01010010;
	8853 :	01010010;
	8852 :	01010010;
	8851 :	01010010;
	8850 :	01010010;
	8849 :	01010010;
	8848 :	01010010;
	8847 :	01010010;
	8846 :	01010010;
	8845 :	01010010;
	8844 :	01010010;
	8843 :	01010010;
	8842 :	01110010;
	8841 :	10010110;
	8840 :	01110010;
	8839 :	10010110;
	8838 :	11111111;
	8837 :	11111111;
	8836 :	11111111;
	8835 :	01010010;
	8834 :	01010010;
	8833 :	01010010;
	8832 :	01001101;
	8831 :	01001101;
	8830 :	01001101;
	8829 :	01001101;
	8828 :	01001101;
	8827 :	01001101;
	8826 :	01001101;
	8825 :	01001101;
	8824 :	01010010;
	8823 :	01010010;
	8822 :	01010010;
	8821 :	11111111;
	8820 :	11111111;
	8819 :	11111111;
	8818 :	00101110;
	8817 :	00101110;
	8816 :	00110010;
	8815 :	00101110;
	8814 :	00101110;
	8813 :	10011010;
	8812 :	00110010;
	8811 :	00101110;
	8810 :	01010010;
	8809 :	00101110;
	8808 :	01010010;
	8807 :	01010010;
	8806 :	00101110;
	8805 :	11111111;
	8804 :	01010110;
	8803 :	00110010;
	8802 :	11111111;
	8801 :	11111111;
	8800 :	11111111;
	8799 :	11111111;
	8798 :	11111111;
	8797 :	00100000;
	8796 :	00100000;
	8795 :	00100000;
	8794 :	00100000;
	8793 :	00100000;
	8792 :	00100000;
	8791 :	00100000;
	8790 :	00100000;
	8789 :	01000000;
	8788 :	01000000;
	8787 :	11111111;
	8786 :	11111111;
	8785 :	11111111;
	8784 :	11111111;
	8783 :	11111111;
	8782 :	11111111;
	8781 :	01000000;
	8780 :	01000000;
	8779 :	01100100;
	8778 :	10001001;
	8777 :	10101101;
	8776 :	10101101;
	8775 :	10101101;
	8774 :	10101101;
	8773 :	10110001;
	8772 :	11010101;
	8771 :	11011010;
	8770 :	11010110;
	8769 :	11010110;
	8768 :	11010110;
	8767 :	11111111;
	8766 :	11111111;
	8765 :	11111111;
	8764 :	11111111;
	8763 :	01000000;
	8762 :	01000000;
	8761 :	01000100;
	8760 :	10001101;
	8759 :	10101101;
	8758 :	10101101;
	8757 :	10101101;
	8756 :	10101101;
	8755 :	10110001;
	8754 :	11010101;
	8753 :	11010101;
	8752 :	11011010;
	8751 :	11010110;
	8750 :	11011010;
	8749 :	11111111;
	8748 :	11111111;
	8747 :	11111111;
	8746 :	11111111;
	8745 :	11111111;
	8744 :	11111111;
	8743 :	11111111;
	8742 :	11111111;
	8741 :	00100000;
	8740 :	00100000;
	8739 :	01000000;
	8738 :	01000000;
	8737 :	01000100;
	8736 :	01100100;
	8735 :	11111111;
	8734 :	11111111;
	8733 :	11111111;
	8732 :	11111111;
	8731 :	11111111;
	8730 :	11111111;
	8729 :	11111111;
	8728 :	11111111;
	8727 :	11111111;
	8726 :	11111111;
	8725 :	11111111;
	8724 :	11111111;
	8723 :	01100100;
	8722 :	01100100;
	8721 :	01100100;
	8720 :	10101101;
	8719 :	10101101;
	8718 :	11010001;
	8717 :	11111111;
	8716 :	11111111;
	8715 :	11111111;
	8714 :	11111111;
	8713 :	11111111;
	8712 :	11111111;
	8711 :	11111111;
	8710 :	11111111;
	8709 :	11111111;
	8708 :	11111111;
	8707 :	11111111;
	8706 :	11111111;
	8705 :	01100100;
	8704 :	01100100;
	8703 :	01100100;
	8702 :	10001000;
	8701 :	10001000;
	8700 :	10001000;
	8699 :	11111111;
	8698 :	11111111;
	8697 :	11111111;
	8696 :	11111111;
	8695 :	11111111;
	8694 :	11111111;
	8693 :	11111111;
	8692 :	11111111;
	8691 :	11111111;
	8690 :	11111111;
	8689 :	11111111;
	8688 :	00100000;
	8687 :	01000000;
	8686 :	01000000;
	8685 :	01000000;
	8684 :	01000000;
	8683 :	00100000;
	8682 :	00100000;
	8681 :	00100000;
	8680 :	11111111;
	8679 :	11111111;
	8678 :	11111111;
	8677 :	11111111;
	8676 :	11111111;
	8675 :	11111111;
	8674 :	11111111;
	8673 :	11111111;
	8672 :	11111111;
	8671 :	00100000;
	8670 :	01000000;
	8669 :	01100100;
	8668 :	01100100;
	8667 :	10001000;
	8666 :	10101101;
	8665 :	10101101;
	8664 :	10110001;
	8663 :	11010001;
	8662 :	11010001;
	8661 :	11111111;
	8660 :	11111111;
	8659 :	11111111;
	8658 :	11111111;
	8657 :	11111111;
	8656 :	11111111;
	8655 :	11111111;
	8654 :	11111111;
	8653 :	00100000;
	8652 :	01000100;
	8651 :	01101000;
	8650 :	10001101;
	8649 :	10101101;
	8648 :	11010110;
	8647 :	11010001;
	8646 :	11010110;
	8645 :	11010110;
	8644 :	11011010;
	8643 :	11111111;
	8642 :	11111111;
	8641 :	11111111;
	8640 :	11111111;
	8639 :	11111111;
	8638 :	11111111;
	8637 :	01110010;
	8636 :	01110010;
	8635 :	01110010;
	8634 :	01110010;
	8633 :	01110110;
	8632 :	01110010;
	8631 :	01110110;
	8630 :	01110110;
	8629 :	01110110;
	8628 :	01110110;
	8627 :	01110110;
	8626 :	01110010;
	8625 :	01110110;
	8624 :	10010110;
	8623 :	11111111;
	8622 :	11111111;
	8621 :	11111111;
	8620 :	01110110;
	8619 :	00001000;
	8618 :	00001000;
	8617 :	00001000;
	8616 :	00001000;
	8615 :	00000100;
	8614 :	00000100;
	8613 :	00001000;
	8612 :	00001000;
	8611 :	00001000;
	8610 :	00001000;
	8609 :	00001000;
	8608 :	00001000;
	8607 :	00001000;
	8606 :	00001000;
	8605 :	10010110;
	8604 :	11111111;
	8603 :	01110110;
	8602 :	00001000;
	8601 :	00000100;
	8600 :	00000100;
	8599 :	00000100;
	8598 :	00001000;
	8597 :	00001000;
	8596 :	00000100;
	8595 :	11111111;
	8594 :	11111111;
	8593 :	00001000;
	8592 :	11111111;
	8591 :	11111111;
	8590 :	11111111;
	8589 :	00001000;
	8588 :	00000100;
	8587 :	00001000;
	8586 :	10010110;
	8585 :	01110110;
	8584 :	00000100;
	8583 :	00001000;
	8582 :	00001000;
	8581 :	00001000;
	8580 :	00001000;
	8579 :	00001000;
	8578 :	00001000;
	8577 :	00001000;
	8576 :	00001000;
	8575 :	00001100;
	8574 :	00110110;
	8573 :	00110101;
	8572 :	00001000;
	8571 :	11111111;
	8570 :	00001000;
	8569 :	00001000;
	8568 :	10010110;
	8567 :	01110110;
	8566 :	00001000;
	8565 :	00001000;
	8564 :	00001000;
	8563 :	00001000;
	8562 :	00001000;
	8561 :	00001000;
	8560 :	00001000;
	8559 :	00001100;
	8558 :	00110101;
	8557 :	00101101;
	8556 :	00110101;
	8555 :	00101101;
	8554 :	00001000;
	8553 :	00001000;
	8552 :	11111111;
	8551 :	00001000;
	8550 :	10010110;
	8549 :	01110110;
	8548 :	00001000;
	8547 :	00001000;
	8546 :	00001000;
	8545 :	00001000;
	8544 :	00001000;
	8543 :	00001000;
	8542 :	00001000;
	8541 :	00110101;
	8540 :	00101101;
	8539 :	01011010;
	8538 :	00101101;
	8537 :	00110101;
	8536 :	00001100;
	8535 :	00001000;
	8534 :	11111111;
	8533 :	00001000;
	8532 :	10010110;
	8531 :	01110110;
	8530 :	00001000;
	8529 :	00001000;
	8528 :	00001000;
	8527 :	00001000;
	8526 :	00001000;
	8525 :	00001100;
	8524 :	00001101;
	8523 :	00101101;
	8522 :	00101101;
	8521 :	00101101;
	8520 :	00101101;
	8519 :	00101101;
	8518 :	00110101;
	8517 :	00001000;
	8516 :	00001000;
	8515 :	00001000;
	8514 :	10010010;
	8513 :	01110110;
	8512 :	00001000;
	8511 :	11111111;
	8510 :	00001000;
	8509 :	00001000;
	8508 :	00001000;
	8507 :	00001100;
	8506 :	00001101;
	8505 :	00101101;
	8504 :	01011010;
	8503 :	00101101;
	8502 :	00101101;
	8501 :	01011010;
	8500 :	00101101;
	8499 :	00001000;
	8498 :	00001000;
	8497 :	00001000;
	8496 :	10010010;
	8495 :	01110110;
	8494 :	00001000;
	8493 :	11111111;
	8492 :	00001101;
	8491 :	00001100;
	8490 :	00101101;
	8489 :	00101101;
	8488 :	00101101;
	8487 :	00101101;
	8486 :	00101101;
	8485 :	00001101;
	8484 :	00001101;
	8483 :	00001101;
	8482 :	00001000;
	8481 :	00001000;
	8480 :	11111111;
	8479 :	00001000;
	8478 :	10010010;
	8477 :	01110110;
	8476 :	00001000;
	8475 :	11111111;
	8474 :	00001100;
	8473 :	00101101;
	8472 :	00001101;
	8471 :	00101101;
	8470 :	00001101;
	8469 :	01011010;
	8468 :	00110101;
	8467 :	00001101;
	8466 :	00001101;
	8465 :	00001000;
	8464 :	00001000;
	8463 :	00001000;
	8462 :	00001000;
	8461 :	00001000;
	8460 :	10010010;
	8459 :	01110010;
	8458 :	00001000;
	8457 :	00001000;
	8456 :	00101101;
	8455 :	00110101;
	8454 :	00110101;
	8453 :	00101101;
	8452 :	00101101;
	8451 :	00001101;
	8450 :	00001101;
	8449 :	00001101;
	8448 :	00001101;
	8447 :	00001000;
	8446 :	00001000;
	8445 :	00001000;
	8444 :	00001000;
	8443 :	00001000;
	8442 :	10010010;
	8441 :	01110010;
	8440 :	00001000;
	8439 :	00001101;
	8438 :	00110101;
	8437 :	00110101;
	8436 :	00101101;
	8435 :	00001101;
	8434 :	00001101;
	8433 :	00001101;
	8432 :	00001101;
	8431 :	00001001;
	8430 :	00001000;
	8429 :	00001000;
	8428 :	00001000;
	8427 :	00001000;
	8426 :	11111111;
	8425 :	00001000;
	8424 :	10010010;
	8423 :	01110110;
	8422 :	00001000;
	8421 :	11111111;
	8420 :	00001100;
	8419 :	00001101;
	8418 :	00001100;
	8417 :	00001000;
	8416 :	00001000;
	8415 :	00001000;
	8414 :	00001000;
	8413 :	00001000;
	8412 :	00001000;
	8411 :	00111010;
	8410 :	00111010;
	8409 :	00111010;
	8408 :	11111111;
	8407 :	00111010;
	8406 :	10010010;
	8405 :	01110110;
	8404 :	00001000;
	8403 :	11111111;
	8402 :	00001000;
	8401 :	00001000;
	8400 :	00001101;
	8399 :	00001101;
	8398 :	00001101;
	8397 :	10010110;
	8396 :	00111010;
	8395 :	00111010;
	8394 :	00111010;
	8393 :	00111010;
	8392 :	00111010;
	8391 :	00111010;
	8390 :	11111111;
	8389 :	00111010;
	8388 :	10010010;
	8387 :	01110110;
	8386 :	00001000;
	8385 :	00001000;
	8384 :	00001000;
	8383 :	00001000;
	8382 :	00001000;
	8381 :	10010110;
	8380 :	01110110;
	8379 :	01110110;
	8378 :	10010110;
	8377 :	01110110;
	8376 :	00111010;
	8375 :	00111010;
	8374 :	00111010;
	8373 :	00111010;
	8372 :	11111111;
	8371 :	00111010;
	8370 :	10010010;
	8369 :	01110010;
	8368 :	10010110;
	8367 :	11111111;
	8366 :	00001000;
	8365 :	10010110;
	8364 :	10010110;
	8363 :	10010110;
	8362 :	10010110;
	8361 :	10010110;
	8360 :	10010110;
	8359 :	10010110;
	8358 :	10010110;
	8357 :	01110110;
	8356 :	00111010;
	8355 :	00111010;
	8354 :	11111111;
	8353 :	01111010;
	8352 :	10010110;
	8351 :	01110110;
	8350 :	10010110;
	8349 :	10010110;
	8348 :	10010110;
	8347 :	10010110;
	8346 :	01110110;
	8345 :	01110110;
	8344 :	10010110;
	8343 :	10010110;
	8342 :	10010110;
	8341 :	10010110;
	8340 :	10010110;
	8339 :	01110110;
	8338 :	10010110;
	8337 :	01111010;
	8336 :	11111111;
	8335 :	01110110;
	8334 :	10010110;
	8333 :	01110110;
	8332 :	01110110;
	8331 :	01110110;
	8330 :	01110110;
	8329 :	10010110;
	8328 :	10010110;
	8327 :	10010110;
	8326 :	10010110;
	8325 :	10010110;
	8324 :	10010110;
	8323 :	10010110;
	8322 :	10010110;
	8321 :	10010110;
	8320 :	10010110;
	8319 :	10010110;
	8318 :	11111111;
	8317 :	01110110;
	8316 :	10010110;
	8315 :	01110110;
	8314 :	01110110;
	8313 :	01110110;
	8312 :	10010110;
	8311 :	10010110;
	8310 :	10010110;
	8309 :	10010110;
	8308 :	10010110;
	8307 :	10010110;
	8306 :	01110110;
	8305 :	10010110;
	8304 :	10010110;
	8303 :	10010110;
	8302 :	10010110;
	8301 :	10010110;
	8300 :	01110110;
	8299 :	01110110;
	8298 :	10010110;
	8297 :	01110110;
	8296 :	10010110;
	8295 :	10010110;
	8294 :	10010110;
	8293 :	10010110;
	8292 :	10010110;
	8291 :	10010110;
	8290 :	10010110;
	8289 :	10010110;
	8288 :	10010110;
	8287 :	10010110;
	8286 :	10010110;
	8285 :	10010110;
	8284 :	10010110;
	8283 :	10010110;
	8282 :	10010110;
	8281 :	01110110;
	8280 :	10010110;
	8279 :	11111111;
	8278 :	01010010;
	8277 :	01010010;
	8276 :	01010010;
	8275 :	01010010;
	8274 :	01010010;
	8273 :	01010010;
	8272 :	01010010;
	8271 :	01010010;
	8270 :	01010010;
	8269 :	01010010;
	8268 :	01010010;
	8267 :	01010010;
	8266 :	01110010;
	8265 :	10010110;
	8264 :	01110010;
	8263 :	10010110;
	8262 :	11111111;
	8261 :	11111111;
	8260 :	11111111;
	8259 :	01010010;
	8258 :	01010010;
	8257 :	01010010;
	8256 :	01001101;
	8255 :	01001101;
	8254 :	01001101;
	8253 :	01001101;
	8252 :	01001101;
	8251 :	01001101;
	8250 :	01001101;
	8249 :	01001101;
	8248 :	01010010;
	8247 :	01010010;
	8246 :	01010010;
	8245 :	11111111;
	8244 :	11111111;
	8243 :	11111111;
	8242 :	00101110;
	8241 :	00101110;
	8240 :	00110010;
	8239 :	00101110;
	8238 :	00101110;
	8237 :	10011010;
	8236 :	00110010;
	8235 :	00101110;
	8234 :	01010010;
	8233 :	00101110;
	8232 :	01010010;
	8231 :	01010010;
	8230 :	00101110;
	8229 :	11111111;
	8228 :	01010110;
	8227 :	00110010;
	8226 :	11111111;
	8225 :	11111111;
	8224 :	11111111;
	8223 :	11111111;
	8222 :	11111111;
	8221 :	00100000;
	8220 :	00100000;
	8219 :	00100000;
	8218 :	00100000;
	8217 :	00100000;
	8216 :	00100000;
	8215 :	00100000;
	8214 :	00100000;
	8213 :	01000000;
	8212 :	01000000;
	8211 :	11111111;
	8210 :	11111111;
	8209 :	11111111;
	8208 :	11111111;
	8207 :	11111111;
	8206 :	11111111;
	8205 :	01000000;
	8204 :	01000000;
	8203 :	01100100;
	8202 :	10001001;
	8201 :	10101101;
	8200 :	10101101;
	8199 :	10101101;
	8198 :	10101101;
	8197 :	10110001;
	8196 :	11010101;
	8195 :	11011010;
	8194 :	11010110;
	8193 :	11010110;
	8192 :	11010110;
	8191 :	11111111;
	8190 :	11111111;
	8189 :	11111111;
	8188 :	11111111;
	8187 :	01000000;
	8186 :	01000000;
	8185 :	01000100;
	8184 :	10001101;
	8183 :	10101101;
	8182 :	10101101;
	8181 :	10101101;
	8180 :	10101101;
	8179 :	10110001;
	8178 :	11010101;
	8177 :	11010101;
	8176 :	11011010;
	8175 :	11010110;
	8174 :	11011010;
	8173 :	11111111;
	8172 :	11111111;
	8171 :	11111111;
	8170 :	11111111;
	8169 :	11111111;
	8168 :	11111111;
	8167 :	11111111;
	8166 :	11111111;
	8165 :	00100000;
	8164 :	00100000;
	8163 :	01000000;
	8162 :	01000000;
	8161 :	01000100;
	8160 :	01100100;
	8159 :	11111111;
	8158 :	11111111;
	8157 :	11111111;
	8156 :	11111111;
	8155 :	11111111;
	8154 :	11111111;
	8153 :	11111111;
	8152 :	11111111;
	8151 :	11111111;
	8150 :	11111111;
	8149 :	11111111;
	8148 :	11111111;
	8147 :	01100100;
	8146 :	01100100;
	8145 :	01100100;
	8144 :	10101101;
	8143 :	10101101;
	8142 :	11010001;
	8141 :	11111111;
	8140 :	11111111;
	8139 :	11111111;
	8138 :	11111111;
	8137 :	11111111;
	8136 :	11111111;
	8135 :	11111111;
	8134 :	11111111;
	8133 :	11111111;
	8132 :	11111111;
	8131 :	11111111;
	8130 :	11111111;
	8129 :	01100100;
	8128 :	01100100;
	8127 :	01100100;
	8126 :	10001000;
	8125 :	10001000;
	8124 :	10001000;
	8123 :	11111111;
	8122 :	11111111;
	8121 :	11111111;
	8120 :	11111111;
	8119 :	11111111;
	8118 :	11111111;
	8117 :	11111111;
	8116 :	11111111;
	8115 :	11111111;
	8114 :	11111111;
	8113 :	11111111;
	8112 :	00100000;
	8111 :	01000000;
	8110 :	01000000;
	8109 :	01000000;
	8108 :	01000000;
	8107 :	00100000;
	8106 :	00100000;
	8105 :	00100000;
	8104 :	11111111;
	8103 :	11111111;
	8102 :	11111111;
	8101 :	11111111;
	8100 :	11111111;
	8099 :	11111111;
	8098 :	11111111;
	8097 :	11111111;
	8096 :	11111111;
	8095 :	00100000;
	8094 :	01000000;
	8093 :	01100100;
	8092 :	01100100;
	8091 :	10001000;
	8090 :	10101101;
	8089 :	10101101;
	8088 :	10110001;
	8087 :	11010001;
	8086 :	11010001;
	8085 :	11111111;
	8084 :	11111111;
	8083 :	11111111;
	8082 :	11111111;
	8081 :	11111111;
	8080 :	11111111;
	8079 :	11111111;
	8078 :	11111111;
	8077 :	00100000;
	8076 :	01000100;
	8075 :	01101000;
	8074 :	10001101;
	8073 :	10101101;
	8072 :	11010110;
	8071 :	11010001;
	8070 :	11010110;
	8069 :	11010110;
	8068 :	11011010;
	8067 :	11111111;
	8066 :	11111111;
	8065 :	11111111;
	8064 :	11111111;
	8063 :	11111111;
	8062 :	11111111;
	8061 :	01110010;
	8060 :	01110010;
	8059 :	01110010;
	8058 :	01110010;
	8057 :	01110110;
	8056 :	01110010;
	8055 :	01110110;
	8054 :	01110110;
	8053 :	01110110;
	8052 :	01110110;
	8051 :	01110110;
	8050 :	01110010;
	8049 :	01110110;
	8048 :	10010110;
	8047 :	11111111;
	8046 :	11111111;
	8045 :	11111111;
	8044 :	01110110;
	8043 :	00001000;
	8042 :	00001000;
	8041 :	00001000;
	8040 :	00001000;
	8039 :	00000100;
	8038 :	00000100;
	8037 :	00001000;
	8036 :	00000100;
	8035 :	00001000;
	8034 :	00001000;
	8033 :	00001000;
	8032 :	00001000;
	8031 :	00001000;
	8030 :	00001000;
	8029 :	10010110;
	8028 :	11111111;
	8027 :	01110110;
	8026 :	00001000;
	8025 :	00000100;
	8024 :	00000100;
	8023 :	00000100;
	8022 :	00001000;
	8021 :	00001000;
	8020 :	00000100;
	8019 :	11111111;
	8018 :	11111111;
	8017 :	00001000;
	8016 :	11111111;
	8015 :	11111111;
	8014 :	11111111;
	8013 :	00001000;
	8012 :	00000100;
	8011 :	00001000;
	8010 :	10010110;
	8009 :	01110110;
	8008 :	00000100;
	8007 :	00001000;
	8006 :	00001000;
	8005 :	00001000;
	8004 :	00001000;
	8003 :	00001000;
	8002 :	00001000;
	8001 :	00001000;
	8000 :	00001000;
	7999 :	00001000;
	7998 :	00001000;
	7997 :	00001000;
	7996 :	00001000;
	7995 :	11111111;
	7994 :	00001000;
	7993 :	00001000;
	7992 :	10010110;
	7991 :	01110110;
	7990 :	00001000;
	7989 :	00001000;
	7988 :	00001000;
	7987 :	00001000;
	7986 :	00001000;
	7985 :	00001000;
	7984 :	00001000;
	7983 :	00001100;
	7982 :	00110101;
	7981 :	00001101;
	7980 :	00110110;
	7979 :	00110101;
	7978 :	00001000;
	7977 :	00001000;
	7976 :	11111111;
	7975 :	00001000;
	7974 :	10010110;
	7973 :	01110110;
	7972 :	00001000;
	7971 :	00001000;
	7970 :	00001000;
	7969 :	00001000;
	7968 :	00001000;
	7967 :	00001000;
	7966 :	00001000;
	7965 :	00101101;
	7964 :	00101101;
	7963 :	01011010;
	7962 :	00110101;
	7961 :	00001101;
	7960 :	00001100;
	7959 :	00001000;
	7958 :	11111111;
	7957 :	00001000;
	7956 :	10010110;
	7955 :	01110110;
	7954 :	00001000;
	7953 :	00001000;
	7952 :	00001000;
	7951 :	00001000;
	7950 :	00001000;
	7949 :	00001000;
	7948 :	00001100;
	7947 :	00110101;
	7946 :	00101101;
	7945 :	00101101;
	7944 :	00101101;
	7943 :	00110101;
	7942 :	00101101;
	7941 :	00001000;
	7940 :	00001000;
	7939 :	00001000;
	7938 :	10010010;
	7937 :	01110110;
	7936 :	00001000;
	7935 :	11111111;
	7934 :	00001000;
	7933 :	00001000;
	7932 :	00001000;
	7931 :	00001000;
	7930 :	00001101;
	7929 :	00101101;
	7928 :	01011010;
	7927 :	00101101;
	7926 :	00101101;
	7925 :	00101101;
	7924 :	00110101;
	7923 :	00001000;
	7922 :	00001000;
	7921 :	00001000;
	7920 :	10010010;
	7919 :	01110110;
	7918 :	00001000;
	7917 :	11111111;
	7916 :	00001101;
	7915 :	00001101;
	7914 :	01010110;
	7913 :	00110101;
	7912 :	00101101;
	7911 :	00110101;
	7910 :	00101101;
	7909 :	00101101;
	7908 :	00101101;
	7907 :	00110101;
	7906 :	00001101;
	7905 :	00001000;
	7904 :	11111111;
	7903 :	00001000;
	7902 :	10010010;
	7901 :	01110110;
	7900 :	00001000;
	7899 :	11111111;
	7898 :	00001101;
	7897 :	00101101;
	7896 :	00101101;
	7895 :	00101101;
	7894 :	00101101;
	7893 :	00101101;
	7892 :	00110101;
	7891 :	00001101;
	7890 :	00001101;
	7889 :	00001101;
	7888 :	00001100;
	7887 :	00001000;
	7886 :	00001000;
	7885 :	00001000;
	7884 :	10010010;
	7883 :	01110010;
	7882 :	00001000;
	7881 :	00001000;
	7880 :	00101101;
	7879 :	00110101;
	7878 :	00110101;
	7877 :	00101101;
	7876 :	00110001;
	7875 :	01011010;
	7874 :	00001101;
	7873 :	00001101;
	7872 :	00001101;
	7871 :	00001000;
	7870 :	00001000;
	7869 :	00001000;
	7868 :	00001000;
	7867 :	00001000;
	7866 :	10010010;
	7865 :	01110010;
	7864 :	00001000;
	7863 :	00001101;
	7862 :	00110101;
	7861 :	00110101;
	7860 :	00101101;
	7859 :	00001101;
	7858 :	00001101;
	7857 :	00001101;
	7856 :	00001101;
	7855 :	00001101;
	7854 :	00001001;
	7853 :	00001000;
	7852 :	00001000;
	7851 :	00001000;
	7850 :	11111111;
	7849 :	00001000;
	7848 :	10010010;
	7847 :	01110110;
	7846 :	00001000;
	7845 :	11111111;
	7844 :	00001101;
	7843 :	00001101;
	7842 :	00001101;
	7841 :	00001000;
	7840 :	00001000;
	7839 :	00001000;
	7838 :	00001000;
	7837 :	00001000;
	7836 :	00001000;
	7835 :	00001000;
	7834 :	00111010;
	7833 :	00111010;
	7832 :	11111111;
	7831 :	00111010;
	7830 :	10010010;
	7829 :	01110110;
	7828 :	00001000;
	7827 :	11111111;
	7826 :	00001000;
	7825 :	00001000;
	7824 :	00001000;
	7823 :	00001000;
	7822 :	00001101;
	7821 :	00001000;
	7820 :	00111010;
	7819 :	00111010;
	7818 :	00111010;
	7817 :	00111010;
	7816 :	00111010;
	7815 :	00111010;
	7814 :	11111111;
	7813 :	00111010;
	7812 :	10010010;
	7811 :	01110110;
	7810 :	00001000;
	7809 :	00001000;
	7808 :	00001000;
	7807 :	00001000;
	7806 :	00001000;
	7805 :	00001000;
	7804 :	01110110;
	7803 :	01110110;
	7802 :	10010110;
	7801 :	00111010;
	7800 :	00111010;
	7799 :	00111010;
	7798 :	00111010;
	7797 :	00111010;
	7796 :	11111111;
	7795 :	00111010;
	7794 :	10010010;
	7793 :	01110010;
	7792 :	10010110;
	7791 :	11111111;
	7790 :	00001000;
	7789 :	00001000;
	7788 :	10010110;
	7787 :	10010110;
	7786 :	10010110;
	7785 :	10010110;
	7784 :	10010110;
	7783 :	10010110;
	7782 :	10010110;
	7781 :	00111010;
	7780 :	00111010;
	7779 :	01011010;
	7778 :	11111111;
	7777 :	10010110;
	7776 :	10010110;
	7775 :	01110110;
	7774 :	10010110;
	7773 :	10010110;
	7772 :	10010110;
	7771 :	10010110;
	7770 :	01110110;
	7769 :	01110110;
	7768 :	10010110;
	7767 :	10010110;
	7766 :	10010110;
	7765 :	10010110;
	7764 :	10010110;
	7763 :	01110110;
	7762 :	01111010;
	7761 :	01111010;
	7760 :	11111111;
	7759 :	01110110;
	7758 :	10010110;
	7757 :	01110110;
	7756 :	01110110;
	7755 :	01110110;
	7754 :	01110110;
	7753 :	10010110;
	7752 :	10010110;
	7751 :	10010110;
	7750 :	10010110;
	7749 :	10010110;
	7748 :	10010110;
	7747 :	10010110;
	7746 :	10010110;
	7745 :	10010110;
	7744 :	10010110;
	7743 :	10010110;
	7742 :	11111111;
	7741 :	01110110;
	7740 :	10010110;
	7739 :	01110110;
	7738 :	01110110;
	7737 :	01110110;
	7736 :	10010110;
	7735 :	10010110;
	7734 :	10010110;
	7733 :	10010110;
	7732 :	10010110;
	7731 :	10010110;
	7730 :	01110110;
	7729 :	10010110;
	7728 :	10010110;
	7727 :	10010110;
	7726 :	10010110;
	7725 :	10010110;
	7724 :	01110110;
	7723 :	01110110;
	7722 :	10010110;
	7721 :	01110110;
	7720 :	10010110;
	7719 :	10010110;
	7718 :	10010110;
	7717 :	10010110;
	7716 :	10010110;
	7715 :	10010110;
	7714 :	10010110;
	7713 :	10010110;
	7712 :	10010110;
	7711 :	10010110;
	7710 :	10010110;
	7709 :	10010110;
	7708 :	10010110;
	7707 :	10010110;
	7706 :	10010110;
	7705 :	01110110;
	7704 :	10010110;
	7703 :	11111111;
	7702 :	01010010;
	7701 :	01010010;
	7700 :	01010010;
	7699 :	01010010;
	7698 :	01010010;
	7697 :	01010010;
	7696 :	01010010;
	7695 :	01010010;
	7694 :	01010010;
	7693 :	01010010;
	7692 :	01010010;
	7691 :	01010010;
	7690 :	01110010;
	7689 :	10010110;
	7688 :	01110010;
	7687 :	10010110;
	7686 :	11111111;
	7685 :	11111111;
	7684 :	11111111;
	7683 :	01010010;
	7682 :	01010010;
	7681 :	01010010;
	7680 :	01001101;
	7679 :	01001101;
	7678 :	01001101;
	7677 :	01001101;
	7676 :	01001101;
	7675 :	01001101;
	7674 :	01001101;
	7673 :	01001101;
	7672 :	01010010;
	7671 :	01010010;
	7670 :	01010010;
	7669 :	11111111;
	7668 :	11111111;
	7667 :	11111111;
	7666 :	00101110;
	7665 :	00101110;
	7664 :	00110010;
	7663 :	00101110;
	7662 :	00101110;
	7661 :	10011010;
	7660 :	00110010;
	7659 :	00101110;
	7658 :	01010010;
	7657 :	00101110;
	7656 :	01010010;
	7655 :	01010010;
	7654 :	00101110;
	7653 :	11111111;
	7652 :	01010110;
	7651 :	00110010;
	7650 :	11111111;
	7649 :	11111111;
	7648 :	11111111;
	7647 :	11111111;
	7646 :	11111111;
	7645 :	00100000;
	7644 :	00100000;
	7643 :	00100000;
	7642 :	00100000;
	7641 :	00100000;
	7640 :	00100000;
	7639 :	00100000;
	7638 :	00100000;
	7637 :	01000000;
	7636 :	01000000;
	7635 :	11111111;
	7634 :	11111111;
	7633 :	11111111;
	7632 :	11111111;
	7631 :	11111111;
	7630 :	11111111;
	7629 :	01000000;
	7628 :	01000000;
	7627 :	01100100;
	7626 :	10001001;
	7625 :	10101101;
	7624 :	10101101;
	7623 :	10101101;
	7622 :	10101101;
	7621 :	10110001;
	7620 :	11010101;
	7619 :	11011010;
	7618 :	11010110;
	7617 :	11010110;
	7616 :	11010110;
	7615 :	11111111;
	7614 :	11111111;
	7613 :	11111111;
	7612 :	11111111;
	7611 :	01000000;
	7610 :	01000000;
	7609 :	01000100;
	7608 :	10001101;
	7607 :	10101101;
	7606 :	10101101;
	7605 :	10101101;
	7604 :	10101101;
	7603 :	10110001;
	7602 :	11010101;
	7601 :	11010101;
	7600 :	11011010;
	7599 :	11010110;
	7598 :	11011010;
	7597 :	11111111;
	7596 :	11111111;
	7595 :	11111111;
	7594 :	11111111;
	7593 :	11111111;
	7592 :	11111111;
	7591 :	11111111;
	7590 :	11111111;
	7589 :	00100000;
	7588 :	00100000;
	7587 :	01000000;
	7586 :	01000000;
	7585 :	01000100;
	7584 :	01100100;
	7583 :	11111111;
	7582 :	11111111;
	7581 :	11111111;
	7580 :	11111111;
	7579 :	11111111;
	7578 :	11111111;
	7577 :	11111111;
	7576 :	11111111;
	7575 :	11111111;
	7574 :	11111111;
	7573 :	11111111;
	7572 :	11111111;
	7571 :	01100100;
	7570 :	01100100;
	7569 :	01100100;
	7568 :	10101101;
	7567 :	10101101;
	7566 :	11010001;
	7565 :	11111111;
	7564 :	11111111;
	7563 :	11111111;
	7562 :	11111111;
	7561 :	11111111;
	7560 :	11111111;
	7559 :	11111111;
	7558 :	11111111;
	7557 :	11111111;
	7556 :	11111111;
	7555 :	11111111;
	7554 :	11111111;
	7553 :	01100100;
	7552 :	01100100;
	7551 :	01100100;
	7550 :	10001000;
	7549 :	10001000;
	7548 :	10001000;
	7547 :	11111111;
	7546 :	11111111;
	7545 :	11111111;
	7544 :	11111111;
	7543 :	11111111;
	7542 :	11111111;
	7541 :	11111111;
	7540 :	11111111;
	7539 :	11111111;
	7538 :	11111111;
	7537 :	11111111;
	7536 :	00100000;
	7535 :	01000000;
	7534 :	01000000;
	7533 :	01000000;
	7532 :	01000000;
	7531 :	00100000;
	7530 :	00100000;
	7529 :	00100000;
	7528 :	11111111;
	7527 :	11111111;
	7526 :	11111111;
	7525 :	11111111;
	7524 :	11111111;
	7523 :	11111111;
	7522 :	11111111;
	7521 :	11111111;
	7520 :	11111111;
	7519 :	00100000;
	7518 :	01000000;
	7517 :	01100100;
	7516 :	01100100;
	7515 :	10001000;
	7514 :	10101101;
	7513 :	10101101;
	7512 :	10110001;
	7511 :	11010001;
	7510 :	11010001;
	7509 :	11111111;
	7508 :	11111111;
	7507 :	11111111;
	7506 :	11111111;
	7505 :	11111111;
	7504 :	11111111;
	7503 :	11111111;
	7502 :	11111111;
	7501 :	00100000;
	7500 :	01000100;
	7499 :	01101000;
	7498 :	10001101;
	7497 :	10101101;
	7496 :	11010110;
	7495 :	11010001;
	7494 :	11010110;
	7493 :	11010110;
	7492 :	11011010;
	7491 :	11111111;
	7490 :	11111111;
	7489 :	11111111;
	7488 :	11111111;
	7487 :	11111111;
	7486 :	11111111;
	7485 :	01110010;
	7484 :	01110010;
	7483 :	01110010;
	7482 :	01110010;
	7481 :	01110110;
	7480 :	01110010;
	7479 :	01110110;
	7478 :	01110110;
	7477 :	01110110;
	7476 :	01110110;
	7475 :	01110110;
	7474 :	01110010;
	7473 :	01110110;
	7472 :	10010110;
	7471 :	11111111;
	7470 :	11111111;
	7469 :	11111111;
	7468 :	01110110;
	7467 :	00001000;
	7466 :	00001000;
	7465 :	00001000;
	7464 :	00001000;
	7463 :	00000100;
	7462 :	00000100;
	7461 :	00001000;
	7460 :	00000100;
	7459 :	00000100;
	7458 :	00000100;
	7457 :	00001000;
	7456 :	00001000;
	7455 :	00001000;
	7454 :	00001000;
	7453 :	10010110;
	7452 :	11111111;
	7451 :	01110110;
	7450 :	00001000;
	7449 :	00000100;
	7448 :	00000100;
	7447 :	00000100;
	7446 :	00001000;
	7445 :	00001000;
	7444 :	00000100;
	7443 :	11111111;
	7442 :	11111111;
	7441 :	00001000;
	7440 :	11111111;
	7439 :	11111111;
	7438 :	11111111;
	7437 :	00001000;
	7436 :	00000100;
	7435 :	00001000;
	7434 :	10010110;
	7433 :	01110110;
	7432 :	00000100;
	7431 :	00001000;
	7430 :	00001000;
	7429 :	00001000;
	7428 :	00001000;
	7427 :	00001000;
	7426 :	00001000;
	7425 :	00001000;
	7424 :	00001000;
	7423 :	00001000;
	7422 :	00001000;
	7421 :	00001000;
	7420 :	00001000;
	7419 :	11111111;
	7418 :	00001000;
	7417 :	00001000;
	7416 :	10010110;
	7415 :	01110110;
	7414 :	00001000;
	7413 :	00001000;
	7412 :	00001000;
	7411 :	00001000;
	7410 :	00001000;
	7409 :	00001000;
	7408 :	00001000;
	7407 :	00001000;
	7406 :	00001000;
	7405 :	00001100;
	7404 :	00110110;
	7403 :	00001100;
	7402 :	00001000;
	7401 :	00001000;
	7400 :	11111111;
	7399 :	00001000;
	7398 :	10010110;
	7397 :	01110110;
	7396 :	00001000;
	7395 :	00001000;
	7394 :	00001000;
	7393 :	00001000;
	7392 :	00001000;
	7391 :	00001000;
	7390 :	00001000;
	7389 :	00001101;
	7388 :	00110101;
	7387 :	00101101;
	7386 :	00110101;
	7385 :	00110101;
	7384 :	00001000;
	7383 :	00001000;
	7382 :	11111111;
	7381 :	00001000;
	7380 :	10010110;
	7379 :	01110110;
	7378 :	00001000;
	7377 :	00001000;
	7376 :	00001000;
	7375 :	00001000;
	7374 :	00001000;
	7373 :	00001000;
	7372 :	00001100;
	7371 :	00110101;
	7370 :	00101101;
	7369 :	01011010;
	7368 :	00101101;
	7367 :	00101101;
	7366 :	00101101;
	7365 :	00001000;
	7364 :	00001000;
	7363 :	00001000;
	7362 :	10010010;
	7361 :	01110110;
	7360 :	00001000;
	7359 :	11111111;
	7358 :	00001000;
	7357 :	00001000;
	7356 :	00001000;
	7355 :	00001000;
	7354 :	00001101;
	7353 :	00101101;
	7352 :	00101101;
	7351 :	00101101;
	7350 :	00101101;
	7349 :	00110101;
	7348 :	00101101;
	7347 :	00001000;
	7346 :	00001000;
	7345 :	00001000;
	7344 :	10010010;
	7343 :	01110110;
	7342 :	00001000;
	7341 :	11111111;
	7340 :	00001001;
	7339 :	00001100;
	7338 :	01010110;
	7337 :	00110101;
	7336 :	00101101;
	7335 :	00110101;
	7334 :	00101101;
	7333 :	00101101;
	7332 :	00101101;
	7331 :	01011010;
	7330 :	00101101;
	7329 :	00001101;
	7328 :	11111111;
	7327 :	00001000;
	7326 :	10010010;
	7325 :	01110110;
	7324 :	00001000;
	7323 :	11111111;
	7322 :	00001000;
	7321 :	00001101;
	7320 :	00001101;
	7319 :	00101101;
	7318 :	00101101;
	7317 :	00101101;
	7316 :	00101101;
	7315 :	00101101;
	7314 :	00001101;
	7313 :	00110101;
	7312 :	00001101;
	7311 :	00001000;
	7310 :	00001000;
	7309 :	00001000;
	7308 :	10010010;
	7307 :	01110010;
	7306 :	00001001;
	7305 :	00001000;
	7304 :	00001100;
	7303 :	00101101;
	7302 :	00001101;
	7301 :	00101101;
	7300 :	00110001;
	7299 :	01011010;
	7298 :	00110101;
	7297 :	00001101;
	7296 :	00001101;
	7295 :	00001100;
	7294 :	00001000;
	7293 :	00001000;
	7292 :	00001000;
	7291 :	00001000;
	7290 :	10010010;
	7289 :	01110010;
	7288 :	00001000;
	7287 :	00001101;
	7286 :	00101101;
	7285 :	00110101;
	7284 :	00110101;
	7283 :	00001101;
	7282 :	00001101;
	7281 :	00001101;
	7280 :	00001101;
	7279 :	00001101;
	7278 :	00001101;
	7277 :	00001000;
	7276 :	00001001;
	7275 :	00001000;
	7274 :	11111111;
	7273 :	00001000;
	7272 :	10010010;
	7271 :	01110110;
	7270 :	00001000;
	7269 :	11111111;
	7268 :	00110101;
	7267 :	00110101;
	7266 :	00101101;
	7265 :	00001101;
	7264 :	00001000;
	7263 :	00001000;
	7262 :	00001000;
	7261 :	00001000;
	7260 :	00001000;
	7259 :	00001000;
	7258 :	00001000;
	7257 :	00111010;
	7256 :	11111111;
	7255 :	00111010;
	7254 :	10010010;
	7253 :	01110110;
	7252 :	00001000;
	7251 :	11111111;
	7250 :	00001100;
	7249 :	00001101;
	7248 :	00001100;
	7247 :	00001000;
	7246 :	00001000;
	7245 :	00001101;
	7244 :	00001000;
	7243 :	00111010;
	7242 :	00111010;
	7241 :	00111010;
	7240 :	00111010;
	7239 :	00111010;
	7238 :	11111111;
	7237 :	00111010;
	7236 :	10010010;
	7235 :	01110110;
	7234 :	10010110;
	7233 :	00001000;
	7232 :	00001000;
	7231 :	00001000;
	7230 :	00001000;
	7229 :	00001000;
	7228 :	00001000;
	7227 :	01110110;
	7226 :	00111010;
	7225 :	00111010;
	7224 :	00111010;
	7223 :	00111010;
	7222 :	00111010;
	7221 :	00111010;
	7220 :	11111111;
	7219 :	00111010;
	7218 :	10010010;
	7217 :	01110010;
	7216 :	10010110;
	7215 :	11111111;
	7214 :	01110110;
	7213 :	00001000;
	7212 :	00001000;
	7211 :	10010110;
	7210 :	10010110;
	7209 :	10010110;
	7208 :	10010110;
	7207 :	10010110;
	7206 :	00111010;
	7205 :	00111010;
	7204 :	01011010;
	7203 :	01111010;
	7202 :	11111111;
	7201 :	10010110;
	7200 :	10010110;
	7199 :	01110110;
	7198 :	10010110;
	7197 :	10010110;
	7196 :	10010110;
	7195 :	10010110;
	7194 :	01110110;
	7193 :	01110110;
	7192 :	10010110;
	7191 :	10010110;
	7190 :	10010110;
	7189 :	10010110;
	7188 :	10010110;
	7187 :	01111010;
	7186 :	01111010;
	7185 :	01110110;
	7184 :	11111111;
	7183 :	01110110;
	7182 :	10010110;
	7181 :	01110110;
	7180 :	01110110;
	7179 :	01110110;
	7178 :	01110110;
	7177 :	10010110;
	7176 :	10010110;
	7175 :	10010110;
	7174 :	10010110;
	7173 :	10010110;
	7172 :	10010110;
	7171 :	10010110;
	7170 :	10010110;
	7169 :	10010110;
	7168 :	10010110;
	7167 :	10010110;
	7166 :	11111111;
	7165 :	01110110;
	7164 :	10010110;
	7163 :	01110110;
	7162 :	01110110;
	7161 :	01110110;
	7160 :	10010110;
	7159 :	10010110;
	7158 :	10010110;
	7157 :	10010110;
	7156 :	10010110;
	7155 :	10010110;
	7154 :	01110110;
	7153 :	10010110;
	7152 :	10010110;
	7151 :	10010110;
	7150 :	10010110;
	7149 :	10010110;
	7148 :	01110110;
	7147 :	01110110;
	7146 :	10010110;
	7145 :	01110110;
	7144 :	10010110;
	7143 :	10010110;
	7142 :	10010110;
	7141 :	10010110;
	7140 :	10010110;
	7139 :	10010110;
	7138 :	10010110;
	7137 :	10010110;
	7136 :	10010110;
	7135 :	10010110;
	7134 :	10010110;
	7133 :	10010110;
	7132 :	10010110;
	7131 :	10010110;
	7130 :	10010110;
	7129 :	01110110;
	7128 :	10010110;
	7127 :	11111111;
	7126 :	01010010;
	7125 :	01010010;
	7124 :	01010010;
	7123 :	01010010;
	7122 :	01010010;
	7121 :	01010010;
	7120 :	01010010;
	7119 :	01010010;
	7118 :	01010010;
	7117 :	01010010;
	7116 :	01010010;
	7115 :	01010010;
	7114 :	01110010;
	7113 :	10010110;
	7112 :	01110010;
	7111 :	10010110;
	7110 :	11111111;
	7109 :	11111111;
	7108 :	11111111;
	7107 :	01010010;
	7106 :	01010010;
	7105 :	01010010;
	7104 :	01001101;
	7103 :	01001101;
	7102 :	01001101;
	7101 :	01001101;
	7100 :	01001101;
	7099 :	01001101;
	7098 :	01001101;
	7097 :	01001101;
	7096 :	01010010;
	7095 :	01010010;
	7094 :	01010010;
	7093 :	11111111;
	7092 :	11111111;
	7091 :	11111111;
	7090 :	00101110;
	7089 :	00101110;
	7088 :	00110010;
	7087 :	00101110;
	7086 :	00101110;
	7085 :	10011010;
	7084 :	00110010;
	7083 :	00101110;
	7082 :	01010010;
	7081 :	00101110;
	7080 :	01010010;
	7079 :	01010010;
	7078 :	00101110;
	7077 :	11111111;
	7076 :	01010110;
	7075 :	00110010;
	7074 :	11111111;
	7073 :	11111111;
	7072 :	11111111;
	7071 :	11111111;
	7070 :	11111111;
	7069 :	00100000;
	7068 :	00100000;
	7067 :	00100000;
	7066 :	00100000;
	7065 :	00100000;
	7064 :	00100000;
	7063 :	00100000;
	7062 :	00100000;
	7061 :	01000000;
	7060 :	01000000;
	7059 :	11111111;
	7058 :	11111111;
	7057 :	11111111;
	7056 :	11111111;
	7055 :	11111111;
	7054 :	11111111;
	7053 :	01000000;
	7052 :	01000000;
	7051 :	01100100;
	7050 :	10001001;
	7049 :	10101101;
	7048 :	10101101;
	7047 :	10101101;
	7046 :	10101101;
	7045 :	10110001;
	7044 :	11010101;
	7043 :	11011010;
	7042 :	11010110;
	7041 :	11010110;
	7040 :	11010110;
	7039 :	11111111;
	7038 :	11111111;
	7037 :	11111111;
	7036 :	11111111;
	7035 :	01000000;
	7034 :	01000000;
	7033 :	01000100;
	7032 :	10001101;
	7031 :	10101101;
	7030 :	10101101;
	7029 :	10101101;
	7028 :	10101101;
	7027 :	10110001;
	7026 :	11010101;
	7025 :	11010101;
	7024 :	11011010;
	7023 :	11010110;
	7022 :	11011010;
	7021 :	11111111;
	7020 :	11111111;
	7019 :	11111111;
	7018 :	11111111;
	7017 :	11111111;
	7016 :	11111111;
	7015 :	11111111;
	7014 :	11111111;
	7013 :	00100000;
	7012 :	00100000;
	7011 :	01000000;
	7010 :	01000000;
	7009 :	01000100;
	7008 :	01100100;
	7007 :	11111111;
	7006 :	11111111;
	7005 :	11111111;
	7004 :	11111111;
	7003 :	11111111;
	7002 :	11111111;
	7001 :	11111111;
	7000 :	11111111;
	6999 :	11111111;
	6998 :	11111111;
	6997 :	11111111;
	6996 :	11111111;
	6995 :	01100100;
	6994 :	01100100;
	6993 :	01100100;
	6992 :	10101101;
	6991 :	10101101;
	6990 :	11010001;
	6989 :	11111111;
	6988 :	11111111;
	6987 :	11111111;
	6986 :	11111111;
	6985 :	11111111;
	6984 :	11111111;
	6983 :	11111111;
	6982 :	11111111;
	6981 :	11111111;
	6980 :	11111111;
	6979 :	11111111;
	6978 :	11111111;
	6977 :	01100100;
	6976 :	01100100;
	6975 :	01100100;
	6974 :	10001000;
	6973 :	10001000;
	6972 :	10001000;
	6971 :	11111111;
	6970 :	11111111;
	6969 :	11111111;
	6968 :	11111111;
	6967 :	11111111;
	6966 :	11111111;
	6965 :	11111111;
	6964 :	11111111;
	6963 :	11111111;
	6962 :	11111111;
	6961 :	11111111;
	6960 :	00100000;
	6959 :	01000000;
	6958 :	01000000;
	6957 :	01000000;
	6956 :	01000000;
	6955 :	00100000;
	6954 :	00100000;
	6953 :	00100000;
	6952 :	11111111;
	6951 :	11111111;
	6950 :	11111111;
	6949 :	11111111;
	6948 :	11111111;
	6947 :	11111111;
	6946 :	11111111;
	6945 :	11111111;
	6944 :	11111111;
	6943 :	00100000;
	6942 :	01000000;
	6941 :	01100100;
	6940 :	01100100;
	6939 :	10001000;
	6938 :	10101101;
	6937 :	10101101;
	6936 :	10110001;
	6935 :	11010001;
	6934 :	11010001;
	6933 :	11111111;
	6932 :	11111111;
	6931 :	11111111;
	6930 :	11111111;
	6929 :	11111111;
	6928 :	11111111;
	6927 :	11111111;
	6926 :	11111111;
	6925 :	00100000;
	6924 :	01000100;
	6923 :	01101000;
	6922 :	10001101;
	6921 :	10101101;
	6920 :	11010110;
	6919 :	11010001;
	6918 :	11010110;
	6917 :	11010110;
	6916 :	11011010;
	6915 :	11111111;
	6914 :	11111111;
	6913 :	11111111;
	6912 :	11111111;
	6911 :	11111111;
	6910 :	11111111;
	6909 :	01110010;
	6908 :	01110010;
	6907 :	01110010;
	6906 :	01110010;
	6905 :	01110110;
	6904 :	01110010;
	6903 :	01110110;
	6902 :	01110110;
	6901 :	01110110;
	6900 :	01110110;
	6899 :	01110110;
	6898 :	01110010;
	6897 :	01110110;
	6896 :	10010110;
	6895 :	11111111;
	6894 :	11111111;
	6893 :	11111111;
	6892 :	01110110;
	6891 :	00001000;
	6890 :	00001000;
	6889 :	00001000;
	6888 :	00001000;
	6887 :	00000100;
	6886 :	00000100;
	6885 :	00001000;
	6884 :	00000100;
	6883 :	00000100;
	6882 :	00000100;
	6881 :	00001000;
	6880 :	00001000;
	6879 :	00001000;
	6878 :	00001000;
	6877 :	10010110;
	6876 :	11111111;
	6875 :	01110110;
	6874 :	00001000;
	6873 :	00000100;
	6872 :	00000100;
	6871 :	00000100;
	6870 :	00001000;
	6869 :	00001000;
	6868 :	00000100;
	6867 :	11111111;
	6866 :	11111111;
	6865 :	00000100;
	6864 :	11111111;
	6863 :	11111111;
	6862 :	11111111;
	6861 :	00001000;
	6860 :	00000100;
	6859 :	00001000;
	6858 :	10010110;
	6857 :	01110110;
	6856 :	00000100;
	6855 :	00001000;
	6854 :	00001000;
	6853 :	00001000;
	6852 :	00001000;
	6851 :	00001000;
	6850 :	00001000;
	6849 :	00001000;
	6848 :	00001000;
	6847 :	00001000;
	6846 :	00001000;
	6845 :	00001000;
	6844 :	00001000;
	6843 :	11111111;
	6842 :	00001000;
	6841 :	00001000;
	6840 :	10010110;
	6839 :	01110110;
	6838 :	00001000;
	6837 :	00001000;
	6836 :	00001000;
	6835 :	00001000;
	6834 :	00001000;
	6833 :	00001000;
	6832 :	00001000;
	6831 :	00001000;
	6830 :	00001000;
	6829 :	00001000;
	6828 :	00001100;
	6827 :	00001100;
	6826 :	00001000;
	6825 :	00001000;
	6824 :	11111111;
	6823 :	00001000;
	6822 :	10010110;
	6821 :	01110110;
	6820 :	00001000;
	6819 :	00001000;
	6818 :	00001000;
	6817 :	00001000;
	6816 :	00001000;
	6815 :	00001000;
	6814 :	00001000;
	6813 :	00001101;
	6812 :	00110101;
	6811 :	00101101;
	6810 :	00110110;
	6809 :	00110101;
	6808 :	00001000;
	6807 :	00001000;
	6806 :	11111111;
	6805 :	00001000;
	6804 :	10010110;
	6803 :	01110110;
	6802 :	00001000;
	6801 :	00001000;
	6800 :	00001000;
	6799 :	00001000;
	6798 :	00001000;
	6797 :	00001000;
	6796 :	00001100;
	6795 :	00101101;
	6794 :	00101101;
	6793 :	01011010;
	6792 :	00110101;
	6791 :	00101101;
	6790 :	00101101;
	6789 :	00001000;
	6788 :	00001000;
	6787 :	00001000;
	6786 :	10010010;
	6785 :	01110110;
	6784 :	00001000;
	6783 :	11111111;
	6782 :	00001000;
	6781 :	00001000;
	6780 :	00001000;
	6779 :	00001100;
	6778 :	00001101;
	6777 :	00110101;
	6776 :	00101101;
	6775 :	00101101;
	6774 :	00101101;
	6773 :	00110101;
	6772 :	00101101;
	6771 :	00001000;
	6770 :	00001000;
	6769 :	00001000;
	6768 :	10010010;
	6767 :	01110110;
	6766 :	00001000;
	6765 :	11111111;
	6764 :	00001000;
	6763 :	00001000;
	6762 :	00001100;
	6761 :	00001101;
	6760 :	00001101;
	6759 :	00001101;
	6758 :	00101101;
	6757 :	00101101;
	6756 :	00101101;
	6755 :	01011010;
	6754 :	00101101;
	6753 :	00001101;
	6752 :	11111111;
	6751 :	00001000;
	6750 :	10010010;
	6749 :	01110110;
	6748 :	00001000;
	6747 :	11111111;
	6746 :	00001000;
	6745 :	00001101;
	6744 :	00001101;
	6743 :	00001101;
	6742 :	00001101;
	6741 :	00110101;
	6740 :	00101101;
	6739 :	00101101;
	6738 :	00001101;
	6737 :	00110101;
	6736 :	00001101;
	6735 :	00001000;
	6734 :	00001000;
	6733 :	00001000;
	6732 :	10010010;
	6731 :	01110010;
	6730 :	00001001;
	6729 :	00001000;
	6728 :	00001100;
	6727 :	00101101;
	6726 :	00001101;
	6725 :	00001101;
	6724 :	00110001;
	6723 :	00001101;
	6722 :	00110101;
	6721 :	00001101;
	6720 :	00001101;
	6719 :	00001100;
	6718 :	00001000;
	6717 :	00001000;
	6716 :	00001000;
	6715 :	00001000;
	6714 :	10010010;
	6713 :	01110010;
	6712 :	00001000;
	6711 :	00001101;
	6710 :	00101101;
	6709 :	00110101;
	6708 :	00110101;
	6707 :	00001101;
	6706 :	00001101;
	6705 :	01011010;
	6704 :	00001101;
	6703 :	00001101;
	6702 :	00001101;
	6701 :	00001000;
	6700 :	00001101;
	6699 :	00001000;
	6698 :	11111111;
	6697 :	00001000;
	6696 :	10010010;
	6695 :	01110110;
	6694 :	00001000;
	6693 :	11111111;
	6692 :	00110101;
	6691 :	00110101;
	6690 :	00101101;
	6689 :	00001101;
	6688 :	00001101;
	6687 :	00001100;
	6686 :	00001000;
	6685 :	00001000;
	6684 :	00001000;
	6683 :	00001000;
	6682 :	00001000;
	6681 :	00001000;
	6680 :	11111111;
	6679 :	00111010;
	6678 :	10010010;
	6677 :	01110110;
	6676 :	00001000;
	6675 :	11111111;
	6674 :	00001100;
	6673 :	00001101;
	6672 :	00001100;
	6671 :	00001000;
	6670 :	00001000;
	6669 :	00001000;
	6668 :	00001000;
	6667 :	00001000;
	6666 :	00111010;
	6665 :	00111010;
	6664 :	00111010;
	6663 :	00111010;
	6662 :	11111111;
	6661 :	00111010;
	6660 :	10010010;
	6659 :	01110110;
	6658 :	10010110;
	6657 :	01110110;
	6656 :	00001000;
	6655 :	00001000;
	6654 :	00001000;
	6653 :	00001000;
	6652 :	00001000;
	6651 :	00001000;
	6650 :	00111010;
	6649 :	00111010;
	6648 :	00111010;
	6647 :	00111010;
	6646 :	00111010;
	6645 :	00111010;
	6644 :	11111111;
	6643 :	01111010;
	6642 :	10010010;
	6641 :	01110010;
	6640 :	10010110;
	6639 :	11111111;
	6638 :	01110110;
	6637 :	10010110;
	6636 :	00001000;
	6635 :	00001000;
	6634 :	10010110;
	6633 :	10010110;
	6632 :	10010110;
	6631 :	00111010;
	6630 :	00111010;
	6629 :	01011010;
	6628 :	01111010;
	6627 :	01111010;
	6626 :	11111111;
	6625 :	10010110;
	6624 :	10010110;
	6623 :	01110110;
	6622 :	10010110;
	6621 :	10010110;
	6620 :	10010110;
	6619 :	10010110;
	6618 :	01110110;
	6617 :	01110110;
	6616 :	10010110;
	6615 :	10010110;
	6614 :	10010110;
	6613 :	10010110;
	6612 :	01111010;
	6611 :	01111010;
	6610 :	10010110;
	6609 :	01110110;
	6608 :	11111111;
	6607 :	01110110;
	6606 :	10010110;
	6605 :	01110110;
	6604 :	01110110;
	6603 :	01110110;
	6602 :	01110110;
	6601 :	10010110;
	6600 :	10010110;
	6599 :	10010110;
	6598 :	10010110;
	6597 :	10010110;
	6596 :	10010110;
	6595 :	10010110;
	6594 :	10010110;
	6593 :	10010110;
	6592 :	10010110;
	6591 :	10010110;
	6590 :	11111111;
	6589 :	01110110;
	6588 :	10010110;
	6587 :	01110110;
	6586 :	01110110;
	6585 :	01110110;
	6584 :	10010110;
	6583 :	10010110;
	6582 :	10010110;
	6581 :	10010110;
	6580 :	10010110;
	6579 :	10010110;
	6578 :	01110110;
	6577 :	10010110;
	6576 :	10010110;
	6575 :	10010110;
	6574 :	10010110;
	6573 :	10010110;
	6572 :	01110110;
	6571 :	01110110;
	6570 :	10010110;
	6569 :	01110110;
	6568 :	10010110;
	6567 :	10010110;
	6566 :	10010110;
	6565 :	10010110;
	6564 :	10010110;
	6563 :	10010110;
	6562 :	10010110;
	6561 :	10010110;
	6560 :	10010110;
	6559 :	10010110;
	6558 :	10010110;
	6557 :	10010110;
	6556 :	10010110;
	6555 :	10010110;
	6554 :	10010110;
	6553 :	01110110;
	6552 :	10010110;
	6551 :	11111111;
	6550 :	01010010;
	6549 :	01010010;
	6548 :	01010010;
	6547 :	01010010;
	6546 :	01010010;
	6545 :	01010010;
	6544 :	01010010;
	6543 :	01010010;
	6542 :	01010010;
	6541 :	01010010;
	6540 :	01010010;
	6539 :	01010010;
	6538 :	01110010;
	6537 :	10010110;
	6536 :	01110010;
	6535 :	10010110;
	6534 :	11111111;
	6533 :	11111111;
	6532 :	11111111;
	6531 :	01010010;
	6530 :	01010010;
	6529 :	01010010;
	6528 :	01001101;
	6527 :	01001101;
	6526 :	01001101;
	6525 :	01001101;
	6524 :	01001101;
	6523 :	01001101;
	6522 :	01001101;
	6521 :	01001101;
	6520 :	01010010;
	6519 :	01010010;
	6518 :	01010010;
	6517 :	11111111;
	6516 :	11111111;
	6515 :	11111111;
	6514 :	00101110;
	6513 :	00101110;
	6512 :	00110010;
	6511 :	00101110;
	6510 :	00101110;
	6509 :	10011010;
	6508 :	00110010;
	6507 :	00101110;
	6506 :	01010010;
	6505 :	00101110;
	6504 :	01010010;
	6503 :	01010010;
	6502 :	00101110;
	6501 :	11111111;
	6500 :	01010110;
	6499 :	00110010;
	6498 :	11111111;
	6497 :	11111111;
	6496 :	11111111;
	6495 :	11111111;
	6494 :	11111111;
	6493 :	00100000;
	6492 :	00100000;
	6491 :	00100000;
	6490 :	00100000;
	6489 :	00100000;
	6488 :	00100000;
	6487 :	00100000;
	6486 :	00100000;
	6485 :	01000000;
	6484 :	01000000;
	6483 :	11111111;
	6482 :	11111111;
	6481 :	11111111;
	6480 :	11111111;
	6479 :	11111111;
	6478 :	11111111;
	6477 :	01000000;
	6476 :	01000000;
	6475 :	01100100;
	6474 :	10001001;
	6473 :	10101101;
	6472 :	10101101;
	6471 :	10101101;
	6470 :	10101101;
	6469 :	10110001;
	6468 :	11010101;
	6467 :	11011010;
	6466 :	11010110;
	6465 :	11010110;
	6464 :	11010110;
	6463 :	11111111;
	6462 :	11111111;
	6461 :	11111111;
	6460 :	11111111;
	6459 :	01000000;
	6458 :	01000000;
	6457 :	01000100;
	6456 :	10001101;
	6455 :	10101101;
	6454 :	10101101;
	6453 :	10101101;
	6452 :	10101101;
	6451 :	10110001;
	6450 :	11010101;
	6449 :	11010101;
	6448 :	11011010;
	6447 :	11010110;
	6446 :	11011010;
	6445 :	11111111;
	6444 :	11111111;
	6443 :	11111111;
	6442 :	11111111;
	6441 :	11111111;
	6440 :	11111111;
	6439 :	11111111;
	6438 :	11111111;
	6437 :	00100000;
	6436 :	00100000;
	6435 :	01000000;
	6434 :	01000000;
	6433 :	01000100;
	6432 :	01100100;
	6431 :	11111111;
	6430 :	11111111;
	6429 :	11111111;
	6428 :	11111111;
	6427 :	11111111;
	6426 :	11111111;
	6425 :	11111111;
	6424 :	11111111;
	6423 :	11111111;
	6422 :	11111111;
	6421 :	11111111;
	6420 :	11111111;
	6419 :	01100100;
	6418 :	01100100;
	6417 :	01100100;
	6416 :	10101101;
	6415 :	10101101;
	6414 :	11010001;
	6413 :	11111111;
	6412 :	11111111;
	6411 :	11111111;
	6410 :	11111111;
	6409 :	11111111;
	6408 :	11111111;
	6407 :	11111111;
	6406 :	11111111;
	6405 :	11111111;
	6404 :	11111111;
	6403 :	11111111;
	6402 :	11111111;
	6401 :	01100100;
	6400 :	01100100;
	6399 :	01100100;
	6398 :	10001000;
	6397 :	10001000;
	6396 :	10001000;
	6395 :	11111111;
	6394 :	11111111;
	6393 :	11111111;
	6392 :	11111111;
	6391 :	11111111;
	6390 :	11111111;
	6389 :	11111111;
	6388 :	11111111;
	6387 :	11111111;
	6386 :	11111111;
	6385 :	11111111;
	6384 :	00100000;
	6383 :	01000000;
	6382 :	01000000;
	6381 :	01000000;
	6380 :	01000000;
	6379 :	00100000;
	6378 :	00100000;
	6377 :	00100000;
	6376 :	11111111;
	6375 :	11111111;
	6374 :	11111111;
	6373 :	11111111;
	6372 :	11111111;
	6371 :	11111111;
	6370 :	11111111;
	6369 :	11111111;
	6368 :	11111111;
	6367 :	00100000;
	6366 :	01000000;
	6365 :	01100100;
	6364 :	01100100;
	6363 :	10001000;
	6362 :	10101101;
	6361 :	10101101;
	6360 :	10110001;
	6359 :	11010001;
	6358 :	11010001;
	6357 :	11111111;
	6356 :	11111111;
	6355 :	11111111;
	6354 :	11111111;
	6353 :	11111111;
	6352 :	11111111;
	6351 :	11111111;
	6350 :	11111111;
	6349 :	00100000;
	6348 :	01000100;
	6347 :	01101000;
	6346 :	10001101;
	6345 :	10101101;
	6344 :	11010110;
	6343 :	11010001;
	6342 :	11010110;
	6341 :	11010110;
	6340 :	11011010;
	6339 :	11111111;
	6338 :	11111111;
	6337 :	11111111;
	6336 :	11111111;
	6335 :	11111111;
	6334 :	11111111;
	6333 :	01110010;
	6332 :	01110010;
	6331 :	01110010;
	6330 :	01110010;
	6329 :	01110110;
	6328 :	01110010;
	6327 :	01110110;
	6326 :	01110110;
	6325 :	01110110;
	6324 :	01110110;
	6323 :	01110110;
	6322 :	01110010;
	6321 :	01110110;
	6320 :	10010110;
	6319 :	11111111;
	6318 :	11111111;
	6317 :	11111111;
	6316 :	01110110;
	6315 :	00001000;
	6314 :	00001000;
	6313 :	00001000;
	6312 :	00001000;
	6311 :	00000100;
	6310 :	00000100;
	6309 :	00001000;
	6308 :	00000100;
	6307 :	00000100;
	6306 :	00000100;
	6305 :	00001000;
	6304 :	00001000;
	6303 :	00001000;
	6302 :	00001000;
	6301 :	10010110;
	6300 :	11111111;
	6299 :	01110110;
	6298 :	00001000;
	6297 :	00000100;
	6296 :	00000100;
	6295 :	00000100;
	6294 :	00001000;
	6293 :	00001000;
	6292 :	00000100;
	6291 :	11111111;
	6290 :	11111111;
	6289 :	00000100;
	6288 :	11111111;
	6287 :	11111111;
	6286 :	11111111;
	6285 :	00001000;
	6284 :	00000100;
	6283 :	00001000;
	6282 :	10010110;
	6281 :	01110110;
	6280 :	00000100;
	6279 :	00001000;
	6278 :	00001000;
	6277 :	00001000;
	6276 :	00001000;
	6275 :	00001000;
	6274 :	00001000;
	6273 :	00001000;
	6272 :	00001000;
	6271 :	00001000;
	6270 :	00001000;
	6269 :	00001000;
	6268 :	00000100;
	6267 :	11111111;
	6266 :	00001000;
	6265 :	00001000;
	6264 :	10010110;
	6263 :	01110110;
	6262 :	00001000;
	6261 :	00001000;
	6260 :	00001000;
	6259 :	00001000;
	6258 :	00001000;
	6257 :	00001000;
	6256 :	00001000;
	6255 :	00001000;
	6254 :	00001000;
	6253 :	00001000;
	6252 :	00001000;
	6251 :	00001000;
	6250 :	00001000;
	6249 :	00000100;
	6248 :	11111111;
	6247 :	00001000;
	6246 :	10010110;
	6245 :	01110110;
	6244 :	00001000;
	6243 :	00001000;
	6242 :	00001000;
	6241 :	00001000;
	6240 :	00001000;
	6239 :	00001000;
	6238 :	00001000;
	6237 :	00001101;
	6236 :	00101101;
	6235 :	00101101;
	6234 :	00110110;
	6233 :	00001000;
	6232 :	00001000;
	6231 :	00001000;
	6230 :	11111111;
	6229 :	00001000;
	6228 :	10010110;
	6227 :	01110110;
	6226 :	00001000;
	6225 :	00001000;
	6224 :	00001000;
	6223 :	00001000;
	6222 :	00001000;
	6221 :	00001000;
	6220 :	00001100;
	6219 :	00101101;
	6218 :	00110101;
	6217 :	00101101;
	6216 :	00110101;
	6215 :	00110101;
	6214 :	00001101;
	6213 :	00001000;
	6212 :	00001000;
	6211 :	00001000;
	6210 :	10010010;
	6209 :	01110110;
	6208 :	00001000;
	6207 :	11111111;
	6206 :	00001000;
	6205 :	00001000;
	6204 :	00001000;
	6203 :	00001100;
	6202 :	00001101;
	6201 :	00110101;
	6200 :	00101101;
	6199 :	01011010;
	6198 :	00101101;
	6197 :	00101101;
	6196 :	00101101;
	6195 :	00001000;
	6194 :	00001000;
	6193 :	00001000;
	6192 :	10010010;
	6191 :	01110110;
	6190 :	00001000;
	6189 :	11111111;
	6188 :	00001101;
	6187 :	00001100;
	6186 :	00101101;
	6185 :	00101101;
	6184 :	00001101;
	6183 :	00001101;
	6182 :	01011010;
	6181 :	00101101;
	6180 :	00101101;
	6179 :	00101101;
	6178 :	00110101;
	6177 :	00001101;
	6176 :	11111111;
	6175 :	00001000;
	6174 :	10010010;
	6173 :	01110110;
	6172 :	00001000;
	6171 :	11111111;
	6170 :	00001100;
	6169 :	00101101;
	6168 :	00001101;
	6167 :	00101101;
	6166 :	00101101;
	6165 :	00110101;
	6164 :	00101101;
	6163 :	00101101;
	6162 :	00101101;
	6161 :	01011010;
	6160 :	00101101;
	6159 :	00001101;
	6158 :	00001000;
	6157 :	00001000;
	6156 :	10010010;
	6155 :	01110010;
	6154 :	00001001;
	6153 :	00001000;
	6152 :	00101101;
	6151 :	00110101;
	6150 :	00110101;
	6149 :	00101101;
	6148 :	00110001;
	6147 :	00001101;
	6146 :	00001101;
	6145 :	00101101;
	6144 :	00101101;
	6143 :	00110101;
	6142 :	00001101;
	6141 :	00001000;
	6140 :	00001000;
	6139 :	00001000;
	6138 :	10010010;
	6137 :	01110010;
	6136 :	00001000;
	6135 :	00001101;
	6134 :	00110101;
	6133 :	00110101;
	6132 :	00101101;
	6131 :	00001101;
	6130 :	00001101;
	6129 :	01011010;
	6128 :	00110101;
	6127 :	00001101;
	6126 :	00001101;
	6125 :	00001100;
	6124 :	00001101;
	6123 :	00001000;
	6122 :	11111111;
	6121 :	00001000;
	6120 :	10010010;
	6119 :	01110110;
	6118 :	00001000;
	6117 :	11111111;
	6116 :	00001101;
	6115 :	00001101;
	6114 :	00001101;
	6113 :	00001101;
	6112 :	00001101;
	6111 :	00001101;
	6110 :	00001101;
	6109 :	00001000;
	6108 :	00001000;
	6107 :	00001000;
	6106 :	00001000;
	6105 :	00001000;
	6104 :	11111111;
	6103 :	00111010;
	6102 :	10010010;
	6101 :	01110110;
	6100 :	00001000;
	6099 :	11111111;
	6098 :	00001000;
	6097 :	00001000;
	6096 :	00001000;
	6095 :	00001000;
	6094 :	00001000;
	6093 :	00001000;
	6092 :	00001000;
	6091 :	00001000;
	6090 :	00001000;
	6089 :	00111010;
	6088 :	00111010;
	6087 :	00111010;
	6086 :	11111111;
	6085 :	00111010;
	6084 :	10010010;
	6083 :	01110110;
	6082 :	10010110;
	6081 :	01110110;
	6080 :	01110110;
	6079 :	00001000;
	6078 :	00001000;
	6077 :	00001000;
	6076 :	00001000;
	6075 :	00001000;
	6074 :	00001000;
	6073 :	00111010;
	6072 :	00111010;
	6071 :	00111010;
	6070 :	00111010;
	6069 :	00111010;
	6068 :	11111111;
	6067 :	10010110;
	6066 :	10010010;
	6065 :	01110010;
	6064 :	10010110;
	6063 :	11111111;
	6062 :	01110110;
	6061 :	10010110;
	6060 :	10010110;
	6059 :	00001000;
	6058 :	00001000;
	6057 :	10010110;
	6056 :	01011010;
	6055 :	00111010;
	6054 :	01011010;
	6053 :	01111010;
	6052 :	01111010;
	6051 :	01110110;
	6050 :	11111111;
	6049 :	10010110;
	6048 :	10010110;
	6047 :	01110110;
	6046 :	10010110;
	6045 :	10010110;
	6044 :	10010110;
	6043 :	10010110;
	6042 :	01110110;
	6041 :	01110110;
	6040 :	10010110;
	6039 :	10010110;
	6038 :	10010110;
	6037 :	01111010;
	6036 :	01111010;
	6035 :	01110110;
	6034 :	10010110;
	6033 :	01110110;
	6032 :	11111111;
	6031 :	01110110;
	6030 :	10010110;
	6029 :	01110110;
	6028 :	01110110;
	6027 :	01110110;
	6026 :	01110110;
	6025 :	10010110;
	6024 :	10010110;
	6023 :	10010110;
	6022 :	10010110;
	6021 :	10010110;
	6020 :	10010110;
	6019 :	10010110;
	6018 :	10010110;
	6017 :	10010110;
	6016 :	10010110;
	6015 :	10010110;
	6014 :	11111111;
	6013 :	01110110;
	6012 :	10010110;
	6011 :	01110110;
	6010 :	01110110;
	6009 :	01110110;
	6008 :	10010110;
	6007 :	10010110;
	6006 :	10010110;
	6005 :	10010110;
	6004 :	10010110;
	6003 :	10010110;
	6002 :	01110110;
	6001 :	10010110;
	6000 :	10010110;
	5999 :	10010110;
	5998 :	10010110;
	5997 :	10010110;
	5996 :	01110110;
	5995 :	01110110;
	5994 :	10010110;
	5993 :	01110110;
	5992 :	10010110;
	5991 :	10010110;
	5990 :	10010110;
	5989 :	10010110;
	5988 :	10010110;
	5987 :	10010110;
	5986 :	10010110;
	5985 :	10010110;
	5984 :	10010110;
	5983 :	10010110;
	5982 :	10010110;
	5981 :	10010110;
	5980 :	10010110;
	5979 :	10010110;
	5978 :	10010110;
	5977 :	01110110;
	5976 :	10010110;
	5975 :	11111111;
	5974 :	01010010;
	5973 :	01010010;
	5972 :	01010010;
	5971 :	01010010;
	5970 :	01010010;
	5969 :	01010010;
	5968 :	01010010;
	5967 :	01010010;
	5966 :	01010010;
	5965 :	01010010;
	5964 :	01010010;
	5963 :	01010010;
	5962 :	01110010;
	5961 :	10010110;
	5960 :	01110010;
	5959 :	10010110;
	5958 :	11111111;
	5957 :	11111111;
	5956 :	11111111;
	5955 :	01010010;
	5954 :	01010010;
	5953 :	01010010;
	5952 :	01001101;
	5951 :	01001101;
	5950 :	01001101;
	5949 :	01001101;
	5948 :	01001101;
	5947 :	01001101;
	5946 :	01001101;
	5945 :	01001101;
	5944 :	01010010;
	5943 :	01010010;
	5942 :	01010010;
	5941 :	11111111;
	5940 :	11111111;
	5939 :	11111111;
	5938 :	00101110;
	5937 :	00101110;
	5936 :	00110010;
	5935 :	00101110;
	5934 :	00101110;
	5933 :	10011010;
	5932 :	00110010;
	5931 :	00101110;
	5930 :	01010010;
	5929 :	00101110;
	5928 :	01010010;
	5927 :	01010010;
	5926 :	00101110;
	5925 :	11111111;
	5924 :	01010110;
	5923 :	00110010;
	5922 :	11111111;
	5921 :	11111111;
	5920 :	11111111;
	5919 :	11111111;
	5918 :	11111111;
	5917 :	00100000;
	5916 :	00100000;
	5915 :	00100000;
	5914 :	00100000;
	5913 :	00100000;
	5912 :	00100000;
	5911 :	00100000;
	5910 :	00100000;
	5909 :	01000000;
	5908 :	01000000;
	5907 :	11111111;
	5906 :	11111111;
	5905 :	11111111;
	5904 :	11111111;
	5903 :	11111111;
	5902 :	11111111;
	5901 :	01000000;
	5900 :	01000000;
	5899 :	01100100;
	5898 :	10001001;
	5897 :	10101101;
	5896 :	10101101;
	5895 :	10101101;
	5894 :	10101101;
	5893 :	10110001;
	5892 :	11010101;
	5891 :	11011010;
	5890 :	11010110;
	5889 :	11010110;
	5888 :	11010110;
	5887 :	11111111;
	5886 :	11111111;
	5885 :	11111111;
	5884 :	11111111;
	5883 :	01000000;
	5882 :	01000000;
	5881 :	01000100;
	5880 :	10001101;
	5879 :	10101101;
	5878 :	10101101;
	5877 :	10101101;
	5876 :	10101101;
	5875 :	10110001;
	5874 :	11010101;
	5873 :	11010101;
	5872 :	11011010;
	5871 :	11010110;
	5870 :	11011010;
	5869 :	11111111;
	5868 :	11111111;
	5867 :	11111111;
	5866 :	11111111;
	5865 :	11111111;
	5864 :	11111111;
	5863 :	11111111;
	5862 :	11111111;
	5861 :	00100000;
	5860 :	00100000;
	5859 :	01000000;
	5858 :	01000000;
	5857 :	01000100;
	5856 :	01100100;
	5855 :	11111111;
	5854 :	11111111;
	5853 :	11111111;
	5852 :	11111111;
	5851 :	11111111;
	5850 :	11111111;
	5849 :	11111111;
	5848 :	11111111;
	5847 :	11111111;
	5846 :	11111111;
	5845 :	11111111;
	5844 :	11111111;
	5843 :	01100100;
	5842 :	01100100;
	5841 :	01100100;
	5840 :	10101101;
	5839 :	10101101;
	5838 :	11010001;
	5837 :	11111111;
	5836 :	11111111;
	5835 :	11111111;
	5834 :	11111111;
	5833 :	11111111;
	5832 :	11111111;
	5831 :	11111111;
	5830 :	11111111;
	5829 :	11111111;
	5828 :	11111111;
	5827 :	11111111;
	5826 :	11111111;
	5825 :	01100100;
	5824 :	01100100;
	5823 :	01100100;
	5822 :	10001000;
	5821 :	10001000;
	5820 :	10001000;
	5819 :	11111111;
	5818 :	11111111;
	5817 :	11111111;
	5816 :	11111111;
	5815 :	11111111;
	5814 :	11111111;
	5813 :	11111111;
	5812 :	11111111;
	5811 :	11111111;
	5810 :	11111111;
	5809 :	11111111;
	5808 :	00100000;
	5807 :	01000000;
	5806 :	01000000;
	5805 :	01000000;
	5804 :	01000000;
	5803 :	00100000;
	5802 :	00100000;
	5801 :	00100000;
	5800 :	11111111;
	5799 :	11111111;
	5798 :	11111111;
	5797 :	11111111;
	5796 :	11111111;
	5795 :	11111111;
	5794 :	11111111;
	5793 :	11111111;
	5792 :	11111111;
	5791 :	00100000;
	5790 :	01000000;
	5789 :	01100100;
	5788 :	01100100;
	5787 :	10001000;
	5786 :	10101101;
	5785 :	10101101;
	5784 :	10110001;
	5783 :	11010001;
	5782 :	11010001;
	5781 :	11111111;
	5780 :	11111111;
	5779 :	11111111;
	5778 :	11111111;
	5777 :	11111111;
	5776 :	11111111;
	5775 :	11111111;
	5774 :	11111111;
	5773 :	00100000;
	5772 :	01000100;
	5771 :	01101000;
	5770 :	10001101;
	5769 :	10101101;
	5768 :	11010110;
	5767 :	11010001;
	5766 :	11010110;
	5765 :	11010110;
	5764 :	11011010;
	5763 :	11111111;
	5762 :	11111111;
	5761 :	11111111;
	5760 :	11111111;
	5759 :	11111111;
	5758 :	11111111;
	5757 :	01110010;
	5756 :	01110010;
	5755 :	01110010;
	5754 :	01110010;
	5753 :	01110110;
	5752 :	01110010;
	5751 :	01110110;
	5750 :	01110110;
	5749 :	01110110;
	5748 :	01110110;
	5747 :	01110110;
	5746 :	01110010;
	5745 :	01110110;
	5744 :	10010110;
	5743 :	11111111;
	5742 :	11111111;
	5741 :	11111111;
	5740 :	01110110;
	5739 :	00001000;
	5738 :	00001000;
	5737 :	00001000;
	5736 :	00001000;
	5735 :	00000100;
	5734 :	00000100;
	5733 :	00001000;
	5732 :	00000100;
	5731 :	00000100;
	5730 :	00000100;
	5729 :	00001000;
	5728 :	00001000;
	5727 :	00001000;
	5726 :	00001000;
	5725 :	10010110;
	5724 :	11111111;
	5723 :	01110110;
	5722 :	00001000;
	5721 :	00000100;
	5720 :	00000100;
	5719 :	00000100;
	5718 :	00001000;
	5717 :	00001000;
	5716 :	00000100;
	5715 :	11111111;
	5714 :	11111111;
	5713 :	00000100;
	5712 :	11111111;
	5711 :	11111111;
	5710 :	11111111;
	5709 :	00001000;
	5708 :	00000100;
	5707 :	00001000;
	5706 :	10010110;
	5705 :	01110110;
	5704 :	00000100;
	5703 :	00001000;
	5702 :	00001000;
	5701 :	00001000;
	5700 :	00001000;
	5699 :	00001000;
	5698 :	00001000;
	5697 :	00001000;
	5696 :	00001000;
	5695 :	00001000;
	5694 :	00001000;
	5693 :	00001000;
	5692 :	00000100;
	5691 :	11111111;
	5690 :	00001000;
	5689 :	00001000;
	5688 :	10010110;
	5687 :	01110110;
	5686 :	00001000;
	5685 :	00001000;
	5684 :	00001000;
	5683 :	00001000;
	5682 :	00001000;
	5681 :	00001000;
	5680 :	00001000;
	5679 :	00001000;
	5678 :	00001000;
	5677 :	00001000;
	5676 :	00001000;
	5675 :	00001000;
	5674 :	00001000;
	5673 :	00000100;
	5672 :	11111111;
	5671 :	00001000;
	5670 :	10010110;
	5669 :	01110110;
	5668 :	00001000;
	5667 :	00001000;
	5666 :	00001000;
	5665 :	00001000;
	5664 :	00001000;
	5663 :	00001000;
	5662 :	00001000;
	5661 :	00001101;
	5660 :	00001101;
	5659 :	00101101;
	5658 :	00101101;
	5657 :	00001000;
	5656 :	00001000;
	5655 :	00001000;
	5654 :	11111111;
	5653 :	00001000;
	5652 :	10010110;
	5651 :	01110110;
	5650 :	00001000;
	5649 :	00001000;
	5648 :	00001000;
	5647 :	00001000;
	5646 :	00001000;
	5645 :	00001101;
	5644 :	00001100;
	5643 :	00001100;
	5642 :	00110101;
	5641 :	00101101;
	5640 :	00110110;
	5639 :	00110101;
	5638 :	00001101;
	5637 :	00001000;
	5636 :	00001000;
	5635 :	00001000;
	5634 :	10010010;
	5633 :	01110110;
	5632 :	00001000;
	5631 :	11111111;
	5630 :	00001000;
	5629 :	00001000;
	5628 :	01010110;
	5627 :	00110001;
	5626 :	00001101;
	5625 :	00101101;
	5624 :	00101101;
	5623 :	01011010;
	5622 :	00110101;
	5621 :	00101101;
	5620 :	00101101;
	5619 :	00001000;
	5618 :	00001000;
	5617 :	00001000;
	5616 :	10010010;
	5615 :	01110110;
	5614 :	00001000;
	5613 :	11111111;
	5612 :	00001101;
	5611 :	00001100;
	5610 :	00001100;
	5609 :	00001101;
	5608 :	00001101;
	5607 :	00001101;
	5606 :	01011010;
	5605 :	00101101;
	5604 :	00101101;
	5603 :	00101101;
	5602 :	00110101;
	5601 :	00001101;
	5600 :	11111111;
	5599 :	00001000;
	5598 :	10010010;
	5597 :	01110110;
	5596 :	00001000;
	5595 :	11111111;
	5594 :	00001100;
	5593 :	00001101;
	5592 :	00001101;
	5591 :	00001101;
	5590 :	00001101;
	5589 :	00001101;
	5588 :	00101101;
	5587 :	00101101;
	5586 :	00101101;
	5585 :	01011010;
	5584 :	00101101;
	5583 :	00001101;
	5582 :	00001000;
	5581 :	00001000;
	5580 :	10010010;
	5579 :	01110010;
	5578 :	00001001;
	5577 :	00001000;
	5576 :	00101101;
	5575 :	00110101;
	5574 :	00110101;
	5573 :	00101101;
	5572 :	00110001;
	5571 :	00110101;
	5570 :	00001101;
	5569 :	00101101;
	5568 :	00101101;
	5567 :	00110101;
	5566 :	00001101;
	5565 :	00001000;
	5564 :	00001000;
	5563 :	00001000;
	5562 :	10010010;
	5561 :	01110010;
	5560 :	00001000;
	5559 :	00001101;
	5558 :	00110101;
	5557 :	00110101;
	5556 :	00101101;
	5555 :	00001101;
	5554 :	00101101;
	5553 :	00001101;
	5552 :	00110101;
	5551 :	00001101;
	5550 :	00001101;
	5549 :	00001100;
	5548 :	00001101;
	5547 :	00001000;
	5546 :	11111111;
	5545 :	00001000;
	5544 :	10010010;
	5543 :	01110110;
	5542 :	00001000;
	5541 :	11111111;
	5540 :	00001101;
	5539 :	00001101;
	5538 :	00001101;
	5537 :	00001101;
	5536 :	00001101;
	5535 :	01011010;
	5534 :	00001101;
	5533 :	00001100;
	5532 :	00001000;
	5531 :	00001000;
	5530 :	00001000;
	5529 :	00001000;
	5528 :	11111111;
	5527 :	00001000;
	5526 :	10010010;
	5525 :	01110110;
	5524 :	10010110;
	5523 :	11111111;
	5522 :	00001000;
	5521 :	00001000;
	5520 :	00001000;
	5519 :	00001000;
	5518 :	00001000;
	5517 :	00001101;
	5516 :	00001101;
	5515 :	00001000;
	5514 :	00001000;
	5513 :	00001000;
	5512 :	00111010;
	5511 :	00111010;
	5510 :	11111111;
	5509 :	10010110;
	5508 :	10010010;
	5507 :	01110110;
	5506 :	10010110;
	5505 :	01110110;
	5504 :	01110110;
	5503 :	01110110;
	5502 :	00001000;
	5501 :	00001000;
	5500 :	00001000;
	5499 :	00001000;
	5498 :	00001000;
	5497 :	00001000;
	5496 :	00111010;
	5495 :	00111010;
	5494 :	01011010;
	5493 :	01111010;
	5492 :	11111111;
	5491 :	10010110;
	5490 :	10010010;
	5489 :	01110010;
	5488 :	10010110;
	5487 :	11111111;
	5486 :	01110110;
	5485 :	10010110;
	5484 :	10010110;
	5483 :	10010110;
	5482 :	00001000;
	5481 :	00001000;
	5480 :	01011010;
	5479 :	01111010;
	5478 :	01011010;
	5477 :	01111010;
	5476 :	01110110;
	5475 :	01110110;
	5474 :	11111111;
	5473 :	10010110;
	5472 :	10010110;
	5471 :	01110110;
	5470 :	10010110;
	5469 :	10010110;
	5468 :	10010110;
	5467 :	10010110;
	5466 :	01110110;
	5465 :	01110110;
	5464 :	10010110;
	5463 :	10010110;
	5462 :	01111010;
	5461 :	01111010;
	5460 :	10010110;
	5459 :	01110110;
	5458 :	10010110;
	5457 :	01110110;
	5456 :	11111111;
	5455 :	01110110;
	5454 :	10010110;
	5453 :	01110110;
	5452 :	01110110;
	5451 :	01110110;
	5450 :	01110110;
	5449 :	10010110;
	5448 :	10010110;
	5447 :	10010110;
	5446 :	10010110;
	5445 :	10010110;
	5444 :	10010110;
	5443 :	10010110;
	5442 :	10010110;
	5441 :	10010110;
	5440 :	10010110;
	5439 :	10010110;
	5438 :	11111111;
	5437 :	01110110;
	5436 :	10010110;
	5435 :	01110110;
	5434 :	01110110;
	5433 :	01110110;
	5432 :	10010110;
	5431 :	10010110;
	5430 :	10010110;
	5429 :	10010110;
	5428 :	10010110;
	5427 :	10010110;
	5426 :	01110110;
	5425 :	10010110;
	5424 :	10010110;
	5423 :	10010110;
	5422 :	10010110;
	5421 :	10010110;
	5420 :	01110110;
	5419 :	01110110;
	5418 :	10010110;
	5417 :	01110110;
	5416 :	10010110;
	5415 :	10010110;
	5414 :	10010110;
	5413 :	10010110;
	5412 :	10010110;
	5411 :	10010110;
	5410 :	10010110;
	5409 :	10010110;
	5408 :	10010110;
	5407 :	10010110;
	5406 :	10010110;
	5405 :	10010110;
	5404 :	10010110;
	5403 :	10010110;
	5402 :	10010110;
	5401 :	01110110;
	5400 :	10010110;
	5399 :	11111111;
	5398 :	01010010;
	5397 :	01010010;
	5396 :	01010010;
	5395 :	01010010;
	5394 :	01010010;
	5393 :	01010010;
	5392 :	01010010;
	5391 :	01010010;
	5390 :	01010010;
	5389 :	01010010;
	5388 :	01010010;
	5387 :	01010010;
	5386 :	01110010;
	5385 :	10010110;
	5384 :	01110010;
	5383 :	10010110;
	5382 :	11111111;
	5381 :	11111111;
	5380 :	11111111;
	5379 :	01010010;
	5378 :	01010010;
	5377 :	01010010;
	5376 :	01001101;
	5375 :	01001101;
	5374 :	01001101;
	5373 :	01001101;
	5372 :	01001101;
	5371 :	01001101;
	5370 :	01001101;
	5369 :	01001101;
	5368 :	01010010;
	5367 :	01010010;
	5366 :	01010010;
	5365 :	11111111;
	5364 :	11111111;
	5363 :	11111111;
	5362 :	00101110;
	5361 :	00101110;
	5360 :	00110010;
	5359 :	00101110;
	5358 :	00101110;
	5357 :	10011010;
	5356 :	00110010;
	5355 :	00101110;
	5354 :	01010010;
	5353 :	00101110;
	5352 :	01010010;
	5351 :	01010010;
	5350 :	00101110;
	5349 :	11111111;
	5348 :	01010110;
	5347 :	00110010;
	5346 :	11111111;
	5345 :	11111111;
	5344 :	11111111;
	5343 :	11111111;
	5342 :	11111111;
	5341 :	00100000;
	5340 :	00100000;
	5339 :	00100000;
	5338 :	00100000;
	5337 :	00100000;
	5336 :	00100000;
	5335 :	00100000;
	5334 :	00100000;
	5333 :	01000000;
	5332 :	01000000;
	5331 :	11111111;
	5330 :	11111111;
	5329 :	11111111;
	5328 :	11111111;
	5327 :	11111111;
	5326 :	11111111;
	5325 :	01000000;
	5324 :	01000000;
	5323 :	01100100;
	5322 :	10001001;
	5321 :	10101101;
	5320 :	10101101;
	5319 :	10101101;
	5318 :	10101101;
	5317 :	10110001;
	5316 :	11010101;
	5315 :	11011010;
	5314 :	11010110;
	5313 :	11010110;
	5312 :	11010110;
	5311 :	11111111;
	5310 :	11111111;
	5309 :	11111111;
	5308 :	11111111;
	5307 :	01000000;
	5306 :	01000000;
	5305 :	01000100;
	5304 :	10001101;
	5303 :	10101101;
	5302 :	10101101;
	5301 :	10101101;
	5300 :	10101101;
	5299 :	10110001;
	5298 :	11010101;
	5297 :	11010101;
	5296 :	11011010;
	5295 :	11010110;
	5294 :	11011010;
	5293 :	11111111;
	5292 :	11111111;
	5291 :	11111111;
	5290 :	11111111;
	5289 :	11111111;
	5288 :	11111111;
	5287 :	11111111;
	5286 :	11111111;
	5285 :	00100000;
	5284 :	00100000;
	5283 :	01000000;
	5282 :	01000000;
	5281 :	01000100;
	5280 :	01100100;
	5279 :	11111111;
	5278 :	11111111;
	5277 :	11111111;
	5276 :	11111111;
	5275 :	11111111;
	5274 :	11111111;
	5273 :	11111111;
	5272 :	11111111;
	5271 :	11111111;
	5270 :	11111111;
	5269 :	11111111;
	5268 :	11111111;
	5267 :	01100100;
	5266 :	01100100;
	5265 :	01100100;
	5264 :	10101101;
	5263 :	10101101;
	5262 :	11010001;
	5261 :	11111111;
	5260 :	11111111;
	5259 :	11111111;
	5258 :	11111111;
	5257 :	11111111;
	5256 :	11111111;
	5255 :	11111111;
	5254 :	11111111;
	5253 :	11111111;
	5252 :	11111111;
	5251 :	11111111;
	5250 :	11111111;
	5249 :	01100100;
	5248 :	01100100;
	5247 :	01100100;
	5246 :	10001000;
	5245 :	10001000;
	5244 :	10001000;
	5243 :	11111111;
	5242 :	11111111;
	5241 :	11111111;
	5240 :	11111111;
	5239 :	11111111;
	5238 :	11111111;
	5237 :	11111111;
	5236 :	11111111;
	5235 :	11111111;
	5234 :	11111111;
	5233 :	11111111;
	5232 :	00100000;
	5231 :	01000000;
	5230 :	01000000;
	5229 :	01000000;
	5228 :	01000000;
	5227 :	00100000;
	5226 :	00100000;
	5225 :	00100000;
	5224 :	11111111;
	5223 :	11111111;
	5222 :	11111111;
	5221 :	11111111;
	5220 :	11111111;
	5219 :	11111111;
	5218 :	11111111;
	5217 :	11111111;
	5216 :	11111111;
	5215 :	00100000;
	5214 :	01000000;
	5213 :	01100100;
	5212 :	01100100;
	5211 :	10001000;
	5210 :	10101101;
	5209 :	10101101;
	5208 :	10110001;
	5207 :	11010001;
	5206 :	11010001;
	5205 :	11111111;
	5204 :	11111111;
	5203 :	11111111;
	5202 :	11111111;
	5201 :	11111111;
	5200 :	11111111;
	5199 :	11111111;
	5198 :	11111111;
	5197 :	00100000;
	5196 :	01000100;
	5195 :	01101000;
	5194 :	10001101;
	5193 :	10101101;
	5192 :	11010110;
	5191 :	11010001;
	5190 :	11010110;
	5189 :	11010110;
	5188 :	11011010;
	5187 :	11111111;
	5186 :	11111111;
	5185 :	11111111;
	5184 :	11111111;
	5183 :	11111111;
	5182 :	11111111;
	5181 :	01110010;
	5180 :	01110010;
	5179 :	01110010;
	5178 :	01110010;
	5177 :	01110110;
	5176 :	01110010;
	5175 :	01110110;
	5174 :	01110110;
	5173 :	01110110;
	5172 :	01110110;
	5171 :	01110110;
	5170 :	01110010;
	5169 :	01110110;
	5168 :	10010110;
	5167 :	11111111;
	5166 :	11111111;
	5165 :	11111111;
	5164 :	01110110;
	5163 :	00001000;
	5162 :	00001000;
	5161 :	00001000;
	5160 :	00001000;
	5159 :	00000100;
	5158 :	00000100;
	5157 :	00000100;
	5156 :	00000100;
	5155 :	00000100;
	5154 :	00000100;
	5153 :	00001000;
	5152 :	00001000;
	5151 :	00001000;
	5150 :	00001000;
	5149 :	10010110;
	5148 :	11111111;
	5147 :	01110110;
	5146 :	00001000;
	5145 :	00000100;
	5144 :	00000100;
	5143 :	00000100;
	5142 :	00001000;
	5141 :	00001000;
	5140 :	00000100;
	5139 :	11111111;
	5138 :	11111111;
	5137 :	00000100;
	5136 :	11111111;
	5135 :	11111111;
	5134 :	11111111;
	5133 :	00001000;
	5132 :	00000100;
	5131 :	00001000;
	5130 :	10010110;
	5129 :	01110110;
	5128 :	00000100;
	5127 :	00001000;
	5126 :	00001000;
	5125 :	00001000;
	5124 :	00001000;
	5123 :	00001000;
	5122 :	00001000;
	5121 :	00001000;
	5120 :	00001000;
	5119 :	00001000;
	5118 :	00001000;
	5117 :	00001000;
	5116 :	00000100;
	5115 :	11111111;
	5114 :	00001000;
	5113 :	00001000;
	5112 :	10010110;
	5111 :	01110110;
	5110 :	00001000;
	5109 :	00001000;
	5108 :	00001000;
	5107 :	00001000;
	5106 :	00001000;
	5105 :	00001000;
	5104 :	00001000;
	5103 :	00001000;
	5102 :	00001000;
	5101 :	00001000;
	5100 :	00001000;
	5099 :	00001000;
	5098 :	00001000;
	5097 :	00000100;
	5096 :	11111111;
	5095 :	00001000;
	5094 :	10010110;
	5093 :	01110110;
	5092 :	00001000;
	5091 :	00001000;
	5090 :	00001000;
	5089 :	00001000;
	5088 :	00001000;
	5087 :	00001000;
	5086 :	00001000;
	5085 :	00001000;
	5084 :	00001100;
	5083 :	00001101;
	5082 :	00001101;
	5081 :	00001000;
	5080 :	00001000;
	5079 :	00001000;
	5078 :	11111111;
	5077 :	00001000;
	5076 :	10010110;
	5075 :	01110110;
	5074 :	00001000;
	5073 :	00001000;
	5072 :	00001000;
	5071 :	00001000;
	5070 :	00001000;
	5069 :	00001101;
	5068 :	00001100;
	5067 :	00001100;
	5066 :	00101101;
	5065 :	00001101;
	5064 :	00110110;
	5063 :	00101101;
	5062 :	00001101;
	5061 :	00001000;
	5060 :	00001000;
	5059 :	00001000;
	5058 :	10010010;
	5057 :	01110110;
	5056 :	00001000;
	5055 :	11111111;
	5054 :	00001000;
	5053 :	00001000;
	5052 :	01010110;
	5051 :	00110001;
	5050 :	00001101;
	5049 :	00101101;
	5048 :	00110101;
	5047 :	00101101;
	5046 :	00110101;
	5045 :	00110101;
	5044 :	00101101;
	5043 :	00001000;
	5042 :	00001000;
	5041 :	00001000;
	5040 :	10010010;
	5039 :	01110110;
	5038 :	00001000;
	5037 :	11111111;
	5036 :	00001101;
	5035 :	00101101;
	5034 :	00101101;
	5033 :	00101101;
	5032 :	00001101;
	5031 :	00001101;
	5030 :	00101101;
	5029 :	00101101;
	5028 :	00101101;
	5027 :	00110101;
	5026 :	00101101;
	5025 :	00001101;
	5024 :	11111111;
	5023 :	00001000;
	5022 :	10010010;
	5021 :	01110110;
	5020 :	00001000;
	5019 :	11111111;
	5018 :	00101101;
	5017 :	00110101;
	5016 :	00110101;
	5015 :	00101101;
	5014 :	00001101;
	5013 :	00001101;
	5012 :	01011010;
	5011 :	00101101;
	5010 :	00101101;
	5009 :	00101101;
	5008 :	00110101;
	5007 :	00001101;
	5006 :	00001000;
	5005 :	00001000;
	5004 :	10010010;
	5003 :	01110010;
	5002 :	00001001;
	5001 :	00001000;
	5000 :	00110101;
	4999 :	00110101;
	4998 :	00001101;
	4997 :	00101101;
	4996 :	00110001;
	4995 :	00110101;
	4994 :	00001101;
	4993 :	00101101;
	4992 :	00101101;
	4991 :	01011010;
	4990 :	00101101;
	4989 :	00001101;
	4988 :	00001000;
	4987 :	00001000;
	4986 :	10010010;
	4985 :	01110010;
	4984 :	00001000;
	4983 :	00001101;
	4982 :	00001101;
	4981 :	00001101;
	4980 :	00101101;
	4979 :	00001101;
	4978 :	00101101;
	4977 :	00001101;
	4976 :	00101101;
	4975 :	00001101;
	4974 :	00001101;
	4973 :	00110101;
	4972 :	00001101;
	4971 :	00001000;
	4970 :	11111111;
	4969 :	00001000;
	4968 :	10010010;
	4967 :	01110110;
	4966 :	00001000;
	4965 :	11111111;
	4964 :	00001000;
	4963 :	00001000;
	4962 :	00001000;
	4961 :	00001000;
	4960 :	00001101;
	4959 :	01011010;
	4958 :	00110101;
	4957 :	00001101;
	4956 :	00001101;
	4955 :	00001101;
	4954 :	00001000;
	4953 :	00001000;
	4952 :	11111111;
	4951 :	00001000;
	4950 :	10010010;
	4949 :	01110110;
	4948 :	10010110;
	4947 :	11111111;
	4946 :	00001000;
	4945 :	00001000;
	4944 :	00001000;
	4943 :	00001000;
	4942 :	00001000;
	4941 :	00001101;
	4940 :	00001101;
	4939 :	00001101;
	4938 :	00001101;
	4937 :	00001000;
	4936 :	00001000;
	4935 :	01011010;
	4934 :	11111111;
	4933 :	10010110;
	4932 :	10010010;
	4931 :	01110110;
	4930 :	10010110;
	4929 :	01110110;
	4928 :	01110110;
	4927 :	01110110;
	4926 :	01011010;
	4925 :	00001000;
	4924 :	00001000;
	4923 :	00001000;
	4922 :	00001000;
	4921 :	00001000;
	4920 :	00001000;
	4919 :	01011010;
	4918 :	01111010;
	4917 :	10010110;
	4916 :	11111111;
	4915 :	10010110;
	4914 :	10010010;
	4913 :	01110010;
	4912 :	10010110;
	4911 :	11111111;
	4910 :	01110110;
	4909 :	10010110;
	4908 :	10010110;
	4907 :	10010110;
	4906 :	01111010;
	4905 :	00001000;
	4904 :	00001000;
	4903 :	01111010;
	4902 :	01111010;
	4901 :	01110110;
	4900 :	01110110;
	4899 :	01110110;
	4898 :	11111111;
	4897 :	10010110;
	4896 :	10010110;
	4895 :	01110110;
	4894 :	10010110;
	4893 :	10010110;
	4892 :	10010110;
	4891 :	10010110;
	4890 :	01110110;
	4889 :	01110110;
	4888 :	10010110;
	4887 :	01111010;
	4886 :	01111010;
	4885 :	10010110;
	4884 :	10010110;
	4883 :	01110110;
	4882 :	10010110;
	4881 :	01110110;
	4880 :	11111111;
	4879 :	01110110;
	4878 :	10010110;
	4877 :	01110110;
	4876 :	01110110;
	4875 :	01110110;
	4874 :	01110110;
	4873 :	10010110;
	4872 :	10010110;
	4871 :	10010110;
	4870 :	10010110;
	4869 :	10010110;
	4868 :	10010110;
	4867 :	10010110;
	4866 :	10010110;
	4865 :	10010110;
	4864 :	10010110;
	4863 :	10010110;
	4862 :	11111111;
	4861 :	01110110;
	4860 :	10010110;
	4859 :	01110110;
	4858 :	01110110;
	4857 :	01110110;
	4856 :	10010110;
	4855 :	10010110;
	4854 :	10010110;
	4853 :	10010110;
	4852 :	10010110;
	4851 :	10010110;
	4850 :	01110110;
	4849 :	10010110;
	4848 :	10010110;
	4847 :	10010110;
	4846 :	10010110;
	4845 :	10010110;
	4844 :	01110110;
	4843 :	01110110;
	4842 :	10010110;
	4841 :	01110110;
	4840 :	10010110;
	4839 :	10010110;
	4838 :	10010110;
	4837 :	10010110;
	4836 :	10010110;
	4835 :	10010110;
	4834 :	10010110;
	4833 :	10010110;
	4832 :	10010110;
	4831 :	10010110;
	4830 :	10010110;
	4829 :	10010110;
	4828 :	10010110;
	4827 :	10010110;
	4826 :	10010110;
	4825 :	01110110;
	4824 :	10010110;
	4823 :	11111111;
	4822 :	01010010;
	4821 :	01010010;
	4820 :	01010010;
	4819 :	01010010;
	4818 :	01010010;
	4817 :	01010010;
	4816 :	01010010;
	4815 :	01010010;
	4814 :	01010010;
	4813 :	01010010;
	4812 :	01010010;
	4811 :	01010010;
	4810 :	01110010;
	4809 :	10010110;
	4808 :	01110010;
	4807 :	10010110;
	4806 :	11111111;
	4805 :	11111111;
	4804 :	11111111;
	4803 :	01010010;
	4802 :	01010010;
	4801 :	01010010;
	4800 :	01001101;
	4799 :	01001101;
	4798 :	01001101;
	4797 :	01001101;
	4796 :	01001101;
	4795 :	01001101;
	4794 :	01001101;
	4793 :	01001101;
	4792 :	01010010;
	4791 :	01010010;
	4790 :	01010010;
	4789 :	11111111;
	4788 :	11111111;
	4787 :	11111111;
	4786 :	00101110;
	4785 :	00101110;
	4784 :	00110010;
	4783 :	00101110;
	4782 :	00101110;
	4781 :	10011010;
	4780 :	00110010;
	4779 :	00101110;
	4778 :	01010010;
	4777 :	00101110;
	4776 :	01010010;
	4775 :	01010010;
	4774 :	00101110;
	4773 :	11111111;
	4772 :	01010110;
	4771 :	00110010;
	4770 :	11111111;
	4769 :	11111111;
	4768 :	11111111;
	4767 :	11111111;
	4766 :	11111111;
	4765 :	00100000;
	4764 :	00100000;
	4763 :	00100000;
	4762 :	00100000;
	4761 :	00100000;
	4760 :	00100000;
	4759 :	00100000;
	4758 :	00100000;
	4757 :	01000000;
	4756 :	01000000;
	4755 :	11111111;
	4754 :	11111111;
	4753 :	11111111;
	4752 :	11111111;
	4751 :	11111111;
	4750 :	11111111;
	4749 :	01000000;
	4748 :	01000000;
	4747 :	01100100;
	4746 :	10001001;
	4745 :	10101101;
	4744 :	10101101;
	4743 :	10101101;
	4742 :	10101101;
	4741 :	10110001;
	4740 :	11010101;
	4739 :	11011010;
	4738 :	11010110;
	4737 :	11010110;
	4736 :	11010110;
	4735 :	11111111;
	4734 :	11111111;
	4733 :	11111111;
	4732 :	11111111;
	4731 :	01000000;
	4730 :	01000000;
	4729 :	01000100;
	4728 :	10001101;
	4727 :	10101101;
	4726 :	10101101;
	4725 :	10101101;
	4724 :	10101101;
	4723 :	10110001;
	4722 :	11010101;
	4721 :	11010101;
	4720 :	11011010;
	4719 :	11010110;
	4718 :	11011010;
	4717 :	11111111;
	4716 :	11111111;
	4715 :	11111111;
	4714 :	11111111;
	4713 :	11111111;
	4712 :	11111111;
	4711 :	11111111;
	4710 :	11111111;
	4709 :	00100000;
	4708 :	00100000;
	4707 :	01000000;
	4706 :	01000000;
	4705 :	01000100;
	4704 :	01100100;
	4703 :	11111111;
	4702 :	11111111;
	4701 :	11111111;
	4700 :	11111111;
	4699 :	11111111;
	4698 :	11111111;
	4697 :	11111111;
	4696 :	11111111;
	4695 :	11111111;
	4694 :	11111111;
	4693 :	11111111;
	4692 :	11111111;
	4691 :	01100100;
	4690 :	01100100;
	4689 :	01100100;
	4688 :	10101101;
	4687 :	10101101;
	4686 :	11010001;
	4685 :	11111111;
	4684 :	11111111;
	4683 :	11111111;
	4682 :	11111111;
	4681 :	11111111;
	4680 :	11111111;
	4679 :	11111111;
	4678 :	11111111;
	4677 :	11111111;
	4676 :	11111111;
	4675 :	11111111;
	4674 :	11111111;
	4673 :	01100100;
	4672 :	01100100;
	4671 :	01100100;
	4670 :	10001000;
	4669 :	10001000;
	4668 :	10001000;
	4667 :	11111111;
	4666 :	11111111;
	4665 :	11111111;
	4664 :	11111111;
	4663 :	11111111;
	4662 :	11111111;
	4661 :	11111111;
	4660 :	11111111;
	4659 :	11111111;
	4658 :	11111111;
	4657 :	11111111;
	4656 :	00100000;
	4655 :	01000000;
	4654 :	01000000;
	4653 :	01000000;
	4652 :	01000000;
	4651 :	00100000;
	4650 :	00100000;
	4649 :	00100000;
	4648 :	11111111;
	4647 :	11111111;
	4646 :	11111111;
	4645 :	11111111;
	4644 :	11111111;
	4643 :	11111111;
	4642 :	11111111;
	4641 :	11111111;
	4640 :	11111111;
	4639 :	00100000;
	4638 :	01000000;
	4637 :	01100100;
	4636 :	01100100;
	4635 :	10001000;
	4634 :	10101101;
	4633 :	10101101;
	4632 :	10110001;
	4631 :	11010001;
	4630 :	11010001;
	4629 :	11111111;
	4628 :	11111111;
	4627 :	11111111;
	4626 :	11111111;
	4625 :	11111111;
	4624 :	11111111;
	4623 :	11111111;
	4622 :	11111111;
	4621 :	00100000;
	4620 :	01000100;
	4619 :	01101000;
	4618 :	10001101;
	4617 :	10101101;
	4616 :	11010110;
	4615 :	11010001;
	4614 :	11010110;
	4613 :	11010110;
	4612 :	11011010;
	4611 :	11111111;
	4610 :	11111111;
	4609 :	11111111;
	4608 :	11111111;
	4607 :	11111111;
	4606 :	11111111;
	4605 :	01110010;
	4604 :	01110010;
	4603 :	01110010;
	4602 :	01110010;
	4601 :	01110110;
	4600 :	01110010;
	4599 :	01110110;
	4598 :	01110110;
	4597 :	01110110;
	4596 :	01110110;
	4595 :	01110110;
	4594 :	01110010;
	4593 :	01110110;
	4592 :	10010110;
	4591 :	11111111;
	4590 :	11111111;
	4589 :	11111111;
	4588 :	01110110;
	4587 :	00001000;
	4586 :	00001000;
	4585 :	00001000;
	4584 :	00001000;
	4583 :	00000100;
	4582 :	00000100;
	4581 :	00000100;
	4580 :	00000100;
	4579 :	00000100;
	4578 :	00000100;
	4577 :	00001000;
	4576 :	00001000;
	4575 :	00001000;
	4574 :	00001000;
	4573 :	10010110;
	4572 :	11111111;
	4571 :	01110110;
	4570 :	00001000;
	4569 :	00000100;
	4568 :	00000100;
	4567 :	00000100;
	4566 :	00001000;
	4565 :	00001000;
	4564 :	00000100;
	4563 :	11111111;
	4562 :	11111111;
	4561 :	00000100;
	4560 :	11111111;
	4559 :	11111111;
	4558 :	11111111;
	4557 :	00001000;
	4556 :	00000100;
	4555 :	00001000;
	4554 :	10010110;
	4553 :	01110110;
	4552 :	00000100;
	4551 :	00001000;
	4550 :	00001000;
	4549 :	00001000;
	4548 :	00001000;
	4547 :	00001000;
	4546 :	00001000;
	4545 :	00001000;
	4544 :	00001000;
	4543 :	00001000;
	4542 :	00001000;
	4541 :	00001000;
	4540 :	00000100;
	4539 :	11111111;
	4538 :	00001000;
	4537 :	00001000;
	4536 :	10010110;
	4535 :	01110110;
	4534 :	00001000;
	4533 :	00001000;
	4532 :	00001000;
	4531 :	00001000;
	4530 :	00001000;
	4529 :	00001000;
	4528 :	00001000;
	4527 :	00001000;
	4526 :	00001000;
	4525 :	00001000;
	4524 :	00001000;
	4523 :	00001000;
	4522 :	00001000;
	4521 :	00000100;
	4520 :	11111111;
	4519 :	00001000;
	4518 :	10010110;
	4517 :	01110110;
	4516 :	00001000;
	4515 :	00001000;
	4514 :	00001000;
	4513 :	00001000;
	4512 :	00001000;
	4511 :	00001000;
	4510 :	00001000;
	4509 :	00001000;
	4508 :	00001000;
	4507 :	00001101;
	4506 :	00001101;
	4505 :	00001000;
	4504 :	00001000;
	4503 :	00001000;
	4502 :	11111111;
	4501 :	00001000;
	4500 :	10010110;
	4499 :	01110110;
	4498 :	00001000;
	4497 :	00001000;
	4496 :	00001000;
	4495 :	00001000;
	4494 :	00001000;
	4493 :	00001101;
	4492 :	00001100;
	4491 :	00001100;
	4490 :	00101101;
	4489 :	00001101;
	4488 :	00101101;
	4487 :	00001101;
	4486 :	00001101;
	4485 :	00001000;
	4484 :	00001000;
	4483 :	00001000;
	4482 :	10010010;
	4481 :	01110110;
	4480 :	00001000;
	4479 :	11111111;
	4478 :	00001000;
	4477 :	00001000;
	4476 :	01010110;
	4475 :	00110001;
	4474 :	00001101;
	4473 :	00110101;
	4472 :	00110101;
	4471 :	00101101;
	4470 :	00110110;
	4469 :	00110101;
	4468 :	00101101;
	4467 :	00001000;
	4466 :	00001000;
	4465 :	00001000;
	4464 :	10010010;
	4463 :	01110110;
	4462 :	00001000;
	4461 :	11111111;
	4460 :	00001101;
	4459 :	00101101;
	4458 :	00101101;
	4457 :	00101101;
	4456 :	00001101;
	4455 :	00001101;
	4454 :	00101101;
	4453 :	00101101;
	4452 :	00101101;
	4451 :	00110101;
	4450 :	00101101;
	4449 :	00001101;
	4448 :	11111111;
	4447 :	00001000;
	4446 :	10010010;
	4445 :	01110110;
	4444 :	00001000;
	4443 :	11111111;
	4442 :	00101101;
	4441 :	00110101;
	4440 :	00110101;
	4439 :	00101101;
	4438 :	00001101;
	4437 :	00110101;
	4436 :	01011010;
	4435 :	00101101;
	4434 :	00101101;
	4433 :	00101101;
	4432 :	00110101;
	4431 :	00001101;
	4430 :	00001000;
	4429 :	00001000;
	4428 :	10010010;
	4427 :	01110010;
	4426 :	00001001;
	4425 :	00001000;
	4424 :	00110101;
	4423 :	00110101;
	4422 :	00001101;
	4421 :	00101101;
	4420 :	00110001;
	4419 :	00001101;
	4418 :	00001101;
	4417 :	00101101;
	4416 :	00101101;
	4415 :	01011010;
	4414 :	00101101;
	4413 :	00001101;
	4412 :	00001000;
	4411 :	00001000;
	4410 :	10010010;
	4409 :	01110010;
	4408 :	00001000;
	4407 :	00001101;
	4406 :	00001101;
	4405 :	00101101;
	4404 :	00001101;
	4403 :	00001101;
	4402 :	00101101;
	4401 :	01011010;
	4400 :	00101101;
	4399 :	00001101;
	4398 :	00001101;
	4397 :	00110101;
	4396 :	00001101;
	4395 :	00001000;
	4394 :	11111111;
	4393 :	00001000;
	4392 :	10010010;
	4391 :	01110110;
	4390 :	00001000;
	4389 :	11111111;
	4388 :	00001000;
	4387 :	00001000;
	4386 :	00001000;
	4385 :	00001000;
	4384 :	00001101;
	4383 :	00001101;
	4382 :	00110101;
	4381 :	00001101;
	4380 :	00001101;
	4379 :	00001101;
	4378 :	00001101;
	4377 :	00001000;
	4376 :	11111111;
	4375 :	00001000;
	4374 :	10010010;
	4373 :	01110110;
	4372 :	10010110;
	4371 :	11111111;
	4370 :	00111010;
	4369 :	00001000;
	4368 :	00001000;
	4367 :	00001000;
	4366 :	00001000;
	4365 :	00001000;
	4364 :	00001100;
	4363 :	00001000;
	4362 :	00001000;
	4361 :	00001001;
	4360 :	00001000;
	4359 :	00001000;
	4358 :	11111111;
	4357 :	10010110;
	4356 :	10010010;
	4355 :	01110110;
	4354 :	10010110;
	4353 :	01110110;
	4352 :	01110110;
	4351 :	00111010;
	4350 :	00111010;
	4349 :	01011010;
	4348 :	00001000;
	4347 :	00001000;
	4346 :	00001000;
	4345 :	00001000;
	4344 :	00001000;
	4343 :	00001000;
	4342 :	01110110;
	4341 :	10010110;
	4340 :	11111111;
	4339 :	10010110;
	4338 :	10010010;
	4337 :	01110010;
	4336 :	10010110;
	4335 :	11111111;
	4334 :	01110110;
	4333 :	10010110;
	4332 :	10010110;
	4331 :	01011010;
	4330 :	01111010;
	4329 :	01111010;
	4328 :	00001000;
	4327 :	00001000;
	4326 :	10010110;
	4325 :	01110110;
	4324 :	01110110;
	4323 :	01110110;
	4322 :	11111111;
	4321 :	10010110;
	4320 :	10010110;
	4319 :	01110110;
	4318 :	10010110;
	4317 :	10010110;
	4316 :	10010110;
	4315 :	10010110;
	4314 :	01110110;
	4313 :	01110110;
	4312 :	01111010;
	4311 :	01111010;
	4310 :	10010110;
	4309 :	10010110;
	4308 :	10010110;
	4307 :	01110110;
	4306 :	10010110;
	4305 :	01110110;
	4304 :	11111111;
	4303 :	01110110;
	4302 :	10010110;
	4301 :	01110110;
	4300 :	01110110;
	4299 :	01110110;
	4298 :	01110110;
	4297 :	10010110;
	4296 :	10010110;
	4295 :	10010110;
	4294 :	10010110;
	4293 :	10010110;
	4292 :	10010110;
	4291 :	10010110;
	4290 :	10010110;
	4289 :	10010110;
	4288 :	10010110;
	4287 :	10010110;
	4286 :	11111111;
	4285 :	01110110;
	4284 :	10010110;
	4283 :	01110110;
	4282 :	01110110;
	4281 :	01110110;
	4280 :	10010110;
	4279 :	10010110;
	4278 :	10010110;
	4277 :	10010110;
	4276 :	10010110;
	4275 :	10010110;
	4274 :	01110110;
	4273 :	10010110;
	4272 :	10010110;
	4271 :	10010110;
	4270 :	10010110;
	4269 :	10010110;
	4268 :	01110110;
	4267 :	01110110;
	4266 :	10010110;
	4265 :	01110110;
	4264 :	10010110;
	4263 :	10010110;
	4262 :	10010110;
	4261 :	10010110;
	4260 :	10010110;
	4259 :	10010110;
	4258 :	10010110;
	4257 :	10010110;
	4256 :	10010110;
	4255 :	10010110;
	4254 :	10010110;
	4253 :	10010110;
	4252 :	10010110;
	4251 :	10010110;
	4250 :	10010110;
	4249 :	01110110;
	4248 :	10010110;
	4247 :	11111111;
	4246 :	01010010;
	4245 :	01010010;
	4244 :	01010010;
	4243 :	01010010;
	4242 :	01010010;
	4241 :	01010010;
	4240 :	01010010;
	4239 :	01010010;
	4238 :	01010010;
	4237 :	01010010;
	4236 :	01010010;
	4235 :	01010010;
	4234 :	01110010;
	4233 :	10010110;
	4232 :	01110010;
	4231 :	10010110;
	4230 :	11111111;
	4229 :	11111111;
	4228 :	11111111;
	4227 :	01010010;
	4226 :	01010010;
	4225 :	01010010;
	4224 :	01001101;
	4223 :	01001101;
	4222 :	01001101;
	4221 :	01001101;
	4220 :	01001101;
	4219 :	01001101;
	4218 :	01001101;
	4217 :	01001101;
	4216 :	01010010;
	4215 :	01010010;
	4214 :	01010010;
	4213 :	11111111;
	4212 :	11111111;
	4211 :	11111111;
	4210 :	00101110;
	4209 :	00101110;
	4208 :	00110010;
	4207 :	00101110;
	4206 :	00101110;
	4205 :	10011010;
	4204 :	00110010;
	4203 :	00101110;
	4202 :	01010010;
	4201 :	00101110;
	4200 :	01010010;
	4199 :	01010010;
	4198 :	00101110;
	4197 :	11111111;
	4196 :	01010110;
	4195 :	00110010;
	4194 :	11111111;
	4193 :	11111111;
	4192 :	11111111;
	4191 :	11111111;
	4190 :	11111111;
	4189 :	00100000;
	4188 :	00100000;
	4187 :	00100000;
	4186 :	00100000;
	4185 :	00100000;
	4184 :	00100000;
	4183 :	00100000;
	4182 :	00100000;
	4181 :	01000000;
	4180 :	01000000;
	4179 :	11111111;
	4178 :	11111111;
	4177 :	11111111;
	4176 :	11111111;
	4175 :	11111111;
	4174 :	11111111;
	4173 :	01000000;
	4172 :	01000000;
	4171 :	01100100;
	4170 :	10001001;
	4169 :	10101101;
	4168 :	10101101;
	4167 :	10101101;
	4166 :	10101101;
	4165 :	10110001;
	4164 :	11010101;
	4163 :	11011010;
	4162 :	11010110;
	4161 :	11010110;
	4160 :	11010110;
	4159 :	11111111;
	4158 :	11111111;
	4157 :	11111111;
	4156 :	11111111;
	4155 :	01000000;
	4154 :	01000000;
	4153 :	01000100;
	4152 :	10001101;
	4151 :	10101101;
	4150 :	10101101;
	4149 :	10101101;
	4148 :	10101101;
	4147 :	10110001;
	4146 :	11010101;
	4145 :	11010101;
	4144 :	11011010;
	4143 :	11010110;
	4142 :	11011010;
	4141 :	11111111;
	4140 :	11111111;
	4139 :	11111111;
	4138 :	11111111;
	4137 :	11111111;
	4136 :	11111111;
	4135 :	11111111;
	4134 :	11111111;
	4133 :	00100000;
	4132 :	00100000;
	4131 :	01000000;
	4130 :	01000000;
	4129 :	01000100;
	4128 :	01100100;
	4127 :	11111111;
	4126 :	11111111;
	4125 :	11111111;
	4124 :	11111111;
	4123 :	11111111;
	4122 :	11111111;
	4121 :	11111111;
	4120 :	11111111;
	4119 :	11111111;
	4118 :	11111111;
	4117 :	11111111;
	4116 :	11111111;
	4115 :	01100100;
	4114 :	01100100;
	4113 :	01100100;
	4112 :	10101101;
	4111 :	10101101;
	4110 :	11010001;
	4109 :	11111111;
	4108 :	11111111;
	4107 :	11111111;
	4106 :	11111111;
	4105 :	11111111;
	4104 :	11111111;
	4103 :	11111111;
	4102 :	11111111;
	4101 :	11111111;
	4100 :	11111111;
	4099 :	11111111;
	4098 :	11111111;
	4097 :	01100100;
	4096 :	01100100;
	4095 :	01100100;
	4094 :	10001000;
	4093 :	10001000;
	4092 :	10001000;
	4091 :	11111111;
	4090 :	11111111;
	4089 :	11111111;
	4088 :	11111111;
	4087 :	11111111;
	4086 :	11111111;
	4085 :	11111111;
	4084 :	11111111;
	4083 :	11111111;
	4082 :	11111111;
	4081 :	11111111;
	4080 :	00100000;
	4079 :	01000000;
	4078 :	01000000;
	4077 :	01000000;
	4076 :	01000000;
	4075 :	00100000;
	4074 :	00100000;
	4073 :	00100000;
	4072 :	11111111;
	4071 :	11111111;
	4070 :	11111111;
	4069 :	11111111;
	4068 :	11111111;
	4067 :	11111111;
	4066 :	11111111;
	4065 :	11111111;
	4064 :	11111111;
	4063 :	00100000;
	4062 :	01000000;
	4061 :	01100100;
	4060 :	01100100;
	4059 :	10001000;
	4058 :	10101101;
	4057 :	10101101;
	4056 :	10110001;
	4055 :	11010001;
	4054 :	11010001;
	4053 :	11111111;
	4052 :	11111111;
	4051 :	11111111;
	4050 :	11111111;
	4049 :	11111111;
	4048 :	11111111;
	4047 :	11111111;
	4046 :	11111111;
	4045 :	00100000;
	4044 :	01000100;
	4043 :	01101000;
	4042 :	10001101;
	4041 :	10101101;
	4040 :	11010110;
	4039 :	11010001;
	4038 :	11010110;
	4037 :	11010110;
	4036 :	11011010;
	4035 :	11111111;
	4034 :	11111111;
	4033 :	11111111;
	4032 :	11111111;
	4031 :	11111111;
	4030 :	11111111;
	4029 :	01110010;
	4028 :	01110010;
	4027 :	01110010;
	4026 :	01110010;
	4025 :	01110110;
	4024 :	01110010;
	4023 :	01110110;
	4022 :	01110110;
	4021 :	01110110;
	4020 :	01110110;
	4019 :	01110110;
	4018 :	01110010;
	4017 :	01110110;
	4016 :	10010110;
	4015 :	11111111;
	4014 :	11111111;
	4013 :	11111111;
	4012 :	01110110;
	4011 :	00001000;
	4010 :	00001000;
	4009 :	00001000;
	4008 :	00001000;
	4007 :	00000100;
	4006 :	00000100;
	4005 :	00000100;
	4004 :	00000100;
	4003 :	00000100;
	4002 :	00000100;
	4001 :	00001000;
	4000 :	00001000;
	3999 :	00001000;
	3998 :	00001000;
	3997 :	10010110;
	3996 :	11111111;
	3995 :	01110110;
	3994 :	00001000;
	3993 :	00000100;
	3992 :	00000100;
	3991 :	00000100;
	3990 :	00001000;
	3989 :	00001000;
	3988 :	00000100;
	3987 :	11111111;
	3986 :	11111111;
	3985 :	00000100;
	3984 :	11111111;
	3983 :	11111111;
	3982 :	11111111;
	3981 :	00001000;
	3980 :	00000100;
	3979 :	00001000;
	3978 :	10010110;
	3977 :	01110110;
	3976 :	00000100;
	3975 :	00001000;
	3974 :	00001000;
	3973 :	00001000;
	3972 :	00001000;
	3971 :	00001000;
	3970 :	00001000;
	3969 :	00001000;
	3968 :	00001000;
	3967 :	00001000;
	3966 :	00001000;
	3965 :	00001000;
	3964 :	00000100;
	3963 :	11111111;
	3962 :	00001000;
	3961 :	00001000;
	3960 :	10010110;
	3959 :	01110110;
	3958 :	00001000;
	3957 :	00001000;
	3956 :	00001000;
	3955 :	00001000;
	3954 :	00001000;
	3953 :	00001000;
	3952 :	00001000;
	3951 :	00001000;
	3950 :	00001000;
	3949 :	00001000;
	3948 :	00001000;
	3947 :	00001000;
	3946 :	00001000;
	3945 :	00000100;
	3944 :	11111111;
	3943 :	00001000;
	3942 :	10010110;
	3941 :	01110110;
	3940 :	00001000;
	3939 :	00001000;
	3938 :	00001000;
	3937 :	00001000;
	3936 :	00001000;
	3935 :	00001000;
	3934 :	00001000;
	3933 :	00001101;
	3932 :	00001100;
	3931 :	00001101;
	3930 :	00001101;
	3929 :	00001000;
	3928 :	00001000;
	3927 :	00001000;
	3926 :	11111111;
	3925 :	00001000;
	3924 :	10010110;
	3923 :	01110110;
	3922 :	00001000;
	3921 :	00001000;
	3920 :	00001000;
	3919 :	00001000;
	3918 :	00001100;
	3917 :	00001101;
	3916 :	00001101;
	3915 :	00101101;
	3914 :	00110101;
	3913 :	00101101;
	3912 :	00101101;
	3911 :	00001101;
	3910 :	00001101;
	3909 :	00001000;
	3908 :	00001000;
	3907 :	00001000;
	3906 :	10010010;
	3905 :	01110110;
	3904 :	00001000;
	3903 :	11111111;
	3902 :	00001000;
	3901 :	00001101;
	3900 :	01010110;
	3899 :	00110001;
	3898 :	00101101;
	3897 :	00110101;
	3896 :	00101101;
	3895 :	01011010;
	3894 :	00110110;
	3893 :	00101101;
	3892 :	00001101;
	3891 :	00001000;
	3890 :	00001000;
	3889 :	00001000;
	3888 :	10010010;
	3887 :	01110110;
	3886 :	00001000;
	3885 :	11111111;
	3884 :	00101101;
	3883 :	00110101;
	3882 :	00110101;
	3881 :	00101101;
	3880 :	00001101;
	3879 :	00101101;
	3878 :	01011010;
	3877 :	00101101;
	3876 :	00101101;
	3875 :	00101101;
	3874 :	00101101;
	3873 :	00001100;
	3872 :	11111111;
	3871 :	00001000;
	3870 :	10010010;
	3869 :	01110110;
	3868 :	00001000;
	3867 :	11111111;
	3866 :	00110101;
	3865 :	00110101;
	3864 :	00101101;
	3863 :	00101101;
	3862 :	00001101;
	3861 :	00110101;
	3860 :	00101101;
	3859 :	00101101;
	3858 :	00101101;
	3857 :	00110101;
	3856 :	00101101;
	3855 :	00001101;
	3854 :	00001000;
	3853 :	00001000;
	3852 :	10010010;
	3851 :	01110010;
	3850 :	00001000;
	3849 :	00001000;
	3848 :	00001100;
	3847 :	00101101;
	3846 :	00001100;
	3845 :	00001101;
	3844 :	00110001;
	3843 :	00001101;
	3842 :	00001101;
	3841 :	00101101;
	3840 :	00101101;
	3839 :	00101101;
	3838 :	00110101;
	3837 :	00001101;
	3836 :	00001000;
	3835 :	00001000;
	3834 :	10010010;
	3833 :	01110010;
	3832 :	00001000;
	3831 :	00001000;
	3830 :	00001000;
	3829 :	00001000;
	3828 :	00001101;
	3827 :	00001000;
	3826 :	00101101;
	3825 :	01011010;
	3824 :	00110101;
	3823 :	00001101;
	3822 :	00101101;
	3821 :	01011010;
	3820 :	00101101;
	3819 :	00001101;
	3818 :	11111111;
	3817 :	00001000;
	3816 :	10010010;
	3815 :	01110110;
	3814 :	00111010;
	3813 :	11111111;
	3812 :	00001000;
	3811 :	00001000;
	3810 :	00001000;
	3809 :	00001000;
	3808 :	00001101;
	3807 :	00001101;
	3806 :	00001101;
	3805 :	00001101;
	3804 :	00001101;
	3803 :	00110101;
	3802 :	00001101;
	3801 :	00001000;
	3800 :	11111111;
	3799 :	00001000;
	3798 :	10010010;
	3797 :	01110110;
	3796 :	00111010;
	3795 :	11111111;
	3794 :	00111010;
	3793 :	00111010;
	3792 :	00001000;
	3791 :	00001000;
	3790 :	00001000;
	3789 :	00001000;
	3788 :	00001000;
	3787 :	00001000;
	3786 :	00001101;
	3785 :	00001101;
	3784 :	00001101;
	3783 :	00001000;
	3782 :	11111111;
	3781 :	10010110;
	3780 :	10010010;
	3779 :	01110110;
	3778 :	10010110;
	3777 :	01110110;
	3776 :	00111010;
	3775 :	00111010;
	3774 :	00111010;
	3773 :	00111010;
	3772 :	01011010;
	3771 :	00001000;
	3770 :	00001000;
	3769 :	00001000;
	3768 :	00001000;
	3767 :	00001000;
	3766 :	00001000;
	3765 :	10010110;
	3764 :	11111111;
	3763 :	10010110;
	3762 :	10010010;
	3761 :	01110010;
	3760 :	10010110;
	3759 :	11111111;
	3758 :	01110110;
	3757 :	10010110;
	3756 :	01011010;
	3755 :	01011010;
	3754 :	01011010;
	3753 :	01111010;
	3752 :	10011010;
	3751 :	00001000;
	3750 :	00001000;
	3749 :	01110110;
	3748 :	01110110;
	3747 :	01110110;
	3746 :	11111111;
	3745 :	10010110;
	3744 :	10010110;
	3743 :	01110110;
	3742 :	10010110;
	3741 :	10010110;
	3740 :	10010110;
	3739 :	10010110;
	3738 :	01110110;
	3737 :	01111010;
	3736 :	01111010;
	3735 :	10010110;
	3734 :	10010110;
	3733 :	10010110;
	3732 :	10010110;
	3731 :	01110110;
	3730 :	10010110;
	3729 :	01110110;
	3728 :	11111111;
	3727 :	01110110;
	3726 :	10010110;
	3725 :	01110110;
	3724 :	01110110;
	3723 :	01110110;
	3722 :	01110110;
	3721 :	10010110;
	3720 :	10010110;
	3719 :	10010110;
	3718 :	10010110;
	3717 :	10010110;
	3716 :	10010110;
	3715 :	10010110;
	3714 :	10010110;
	3713 :	10010110;
	3712 :	10010110;
	3711 :	10010110;
	3710 :	11111111;
	3709 :	01110110;
	3708 :	10010110;
	3707 :	01110110;
	3706 :	01110110;
	3705 :	01110110;
	3704 :	10010110;
	3703 :	10010110;
	3702 :	10010110;
	3701 :	10010110;
	3700 :	10010110;
	3699 :	10010110;
	3698 :	01110110;
	3697 :	10010110;
	3696 :	10010110;
	3695 :	10010110;
	3694 :	10010110;
	3693 :	10010110;
	3692 :	01110110;
	3691 :	01110110;
	3690 :	10010110;
	3689 :	01110110;
	3688 :	10010110;
	3687 :	10010110;
	3686 :	10010110;
	3685 :	10010110;
	3684 :	10010110;
	3683 :	10010110;
	3682 :	10010110;
	3681 :	10010110;
	3680 :	10010110;
	3679 :	10010110;
	3678 :	10010110;
	3677 :	10010110;
	3676 :	10010110;
	3675 :	10010110;
	3674 :	10010110;
	3673 :	01110110;
	3672 :	10010110;
	3671 :	11111111;
	3670 :	01010010;
	3669 :	01010010;
	3668 :	01010010;
	3667 :	01010010;
	3666 :	01010010;
	3665 :	01010010;
	3664 :	01010010;
	3663 :	01010010;
	3662 :	01010010;
	3661 :	01010010;
	3660 :	01010010;
	3659 :	01010010;
	3658 :	01110010;
	3657 :	10010110;
	3656 :	01110010;
	3655 :	10010110;
	3654 :	11111111;
	3653 :	11111111;
	3652 :	11111111;
	3651 :	01010010;
	3650 :	01010010;
	3649 :	01010010;
	3648 :	01001101;
	3647 :	01001101;
	3646 :	01001101;
	3645 :	01001101;
	3644 :	01001101;
	3643 :	01001101;
	3642 :	01001101;
	3641 :	01001101;
	3640 :	01010010;
	3639 :	01010010;
	3638 :	01010010;
	3637 :	11111111;
	3636 :	11111111;
	3635 :	11111111;
	3634 :	00101110;
	3633 :	00101110;
	3632 :	00110010;
	3631 :	00101110;
	3630 :	00101110;
	3629 :	10011010;
	3628 :	00110010;
	3627 :	00101110;
	3626 :	01010010;
	3625 :	00101110;
	3624 :	01010010;
	3623 :	01010010;
	3622 :	00101110;
	3621 :	11111111;
	3620 :	01010110;
	3619 :	00110010;
	3618 :	11111111;
	3617 :	11111111;
	3616 :	11111111;
	3615 :	11111111;
	3614 :	11111111;
	3613 :	00100000;
	3612 :	00100000;
	3611 :	00100000;
	3610 :	00100000;
	3609 :	00100000;
	3608 :	00100000;
	3607 :	00100000;
	3606 :	00100000;
	3605 :	01000000;
	3604 :	01000000;
	3603 :	11111111;
	3602 :	11111111;
	3601 :	11111111;
	3600 :	11111111;
	3599 :	11111111;
	3598 :	11111111;
	3597 :	01000000;
	3596 :	01000000;
	3595 :	01100100;
	3594 :	10001001;
	3593 :	10101101;
	3592 :	10101101;
	3591 :	10101101;
	3590 :	10101101;
	3589 :	10110001;
	3588 :	11010101;
	3587 :	11011010;
	3586 :	11010110;
	3585 :	11010110;
	3584 :	11010110;
	3583 :	11111111;
	3582 :	11111111;
	3581 :	11111111;
	3580 :	11111111;
	3579 :	01000000;
	3578 :	01000000;
	3577 :	01000100;
	3576 :	10001101;
	3575 :	10101101;
	3574 :	10101101;
	3573 :	10101101;
	3572 :	10101101;
	3571 :	10110001;
	3570 :	11010101;
	3569 :	11010101;
	3568 :	11011010;
	3567 :	11010110;
	3566 :	11011010;
	3565 :	11111111;
	3564 :	11111111;
	3563 :	11111111;
	3562 :	11111111;
	3561 :	11111111;
	3560 :	11111111;
	3559 :	11111111;
	3558 :	11111111;
	3557 :	00100000;
	3556 :	00100000;
	3555 :	01000000;
	3554 :	01000000;
	3553 :	01000100;
	3552 :	01100100;
	3551 :	11111111;
	3550 :	11111111;
	3549 :	11111111;
	3548 :	11111111;
	3547 :	11111111;
	3546 :	11111111;
	3545 :	11111111;
	3544 :	11111111;
	3543 :	11111111;
	3542 :	11111111;
	3541 :	11111111;
	3540 :	11111111;
	3539 :	01100100;
	3538 :	01100100;
	3537 :	01100100;
	3536 :	10101101;
	3535 :	10101101;
	3534 :	11010001;
	3533 :	11111111;
	3532 :	11111111;
	3531 :	11111111;
	3530 :	11111111;
	3529 :	11111111;
	3528 :	11111111;
	3527 :	11111111;
	3526 :	11111111;
	3525 :	11111111;
	3524 :	11111111;
	3523 :	11111111;
	3522 :	11111111;
	3521 :	01100100;
	3520 :	01100100;
	3519 :	01100100;
	3518 :	10001000;
	3517 :	10001000;
	3516 :	10001000;
	3515 :	11111111;
	3514 :	11111111;
	3513 :	11111111;
	3512 :	11111111;
	3511 :	11111111;
	3510 :	11111111;
	3509 :	11111111;
	3508 :	11111111;
	3507 :	11111111;
	3506 :	11111111;
	3505 :	11111111;
	3504 :	00100000;
	3503 :	01000000;
	3502 :	01000000;
	3501 :	01000000;
	3500 :	01000000;
	3499 :	00100000;
	3498 :	00100000;
	3497 :	00100000;
	3496 :	11111111;
	3495 :	11111111;
	3494 :	11111111;
	3493 :	11111111;
	3492 :	11111111;
	3491 :	11111111;
	3490 :	11111111;
	3489 :	11111111;
	3488 :	11111111;
	3487 :	00100000;
	3486 :	01000000;
	3485 :	01100100;
	3484 :	01100100;
	3483 :	10001000;
	3482 :	10101101;
	3481 :	10101101;
	3480 :	10110001;
	3479 :	11010001;
	3478 :	11010001;
	3477 :	11111111;
	3476 :	11111111;
	3475 :	11111111;
	3474 :	11111111;
	3473 :	11111111;
	3472 :	11111111;
	3471 :	11111111;
	3470 :	11111111;
	3469 :	00100000;
	3468 :	01000100;
	3467 :	01101000;
	3466 :	10001101;
	3465 :	10101101;
	3464 :	11010110;
	3463 :	11010001;
	3462 :	11010110;
	3461 :	11010110;
	3460 :	11011010;
	3459 :	11111111;
	3458 :	11111111;
	3457 :	11111111;
	3456 :	11111111;
	3455 :	11111111;
	3454 :	11111111;
	3453 :	01110010;
	3452 :	01110010;
	3451 :	01110010;
	3450 :	01110010;
	3449 :	01110110;
	3448 :	01110010;
	3447 :	01110110;
	3446 :	01110110;
	3445 :	01110110;
	3444 :	01110110;
	3443 :	01110110;
	3442 :	01110010;
	3441 :	01110110;
	3440 :	10010110;
	3439 :	11111111;
	3438 :	11111111;
	3437 :	11111111;
	3436 :	01110110;
	3435 :	00001000;
	3434 :	00001000;
	3433 :	00001000;
	3432 :	00001000;
	3431 :	00000100;
	3430 :	00000100;
	3429 :	00001000;
	3428 :	00000100;
	3427 :	00000100;
	3426 :	00000100;
	3425 :	00001000;
	3424 :	00001000;
	3423 :	00001000;
	3422 :	00001000;
	3421 :	10010110;
	3420 :	11111111;
	3419 :	01110110;
	3418 :	00001000;
	3417 :	00000100;
	3416 :	00000100;
	3415 :	00000100;
	3414 :	00001000;
	3413 :	00001000;
	3412 :	00000100;
	3411 :	11111111;
	3410 :	11111111;
	3409 :	00000100;
	3408 :	11111111;
	3407 :	11111111;
	3406 :	11111111;
	3405 :	00001000;
	3404 :	00000100;
	3403 :	00001000;
	3402 :	10010110;
	3401 :	01110110;
	3400 :	00000100;
	3399 :	00001000;
	3398 :	00001000;
	3397 :	00001000;
	3396 :	00001000;
	3395 :	00001000;
	3394 :	00001000;
	3393 :	00001000;
	3392 :	00001000;
	3391 :	00001000;
	3390 :	00001000;
	3389 :	00001000;
	3388 :	00000100;
	3387 :	11111111;
	3386 :	00001000;
	3385 :	00001000;
	3384 :	10010110;
	3383 :	01110110;
	3382 :	00001000;
	3381 :	00001000;
	3380 :	00001000;
	3379 :	00001000;
	3378 :	00001000;
	3377 :	00001000;
	3376 :	00001000;
	3375 :	00001000;
	3374 :	00001000;
	3373 :	00001000;
	3372 :	00001000;
	3371 :	00001000;
	3370 :	00001000;
	3369 :	00000100;
	3368 :	11111111;
	3367 :	00001000;
	3366 :	10010110;
	3365 :	01110110;
	3364 :	00001000;
	3363 :	00001000;
	3362 :	00001000;
	3361 :	00001000;
	3360 :	00001000;
	3359 :	00001000;
	3358 :	00001000;
	3357 :	00001101;
	3356 :	00001100;
	3355 :	00001101;
	3354 :	00001101;
	3353 :	00001000;
	3352 :	00001000;
	3351 :	00001000;
	3350 :	11111111;
	3349 :	00001000;
	3348 :	10010110;
	3347 :	01110110;
	3346 :	00001000;
	3345 :	00001000;
	3344 :	00001000;
	3343 :	00001000;
	3342 :	01010110;
	3341 :	00110101;
	3340 :	00101101;
	3339 :	00110101;
	3338 :	00110101;
	3337 :	00001101;
	3336 :	00001101;
	3335 :	00001101;
	3334 :	00001001;
	3333 :	00001000;
	3332 :	00001000;
	3331 :	00001000;
	3330 :	10010010;
	3329 :	01110110;
	3328 :	00001000;
	3327 :	11111111;
	3326 :	00001000;
	3325 :	00001100;
	3324 :	00001100;
	3323 :	00101101;
	3322 :	00001101;
	3321 :	00101101;
	3320 :	00101101;
	3319 :	01011010;
	3318 :	00101101;
	3317 :	00001101;
	3316 :	00001101;
	3315 :	00001000;
	3314 :	00001000;
	3313 :	00001000;
	3312 :	10010010;
	3311 :	01110110;
	3310 :	00001000;
	3309 :	11111111;
	3308 :	00101101;
	3307 :	00110101;
	3306 :	00110101;
	3305 :	00101101;
	3304 :	00001101;
	3303 :	00110101;
	3302 :	01011010;
	3301 :	00101101;
	3300 :	00110101;
	3299 :	00101101;
	3298 :	00101101;
	3297 :	00001101;
	3296 :	11111111;
	3295 :	00001000;
	3294 :	10010010;
	3293 :	01110110;
	3292 :	00001000;
	3291 :	11111111;
	3290 :	00110101;
	3289 :	00110101;
	3288 :	00001101;
	3287 :	00101101;
	3286 :	00001101;
	3285 :	00001101;
	3284 :	00101101;
	3283 :	00101101;
	3282 :	00101101;
	3281 :	00110101;
	3280 :	00101101;
	3279 :	00001101;
	3278 :	00001000;
	3277 :	00001000;
	3276 :	10010010;
	3275 :	01110010;
	3274 :	00001000;
	3273 :	00001000;
	3272 :	00001100;
	3271 :	00001101;
	3270 :	00001100;
	3269 :	00001101;
	3268 :	00110001;
	3267 :	01011010;
	3266 :	00001101;
	3265 :	00101101;
	3264 :	00101101;
	3263 :	00101101;
	3262 :	00110101;
	3261 :	00001101;
	3260 :	00001000;
	3259 :	00001000;
	3258 :	10010010;
	3257 :	01110010;
	3256 :	00001000;
	3255 :	00001000;
	3254 :	00001000;
	3253 :	00001000;
	3252 :	00001101;
	3251 :	00001000;
	3250 :	00001101;
	3249 :	00001101;
	3248 :	00110101;
	3247 :	00001101;
	3246 :	00101101;
	3245 :	01011010;
	3244 :	00101101;
	3243 :	00001101;
	3242 :	11111111;
	3241 :	00001000;
	3240 :	10010010;
	3239 :	01110110;
	3238 :	00110110;
	3237 :	11111111;
	3236 :	00001000;
	3235 :	00001000;
	3234 :	00001000;
	3233 :	00001000;
	3232 :	00001000;
	3231 :	00001101;
	3230 :	00001101;
	3229 :	00001101;
	3228 :	00001101;
	3227 :	00110101;
	3226 :	00001101;
	3225 :	00001101;
	3224 :	11111111;
	3223 :	00001000;
	3222 :	10010010;
	3221 :	01110110;
	3220 :	00111010;
	3219 :	11111111;
	3218 :	00111010;
	3217 :	00111010;
	3216 :	00111010;
	3215 :	00001000;
	3214 :	00001000;
	3213 :	00001000;
	3212 :	00001000;
	3211 :	00001000;
	3210 :	00001100;
	3209 :	00001101;
	3208 :	00001101;
	3207 :	00001000;
	3206 :	11111111;
	3205 :	00001000;
	3204 :	10010010;
	3203 :	01110110;
	3202 :	10010110;
	3201 :	00111010;
	3200 :	00111010;
	3199 :	00111010;
	3198 :	00111010;
	3197 :	01011010;
	3196 :	01011010;
	3195 :	01111010;
	3194 :	00001000;
	3193 :	00001000;
	3192 :	00001000;
	3191 :	00001000;
	3190 :	00001000;
	3189 :	00001000;
	3188 :	11111111;
	3187 :	10010110;
	3186 :	10010010;
	3185 :	01110010;
	3184 :	10010110;
	3183 :	11111111;
	3182 :	01110110;
	3181 :	01011010;
	3180 :	01011010;
	3179 :	01011010;
	3178 :	01111010;
	3177 :	01111010;
	3176 :	10010110;
	3175 :	10010110;
	3174 :	00001000;
	3173 :	00001000;
	3172 :	01110110;
	3171 :	01110110;
	3170 :	11111111;
	3169 :	10010110;
	3168 :	10010110;
	3167 :	01110110;
	3166 :	10010110;
	3165 :	10010110;
	3164 :	10010110;
	3163 :	10010110;
	3162 :	01111010;
	3161 :	01111010;
	3160 :	10010110;
	3159 :	10010110;
	3158 :	10010110;
	3157 :	10010110;
	3156 :	10010110;
	3155 :	01110110;
	3154 :	10010110;
	3153 :	01110110;
	3152 :	11111111;
	3151 :	01110110;
	3150 :	10010110;
	3149 :	01110110;
	3148 :	01110110;
	3147 :	01110110;
	3146 :	01110110;
	3145 :	10010110;
	3144 :	10010110;
	3143 :	10010110;
	3142 :	10010110;
	3141 :	10010110;
	3140 :	10010110;
	3139 :	10010110;
	3138 :	10010110;
	3137 :	10010110;
	3136 :	10010110;
	3135 :	10010110;
	3134 :	11111111;
	3133 :	01110110;
	3132 :	10010110;
	3131 :	01110110;
	3130 :	01110110;
	3129 :	01110110;
	3128 :	10010110;
	3127 :	10010110;
	3126 :	10010110;
	3125 :	10010110;
	3124 :	10010110;
	3123 :	10010110;
	3122 :	01110110;
	3121 :	10010110;
	3120 :	10010110;
	3119 :	10010110;
	3118 :	10010110;
	3117 :	10010110;
	3116 :	01110110;
	3115 :	01110110;
	3114 :	10010110;
	3113 :	01110110;
	3112 :	10010110;
	3111 :	10010110;
	3110 :	10010110;
	3109 :	10010110;
	3108 :	10010110;
	3107 :	10010110;
	3106 :	10010110;
	3105 :	10010110;
	3104 :	10010110;
	3103 :	10010110;
	3102 :	10010110;
	3101 :	10010110;
	3100 :	10010110;
	3099 :	10010110;
	3098 :	10010110;
	3097 :	01110110;
	3096 :	10010110;
	3095 :	11111111;
	3094 :	01010010;
	3093 :	01010010;
	3092 :	01010010;
	3091 :	01010010;
	3090 :	01010010;
	3089 :	01010010;
	3088 :	01010010;
	3087 :	01010010;
	3086 :	01010010;
	3085 :	01010010;
	3084 :	01010010;
	3083 :	01010010;
	3082 :	01110010;
	3081 :	10010110;
	3080 :	01110010;
	3079 :	10010110;
	3078 :	11111111;
	3077 :	11111111;
	3076 :	11111111;
	3075 :	01010010;
	3074 :	01010010;
	3073 :	01010010;
	3072 :	01001101;
	3071 :	01001101;
	3070 :	01001101;
	3069 :	01001101;
	3068 :	01001101;
	3067 :	01001101;
	3066 :	01001101;
	3065 :	01001101;
	3064 :	01010010;
	3063 :	01010010;
	3062 :	01010010;
	3061 :	11111111;
	3060 :	11111111;
	3059 :	11111111;
	3058 :	00101110;
	3057 :	00101110;
	3056 :	00110010;
	3055 :	00101110;
	3054 :	00101110;
	3053 :	10011010;
	3052 :	00110010;
	3051 :	00101110;
	3050 :	01010010;
	3049 :	00101110;
	3048 :	01010010;
	3047 :	01010010;
	3046 :	00101110;
	3045 :	11111111;
	3044 :	01010110;
	3043 :	00110010;
	3042 :	11111111;
	3041 :	11111111;
	3040 :	11111111;
	3039 :	11111111;
	3038 :	11111111;
	3037 :	00100000;
	3036 :	00100000;
	3035 :	00100000;
	3034 :	00100000;
	3033 :	00100000;
	3032 :	00100000;
	3031 :	00100000;
	3030 :	00100000;
	3029 :	01000000;
	3028 :	01000000;
	3027 :	11111111;
	3026 :	11111111;
	3025 :	11111111;
	3024 :	11111111;
	3023 :	11111111;
	3022 :	11111111;
	3021 :	01000000;
	3020 :	01000000;
	3019 :	01100100;
	3018 :	10001001;
	3017 :	10101101;
	3016 :	10101101;
	3015 :	10101101;
	3014 :	10101101;
	3013 :	10110001;
	3012 :	11010101;
	3011 :	11011010;
	3010 :	11010110;
	3009 :	11010110;
	3008 :	11010110;
	3007 :	11111111;
	3006 :	11111111;
	3005 :	11111111;
	3004 :	11111111;
	3003 :	01000000;
	3002 :	01000000;
	3001 :	01000100;
	3000 :	10001101;
	2999 :	10101101;
	2998 :	10101101;
	2997 :	10101101;
	2996 :	10101101;
	2995 :	10110001;
	2994 :	11010101;
	2993 :	11010101;
	2992 :	11011010;
	2991 :	11010110;
	2990 :	11011010;
	2989 :	11111111;
	2988 :	11111111;
	2987 :	11111111;
	2986 :	11111111;
	2985 :	11111111;
	2984 :	11111111;
	2983 :	11111111;
	2982 :	11111111;
	2981 :	00100000;
	2980 :	00100000;
	2979 :	01000000;
	2978 :	01000000;
	2977 :	01000100;
	2976 :	01100100;
	2975 :	11111111;
	2974 :	11111111;
	2973 :	11111111;
	2972 :	11111111;
	2971 :	11111111;
	2970 :	11111111;
	2969 :	11111111;
	2968 :	11111111;
	2967 :	11111111;
	2966 :	11111111;
	2965 :	11111111;
	2964 :	11111111;
	2963 :	01100100;
	2962 :	01100100;
	2961 :	01100100;
	2960 :	10101101;
	2959 :	10101101;
	2958 :	11010001;
	2957 :	11111111;
	2956 :	11111111;
	2955 :	11111111;
	2954 :	11111111;
	2953 :	11111111;
	2952 :	11111111;
	2951 :	11111111;
	2950 :	11111111;
	2949 :	11111111;
	2948 :	11111111;
	2947 :	11111111;
	2946 :	11111111;
	2945 :	01100100;
	2944 :	01100100;
	2943 :	01100100;
	2942 :	10001000;
	2941 :	10001000;
	2940 :	10001000;
	2939 :	11111111;
	2938 :	11111111;
	2937 :	11111111;
	2936 :	11111111;
	2935 :	11111111;
	2934 :	11111111;
	2933 :	11111111;
	2932 :	11111111;
	2931 :	11111111;
	2930 :	11111111;
	2929 :	11111111;
	2928 :	00100000;
	2927 :	01000000;
	2926 :	01000000;
	2925 :	01000000;
	2924 :	01000000;
	2923 :	00100000;
	2922 :	00100000;
	2921 :	00100000;
	2920 :	11111111;
	2919 :	11111111;
	2918 :	11111111;
	2917 :	11111111;
	2916 :	11111111;
	2915 :	11111111;
	2914 :	11111111;
	2913 :	11111111;
	2912 :	11111111;
	2911 :	00100000;
	2910 :	01000000;
	2909 :	01100100;
	2908 :	01100100;
	2907 :	10001000;
	2906 :	10101101;
	2905 :	10101101;
	2904 :	10110001;
	2903 :	11010001;
	2902 :	11010001;
	2901 :	11111111;
	2900 :	11111111;
	2899 :	11111111;
	2898 :	11111111;
	2897 :	11111111;
	2896 :	11111111;
	2895 :	11111111;
	2894 :	11111111;
	2893 :	00100000;
	2892 :	01000100;
	2891 :	01101000;
	2890 :	10001101;
	2889 :	10101101;
	2888 :	11010110;
	2887 :	11010001;
	2886 :	11010110;
	2885 :	11010110;
	2884 :	11011010;
	2883 :	11111111;
	2882 :	11111111;
	2881 :	11111111;
	2880 :	11111111;
	2879 :	11111111;
	2878 :	11111111;
	2877 :	01110010;
	2876 :	01110010;
	2875 :	01110010;
	2874 :	01110010;
	2873 :	01110110;
	2872 :	01110010;
	2871 :	01110110;
	2870 :	01110110;
	2869 :	01110110;
	2868 :	01110110;
	2867 :	01110110;
	2866 :	01110010;
	2865 :	01110110;
	2864 :	10010110;
	2863 :	11111111;
	2862 :	11111111;
	2861 :	11111111;
	2860 :	01110110;
	2859 :	00001000;
	2858 :	00001000;
	2857 :	00001000;
	2856 :	00001000;
	2855 :	00000100;
	2854 :	00000100;
	2853 :	00001000;
	2852 :	00000100;
	2851 :	00000100;
	2850 :	00000100;
	2849 :	00001000;
	2848 :	00001000;
	2847 :	00001000;
	2846 :	00001000;
	2845 :	10010110;
	2844 :	11111111;
	2843 :	01110110;
	2842 :	00001000;
	2841 :	00000100;
	2840 :	00000100;
	2839 :	00000100;
	2838 :	00001000;
	2837 :	00001000;
	2836 :	00000100;
	2835 :	11111111;
	2834 :	11111111;
	2833 :	00000100;
	2832 :	11111111;
	2831 :	11111111;
	2830 :	11111111;
	2829 :	00001000;
	2828 :	00000100;
	2827 :	00001000;
	2826 :	10010110;
	2825 :	01110110;
	2824 :	00000100;
	2823 :	00001000;
	2822 :	00001000;
	2821 :	00001000;
	2820 :	00001000;
	2819 :	00001000;
	2818 :	00001000;
	2817 :	00001000;
	2816 :	00001000;
	2815 :	00001000;
	2814 :	00001000;
	2813 :	00001000;
	2812 :	00000100;
	2811 :	11111111;
	2810 :	00001000;
	2809 :	00001000;
	2808 :	10010110;
	2807 :	01110110;
	2806 :	00001000;
	2805 :	00001000;
	2804 :	00001000;
	2803 :	00001000;
	2802 :	00001000;
	2801 :	00001000;
	2800 :	00001000;
	2799 :	00001000;
	2798 :	00001000;
	2797 :	00001000;
	2796 :	00001000;
	2795 :	00001000;
	2794 :	00001000;
	2793 :	00000100;
	2792 :	11111111;
	2791 :	00001000;
	2790 :	10010110;
	2789 :	01110110;
	2788 :	00001000;
	2787 :	00001000;
	2786 :	00001000;
	2785 :	00001000;
	2784 :	00001000;
	2783 :	00001000;
	2782 :	00001000;
	2781 :	00101101;
	2780 :	00110101;
	2779 :	00101101;
	2778 :	00001101;
	2777 :	00001000;
	2776 :	00001000;
	2775 :	00001000;
	2774 :	11111111;
	2773 :	00001000;
	2772 :	10010110;
	2771 :	01110110;
	2770 :	00001000;
	2769 :	00001000;
	2768 :	00001000;
	2767 :	00001100;
	2766 :	01010110;
	2765 :	00110101;
	2764 :	00101101;
	2763 :	00110101;
	2762 :	00101101;
	2761 :	01011010;
	2760 :	00001101;
	2759 :	00001000;
	2758 :	00001001;
	2757 :	00001000;
	2756 :	00001000;
	2755 :	00001000;
	2754 :	10010010;
	2753 :	01110110;
	2752 :	00001000;
	2751 :	11111111;
	2750 :	00001100;
	2749 :	00101101;
	2748 :	00101101;
	2747 :	00101101;
	2746 :	00001101;
	2745 :	00101101;
	2744 :	00101101;
	2743 :	00101101;
	2742 :	00101101;
	2741 :	00001100;
	2740 :	00001101;
	2739 :	00001000;
	2738 :	00001000;
	2737 :	00001000;
	2736 :	10010010;
	2735 :	01110110;
	2734 :	00001000;
	2733 :	11111111;
	2732 :	00110101;
	2731 :	00110101;
	2730 :	00101101;
	2729 :	00001101;
	2728 :	00001101;
	2727 :	00110101;
	2726 :	00101101;
	2725 :	00101101;
	2724 :	00110101;
	2723 :	00110101;
	2722 :	00001101;
	2721 :	00001000;
	2720 :	11111111;
	2719 :	00001000;
	2718 :	10010010;
	2717 :	01110110;
	2716 :	00001000;
	2715 :	11111111;
	2714 :	00001100;
	2713 :	00001101;
	2712 :	00001101;
	2711 :	00001101;
	2710 :	00001101;
	2709 :	00001101;
	2708 :	00101101;
	2707 :	00101101;
	2706 :	00101101;
	2705 :	00101101;
	2704 :	00101101;
	2703 :	00001100;
	2702 :	00001000;
	2701 :	00001000;
	2700 :	10010010;
	2699 :	01110110;
	2698 :	00001000;
	2697 :	00001000;
	2696 :	00001000;
	2695 :	00001101;
	2694 :	00001000;
	2693 :	00001101;
	2692 :	00101101;
	2691 :	01011010;
	2690 :	00110101;
	2689 :	00101101;
	2688 :	00101101;
	2687 :	00110101;
	2686 :	00101101;
	2685 :	00001101;
	2684 :	00001000;
	2683 :	00001000;
	2682 :	10010010;
	2681 :	01110010;
	2680 :	00001000;
	2679 :	00001000;
	2678 :	00001000;
	2677 :	00001000;
	2676 :	00001000;
	2675 :	00001000;
	2674 :	00001101;
	2673 :	00001101;
	2672 :	00001101;
	2671 :	00001101;
	2670 :	00101101;
	2669 :	00101101;
	2668 :	00110101;
	2667 :	00001101;
	2666 :	11111111;
	2665 :	00001000;
	2664 :	10010010;
	2663 :	01110110;
	2662 :	00110110;
	2661 :	11111111;
	2660 :	00111010;
	2659 :	00001000;
	2658 :	00001000;
	2657 :	00001000;
	2656 :	00001000;
	2655 :	00001000;
	2654 :	00001000;
	2653 :	00001101;
	2652 :	00001101;
	2651 :	01011010;
	2650 :	00101101;
	2649 :	00001101;
	2648 :	11111111;
	2647 :	00001000;
	2646 :	10010010;
	2645 :	01110110;
	2644 :	00111010;
	2643 :	11111111;
	2642 :	00111010;
	2641 :	00111010;
	2640 :	00111010;
	2639 :	01011010;
	2638 :	00001000;
	2637 :	00001000;
	2636 :	00001000;
	2635 :	00001000;
	2634 :	00001101;
	2633 :	00110101;
	2632 :	00001101;
	2631 :	00001000;
	2630 :	11111111;
	2629 :	00001000;
	2628 :	10010010;
	2627 :	01110110;
	2626 :	00111010;
	2625 :	00111010;
	2624 :	00111010;
	2623 :	00111010;
	2622 :	00111010;
	2621 :	01011010;
	2620 :	01111010;
	2619 :	01111010;
	2618 :	01111010;
	2617 :	00001000;
	2616 :	00001000;
	2615 :	00001000;
	2614 :	00001000;
	2613 :	00001000;
	2612 :	11111111;
	2611 :	10010110;
	2610 :	10010010;
	2609 :	01110010;
	2608 :	10010110;
	2607 :	11111111;
	2606 :	01011010;
	2605 :	01011010;
	2604 :	01011010;
	2603 :	01111010;
	2602 :	01111010;
	2601 :	10010110;
	2600 :	10010110;
	2599 :	10010110;
	2598 :	10010110;
	2597 :	00001000;
	2596 :	00001000;
	2595 :	01110110;
	2594 :	11111111;
	2593 :	10010110;
	2592 :	10010110;
	2591 :	01110110;
	2590 :	10010110;
	2589 :	10010110;
	2588 :	10010110;
	2587 :	01111010;
	2586 :	01111010;
	2585 :	01110110;
	2584 :	10010110;
	2583 :	10010110;
	2582 :	10010110;
	2581 :	10010110;
	2580 :	10010110;
	2579 :	01110110;
	2578 :	10010110;
	2577 :	01110110;
	2576 :	11111111;
	2575 :	01110110;
	2574 :	10010110;
	2573 :	01110110;
	2572 :	01110110;
	2571 :	01110110;
	2570 :	01110110;
	2569 :	10010110;
	2568 :	10010110;
	2567 :	10010110;
	2566 :	10010110;
	2565 :	10010110;
	2564 :	10010110;
	2563 :	10010110;
	2562 :	10010110;
	2561 :	10010110;
	2560 :	10010110;
	2559 :	10010110;
	2558 :	11111111;
	2557 :	01110110;
	2556 :	10010110;
	2555 :	01110110;
	2554 :	01110110;
	2553 :	01110110;
	2552 :	10010110;
	2551 :	10010110;
	2550 :	10010110;
	2549 :	10010110;
	2548 :	10010110;
	2547 :	10010110;
	2546 :	01110110;
	2545 :	10010110;
	2544 :	10010110;
	2543 :	10010110;
	2542 :	10010110;
	2541 :	10010110;
	2540 :	01110110;
	2539 :	01110110;
	2538 :	10010110;
	2537 :	01110110;
	2536 :	10010110;
	2535 :	10010110;
	2534 :	10010110;
	2533 :	10010110;
	2532 :	10010110;
	2531 :	10010110;
	2530 :	10010110;
	2529 :	10010110;
	2528 :	10010110;
	2527 :	10010110;
	2526 :	10010110;
	2525 :	10010110;
	2524 :	10010110;
	2523 :	10010110;
	2522 :	10010110;
	2521 :	01110110;
	2520 :	10010110;
	2519 :	11111111;
	2518 :	01010010;
	2517 :	01010010;
	2516 :	01010010;
	2515 :	01010010;
	2514 :	01010010;
	2513 :	01010010;
	2512 :	01010010;
	2511 :	01010010;
	2510 :	01010010;
	2509 :	01010010;
	2508 :	01010010;
	2507 :	01010010;
	2506 :	01110010;
	2505 :	10010110;
	2504 :	01110010;
	2503 :	10010110;
	2502 :	11111111;
	2501 :	11111111;
	2500 :	11111111;
	2499 :	01010010;
	2498 :	01010010;
	2497 :	01010010;
	2496 :	01001101;
	2495 :	01001101;
	2494 :	01001101;
	2493 :	01001101;
	2492 :	01001101;
	2491 :	01001101;
	2490 :	01001101;
	2489 :	01001101;
	2488 :	01010010;
	2487 :	01010010;
	2486 :	01010010;
	2485 :	11111111;
	2484 :	11111111;
	2483 :	11111111;
	2482 :	00101110;
	2481 :	00101110;
	2480 :	00110010;
	2479 :	00101110;
	2478 :	00101110;
	2477 :	10011010;
	2476 :	00110010;
	2475 :	00101110;
	2474 :	01010010;
	2473 :	00101110;
	2472 :	01010010;
	2471 :	01010010;
	2470 :	00101110;
	2469 :	11111111;
	2468 :	01010110;
	2467 :	00110010;
	2466 :	11111111;
	2465 :	11111111;
	2464 :	11111111;
	2463 :	11111111;
	2462 :	11111111;
	2461 :	00100000;
	2460 :	00100000;
	2459 :	00100000;
	2458 :	00100000;
	2457 :	00100000;
	2456 :	00100000;
	2455 :	00100000;
	2454 :	00100000;
	2453 :	01000000;
	2452 :	01000000;
	2451 :	11111111;
	2450 :	11111111;
	2449 :	11111111;
	2448 :	11111111;
	2447 :	11111111;
	2446 :	11111111;
	2445 :	01000000;
	2444 :	01000000;
	2443 :	01100100;
	2442 :	10001001;
	2441 :	10101101;
	2440 :	10101101;
	2439 :	10101101;
	2438 :	10101101;
	2437 :	10110001;
	2436 :	11010101;
	2435 :	11011010;
	2434 :	11010110;
	2433 :	11010110;
	2432 :	11010110;
	2431 :	11111111;
	2430 :	11111111;
	2429 :	11111111;
	2428 :	11111111;
	2427 :	01000000;
	2426 :	01000000;
	2425 :	01000100;
	2424 :	10001101;
	2423 :	10101101;
	2422 :	10101101;
	2421 :	10101101;
	2420 :	10101101;
	2419 :	10110001;
	2418 :	11010101;
	2417 :	11010101;
	2416 :	11011010;
	2415 :	11010110;
	2414 :	11011010;
	2413 :	11111111;
	2412 :	11111111;
	2411 :	11111111;
	2410 :	11111111;
	2409 :	11111111;
	2408 :	11111111;
	2407 :	11111111;
	2406 :	11111111;
	2405 :	00100000;
	2404 :	00100000;
	2403 :	01000000;
	2402 :	01000000;
	2401 :	01000100;
	2400 :	01100100;
	2399 :	11111111;
	2398 :	11111111;
	2397 :	11111111;
	2396 :	11111111;
	2395 :	11111111;
	2394 :	11111111;
	2393 :	11111111;
	2392 :	11111111;
	2391 :	11111111;
	2390 :	11111111;
	2389 :	11111111;
	2388 :	11111111;
	2387 :	01100100;
	2386 :	01100100;
	2385 :	01100100;
	2384 :	10101101;
	2383 :	10101101;
	2382 :	11010001;
	2381 :	11111111;
	2380 :	11111111;
	2379 :	11111111;
	2378 :	11111111;
	2377 :	11111111;
	2376 :	11111111;
	2375 :	11111111;
	2374 :	11111111;
	2373 :	11111111;
	2372 :	11111111;
	2371 :	11111111;
	2370 :	11111111;
	2369 :	01100100;
	2368 :	01100100;
	2367 :	01100100;
	2366 :	10001000;
	2365 :	10001000;
	2364 :	10001000;
	2363 :	11111111;
	2362 :	11111111;
	2361 :	11111111;
	2360 :	11111111;
	2359 :	11111111;
	2358 :	11111111;
	2357 :	11111111;
	2356 :	11111111;
	2355 :	11111111;
	2354 :	11111111;
	2353 :	11111111;
	2352 :	00100000;
	2351 :	01000000;
	2350 :	01000000;
	2349 :	01000000;
	2348 :	01000000;
	2347 :	00100000;
	2346 :	00100000;
	2345 :	00100000;
	2344 :	11111111;
	2343 :	11111111;
	2342 :	11111111;
	2341 :	11111111;
	2340 :	11111111;
	2339 :	11111111;
	2338 :	11111111;
	2337 :	11111111;
	2336 :	11111111;
	2335 :	00100000;
	2334 :	01000000;
	2333 :	01100100;
	2332 :	01100100;
	2331 :	10001000;
	2330 :	10101101;
	2329 :	10101101;
	2328 :	10110001;
	2327 :	11010001;
	2326 :	11010001;
	2325 :	11111111;
	2324 :	11111111;
	2323 :	11111111;
	2322 :	11111111;
	2321 :	11111111;
	2320 :	11111111;
	2319 :	11111111;
	2318 :	11111111;
	2317 :	00100000;
	2316 :	01000100;
	2315 :	01101000;
	2314 :	10001101;
	2313 :	10101101;
	2312 :	11010110;
	2311 :	11010001;
	2310 :	11010110;
	2309 :	11010110;
	2308 :	11011010;
	2307 :	11111111;
	2306 :	11111111;
	2305 :	11111111;
	2304 :	11111111;
	2303 :	11111111;
	2302 :	11111111;
	2301 :	01110010;
	2300 :	01110010;
	2299 :	01110010;
	2298 :	01110010;
	2297 :	01110110;
	2296 :	01110010;
	2295 :	01110110;
	2294 :	01110110;
	2293 :	01110110;
	2292 :	01110110;
	2291 :	01110110;
	2290 :	01110010;
	2289 :	01110110;
	2288 :	10010110;
	2287 :	11111111;
	2286 :	11111111;
	2285 :	11111111;
	2284 :	01110110;
	2283 :	00001000;
	2282 :	00001000;
	2281 :	00001000;
	2280 :	00001000;
	2279 :	00000100;
	2278 :	00000100;
	2277 :	00001000;
	2276 :	00000100;
	2275 :	00000100;
	2274 :	00000100;
	2273 :	00001000;
	2272 :	00001000;
	2271 :	00001000;
	2270 :	00001000;
	2269 :	10010110;
	2268 :	11111111;
	2267 :	01110110;
	2266 :	00001000;
	2265 :	00000100;
	2264 :	00000100;
	2263 :	00000100;
	2262 :	00001000;
	2261 :	00001000;
	2260 :	00000100;
	2259 :	11111111;
	2258 :	11111111;
	2257 :	00000100;
	2256 :	11111111;
	2255 :	11111111;
	2254 :	11111111;
	2253 :	00001000;
	2252 :	00000100;
	2251 :	00001000;
	2250 :	10010110;
	2249 :	01110110;
	2248 :	00000100;
	2247 :	00001000;
	2246 :	00001000;
	2245 :	00001000;
	2244 :	00001000;
	2243 :	00001000;
	2242 :	00001000;
	2241 :	00001000;
	2240 :	00001000;
	2239 :	00001000;
	2238 :	00001000;
	2237 :	00001000;
	2236 :	00000100;
	2235 :	11111111;
	2234 :	00001000;
	2233 :	00001000;
	2232 :	10010110;
	2231 :	01110110;
	2230 :	00001000;
	2229 :	00001000;
	2228 :	00001000;
	2227 :	00001000;
	2226 :	00001000;
	2225 :	00001000;
	2224 :	00001000;
	2223 :	00001100;
	2222 :	00001000;
	2221 :	00001000;
	2220 :	00001000;
	2219 :	00001000;
	2218 :	00001000;
	2217 :	00000100;
	2216 :	11111111;
	2215 :	00001000;
	2214 :	10010110;
	2213 :	01110110;
	2212 :	00001000;
	2211 :	00001000;
	2210 :	00001000;
	2209 :	00001000;
	2208 :	01010110;
	2207 :	00110001;
	2206 :	00001000;
	2205 :	00110101;
	2204 :	00110101;
	2203 :	00101101;
	2202 :	00001101;
	2201 :	00001000;
	2200 :	00001000;
	2199 :	00001000;
	2198 :	11111111;
	2197 :	00001000;
	2196 :	10010110;
	2195 :	01110110;
	2194 :	00001000;
	2193 :	00001000;
	2192 :	00001000;
	2191 :	00001100;
	2190 :	00001101;
	2189 :	00101101;
	2188 :	00101101;
	2187 :	00101101;
	2186 :	00101101;
	2185 :	01011010;
	2184 :	00101101;
	2183 :	00001101;
	2182 :	00001101;
	2181 :	00001000;
	2180 :	00001000;
	2179 :	00001000;
	2178 :	10010010;
	2177 :	01110110;
	2176 :	00001000;
	2175 :	11111111;
	2174 :	00001100;
	2173 :	00101101;
	2172 :	00001101;
	2171 :	00101101;
	2170 :	00001101;
	2169 :	00101101;
	2168 :	00101101;
	2167 :	00101101;
	2166 :	00110110;
	2165 :	00001101;
	2164 :	00001101;
	2163 :	00001000;
	2162 :	00001000;
	2161 :	00001000;
	2160 :	10010010;
	2159 :	01110110;
	2158 :	00001000;
	2157 :	11111111;
	2156 :	00110101;
	2155 :	00110101;
	2154 :	00101101;
	2153 :	00001101;
	2152 :	00001101;
	2151 :	00001101;
	2150 :	00101101;
	2149 :	00101101;
	2148 :	00101101;
	2147 :	00110101;
	2146 :	00001101;
	2145 :	00001000;
	2144 :	11111111;
	2143 :	00001000;
	2142 :	10010010;
	2141 :	01110110;
	2140 :	00001000;
	2139 :	11111111;
	2138 :	00001100;
	2137 :	00001101;
	2136 :	00001101;
	2135 :	00001101;
	2134 :	00001101;
	2133 :	01011010;
	2132 :	00101101;
	2131 :	00101101;
	2130 :	00101101;
	2129 :	00101101;
	2128 :	00001101;
	2127 :	00001000;
	2126 :	00001000;
	2125 :	00001000;
	2124 :	10010010;
	2123 :	01110110;
	2122 :	00001000;
	2121 :	00001000;
	2120 :	00001000;
	2119 :	00001001;
	2118 :	00001000;
	2117 :	00001101;
	2116 :	00101101;
	2115 :	00001101;
	2114 :	00110101;
	2113 :	00101101;
	2112 :	00101101;
	2111 :	00110101;
	2110 :	00101101;
	2109 :	00001101;
	2108 :	00001000;
	2107 :	00001000;
	2106 :	10010010;
	2105 :	01110010;
	2104 :	00001000;
	2103 :	00001000;
	2102 :	00001000;
	2101 :	00001000;
	2100 :	00001000;
	2099 :	00001000;
	2098 :	00001101;
	2097 :	00001101;
	2096 :	00001101;
	2095 :	00001101;
	2094 :	00001101;
	2093 :	00101101;
	2092 :	00110101;
	2091 :	00001101;
	2090 :	11111111;
	2089 :	00001000;
	2088 :	10010010;
	2087 :	01110110;
	2086 :	00110110;
	2085 :	11111111;
	2084 :	00110110;
	2083 :	00111010;
	2082 :	00001000;
	2081 :	00001000;
	2080 :	00001000;
	2079 :	00001000;
	2078 :	00001000;
	2077 :	00001101;
	2076 :	00001101;
	2075 :	01011010;
	2074 :	00101101;
	2073 :	00001101;
	2072 :	11111111;
	2071 :	00001000;
	2070 :	10010010;
	2069 :	01110110;
	2068 :	00111010;
	2067 :	11111111;
	2066 :	00111010;
	2065 :	00111010;
	2064 :	00111010;
	2063 :	01011010;
	2062 :	01111010;
	2061 :	00001000;
	2060 :	00001000;
	2059 :	00001001;
	2058 :	00001101;
	2057 :	00110101;
	2056 :	00001101;
	2055 :	00001000;
	2054 :	11111111;
	2053 :	00001000;
	2052 :	10010010;
	2051 :	01110110;
	2050 :	00111010;
	2049 :	00111010;
	2048 :	00111010;
	2047 :	00111010;
	2046 :	01011010;
	2045 :	01111010;
	2044 :	01111010;
	2043 :	01111010;
	2042 :	10010110;
	2041 :	01110110;
	2040 :	00001000;
	2039 :	00001000;
	2038 :	00001000;
	2037 :	00001000;
	2036 :	11111111;
	2035 :	00001000;
	2034 :	10010010;
	2033 :	01110010;
	2032 :	10010110;
	2031 :	11111111;
	2030 :	01011010;
	2029 :	01111010;
	2028 :	01111010;
	2027 :	01111010;
	2026 :	10010110;
	2025 :	10010110;
	2024 :	10010110;
	2023 :	10010110;
	2022 :	10010110;
	2021 :	01110110;
	2020 :	00001000;
	2019 :	00001000;
	2018 :	11111111;
	2017 :	10010110;
	2016 :	10010110;
	2015 :	01110110;
	2014 :	10010110;
	2013 :	10010110;
	2012 :	01111010;
	2011 :	01111010;
	2010 :	01110110;
	2009 :	01110110;
	2008 :	10010110;
	2007 :	10010110;
	2006 :	10010110;
	2005 :	10010110;
	2004 :	10010110;
	2003 :	01110110;
	2002 :	10010110;
	2001 :	01110110;
	2000 :	11111111;
	1999 :	01110110;
	1998 :	10010110;
	1997 :	01110110;
	1996 :	01110110;
	1995 :	01110110;
	1994 :	01110110;
	1993 :	10010110;
	1992 :	10010110;
	1991 :	10010110;
	1990 :	10010110;
	1989 :	10010110;
	1988 :	10010110;
	1987 :	10010110;
	1986 :	10010110;
	1985 :	10010110;
	1984 :	10010110;
	1983 :	10010110;
	1982 :	11111111;
	1981 :	01110110;
	1980 :	10010110;
	1979 :	01110110;
	1978 :	01110110;
	1977 :	01110110;
	1976 :	10010110;
	1975 :	10010110;
	1974 :	10010110;
	1973 :	10010110;
	1972 :	10010110;
	1971 :	10010110;
	1970 :	01110110;
	1969 :	10010110;
	1968 :	10010110;
	1967 :	10010110;
	1966 :	10010110;
	1965 :	10010110;
	1964 :	01110110;
	1963 :	01110110;
	1962 :	10010110;
	1961 :	01110110;
	1960 :	10010110;
	1959 :	10010110;
	1958 :	10010110;
	1957 :	10010110;
	1956 :	10010110;
	1955 :	10010110;
	1954 :	10010110;
	1953 :	10010110;
	1952 :	10010110;
	1951 :	10010110;
	1950 :	10010110;
	1949 :	10010110;
	1948 :	10010110;
	1947 :	10010110;
	1946 :	10010110;
	1945 :	01110110;
	1944 :	10010110;
	1943 :	11111111;
	1942 :	01010010;
	1941 :	01010010;
	1940 :	01010010;
	1939 :	01010010;
	1938 :	01010010;
	1937 :	01010010;
	1936 :	01010010;
	1935 :	01010010;
	1934 :	01010010;
	1933 :	01010010;
	1932 :	01010010;
	1931 :	01010010;
	1930 :	01110010;
	1929 :	10010110;
	1928 :	01110010;
	1927 :	10010110;
	1926 :	11111111;
	1925 :	11111111;
	1924 :	11111111;
	1923 :	01010010;
	1922 :	01010010;
	1921 :	01010010;
	1920 :	01001101;
	1919 :	01001101;
	1918 :	01001101;
	1917 :	01001101;
	1916 :	01001101;
	1915 :	01001101;
	1914 :	01001101;
	1913 :	01001101;
	1912 :	01010010;
	1911 :	01010010;
	1910 :	01010010;
	1909 :	11111111;
	1908 :	11111111;
	1907 :	11111111;
	1906 :	00101110;
	1905 :	00101110;
	1904 :	00110010;
	1903 :	00101110;
	1902 :	00101110;
	1901 :	10011010;
	1900 :	00110010;
	1899 :	00101110;
	1898 :	01010010;
	1897 :	00101110;
	1896 :	01010010;
	1895 :	01010010;
	1894 :	00101110;
	1893 :	11111111;
	1892 :	01010110;
	1891 :	00110010;
	1890 :	11111111;
	1889 :	11111111;
	1888 :	11111111;
	1887 :	11111111;
	1886 :	11111111;
	1885 :	00100000;
	1884 :	00100000;
	1883 :	00100000;
	1882 :	00100000;
	1881 :	00100000;
	1880 :	00100000;
	1879 :	00100000;
	1878 :	00100000;
	1877 :	01000000;
	1876 :	01000000;
	1875 :	11111111;
	1874 :	11111111;
	1873 :	11111111;
	1872 :	11111111;
	1871 :	11111111;
	1870 :	11111111;
	1869 :	01000000;
	1868 :	01000000;
	1867 :	01100100;
	1866 :	10001001;
	1865 :	10101101;
	1864 :	10101101;
	1863 :	10101101;
	1862 :	10101101;
	1861 :	10110001;
	1860 :	11010101;
	1859 :	11011010;
	1858 :	11010110;
	1857 :	11010110;
	1856 :	11010110;
	1855 :	11111111;
	1854 :	11111111;
	1853 :	11111111;
	1852 :	11111111;
	1851 :	01000000;
	1850 :	01000000;
	1849 :	01000100;
	1848 :	10001101;
	1847 :	10101101;
	1846 :	10101101;
	1845 :	10101101;
	1844 :	10101101;
	1843 :	10110001;
	1842 :	11010101;
	1841 :	11010101;
	1840 :	11011010;
	1839 :	11010110;
	1838 :	11011010;
	1837 :	11111111;
	1836 :	11111111;
	1835 :	11111111;
	1834 :	11111111;
	1833 :	11111111;
	1832 :	11111111;
	1831 :	11111111;
	1830 :	11111111;
	1829 :	00100000;
	1828 :	00100000;
	1827 :	01000000;
	1826 :	01000000;
	1825 :	01000100;
	1824 :	01100100;
	1823 :	11111111;
	1822 :	11111111;
	1821 :	11111111;
	1820 :	11111111;
	1819 :	11111111;
	1818 :	11111111;
	1817 :	11111111;
	1816 :	11111111;
	1815 :	11111111;
	1814 :	11111111;
	1813 :	11111111;
	1812 :	11111111;
	1811 :	01100100;
	1810 :	01100100;
	1809 :	01100100;
	1808 :	10101101;
	1807 :	10101101;
	1806 :	11010001;
	1805 :	11111111;
	1804 :	11111111;
	1803 :	11111111;
	1802 :	11111111;
	1801 :	11111111;
	1800 :	11111111;
	1799 :	11111111;
	1798 :	11111111;
	1797 :	11111111;
	1796 :	11111111;
	1795 :	11111111;
	1794 :	11111111;
	1793 :	01100100;
	1792 :	01100100;
	1791 :	01100100;
	1790 :	10001000;
	1789 :	10001000;
	1788 :	10001000;
	1787 :	11111111;
	1786 :	11111111;
	1785 :	11111111;
	1784 :	11111111;
	1783 :	11111111;
	1782 :	11111111;
	1781 :	11111111;
	1780 :	11111111;
	1779 :	11111111;
	1778 :	11111111;
	1777 :	11111111;
	1776 :	00100000;
	1775 :	01000000;
	1774 :	01000000;
	1773 :	01000000;
	1772 :	01000000;
	1771 :	00100000;
	1770 :	00100000;
	1769 :	00100000;
	1768 :	11111111;
	1767 :	11111111;
	1766 :	11111111;
	1765 :	11111111;
	1764 :	11111111;
	1763 :	11111111;
	1762 :	11111111;
	1761 :	11111111;
	1760 :	11111111;
	1759 :	00100000;
	1758 :	01000000;
	1757 :	01100100;
	1756 :	01100100;
	1755 :	10001000;
	1754 :	10101101;
	1753 :	10101101;
	1752 :	10110001;
	1751 :	11010001;
	1750 :	11010001;
	1749 :	11111111;
	1748 :	11111111;
	1747 :	11111111;
	1746 :	11111111;
	1745 :	11111111;
	1744 :	11111111;
	1743 :	11111111;
	1742 :	11111111;
	1741 :	00100000;
	1740 :	01000100;
	1739 :	01101000;
	1738 :	10001101;
	1737 :	10101101;
	1736 :	11010110;
	1735 :	11010001;
	1734 :	11010110;
	1733 :	11010110;
	1732 :	11011010;
	1731 :	11111111;
	1730 :	11111111;
	1729 :	11111111;
	1728 :	11111111;
	1727 :	11111111;
	1726 :	11111111;
	1725 :	01110010;
	1724 :	01110010;
	1723 :	01110010;
	1722 :	01110010;
	1721 :	01110110;
	1720 :	01110010;
	1719 :	01110110;
	1718 :	01110110;
	1717 :	01110110;
	1716 :	01110110;
	1715 :	01110110;
	1714 :	01110010;
	1713 :	01110110;
	1712 :	10010110;
	1711 :	11111111;
	1710 :	11111111;
	1709 :	11111111;
	1708 :	01110110;
	1707 :	00001000;
	1706 :	00001000;
	1705 :	00001000;
	1704 :	00001000;
	1703 :	00000100;
	1702 :	00000100;
	1701 :	00001000;
	1700 :	00000100;
	1699 :	00000100;
	1698 :	00000100;
	1697 :	00001000;
	1696 :	00001000;
	1695 :	00001000;
	1694 :	00001000;
	1693 :	10010110;
	1692 :	11111111;
	1691 :	01110110;
	1690 :	00001000;
	1689 :	00000100;
	1688 :	00000100;
	1687 :	00000100;
	1686 :	00001000;
	1685 :	00001000;
	1684 :	00000100;
	1683 :	11111111;
	1682 :	11111111;
	1681 :	00000100;
	1680 :	11111111;
	1679 :	11111111;
	1678 :	11111111;
	1677 :	00001000;
	1676 :	00000100;
	1675 :	00001000;
	1674 :	10010110;
	1673 :	01110110;
	1672 :	00000100;
	1671 :	00001000;
	1670 :	00001000;
	1669 :	00001000;
	1668 :	00001000;
	1667 :	00001000;
	1666 :	00001000;
	1665 :	00001000;
	1664 :	00001000;
	1663 :	00001000;
	1662 :	00001000;
	1661 :	00001000;
	1660 :	00000100;
	1659 :	11111111;
	1658 :	00001000;
	1657 :	00001000;
	1656 :	10010110;
	1655 :	01110110;
	1654 :	00001000;
	1653 :	00001000;
	1652 :	00001000;
	1651 :	00001000;
	1650 :	00001000;
	1649 :	00001000;
	1648 :	00001000;
	1647 :	00001100;
	1646 :	00001000;
	1645 :	00001000;
	1644 :	00001000;
	1643 :	00001000;
	1642 :	00001000;
	1641 :	00000100;
	1640 :	11111111;
	1639 :	00001000;
	1638 :	10010110;
	1637 :	01110110;
	1636 :	00001000;
	1635 :	00001000;
	1634 :	00001000;
	1633 :	00001000;
	1632 :	01010110;
	1631 :	00110001;
	1630 :	00001100;
	1629 :	00110101;
	1628 :	00110101;
	1627 :	00101101;
	1626 :	00001101;
	1625 :	00001000;
	1624 :	00001000;
	1623 :	00001000;
	1622 :	11111111;
	1621 :	00001000;
	1620 :	10010110;
	1619 :	01110110;
	1618 :	00001000;
	1617 :	00001000;
	1616 :	00001000;
	1615 :	00001101;
	1614 :	00101101;
	1613 :	00101101;
	1612 :	00101101;
	1611 :	00101101;
	1610 :	00101101;
	1609 :	01011010;
	1608 :	00101101;
	1607 :	00001101;
	1606 :	00001101;
	1605 :	00001000;
	1604 :	00001000;
	1603 :	00001000;
	1602 :	10010010;
	1601 :	01110110;
	1600 :	00001000;
	1599 :	11111111;
	1598 :	00001101;
	1597 :	00110101;
	1596 :	00110101;
	1595 :	00101101;
	1594 :	00001101;
	1593 :	00101101;
	1592 :	00101101;
	1591 :	00101101;
	1590 :	00110110;
	1589 :	00101101;
	1588 :	00001101;
	1587 :	00001000;
	1586 :	00001000;
	1585 :	00001000;
	1584 :	10010010;
	1583 :	01110110;
	1582 :	00001000;
	1581 :	11111111;
	1580 :	00001101;
	1579 :	00001101;
	1578 :	00001101;
	1577 :	00001101;
	1576 :	00001101;
	1575 :	00001101;
	1574 :	00101101;
	1573 :	00101101;
	1572 :	00101101;
	1571 :	00101101;
	1570 :	00101101;
	1569 :	00001100;
	1568 :	11111111;
	1567 :	00001000;
	1566 :	10010010;
	1565 :	01110110;
	1564 :	00001000;
	1563 :	11111111;
	1562 :	00001000;
	1561 :	00001101;
	1560 :	00001101;
	1559 :	00001101;
	1558 :	00001101;
	1557 :	01011010;
	1556 :	00101101;
	1555 :	00101101;
	1554 :	00101101;
	1553 :	00110101;
	1552 :	00101101;
	1551 :	00001101;
	1550 :	00001000;
	1549 :	00001000;
	1548 :	10010010;
	1547 :	01110110;
	1546 :	00001000;
	1545 :	00001000;
	1544 :	00001000;
	1543 :	00001000;
	1542 :	00001000;
	1541 :	00001101;
	1540 :	00101101;
	1539 :	00001101;
	1538 :	00110101;
	1537 :	00101101;
	1536 :	00101101;
	1535 :	00101101;
	1534 :	00110101;
	1533 :	00001101;
	1532 :	00001000;
	1531 :	00001000;
	1530 :	10010010;
	1529 :	01110010;
	1528 :	00001000;
	1527 :	00001000;
	1526 :	00001000;
	1525 :	00001000;
	1524 :	00001000;
	1523 :	00001000;
	1522 :	00001101;
	1521 :	00001101;
	1520 :	00001101;
	1519 :	00001101;
	1518 :	00001101;
	1517 :	01011010;
	1516 :	00101101;
	1515 :	00001101;
	1514 :	11111111;
	1513 :	00001000;
	1512 :	10010010;
	1511 :	01110110;
	1510 :	00110110;
	1509 :	11111111;
	1508 :	00110110;
	1507 :	00111010;
	1506 :	00111010;
	1505 :	00001000;
	1504 :	00001000;
	1503 :	00001000;
	1502 :	00001000;
	1501 :	00001100;
	1500 :	00001101;
	1499 :	00110101;
	1498 :	00001101;
	1497 :	00001000;
	1496 :	11111111;
	1495 :	00001000;
	1494 :	10010010;
	1493 :	01110110;
	1492 :	00111010;
	1491 :	11111111;
	1490 :	00111010;
	1489 :	00111010;
	1488 :	00111010;
	1487 :	01111010;
	1486 :	01111010;
	1485 :	01111010;
	1484 :	00001000;
	1483 :	00001000;
	1482 :	00001101;
	1481 :	00001101;
	1480 :	00001101;
	1479 :	00001000;
	1478 :	11111111;
	1477 :	00001000;
	1476 :	10010010;
	1475 :	01110110;
	1474 :	01011010;
	1473 :	00111010;
	1472 :	00111010;
	1471 :	01011010;
	1470 :	01111010;
	1469 :	01111010;
	1468 :	01111010;
	1467 :	01110110;
	1466 :	10010110;
	1465 :	01110110;
	1464 :	01110110;
	1463 :	00001000;
	1462 :	00001000;
	1461 :	00001000;
	1460 :	11111111;
	1459 :	00001000;
	1458 :	10010010;
	1457 :	01110010;
	1456 :	01011010;
	1455 :	11111111;
	1454 :	01111010;
	1453 :	01111010;
	1452 :	01111010;
	1451 :	10010110;
	1450 :	10010110;
	1449 :	10010110;
	1448 :	10010110;
	1447 :	10010110;
	1446 :	10010110;
	1445 :	01110110;
	1444 :	01110110;
	1443 :	00001000;
	1442 :	11111111;
	1441 :	10010110;
	1440 :	10010110;
	1439 :	01110110;
	1438 :	10010110;
	1437 :	01111010;
	1436 :	01111010;
	1435 :	10010110;
	1434 :	01110110;
	1433 :	01110110;
	1432 :	10010110;
	1431 :	10010110;
	1430 :	10010110;
	1429 :	10010110;
	1428 :	10010110;
	1427 :	01110110;
	1426 :	10010110;
	1425 :	01110110;
	1424 :	11111111;
	1423 :	01110110;
	1422 :	10010110;
	1421 :	01110110;
	1420 :	01110110;
	1419 :	01110110;
	1418 :	01110110;
	1417 :	10010110;
	1416 :	10010110;
	1415 :	10010110;
	1414 :	10010110;
	1413 :	10010110;
	1412 :	10010110;
	1411 :	10010110;
	1410 :	10010110;
	1409 :	10010110;
	1408 :	10010110;
	1407 :	10010110;
	1406 :	11111111;
	1405 :	01110110;
	1404 :	10010110;
	1403 :	01110110;
	1402 :	01110110;
	1401 :	01110110;
	1400 :	10010110;
	1399 :	10010110;
	1398 :	10010110;
	1397 :	10010110;
	1396 :	10010110;
	1395 :	10010110;
	1394 :	01110110;
	1393 :	10010110;
	1392 :	10010110;
	1391 :	10010110;
	1390 :	10010110;
	1389 :	10010110;
	1388 :	01110110;
	1387 :	01110110;
	1386 :	10010110;
	1385 :	01110110;
	1384 :	10010110;
	1383 :	10010110;
	1382 :	10010110;
	1381 :	10010110;
	1380 :	10010110;
	1379 :	10010110;
	1378 :	10010110;
	1377 :	10010110;
	1376 :	10010110;
	1375 :	10010110;
	1374 :	10010110;
	1373 :	10010110;
	1372 :	10010110;
	1371 :	10010110;
	1370 :	10010110;
	1369 :	01110110;
	1368 :	10010110;
	1367 :	11111111;
	1366 :	01010010;
	1365 :	01010010;
	1364 :	01010010;
	1363 :	01010010;
	1362 :	01010010;
	1361 :	01010010;
	1360 :	01010010;
	1359 :	01010010;
	1358 :	01010010;
	1357 :	01010010;
	1356 :	01010010;
	1355 :	01010010;
	1354 :	01110010;
	1353 :	10010110;
	1352 :	01110010;
	1351 :	10010110;
	1350 :	11111111;
	1349 :	11111111;
	1348 :	11111111;
	1347 :	01010010;
	1346 :	01010010;
	1345 :	01010010;
	1344 :	01001101;
	1343 :	01001101;
	1342 :	01001101;
	1341 :	01001101;
	1340 :	01001101;
	1339 :	01001101;
	1338 :	01001101;
	1337 :	01001101;
	1336 :	01010010;
	1335 :	01010010;
	1334 :	01010010;
	1333 :	11111111;
	1332 :	11111111;
	1331 :	11111111;
	1330 :	00101110;
	1329 :	00101110;
	1328 :	00110010;
	1327 :	00101110;
	1326 :	00101110;
	1325 :	10011010;
	1324 :	00110010;
	1323 :	00101110;
	1322 :	01010010;
	1321 :	00101110;
	1320 :	01010010;
	1319 :	01010010;
	1318 :	00101110;
	1317 :	11111111;
	1316 :	01010110;
	1315 :	00110010;
	1314 :	11111111;
	1313 :	11111111;
	1312 :	11111111;
	1311 :	11111111;
	1310 :	11111111;
	1309 :	00100000;
	1308 :	00100000;
	1307 :	00100000;
	1306 :	00100000;
	1305 :	00100000;
	1304 :	00100000;
	1303 :	00100000;
	1302 :	00100000;
	1301 :	01000000;
	1300 :	01000000;
	1299 :	11111111;
	1298 :	11111111;
	1297 :	11111111;
	1296 :	11111111;
	1295 :	11111111;
	1294 :	11111111;
	1293 :	01000000;
	1292 :	01000000;
	1291 :	01100100;
	1290 :	10001001;
	1289 :	10101101;
	1288 :	10101101;
	1287 :	10101101;
	1286 :	10101101;
	1285 :	10110001;
	1284 :	11010101;
	1283 :	11011010;
	1282 :	11010110;
	1281 :	11010110;
	1280 :	11010110;
	1279 :	11111111;
	1278 :	11111111;
	1277 :	11111111;
	1276 :	11111111;
	1275 :	01000000;
	1274 :	01000000;
	1273 :	01000100;
	1272 :	10001101;
	1271 :	10101101;
	1270 :	10101101;
	1269 :	10101101;
	1268 :	10101101;
	1267 :	10110001;
	1266 :	11010101;
	1265 :	11010101;
	1264 :	11011010;
	1263 :	11010110;
	1262 :	11011010;
	1261 :	11111111;
	1260 :	11111111;
	1259 :	11111111;
	1258 :	11111111;
	1257 :	11111111;
	1256 :	11111111;
	1255 :	11111111;
	1254 :	11111111;
	1253 :	00100000;
	1252 :	00100000;
	1251 :	01000000;
	1250 :	01000000;
	1249 :	01000100;
	1248 :	01100100;
	1247 :	11111111;
	1246 :	11111111;
	1245 :	11111111;
	1244 :	11111111;
	1243 :	11111111;
	1242 :	11111111;
	1241 :	11111111;
	1240 :	11111111;
	1239 :	11111111;
	1238 :	11111111;
	1237 :	11111111;
	1236 :	11111111;
	1235 :	01100100;
	1234 :	01100100;
	1233 :	01100100;
	1232 :	10101101;
	1231 :	10101101;
	1230 :	11010001;
	1229 :	11111111;
	1228 :	11111111;
	1227 :	11111111;
	1226 :	11111111;
	1225 :	11111111;
	1224 :	11111111;
	1223 :	11111111;
	1222 :	11111111;
	1221 :	11111111;
	1220 :	11111111;
	1219 :	11111111;
	1218 :	11111111;
	1217 :	01100100;
	1216 :	01100100;
	1215 :	01100100;
	1214 :	10001000;
	1213 :	10001000;
	1212 :	10001000;
	1211 :	11111111;
	1210 :	11111111;
	1209 :	11111111;
	1208 :	11111111;
	1207 :	11111111;
	1206 :	11111111;
	1205 :	11111111;
	1204 :	11111111;
	1203 :	11111111;
	1202 :	11111111;
	1201 :	11111111;
	1200 :	00100000;
	1199 :	01000000;
	1198 :	01000000;
	1197 :	01000000;
	1196 :	01000000;
	1195 :	00100000;
	1194 :	00100000;
	1193 :	00100000;
	1192 :	11111111;
	1191 :	11111111;
	1190 :	11111111;
	1189 :	11111111;
	1188 :	11111111;
	1187 :	11111111;
	1186 :	11111111;
	1185 :	11111111;
	1184 :	11111111;
	1183 :	00100000;
	1182 :	01000000;
	1181 :	01100100;
	1180 :	01100100;
	1179 :	10001000;
	1178 :	10101101;
	1177 :	10101101;
	1176 :	10110001;
	1175 :	11010001;
	1174 :	11010001;
	1173 :	11111111;
	1172 :	11111111;
	1171 :	11111111;
	1170 :	11111111;
	1169 :	11111111;
	1168 :	11111111;
	1167 :	11111111;
	1166 :	11111111;
	1165 :	00100000;
	1164 :	01000100;
	1163 :	01101000;
	1162 :	10001101;
	1161 :	10101101;
	1160 :	11010110;
	1159 :	11010001;
	1158 :	11010110;
	1157 :	11010110;
	1156 :	11011010;
	1155 :	11111111;
	1154 :	11111111;
	1153 :	11111111;
	1152 :	11111111;
	1151 :	11111111;
	1150 :	11111111;
	1149 :	01110010;
	1148 :	01110010;
	1147 :	01110010;
	1146 :	01110010;
	1145 :	01110110;
	1144 :	01110010;
	1143 :	01110110;
	1142 :	01110110;
	1141 :	01110110;
	1140 :	01110110;
	1139 :	01110110;
	1138 :	01110010;
	1137 :	01110110;
	1136 :	10010110;
	1135 :	11111111;
	1134 :	11111111;
	1133 :	11111111;
	1132 :	01110110;
	1131 :	00001000;
	1130 :	00001000;
	1129 :	00001000;
	1128 :	00001000;
	1127 :	00001000;
	1126 :	00001000;
	1125 :	00001000;
	1124 :	00000100;
	1123 :	00000100;
	1122 :	00000100;
	1121 :	00001000;
	1120 :	00001000;
	1119 :	00001000;
	1118 :	00001000;
	1117 :	10010110;
	1116 :	11111111;
	1115 :	01110110;
	1114 :	00001000;
	1113 :	00000100;
	1112 :	00000100;
	1111 :	00000100;
	1110 :	00001000;
	1109 :	00001000;
	1108 :	00001000;
	1107 :	11111111;
	1106 :	11111111;
	1105 :	00000100;
	1104 :	11111111;
	1103 :	11111111;
	1102 :	11111111;
	1101 :	00001000;
	1100 :	00000100;
	1099 :	00001000;
	1098 :	10010110;
	1097 :	01110110;
	1096 :	00000100;
	1095 :	00001000;
	1094 :	00001000;
	1093 :	00001000;
	1092 :	00001000;
	1091 :	00001000;
	1090 :	00001000;
	1089 :	00001000;
	1088 :	00001000;
	1087 :	00001000;
	1086 :	00001000;
	1085 :	00001000;
	1084 :	00000100;
	1083 :	11111111;
	1082 :	00001000;
	1081 :	00001000;
	1080 :	10010110;
	1079 :	01110110;
	1078 :	00001000;
	1077 :	00001000;
	1076 :	00001000;
	1075 :	00001000;
	1074 :	01010110;
	1073 :	00110001;
	1072 :	00001000;
	1071 :	00110101;
	1070 :	00001100;
	1069 :	00001000;
	1068 :	00001000;
	1067 :	00001000;
	1066 :	00001000;
	1065 :	00000100;
	1064 :	11111111;
	1063 :	00001000;
	1062 :	10010110;
	1061 :	01110110;
	1060 :	00001000;
	1059 :	00001000;
	1058 :	00001000;
	1057 :	00001000;
	1056 :	00001000;
	1055 :	00001100;
	1054 :	00001100;
	1053 :	00101101;
	1052 :	00110101;
	1051 :	00101101;
	1050 :	00101101;
	1049 :	00001000;
	1048 :	00001000;
	1047 :	00001000;
	1046 :	11111111;
	1045 :	00001000;
	1044 :	10010110;
	1043 :	01110110;
	1042 :	00001000;
	1041 :	00001000;
	1040 :	00001000;
	1039 :	00001100;
	1038 :	00001101;
	1037 :	00101101;
	1036 :	00101101;
	1035 :	00101101;
	1034 :	00101101;
	1033 :	01011010;
	1032 :	00110110;
	1031 :	00101101;
	1030 :	00001101;
	1029 :	00001000;
	1028 :	00001000;
	1027 :	00001000;
	1026 :	10010010;
	1025 :	01110110;
	1024 :	00001000;
	1023 :	11111111;
	1022 :	00001101;
	1021 :	00110101;
	1020 :	00110101;
	1019 :	00101101;
	1018 :	00001101;
	1017 :	00110101;
	1016 :	00101101;
	1015 :	00101101;
	1014 :	00110101;
	1013 :	00101101;
	1012 :	00001101;
	1011 :	00001000;
	1010 :	00001000;
	1009 :	00001000;
	1008 :	10010010;
	1007 :	01110110;
	1006 :	00001000;
	1005 :	11111111;
	1004 :	00001101;
	1003 :	00001101;
	1002 :	00001100;
	1001 :	00001101;
	1000 :	00001101;
	999 :	01011010;
	998 :	00101101;
	997 :	00101101;
	996 :	00101101;
	995 :	00101101;
	994 :	00001101;
	993 :	00001000;
	992 :	11111111;
	991 :	00001000;
	990 :	10010010;
	989 :	01110110;
	988 :	00001000;
	987 :	11111111;
	986 :	00001000;
	985 :	00001000;
	984 :	00001101;
	983 :	00001101;
	982 :	00001101;
	981 :	00001101;
	980 :	00001101;
	979 :	00101101;
	978 :	00101101;
	977 :	00110101;
	976 :	00101101;
	975 :	00001101;
	974 :	00001000;
	973 :	00001000;
	972 :	10010010;
	971 :	01110110;
	970 :	00001000;
	969 :	00001000;
	968 :	00001000;
	967 :	00001000;
	966 :	00001000;
	965 :	00001101;
	964 :	00101101;
	963 :	00001101;
	962 :	00110101;
	961 :	00001101;
	960 :	00101101;
	959 :	00101101;
	958 :	00110101;
	957 :	00001101;
	956 :	00001000;
	955 :	00001000;
	954 :	10010010;
	953 :	01110010;
	952 :	00001000;
	951 :	00001000;
	950 :	00001000;
	949 :	00001000;
	948 :	00001000;
	947 :	00001000;
	946 :	00001001;
	945 :	00001101;
	944 :	00001101;
	943 :	00001101;
	942 :	00001101;
	941 :	01011010;
	940 :	00101101;
	939 :	00001101;
	938 :	11111111;
	937 :	00001000;
	936 :	10010010;
	935 :	01110110;
	934 :	00110110;
	933 :	11111111;
	932 :	00111010;
	931 :	00111010;
	930 :	00111010;
	929 :	00111010;
	928 :	00001000;
	927 :	00001000;
	926 :	00001000;
	925 :	00001100;
	924 :	00001101;
	923 :	00110101;
	922 :	00001101;
	921 :	00001000;
	920 :	11111111;
	919 :	00001000;
	918 :	10010010;
	917 :	01110110;
	916 :	00111010;
	915 :	11111111;
	914 :	00111010;
	913 :	00111010;
	912 :	00111010;
	911 :	01111010;
	910 :	01111010;
	909 :	10010110;
	908 :	01110110;
	907 :	00001000;
	906 :	00001101;
	905 :	00001101;
	904 :	00001101;
	903 :	00001000;
	902 :	11111111;
	901 :	00001000;
	900 :	10010010;
	899 :	01110110;
	898 :	00111010;
	897 :	00111010;
	896 :	01011010;
	895 :	01011010;
	894 :	01111010;
	893 :	01111010;
	892 :	01110110;
	891 :	01110110;
	890 :	10010110;
	889 :	01110110;
	888 :	01110110;
	887 :	01110110;
	886 :	00001000;
	885 :	00001000;
	884 :	11111111;
	883 :	00001000;
	882 :	10010010;
	881 :	01110010;
	880 :	01011010;
	879 :	11111111;
	878 :	01111010;
	877 :	01111010;
	876 :	10010110;
	875 :	10010110;
	874 :	10010110;
	873 :	10010110;
	872 :	10010110;
	871 :	10010110;
	870 :	10010110;
	869 :	01110110;
	868 :	01110110;
	867 :	01110110;
	866 :	11111111;
	865 :	00001000;
	864 :	10010110;
	863 :	01110110;
	862 :	01111010;
	861 :	01111010;
	860 :	10010110;
	859 :	10010110;
	858 :	01110110;
	857 :	01110110;
	856 :	10010110;
	855 :	10010110;
	854 :	10010110;
	853 :	10010110;
	852 :	10010110;
	851 :	01110110;
	850 :	10010110;
	849 :	01110110;
	848 :	11111111;
	847 :	01110110;
	846 :	10010110;
	845 :	01110110;
	844 :	01110110;
	843 :	01110110;
	842 :	01110110;
	841 :	10010110;
	840 :	10010110;
	839 :	10010110;
	838 :	10010110;
	837 :	10010110;
	836 :	10010110;
	835 :	10010110;
	834 :	10010110;
	833 :	10010110;
	832 :	10010110;
	831 :	10010110;
	830 :	11111111;
	829 :	01110110;
	828 :	10010110;
	827 :	01110110;
	826 :	01110110;
	825 :	01110110;
	824 :	10010110;
	823 :	10010110;
	822 :	10010110;
	821 :	10010110;
	820 :	10010110;
	819 :	10010110;
	818 :	01110110;
	817 :	10010110;
	816 :	10010110;
	815 :	10010110;
	814 :	10010110;
	813 :	10010110;
	812 :	01110110;
	811 :	01110110;
	810 :	10010110;
	809 :	01110110;
	808 :	10010110;
	807 :	10010110;
	806 :	10010110;
	805 :	10010110;
	804 :	10010110;
	803 :	10010110;
	802 :	10010110;
	801 :	10010110;
	800 :	10010110;
	799 :	10010110;
	798 :	10010110;
	797 :	10010110;
	796 :	10010110;
	795 :	10010110;
	794 :	10010110;
	793 :	01110110;
	792 :	10010110;
	791 :	11111111;
	790 :	01010010;
	789 :	01010010;
	788 :	01010010;
	787 :	01010010;
	786 :	01010010;
	785 :	01010010;
	784 :	01010010;
	783 :	01010010;
	782 :	01010010;
	781 :	01010010;
	780 :	01010010;
	779 :	01010010;
	778 :	01110010;
	777 :	10010110;
	776 :	01110010;
	775 :	10010110;
	774 :	11111111;
	773 :	11111111;
	772 :	11111111;
	771 :	01010010;
	770 :	01010010;
	769 :	01010010;
	768 :	01001101;
	767 :	01001101;
	766 :	01001101;
	765 :	01001101;
	764 :	01001101;
	763 :	01001101;
	762 :	01001101;
	761 :	01001101;
	760 :	01010010;
	759 :	01010010;
	758 :	01010010;
	757 :	11111111;
	756 :	11111111;
	755 :	11111111;
	754 :	00101110;
	753 :	00101110;
	752 :	00110010;
	751 :	00101110;
	750 :	00101110;
	749 :	10011010;
	748 :	00110010;
	747 :	00101110;
	746 :	01010010;
	745 :	00101110;
	744 :	01010010;
	743 :	01010010;
	742 :	00101110;
	741 :	11111111;
	740 :	01010110;
	739 :	00110010;
	738 :	11111111;
	737 :	11111111;
	736 :	11111111;
	735 :	11111111;
	734 :	11111111;
	733 :	00100000;
	732 :	00100000;
	731 :	00100000;
	730 :	00100000;
	729 :	00100000;
	728 :	00100000;
	727 :	00100000;
	726 :	00100000;
	725 :	01000000;
	724 :	01000000;
	723 :	11111111;
	722 :	11111111;
	721 :	11111111;
	720 :	11111111;
	719 :	11111111;
	718 :	11111111;
	717 :	01000000;
	716 :	01000000;
	715 :	01100100;
	714 :	10001001;
	713 :	10101101;
	712 :	10101101;
	711 :	10101101;
	710 :	10101101;
	709 :	10110001;
	708 :	11010101;
	707 :	11011010;
	706 :	11010110;
	705 :	11010110;
	704 :	11010110;
	703 :	11111111;
	702 :	11111111;
	701 :	11111111;
	700 :	11111111;
	699 :	01000000;
	698 :	01000000;
	697 :	01000100;
	696 :	10001101;
	695 :	10101101;
	694 :	10101101;
	693 :	10101101;
	692 :	10101101;
	691 :	10110001;
	690 :	11010101;
	689 :	11010101;
	688 :	11011010;
	687 :	11010110;
	686 :	11011010;
	685 :	11111111;
	684 :	11111111;
	683 :	11111111;
	682 :	11111111;
	681 :	11111111;
	680 :	11111111;
	679 :	11111111;
	678 :	11111111;
	677 :	00100000;
	676 :	00100000;
	675 :	01000000;
	674 :	01000000;
	673 :	01000100;
	672 :	01100100;
	671 :	11111111;
	670 :	11111111;
	669 :	11111111;
	668 :	11111111;
	667 :	11111111;
	666 :	11111111;
	665 :	11111111;
	664 :	11111111;
	663 :	11111111;
	662 :	11111111;
	661 :	11111111;
	660 :	11111111;
	659 :	01100100;
	658 :	01100100;
	657 :	01100100;
	656 :	10101101;
	655 :	10101101;
	654 :	11010001;
	653 :	11111111;
	652 :	11111111;
	651 :	11111111;
	650 :	11111111;
	649 :	11111111;
	648 :	11111111;
	647 :	11111111;
	646 :	11111111;
	645 :	11111111;
	644 :	11111111;
	643 :	11111111;
	642 :	11111111;
	641 :	01100100;
	640 :	01100100;
	639 :	01100100;
	638 :	10001000;
	637 :	10001000;
	636 :	10001000;
	635 :	11111111;
	634 :	11111111;
	633 :	11111111;
	632 :	11111111;
	631 :	11111111;
	630 :	11111111;
	629 :	11111111;
	628 :	11111111;
	627 :	11111111;
	626 :	11111111;
	625 :	11111111;
	624 :	00100000;
	623 :	01000000;
	622 :	01000000;
	621 :	01000000;
	620 :	01000000;
	619 :	00100000;
	618 :	00100000;
	617 :	00100000;
	616 :	11111111;
	615 :	11111111;
	614 :	11111111;
	613 :	11111111;
	612 :	11111111;
	611 :	11111111;
	610 :	11111111;
	609 :	11111111;
	608 :	11111111;
	607 :	00100000;
	606 :	01000000;
	605 :	01100100;
	604 :	01100100;
	603 :	10001000;
	602 :	10101101;
	601 :	10101101;
	600 :	10110001;
	599 :	11010001;
	598 :	11010001;
	597 :	11111111;
	596 :	11111111;
	595 :	11111111;
	594 :	11111111;
	593 :	11111111;
	592 :	11111111;
	591 :	11111111;
	590 :	11111111;
	589 :	00100000;
	588 :	01000100;
	587 :	01101000;
	586 :	10001101;
	585 :	10101101;
	584 :	11010110;
	583 :	11010001;
	582 :	11010110;
	581 :	11010110;
	580 :	11011010;
	579 :	11111111;
	578 :	11111111;
	577 :	11111111;
	576 :	11111111;
	575 :	11111111;
	574 :	11111111;
	573 :	01110010;
	572 :	01110010;
	571 :	01110010;
	570 :	01110010;
	569 :	01110110;
	568 :	01110010;
	567 :	01110110;
	566 :	01110110;
	565 :	01110110;
	564 :	01110110;
	563 :	01110110;
	562 :	01110010;
	561 :	01110110;
	560 :	10010110;
	559 :	11111111;
	558 :	11111111;
	557 :	11111111;
	556 :	01110110;
	555 :	00001000;
	554 :	00001000;
	553 :	00001000;
	552 :	00001000;
	551 :	00001000;
	550 :	00001000;
	549 :	00001000;
	548 :	00001000;
	547 :	00000100;
	546 :	00000100;
	545 :	00001000;
	544 :	00001000;
	543 :	00001000;
	542 :	00001000;
	541 :	10010110;
	540 :	11111111;
	539 :	01110110;
	538 :	00001000;
	537 :	00000100;
	536 :	00001000;
	535 :	00000100;
	534 :	00001000;
	533 :	00001000;
	532 :	00001000;
	531 :	11111111;
	530 :	11111111;
	529 :	00001000;
	528 :	11111111;
	527 :	11111111;
	526 :	11111111;
	525 :	00001000;
	524 :	00000100;
	523 :	00001000;
	522 :	10010110;
	521 :	01110110;
	520 :	00001000;
	519 :	00001000;
	518 :	00001000;
	517 :	00001000;
	516 :	00001000;
	515 :	00001000;
	514 :	00001000;
	513 :	00001000;
	512 :	00001000;
	511 :	00001000;
	510 :	00001000;
	509 :	00001000;
	508 :	00000100;
	507 :	11111111;
	506 :	00001000;
	505 :	00001000;
	504 :	10010110;
	503 :	01110110;
	502 :	00001000;
	501 :	00001000;
	500 :	00001000;
	499 :	00001000;
	498 :	01010110;
	497 :	00110001;
	496 :	00001000;
	495 :	00110101;
	494 :	00110101;
	493 :	00001100;
	492 :	00001000;
	491 :	00001000;
	490 :	00001000;
	489 :	00000100;
	488 :	11111111;
	487 :	00001000;
	486 :	10010110;
	485 :	01110110;
	484 :	00001000;
	483 :	00001000;
	482 :	00001000;
	481 :	00001000;
	480 :	00001100;
	479 :	00001100;
	478 :	00001100;
	477 :	00101101;
	476 :	00101101;
	475 :	01011010;
	474 :	00101101;
	473 :	00001000;
	472 :	00001000;
	471 :	00001000;
	470 :	11111111;
	469 :	00001000;
	468 :	10010110;
	467 :	01110110;
	466 :	00001000;
	465 :	00001000;
	464 :	00001000;
	463 :	00110101;
	462 :	00110101;
	461 :	00101101;
	460 :	00101101;
	459 :	00101101;
	458 :	00101101;
	457 :	00101101;
	456 :	00110110;
	455 :	00101101;
	454 :	00001101;
	453 :	00001000;
	452 :	00001000;
	451 :	00001000;
	450 :	10010010;
	449 :	01110110;
	448 :	00001000;
	447 :	11111111;
	446 :	00110101;
	445 :	00110101;
	444 :	00101101;
	443 :	00001100;
	442 :	00001101;
	441 :	00110101;
	440 :	01011010;
	439 :	00101101;
	438 :	00110101;
	437 :	00110101;
	436 :	00101101;
	435 :	00001000;
	434 :	00001000;
	433 :	00001000;
	432 :	10010010;
	431 :	01110110;
	430 :	00001000;
	429 :	11111111;
	428 :	00001001;
	427 :	00001000;
	426 :	00001000;
	425 :	00001000;
	424 :	00001101;
	423 :	01011010;
	422 :	00101101;
	421 :	00101101;
	420 :	00101101;
	419 :	00110101;
	418 :	00101101;
	417 :	00001101;
	416 :	11111111;
	415 :	00001000;
	414 :	10010010;
	413 :	01110110;
	412 :	00001000;
	411 :	11111111;
	410 :	00001000;
	409 :	00001000;
	408 :	00001101;
	407 :	00001001;
	406 :	00001101;
	405 :	00001101;
	404 :	00110101;
	403 :	00101101;
	402 :	00101101;
	401 :	00101101;
	400 :	00110101;
	399 :	00001101;
	398 :	00001000;
	397 :	00001000;
	396 :	10010010;
	395 :	01110010;
	394 :	00001000;
	393 :	00001000;
	392 :	00001000;
	391 :	00001000;
	390 :	00001000;
	389 :	00001101;
	388 :	00101101;
	387 :	00001101;
	386 :	00001101;
	385 :	00001101;
	384 :	00101101;
	383 :	01011010;
	382 :	00101101;
	381 :	00001101;
	380 :	00001000;
	379 :	00001000;
	378 :	10010010;
	377 :	01110010;
	376 :	00001000;
	375 :	00001000;
	374 :	00001000;
	373 :	00001000;
	372 :	00001000;
	371 :	00001000;
	370 :	00001000;
	369 :	00001101;
	368 :	00001101;
	367 :	00001101;
	366 :	00001101;
	365 :	00110101;
	364 :	00001101;
	363 :	00001000;
	362 :	11111111;
	361 :	00001000;
	360 :	10010010;
	359 :	01110110;
	358 :	00001000;
	357 :	11111111;
	356 :	00111010;
	355 :	00111010;
	354 :	00111010;
	353 :	00111010;
	352 :	00111010;
	351 :	00001000;
	350 :	00001000;
	349 :	00001000;
	348 :	00001101;
	347 :	00001101;
	346 :	00001101;
	345 :	00001000;
	344 :	11111111;
	343 :	00001000;
	342 :	10010010;
	341 :	01110110;
	340 :	00111010;
	339 :	11111111;
	338 :	00111010;
	337 :	00111010;
	336 :	01011010;
	335 :	01111010;
	334 :	01110110;
	333 :	10010110;
	332 :	01110110;
	331 :	01110110;
	330 :	00001000;
	329 :	00001000;
	328 :	00001001;
	327 :	00001000;
	326 :	11111111;
	325 :	00001000;
	324 :	10010010;
	323 :	01110110;
	322 :	00111010;
	321 :	01011010;
	320 :	01011010;
	319 :	01011010;
	318 :	01111010;
	317 :	10010110;
	316 :	01110110;
	315 :	01110110;
	314 :	10010110;
	313 :	01110110;
	312 :	01110110;
	311 :	01110110;
	310 :	01110110;
	309 :	00001000;
	308 :	11111111;
	307 :	00001000;
	306 :	10010010;
	305 :	01110010;
	304 :	01011010;
	303 :	11111111;
	302 :	01111010;
	301 :	10010110;
	300 :	10010110;
	299 :	10010110;
	298 :	10010110;
	297 :	10010110;
	296 :	10010110;
	295 :	10010110;
	294 :	10010110;
	293 :	01110110;
	292 :	01110110;
	291 :	01110110;
	290 :	11111111;
	289 :	00001000;
	288 :	10010110;
	287 :	01110110;
	286 :	01111010;
	285 :	10010110;
	284 :	10010110;
	283 :	10010110;
	282 :	01110110;
	281 :	01110110;
	280 :	10010110;
	279 :	10010110;
	278 :	10010110;
	277 :	10010110;
	276 :	10010110;
	275 :	01110110;
	274 :	10010110;
	273 :	01110110;
	272 :	11111111;
	271 :	01110110;
	270 :	10010110;
	269 :	01110110;
	268 :	01110110;
	267 :	01110110;
	266 :	01110110;
	265 :	10010110;
	264 :	10010110;
	263 :	10010110;
	262 :	10010110;
	261 :	10010110;
	260 :	10010110;
	259 :	10010110;
	258 :	10010110;
	257 :	10010110;
	256 :	10010110;
	255 :	10010110;
	254 :	11111111;
	253 :	01110110;
	252 :	10010110;
	251 :	01110110;
	250 :	01110110;
	249 :	01110110;
	248 :	10010110;
	247 :	10010110;
	246 :	10010110;
	245 :	10010110;
	244 :	10010110;
	243 :	10010110;
	242 :	01110110;
	241 :	10010110;
	240 :	10010110;
	239 :	10010110;
	238 :	10010110;
	237 :	10010110;
	236 :	01110110;
	235 :	01110110;
	234 :	10010110;
	233 :	01110110;
	232 :	10010110;
	231 :	10010110;
	230 :	10010110;
	229 :	10010110;
	228 :	10010110;
	227 :	10010110;
	226 :	10010110;
	225 :	10010110;
	224 :	10010110;
	223 :	10010110;
	222 :	10010110;
	221 :	10010110;
	220 :	10010110;
	219 :	10010110;
	218 :	10010110;
	217 :	01110110;
	216 :	10010110;
	215 :	11111111;
	214 :	01010010;
	213 :	01010010;
	212 :	01010010;
	211 :	01010010;
	210 :	01010010;
	209 :	01010010;
	208 :	01010010;
	207 :	01010010;
	206 :	01010010;
	205 :	01010010;
	204 :	01010010;
	203 :	01010010;
	202 :	01110010;
	201 :	10010110;
	200 :	01110010;
	199 :	10010110;
	198 :	11111111;
	197 :	11111111;
	196 :	11111111;
	195 :	01010010;
	194 :	01010010;
	193 :	01010010;
	192 :	01001101;
	191 :	01001101;
	190 :	01001101;
	189 :	01001101;
	188 :	01001101;
	187 :	01001101;
	186 :	01001101;
	185 :	01001101;
	184 :	01010010;
	183 :	01010010;
	182 :	01010010;
	181 :	11111111;
	180 :	11111111;
	179 :	11111111;
	178 :	00101110;
	177 :	00101110;
	176 :	00110010;
	175 :	00101110;
	174 :	00101110;
	173 :	10011010;
	172 :	00110010;
	171 :	00101110;
	170 :	01010010;
	169 :	00101110;
	168 :	01010010;
	167 :	01010010;
	166 :	00101110;
	165 :	11111111;
	164 :	01010110;
	163 :	00110010;
	162 :	11111111;
	161 :	11111111;
	160 :	11111111;
	159 :	11111111;
	158 :	11111111;
	157 :	00100000;
	156 :	00100000;
	155 :	00100000;
	154 :	00100000;
	153 :	00100000;
	152 :	00100000;
	151 :	00100000;
	150 :	00100000;
	149 :	01000000;
	148 :	01000000;
	147 :	11111111;
	146 :	11111111;
	145 :	11111111;
	144 :	11111111;
	143 :	11111111;
	142 :	11111111;
	141 :	01000000;
	140 :	01000000;
	139 :	01100100;
	138 :	10001001;
	137 :	10101101;
	136 :	10101101;
	135 :	10101101;
	134 :	10101101;
	133 :	10110001;
	132 :	11010101;
	131 :	11011010;
	130 :	11010110;
	129 :	11010110;
	128 :	11010110;
	127 :	11111111;
	126 :	11111111;
	125 :	11111111;
	124 :	11111111;
	123 :	01000000;
	122 :	01000000;
	121 :	01000100;
	120 :	10001101;
	119 :	10101101;
	118 :	10101101;
	117 :	10101101;
	116 :	10101101;
	115 :	10110001;
	114 :	11010101;
	113 :	11010101;
	112 :	11011010;
	111 :	11010110;
	110 :	11011010;
	109 :	11111111;
	108 :	11111111;
	107 :	11111111;
	106 :	11111111;
	105 :	11111111;
	104 :	11111111;
	103 :	11111111;
	102 :	11111111;
	101 :	00100000;
	100 :	00100000;
	99 :	01000000;
	98 :	01000000;
	97 :	01000100;
	96 :	01100100;
	95 :	11111111;
	94 :	11111111;
	93 :	11111111;
	92 :	11111111;
	91 :	11111111;
	90 :	11111111;
	89 :	11111111;
	88 :	11111111;
	87 :	11111111;
	86 :	11111111;
	85 :	11111111;
	84 :	11111111;
	83 :	01100100;
	82 :	01100100;
	81 :	01100100;
	80 :	10101101;
	79 :	10101101;
	78 :	11010001;
	77 :	11111111;
	76 :	11111111;
	75 :	11111111;
	74 :	11111111;
	73 :	11111111;
	72 :	11111111;
	71 :	11111111;
	70 :	11111111;
	69 :	11111111;
	68 :	11111111;
	67 :	11111111;
	66 :	11111111;
	65 :	01100100;
	64 :	01100100;
	63 :	01100100;
	62 :	10001000;
	61 :	10001000;
	60 :	10001000;
	59 :	11111111;
	58 :	11111111;
	57 :	11111111;
	56 :	11111111;
	55 :	11111111;
	54 :	11111111;
	53 :	11111111;
	52 :	11111111;
	51 :	11111111;
	50 :	11111111;
	49 :	11111111;
	48 :	00100000;
	47 :	01000000;
	46 :	01000000;
	45 :	01000000;
	44 :	01000000;
	43 :	00100000;
	42 :	00100000;
	41 :	00100000;
	40 :	11111111;
	39 :	11111111;
	38 :	11111111;
	37 :	11111111;
	36 :	11111111;
	35 :	11111111;
	34 :	11111111;
	33 :	11111111;
	32 :	11111111;
	31 :	00100000;
	30 :	01000000;
	29 :	01100100;
	28 :	01100100;
	27 :	10001000;
	26 :	10101101;
	25 :	10101101;
	24 :	10110001;
	23 :	11010001;
	22 :	11010001;
	21 :	11111111;
	20 :	11111111;
	19 :	11111111;
	18 :	11111111;
	17 :	11111111;
	16 :	11111111;
	15 :	11111111;
	14 :	11111111;
	13 :	00100000;
	12 :	01000100;
	11 :	01101000;
	10 :	10001101;
	9 :	10101101;
	8 :	11010110;
	7 :	11010001;
	6 :	11010110;
	5 :	11010110;
	4 :	11011010;
	3 :	11111111;
	2 :	11111111;
	1 :	11111111;
	0 :	11111111;
END;
