Analysis & Synthesis report for Lab1Demo
Thu Jan 08 21:07:56 2026
Quartus Prime Version 17.0.0 Build 595 04/25/2017 SJ Lite Edition


---------------------
; Table of Contents ;
---------------------
  1. Legal Notice
  2. Analysis & Synthesis Summary
  3. Analysis & Synthesis Settings
  4. Parallel Compilation
  5. Analysis & Synthesis Source Files Read
  6. Analysis & Synthesis Resource Usage Summary
  7. Analysis & Synthesis Resource Utilization by Entity
  8. Analysis & Synthesis RAM Summary
  9. Analysis & Synthesis DSP Block Usage Summary
 10. Analysis & Synthesis IP Cores Summary
 11. State Machine - |main|StageController:inst1|stageSM
 12. Registers Removed During Synthesis
 13. Removed Registers Triggering Further Register Optimizations
 14. General Register Statistics
 15. Inverted Register Statistics
 16. Registers Packed Into Inferred Megafunctions
 17. Multiplexer Restructuring Statistics (Restructuring Performed)
 18. Source assignments for TOP_KBD:inst5|KBDINTF:inst
 19. Source assignments for LPM_ROM:inst9|altrom:srom|altsyncram:rom_block|altsyncram_6471:auto_generated
 20. Source assignments for LevelController:inst2|SpriteRom:sharedROM|altsyncram:rom_rtl_0|altsyncram_sjd1:auto_generated
 21. Parameter Settings for User Entity Instance: CLK_31P5:inst7|CLK_31P5_0002:clk_31p5_inst|altera_pll:altera_pll_i
 22. Parameter Settings for User Entity Instance: VectorOr:inst17
 23. Parameter Settings for User Entity Instance: Decoder:inst4
 24. Parameter Settings for User Entity Instance: VectorOr:inst18
 25. Parameter Settings for User Entity Instance: LevelController:inst2|Hook:hook
 26. Parameter Settings for User Entity Instance: LevelController:inst2|Hook:hook|RotationTable:trigTable
 27. Parameter Settings for User Entity Instance: LevelController:inst2|TimeDisplay:timeDisplay
 28. Parameter Settings for User Entity Instance: LevelController:inst2|TimeDisplay:timeDisplay|FiveDigitDisplay:display
 29. Parameter Settings for User Entity Instance: LevelController:inst2|TimeDisplay:timeDisplay|FiveDigitDisplay:display|square_object:timeDisplaySquareObject
 30. Parameter Settings for User Entity Instance: LevelController:inst2|FiveDigitNumberDisplay:scoreDisplay
 31. Parameter Settings for User Entity Instance: LevelController:inst2|FiveDigitNumberDisplay:scoreDisplay|FiveDigitDisplay:display
 32. Parameter Settings for User Entity Instance: LevelController:inst2|FiveDigitNumberDisplay:scoreDisplay|FiveDigitDisplay:display|square_object:timeDisplaySquareObject
 33. Parameter Settings for User Entity Instance: LevelController:inst2|FiveDigitNumberDisplay:moneyDisplay
 34. Parameter Settings for User Entity Instance: LevelController:inst2|FiveDigitNumberDisplay:moneyDisplay|FiveDigitDisplay:display
 35. Parameter Settings for User Entity Instance: LevelController:inst2|FiveDigitNumberDisplay:moneyDisplay|FiveDigitDisplay:display|square_object:timeDisplaySquareObject
 36. Parameter Settings for User Entity Instance: LevelController:inst2|LevelMaker:levelMaker|Random:random
 37. Parameter Settings for User Entity Instance: Counter:LevelCounter
 38. Parameter Settings for User Entity Instance: MoneyCounterWrapper:inst32|Counter:internal_counter
 39. Parameter Settings for User Entity Instance: ScoreCounterWrapper:inst31|Counter:counter_inst
 40. Parameter Settings for User Entity Instance: LPM_ROM:inst9
 41. Parameter Settings for User Entity Instance: MyConstant:inst11
 42. Parameter Settings for User Entity Instance: MyConstant:inst16
 43. Parameter Settings for User Entity Instance: MyConstant:inst23
 44. Parameter Settings for User Entity Instance: MyConstant:inst6
 45. Parameter Settings for Inferred Entity Instance: LevelController:inst2|SpriteRom:sharedROM|altsyncram:rom_rtl_0
 46. Parameter Settings for Inferred Entity Instance: LevelController:inst2|TimeDisplay:timeDisplay|lpm_divide:Mod2
 47. Parameter Settings for Inferred Entity Instance: LevelController:inst2|TimeDisplay:timeDisplay|lpm_divide:Mod3
 48. Parameter Settings for Inferred Entity Instance: LevelController:inst2|TimeDisplay:timeDisplay|lpm_divide:Div2
 49. Parameter Settings for Inferred Entity Instance: LevelController:inst2|TimeDisplay:timeDisplay|lpm_divide:Mod0
 50. Parameter Settings for Inferred Entity Instance: LevelController:inst2|TimeDisplay:timeDisplay|lpm_divide:Div3
 51. Parameter Settings for Inferred Entity Instance: LevelController:inst2|FiveDigitNumberDisplay:scoreDisplay|lpm_divide:Div1
 52. Parameter Settings for Inferred Entity Instance: LevelController:inst2|FiveDigitNumberDisplay:scoreDisplay|lpm_divide:Mod1
 53. Parameter Settings for Inferred Entity Instance: LevelController:inst2|FiveDigitNumberDisplay:scoreDisplay|lpm_divide:Div2
 54. Parameter Settings for Inferred Entity Instance: LevelController:inst2|FiveDigitNumberDisplay:scoreDisplay|lpm_divide:Mod2
 55. Parameter Settings for Inferred Entity Instance: LevelController:inst2|FiveDigitNumberDisplay:scoreDisplay|lpm_divide:Div3
 56. Parameter Settings for Inferred Entity Instance: LevelController:inst2|FiveDigitNumberDisplay:scoreDisplay|lpm_divide:Mod3
 57. Parameter Settings for Inferred Entity Instance: LevelController:inst2|FiveDigitNumberDisplay:scoreDisplay|lpm_divide:Mod4
 58. Parameter Settings for Inferred Entity Instance: LevelController:inst2|FiveDigitNumberDisplay:moneyDisplay|lpm_divide:Div1
 59. Parameter Settings for Inferred Entity Instance: LevelController:inst2|FiveDigitNumberDisplay:moneyDisplay|lpm_divide:Mod1
 60. Parameter Settings for Inferred Entity Instance: LevelController:inst2|FiveDigitNumberDisplay:moneyDisplay|lpm_divide:Div2
 61. Parameter Settings for Inferred Entity Instance: LevelController:inst2|FiveDigitNumberDisplay:moneyDisplay|lpm_divide:Mod2
 62. Parameter Settings for Inferred Entity Instance: LevelController:inst2|FiveDigitNumberDisplay:moneyDisplay|lpm_divide:Div3
 63. Parameter Settings for Inferred Entity Instance: LevelController:inst2|FiveDigitNumberDisplay:moneyDisplay|lpm_divide:Mod3
 64. Parameter Settings for Inferred Entity Instance: LevelController:inst2|FiveDigitNumberDisplay:moneyDisplay|lpm_divide:Mod4
 65. Parameter Settings for Inferred Entity Instance: LevelController:inst2|LevelMaker:levelMaker|lpm_divide:Mod0
 66. altsyncram Parameter Settings by Entity Instance
 67. Port Connectivity Checks: "ScoreCounterWrapper:inst31|Counter:counter_inst"
 68. Port Connectivity Checks: "LevelController:inst2|LevelMaker:levelMaker|Random:random"
 69. Port Connectivity Checks: "LevelController:inst2|LevelMaker:levelMaker"
 70. Port Connectivity Checks: "LevelController:inst2|FiveDigitNumberDisplay:moneyDisplay"
 71. Port Connectivity Checks: "LevelController:inst2|FiveDigitNumberDisplay:scoreDisplay"
 72. Port Connectivity Checks: "LevelController:inst2|TimeDisplay:timeDisplay|FiveDigitDisplay:display|square_object:timeDisplaySquareObject"
 73. Port Connectivity Checks: "LevelController:inst2|TimeDisplay:timeDisplay|FiveDigitDisplay:display"
 74. Port Connectivity Checks: "LevelController:inst2|TimeDisplay:timeDisplay"
 75. Port Connectivity Checks: "LevelController:inst2|SpriteRom:sharedROM"
 76. Port Connectivity Checks: "LevelController:inst2|NewGrabbableObject:GrabbableObject_GEN[19].obj_inst"
 77. Port Connectivity Checks: "LevelController:inst2|NewGrabbableObject:GrabbableObject_GEN[18].obj_inst"
 78. Port Connectivity Checks: "LevelController:inst2|NewGrabbableObject:GrabbableObject_GEN[17].obj_inst"
 79. Port Connectivity Checks: "LevelController:inst2|NewGrabbableObject:GrabbableObject_GEN[16].obj_inst"
 80. Port Connectivity Checks: "LevelController:inst2|NewGrabbableObject:GrabbableObject_GEN[15].obj_inst"
 81. Port Connectivity Checks: "LevelController:inst2|NewGrabbableObject:GrabbableObject_GEN[14].obj_inst"
 82. Port Connectivity Checks: "LevelController:inst2|NewGrabbableObject:GrabbableObject_GEN[13].obj_inst"
 83. Port Connectivity Checks: "LevelController:inst2|NewGrabbableObject:GrabbableObject_GEN[12].obj_inst"
 84. Port Connectivity Checks: "LevelController:inst2|NewGrabbableObject:GrabbableObject_GEN[11].obj_inst"
 85. Port Connectivity Checks: "LevelController:inst2|NewGrabbableObject:GrabbableObject_GEN[10].obj_inst"
 86. Port Connectivity Checks: "LevelController:inst2|NewGrabbableObject:GrabbableObject_GEN[9].obj_inst"
 87. Port Connectivity Checks: "LevelController:inst2|NewGrabbableObject:GrabbableObject_GEN[8].obj_inst"
 88. Port Connectivity Checks: "LevelController:inst2|NewGrabbableObject:GrabbableObject_GEN[7].obj_inst"
 89. Port Connectivity Checks: "LevelController:inst2|NewGrabbableObject:GrabbableObject_GEN[6].obj_inst"
 90. Port Connectivity Checks: "LevelController:inst2|NewGrabbableObject:GrabbableObject_GEN[5].obj_inst"
 91. Port Connectivity Checks: "LevelController:inst2|NewGrabbableObject:GrabbableObject_GEN[4].obj_inst"
 92. Port Connectivity Checks: "LevelController:inst2|NewGrabbableObject:GrabbableObject_GEN[3].obj_inst"
 93. Port Connectivity Checks: "LevelController:inst2|NewGrabbableObject:GrabbableObject_GEN[2].obj_inst"
 94. Port Connectivity Checks: "LevelController:inst2|NewGrabbableObject:GrabbableObject_GEN[1].obj_inst"
 95. Port Connectivity Checks: "LevelController:inst2|NewGrabbableObject:GrabbableObject_GEN[0].obj_inst"
 96. Port Connectivity Checks: "LevelController:inst2|DrawLine:lineDrawer"
 97. Post-Synthesis Netlist Statistics for Top Partition
 98. Elapsed Time Per Partition
 99. Analysis & Synthesis Messages



----------------
; Legal Notice ;
----------------
Copyright (C) 2017  Intel Corporation. All rights reserved.
Your use of Intel Corporation's design tools, logic functions 
and other software and tools, and its AMPP partner logic 
functions, and any output files from any of the foregoing 
(including device programming or simulation files), and any 
associated documentation or information are expressly subject 
to the terms and conditions of the Intel Program License 
Subscription Agreement, the Intel Quartus Prime License Agreement,
the Intel MegaCore Function License Agreement, or other 
applicable license agreement, including, without limitation, 
that your use is for the sole purpose of programming logic 
devices manufactured by Intel and sold by Intel or its 
authorized distributors.  Please refer to the applicable 
agreement for further details.



+-------------------------------------------------------------------------------+
; Analysis & Synthesis Summary                                                  ;
+---------------------------------+---------------------------------------------+
; Analysis & Synthesis Status     ; Successful - Thu Jan 08 21:07:56 2026       ;
; Quartus Prime Version           ; 17.0.0 Build 595 04/25/2017 SJ Lite Edition ;
; Revision Name                   ; Lab1Demo                                    ;
; Top-level Entity Name           ; main                                        ;
; Family                          ; Cyclone V                                   ;
; Logic utilization (in ALMs)     ; N/A                                         ;
; Total registers                 ; 927                                         ;
; Total pins                      ; 36                                          ;
; Total virtual pins              ; 0                                           ;
; Total block memory bits         ; 327,680                                     ;
; Total DSP Blocks                ; 9                                           ;
; Total HSSI RX PCSs              ; 0                                           ;
; Total HSSI PMA RX Deserializers ; 0                                           ;
; Total HSSI TX PCSs              ; 0                                           ;
; Total HSSI PMA TX Serializers   ; 0                                           ;
; Total PLLs                      ; 1                                           ;
; Total DLLs                      ; 0                                           ;
+---------------------------------+---------------------------------------------+


+---------------------------------------------------------------------------------------------------------------------------+
; Analysis & Synthesis Settings                                                                                             ;
+---------------------------------------------------------------------------------+--------------------+--------------------+
; Option                                                                          ; Setting            ; Default Value      ;
+---------------------------------------------------------------------------------+--------------------+--------------------+
; Device                                                                          ; 5CSXFC6D6F31C6     ;                    ;
; Top-level entity name                                                           ; main               ; Lab1Demo           ;
; Family name                                                                     ; Cyclone V          ; Cyclone V          ;
; Use smart compilation                                                           ; On                 ; Off                ;
; Maximum processors allowed for parallel compilation                             ; 16                 ;                    ;
; Enable parallel Assembler and TimeQuest Timing Analyzer during compilation      ; On                 ; On                 ;
; Enable compact report table                                                     ; Off                ; Off                ;
; Restructure Multiplexers                                                        ; Auto               ; Auto               ;
; MLAB Add Timing Constraints For Mixed-Port Feed-Through Mode Setting Don't Care ; Off                ; Off                ;
; Create Debugging Nodes for IP Cores                                             ; Off                ; Off                ;
; Preserve fewer node names                                                       ; On                 ; On                 ;
; OpenCore Plus hardware evaluation                                               ; Enable             ; Enable             ;
; Verilog Version                                                                 ; Verilog_2001       ; Verilog_2001       ;
; VHDL Version                                                                    ; VHDL_1993          ; VHDL_1993          ;
; State Machine Processing                                                        ; Auto               ; Auto               ;
; Safe State Machine                                                              ; Off                ; Off                ;
; Extract Verilog State Machines                                                  ; On                 ; On                 ;
; Extract VHDL State Machines                                                     ; On                 ; On                 ;
; Ignore Verilog initial constructs                                               ; Off                ; Off                ;
; Iteration limit for constant Verilog loops                                      ; 5000               ; 5000               ;
; Iteration limit for non-constant Verilog loops                                  ; 250                ; 250                ;
; Add Pass-Through Logic to Inferred RAMs                                         ; On                 ; On                 ;
; Infer RAMs from Raw Logic                                                       ; On                 ; On                 ;
; Parallel Synthesis                                                              ; On                 ; On                 ;
; DSP Block Balancing                                                             ; Auto               ; Auto               ;
; NOT Gate Push-Back                                                              ; On                 ; On                 ;
; Power-Up Don't Care                                                             ; On                 ; On                 ;
; Remove Redundant Logic Cells                                                    ; Off                ; Off                ;
; Remove Duplicate Registers                                                      ; On                 ; On                 ;
; Ignore CARRY Buffers                                                            ; Off                ; Off                ;
; Ignore CASCADE Buffers                                                          ; Off                ; Off                ;
; Ignore GLOBAL Buffers                                                           ; Off                ; Off                ;
; Ignore ROW GLOBAL Buffers                                                       ; Off                ; Off                ;
; Ignore LCELL Buffers                                                            ; Off                ; Off                ;
; Ignore SOFT Buffers                                                             ; On                 ; On                 ;
; Limit AHDL Integers to 32 Bits                                                  ; Off                ; Off                ;
; Optimization Technique                                                          ; Balanced           ; Balanced           ;
; Carry Chain Length                                                              ; 70                 ; 70                 ;
; Auto Carry Chains                                                               ; On                 ; On                 ;
; Auto Open-Drain Pins                                                            ; On                 ; On                 ;
; Perform WYSIWYG Primitive Resynthesis                                           ; Off                ; Off                ;
; Auto ROM Replacement                                                            ; On                 ; On                 ;
; Auto RAM Replacement                                                            ; On                 ; On                 ;
; Auto DSP Block Replacement                                                      ; On                 ; On                 ;
; Auto Shift Register Replacement                                                 ; Auto               ; Auto               ;
; Allow Shift Register Merging across Hierarchies                                 ; Auto               ; Auto               ;
; Auto Clock Enable Replacement                                                   ; On                 ; On                 ;
; Strict RAM Replacement                                                          ; Off                ; Off                ;
; Allow Synchronous Control Signals                                               ; On                 ; On                 ;
; Force Use of Synchronous Clear Signals                                          ; Off                ; Off                ;
; Auto Resource Sharing                                                           ; Off                ; Off                ;
; Allow Any RAM Size For Recognition                                              ; Off                ; Off                ;
; Allow Any ROM Size For Recognition                                              ; Off                ; Off                ;
; Allow Any Shift Register Size For Recognition                                   ; Off                ; Off                ;
; Use LogicLock Constraints during Resource Balancing                             ; On                 ; On                 ;
; Ignore translate_off and synthesis_off directives                               ; Off                ; Off                ;
; Timing-Driven Synthesis                                                         ; On                 ; On                 ;
; Report Parameter Settings                                                       ; On                 ; On                 ;
; Report Source Assignments                                                       ; On                 ; On                 ;
; Report Connectivity Checks                                                      ; On                 ; On                 ;
; Ignore Maximum Fan-Out Assignments                                              ; Off                ; Off                ;
; Synchronization Register Chain Length                                           ; 3                  ; 3                  ;
; PowerPlay Power Optimization During Synthesis                                   ; Normal compilation ; Normal compilation ;
; HDL message level                                                               ; Level2             ; Level2             ;
; Suppress Register Optimization Related Messages                                 ; Off                ; Off                ;
; Number of Removed Registers Reported in Synthesis Report                        ; 5000               ; 5000               ;
; Number of Swept Nodes Reported in Synthesis Report                              ; 5000               ; 5000               ;
; Number of Inverted Registers Reported in Synthesis Report                       ; 100                ; 100                ;
; Clock MUX Protection                                                            ; On                 ; On                 ;
; Auto Gated Clock Conversion                                                     ; Off                ; Off                ;
; Block Design Naming                                                             ; Auto               ; Auto               ;
; SDC constraint protection                                                       ; Off                ; Off                ;
; Synthesis Effort                                                                ; Auto               ; Auto               ;
; Shift Register Replacement - Allow Asynchronous Clear Signal                    ; On                 ; On                 ;
; Pre-Mapping Resynthesis Optimization                                            ; Off                ; Off                ;
; Analysis & Synthesis Message Level                                              ; Medium             ; Medium             ;
; Disable Register Merging Across Hierarchies                                     ; Auto               ; Auto               ;
; Resource Aware Inference For Block RAM                                          ; On                 ; On                 ;
; Automatic Parallel Synthesis                                                    ; On                 ; On                 ;
; Partial Reconfiguration Bitstream ID                                            ; Off                ; Off                ;
+---------------------------------------------------------------------------------+--------------------+--------------------+


+------------------------------------------+
; Parallel Compilation                     ;
+----------------------------+-------------+
; Processors                 ; Number      ;
+----------------------------+-------------+
; Number detected on machine ; 20          ;
; Maximum allowed            ; 16          ;
;                            ;             ;
; Average used               ; 1.00        ;
; Maximum used               ; 16          ;
;                            ;             ;
; Usage by Processor         ; % Time Used ;
;     Processor 1            ; 100.0%      ;
;     Processor 2            ;   0.0%      ;
;     Processor 3            ;   0.0%      ;
;     Processor 4            ;   0.0%      ;
;     Processors 5-16        ;   0.0%      ;
+----------------------------+-------------+


+-------------------------------------------------------------------------------------------------------------------------------------------------------------------------------------------------------------------------------------------------------------------------------+
; Analysis & Synthesis Source Files Read                                                                                                                                                                                                                                        ;
+------------------------------------------------------------+-----------------+-------------------------------------------------------+-----------------------------------------------------------------------------------------------------------------------------+----------+
; File Name with User-Entered Path                           ; Used in Netlist ; File Type                                             ; File Name with Absolute Path                                                                                                ; Library  ;
+------------------------------------------------------------+-----------------+-------------------------------------------------------+-----------------------------------------------------------------------------------------------------------------------------+----------+
; GameControl/NewGrabbableObject.sv                          ; yes             ; User SystemVerilog HDL File                           ; C:/Users/Omer/Documents/GitHub/ECELab1-GoldMiner/GoldMiner_Local/GameControl/NewGrabbableObject.sv                          ;          ;
; RTL/VGA/square_object.sv                                   ; yes             ; User SystemVerilog HDL File                           ; C:/Users/Omer/Documents/GitHub/ECELab1-GoldMiner/GoldMiner_Local/RTL/VGA/square_object.sv                                   ;          ;
; RTL/VGA/VGA_Controller.sv                                  ; yes             ; User SystemVerilog HDL File                           ; C:/Users/Omer/Documents/GitHub/ECELab1-GoldMiner/GoldMiner_Local/RTL/VGA/VGA_Controller.sv                                  ;          ;
; RTL/KEYBOARDX/TOP_KBD.bdf                                  ; yes             ; User Block Diagram/Schematic File                     ; C:/Users/Omer/Documents/GitHub/ECELab1-GoldMiner/GoldMiner_Local/RTL/KEYBOARDX/TOP_KBD.bdf                                  ;          ;
; RTL/KEYBOARDX/keyPad_decoder.sv                            ; yes             ; User SystemVerilog HDL File                           ; C:/Users/Omer/Documents/GitHub/ECELab1-GoldMiner/GoldMiner_Local/RTL/KEYBOARDX/keyPad_decoder.sv                            ;          ;
; KBDINTF.qxp                                                ; yes             ; User File                                             ; C:/Users/Omer/Documents/GitHub/ECELab1-GoldMiner/GoldMiner_Local/KBDINTF.qxp                                                ;          ;
; RTL/AUDIO/audio_codec_controller/audio_codec_controller.sv ; yes             ; User SystemVerilog HDL File                           ; C:/Users/Omer/Documents/GitHub/ECELab1-GoldMiner/GoldMiner_Local/RTL/AUDIO/audio_codec_controller/audio_codec_controller.sv ;          ;
; CLK_31P5.v                                                 ; yes             ; User Wizard-Generated File                            ; C:/Users/Omer/Documents/GitHub/ECELab1-GoldMiner/GoldMiner_Local/CLK_31P5.v                                                 ; CLK_31P5 ;
; CLK_31P5/CLK_31P5_0002.v                                   ; yes             ; User Verilog HDL File                                 ; C:/Users/Omer/Documents/GitHub/ECELab1-GoldMiner/GoldMiner_Local/CLK_31P5/CLK_31P5_0002.v                                   ; CLK_31P5 ;
; RTL/VGA/MyConstant.sv                                      ; yes             ; User SystemVerilog HDL File                           ; C:/Users/Omer/Documents/GitHub/ECELab1-GoldMiner/GoldMiner_Local/RTL/VGA/MyConstant.sv                                      ;          ;
; GameControl/StageController.sv                             ; yes             ; User SystemVerilog HDL File                           ; C:/Users/Omer/Documents/GitHub/ECELab1-GoldMiner/GoldMiner_Local/GameControl/StageController.sv                             ;          ;
; Stages/MainMenu.sv                                         ; yes             ; User SystemVerilog HDL File                           ; C:/Users/Omer/Documents/GitHub/ECELab1-GoldMiner/GoldMiner_Local/Stages/MainMenu.sv                                         ;          ;
; Stages/LevelController.sv                                  ; yes             ; User SystemVerilog HDL File                           ; C:/Users/Omer/Documents/GitHub/ECELab1-GoldMiner/GoldMiner_Local/Stages/LevelController.sv                                  ;          ;
; RTL/GameLoop/main.bdf                                      ; yes             ; User Block Diagram/Schematic File                     ; C:/Users/Omer/Documents/GitHub/ECELab1-GoldMiner/GoldMiner_Local/RTL/GameLoop/main.bdf                                      ;          ;
; Decoder.sv                                                 ; yes             ; User SystemVerilog HDL File                           ; C:/Users/Omer/Documents/GitHub/ECELab1-GoldMiner/GoldMiner_Local/Decoder.sv                                                 ;          ;
; Graphics/DisplayMux.sv                                     ; yes             ; User SystemVerilog HDL File                           ; C:/Users/Omer/Documents/GitHub/ECELab1-GoldMiner/GoldMiner_Local/Graphics/DisplayMux.sv                                     ;          ;
; Tilemap/Tilemap.sv                                         ; yes             ; User SystemVerilog HDL File                           ; C:/Users/Omer/Documents/GitHub/ECELab1-GoldMiner/GoldMiner_Local/Tilemap/Tilemap.sv                                         ;          ;
; Utilities/RotationTable.sv                                 ; yes             ; User SystemVerilog HDL File                           ; C:/Users/Omer/Documents/GitHub/ECELab1-GoldMiner/GoldMiner_Local/Utilities/RotationTable.sv                                 ;          ;
; GameControl/Hook.sv                                        ; yes             ; User SystemVerilog HDL File                           ; C:/Users/Omer/Documents/GitHub/ECELab1-GoldMiner/GoldMiner_Local/GameControl/Hook.sv                                        ;          ;
; Utilities/DrawLine.sv                                      ; yes             ; User SystemVerilog HDL File                           ; C:/Users/Omer/Documents/GitHub/ECELab1-GoldMiner/GoldMiner_Local/Utilities/DrawLine.sv                                      ;          ;
; Stages/WinMenu.sv                                          ; yes             ; User SystemVerilog HDL File                           ; C:/Users/Omer/Documents/GitHub/ECELab1-GoldMiner/GoldMiner_Local/Stages/WinMenu.sv                                          ;          ;
; Stages/LossMenu.sv                                         ; yes             ; User SystemVerilog HDL File                           ; C:/Users/Omer/Documents/GitHub/ECELab1-GoldMiner/GoldMiner_Local/Stages/LossMenu.sv                                         ;          ;
; Stages/GameEndMenu.sv                                      ; yes             ; User SystemVerilog HDL File                           ; C:/Users/Omer/Documents/GitHub/ECELab1-GoldMiner/GoldMiner_Local/Stages/GameEndMenu.sv                                      ;          ;
; Utilities/VectorOr.sv                                      ; yes             ; User SystemVerilog HDL File                           ; C:/Users/Omer/Documents/GitHub/ECELab1-GoldMiner/GoldMiner_Local/Utilities/VectorOr.sv                                      ;          ;
; Utilities/OneSecPulse.sv                                   ; yes             ; User SystemVerilog HDL File                           ; C:/Users/Omer/Documents/GitHub/ECELab1-GoldMiner/GoldMiner_Local/Utilities/OneSecPulse.sv                                   ;          ;
; Graphics/TimeDisplay.sv                                    ; yes             ; User SystemVerilog HDL File                           ; C:/Users/Omer/Documents/GitHub/ECELab1-GoldMiner/GoldMiner_Local/Graphics/TimeDisplay.sv                                    ;          ;
; Utilities/Pulsinator.sv                                    ; yes             ; User SystemVerilog HDL File                           ; C:/Users/Omer/Documents/GitHub/ECELab1-GoldMiner/GoldMiner_Local/Utilities/Pulsinator.sv                                    ;          ;
; Utilities/Counter.sv                                       ; yes             ; User SystemVerilog HDL File                           ; C:/Users/Omer/Documents/GitHub/ECELab1-GoldMiner/GoldMiner_Local/Utilities/Counter.sv                                       ;          ;
; Utilities/Random.sv                                        ; yes             ; User SystemVerilog HDL File                           ; C:/Users/Omer/Documents/GitHub/ECELab1-GoldMiner/GoldMiner_Local/Utilities/Random.sv                                        ;          ;
; GameControl/LevelMaker.sv                                  ; yes             ; User SystemVerilog HDL File                           ; C:/Users/Omer/Documents/GitHub/ECELab1-GoldMiner/GoldMiner_Local/GameControl/LevelMaker.sv                                  ;          ;
; Utilities/GlobalsPKG.sv                                    ; yes             ; User SystemVerilog HDL File                           ; C:/Users/Omer/Documents/GitHub/ECELab1-GoldMiner/GoldMiner_Local/Utilities/GlobalsPKG.sv                                    ;          ;
; Utilities/FiveDigitDisplay.sv                              ; yes             ; User SystemVerilog HDL File                           ; C:/Users/Omer/Documents/GitHub/ECELab1-GoldMiner/GoldMiner_Local/Utilities/FiveDigitDisplay.sv                              ;          ;
; Graphics/FiveDigitNumberDisplay.sv                         ; yes             ; User SystemVerilog HDL File                           ; C:/Users/Omer/Documents/GitHub/ECELab1-GoldMiner/GoldMiner_Local/Graphics/FiveDigitNumberDisplay.sv                         ;          ;
; Graphics/SpriteRom.sv                                      ; yes             ; User SystemVerilog HDL File                           ; C:/Users/Omer/Documents/GitHub/ECELab1-GoldMiner/GoldMiner_Local/Graphics/SpriteRom.sv                                      ;          ;
; Stages/Shop.sv                                             ; yes             ; User SystemVerilog HDL File                           ; C:/Users/Omer/Documents/GitHub/ECELab1-GoldMiner/GoldMiner_Local/Stages/Shop.sv                                             ;          ;
; GameControl/GameStatsManager.sv                            ; yes             ; User SystemVerilog HDL File                           ; C:/Users/Omer/Documents/GitHub/ECELab1-GoldMiner/GoldMiner_Local/GameControl/GameStatsManager.sv                            ;          ;
; Utilities/MoneyCounterWrapper.sv                           ; yes             ; User SystemVerilog HDL File                           ; C:/Users/Omer/Documents/GitHub/ECELab1-GoldMiner/GoldMiner_Local/Utilities/MoneyCounterWrapper.sv                           ;          ;
; Utilities/ScoreCounterWrapper.sv                           ; yes             ; User SystemVerilog HDL File                           ; C:/Users/Omer/Documents/GitHub/ECELab1-GoldMiner/GoldMiner_Local/Utilities/ScoreCounterWrapper.sv                           ;          ;
; stages/all_stages.txt                                      ; yes             ; Auto-Found File                                       ; C:/Users/Omer/Documents/GitHub/ECELab1-GoldMiner/GoldMiner_Local/stages/all_stages.txt                                      ;          ;
; bitmaps/sprite_data.hex                                    ; yes             ; Auto-Found Hexadecimal (Intel-Format) File            ; C:/Users/Omer/Documents/GitHub/ECELab1-GoldMiner/GoldMiner_Local/bitmaps/sprite_data.hex                                    ;          ;
; altera_pll.v                                               ; yes             ; Megafunction                                          ; c:/intelfpga_lite/17.0/quartus/libraries/megafunctions/altera_pll.v                                                         ;          ;
; lpm_rom.tdf                                                ; yes             ; Megafunction                                          ; c:/intelfpga_lite/17.0/quartus/libraries/megafunctions/lpm_rom.tdf                                                          ;          ;
; altrom.inc                                                 ; yes             ; Megafunction                                          ; c:/intelfpga_lite/17.0/quartus/libraries/megafunctions/altrom.inc                                                           ;          ;
; aglobal170.inc                                             ; yes             ; Megafunction                                          ; c:/intelfpga_lite/17.0/quartus/libraries/megafunctions/aglobal170.inc                                                       ;          ;
; altrom.tdf                                                 ; yes             ; Megafunction                                          ; c:/intelfpga_lite/17.0/quartus/libraries/megafunctions/altrom.tdf                                                           ;          ;
; memmodes.inc                                               ; yes             ; Megafunction                                          ; c:/intelfpga_lite/17.0/quartus/libraries/others/maxplus2/memmodes.inc                                                       ;          ;
; lpm_decode.inc                                             ; yes             ; Megafunction                                          ; c:/intelfpga_lite/17.0/quartus/libraries/megafunctions/lpm_decode.inc                                                       ;          ;
; lpm_mux.inc                                                ; yes             ; Megafunction                                          ; c:/intelfpga_lite/17.0/quartus/libraries/megafunctions/lpm_mux.inc                                                          ;          ;
; altsyncram.inc                                             ; yes             ; Megafunction                                          ; c:/intelfpga_lite/17.0/quartus/libraries/megafunctions/altsyncram.inc                                                       ;          ;
; altsyncram.tdf                                             ; yes             ; Megafunction                                          ; c:/intelfpga_lite/17.0/quartus/libraries/megafunctions/altsyncram.tdf                                                       ;          ;
; stratix_ram_block.inc                                      ; yes             ; Megafunction                                          ; c:/intelfpga_lite/17.0/quartus/libraries/megafunctions/stratix_ram_block.inc                                                ;          ;
; a_rdenreg.inc                                              ; yes             ; Megafunction                                          ; c:/intelfpga_lite/17.0/quartus/libraries/megafunctions/a_rdenreg.inc                                                        ;          ;
; altram.inc                                                 ; yes             ; Megafunction                                          ; c:/intelfpga_lite/17.0/quartus/libraries/megafunctions/altram.inc                                                           ;          ;
; altdpram.inc                                               ; yes             ; Megafunction                                          ; c:/intelfpga_lite/17.0/quartus/libraries/megafunctions/altdpram.inc                                                         ;          ;
; db/altsyncram_6471.tdf                                     ; yes             ; Auto-Generated Megafunction                           ; C:/Users/Omer/Documents/GitHub/ECELab1-GoldMiner/GoldMiner_Local/db/altsyncram_6471.tdf                                     ;          ;
; MIF/TileSet.mif                                            ; yes             ; Auto-Found Memory Initialization File                 ; C:/Users/Omer/Documents/GitHub/ECELab1-GoldMiner/GoldMiner_Local/MIF/TileSet.mif                                            ;          ;
; db/decode_s2a.tdf                                          ; yes             ; Auto-Generated Megafunction                           ; C:/Users/Omer/Documents/GitHub/ECELab1-GoldMiner/GoldMiner_Local/db/decode_s2a.tdf                                          ;          ;
; db/mux_jhb.tdf                                             ; yes             ; Auto-Generated Megafunction                           ; C:/Users/Omer/Documents/GitHub/ECELab1-GoldMiner/GoldMiner_Local/db/mux_jhb.tdf                                             ;          ;
; db/altsyncram_sjd1.tdf                                     ; yes             ; Auto-Generated Megafunction                           ; C:/Users/Omer/Documents/GitHub/ECELab1-GoldMiner/GoldMiner_Local/db/altsyncram_sjd1.tdf                                     ;          ;
; db/lab1demo.ram0_spriterom_e88de24b.hdl.mif                ; yes             ; Auto-Generated Auto-Found Memory Initialization File  ; C:/Users/Omer/Documents/GitHub/ECELab1-GoldMiner/GoldMiner_Local/db/lab1demo.ram0_spriterom_e88de24b.hdl.mif                ;          ;
; db/decode_u0a.tdf                                          ; yes             ; Auto-Generated Megafunction                           ; C:/Users/Omer/Documents/GitHub/ECELab1-GoldMiner/GoldMiner_Local/db/decode_u0a.tdf                                          ;          ;
; db/mux_lfb.tdf                                             ; yes             ; Auto-Generated Megafunction                           ; C:/Users/Omer/Documents/GitHub/ECELab1-GoldMiner/GoldMiner_Local/db/mux_lfb.tdf                                             ;          ;
; lpm_divide.tdf                                             ; yes             ; Megafunction                                          ; c:/intelfpga_lite/17.0/quartus/libraries/megafunctions/lpm_divide.tdf                                                       ;          ;
; abs_divider.inc                                            ; yes             ; Megafunction                                          ; c:/intelfpga_lite/17.0/quartus/libraries/megafunctions/abs_divider.inc                                                      ;          ;
; sign_div_unsign.inc                                        ; yes             ; Megafunction                                          ; c:/intelfpga_lite/17.0/quartus/libraries/megafunctions/sign_div_unsign.inc                                                  ;          ;
; db/lpm_divide_k3m.tdf                                      ; yes             ; Auto-Generated Megafunction                           ; C:/Users/Omer/Documents/GitHub/ECELab1-GoldMiner/GoldMiner_Local/db/lpm_divide_k3m.tdf                                      ;          ;
; db/sign_div_unsign_nlh.tdf                                 ; yes             ; Auto-Generated Megafunction                           ; C:/Users/Omer/Documents/GitHub/ECELab1-GoldMiner/GoldMiner_Local/db/sign_div_unsign_nlh.tdf                                 ;          ;
; db/alt_u_div_kve.tdf                                       ; yes             ; Auto-Generated Megafunction                           ; C:/Users/Omer/Documents/GitHub/ECELab1-GoldMiner/GoldMiner_Local/db/alt_u_div_kve.tdf                                       ;          ;
; db/lpm_divide_62m.tdf                                      ; yes             ; Auto-Generated Megafunction                           ; C:/Users/Omer/Documents/GitHub/ECELab1-GoldMiner/GoldMiner_Local/db/lpm_divide_62m.tdf                                      ;          ;
; db/sign_div_unsign_9kh.tdf                                 ; yes             ; Auto-Generated Megafunction                           ; C:/Users/Omer/Documents/GitHub/ECELab1-GoldMiner/GoldMiner_Local/db/sign_div_unsign_9kh.tdf                                 ;          ;
; db/alt_u_div_ose.tdf                                       ; yes             ; Auto-Generated Megafunction                           ; C:/Users/Omer/Documents/GitHub/ECELab1-GoldMiner/GoldMiner_Local/db/alt_u_div_ose.tdf                                       ;          ;
; db/lpm_divide_hbm.tdf                                      ; yes             ; Auto-Generated Megafunction                           ; C:/Users/Omer/Documents/GitHub/ECELab1-GoldMiner/GoldMiner_Local/db/lpm_divide_hbm.tdf                                      ;          ;
; db/lpm_divide_i3m.tdf                                      ; yes             ; Auto-Generated Megafunction                           ; C:/Users/Omer/Documents/GitHub/ECELab1-GoldMiner/GoldMiner_Local/db/lpm_divide_i3m.tdf                                      ;          ;
; db/sign_div_unsign_llh.tdf                                 ; yes             ; Auto-Generated Megafunction                           ; C:/Users/Omer/Documents/GitHub/ECELab1-GoldMiner/GoldMiner_Local/db/sign_div_unsign_llh.tdf                                 ;          ;
; db/alt_u_div_gve.tdf                                       ; yes             ; Auto-Generated Megafunction                           ; C:/Users/Omer/Documents/GitHub/ECELab1-GoldMiner/GoldMiner_Local/db/alt_u_div_gve.tdf                                       ;          ;
; db/lpm_divide_3am.tdf                                      ; yes             ; Auto-Generated Megafunction                           ; C:/Users/Omer/Documents/GitHub/ECELab1-GoldMiner/GoldMiner_Local/db/lpm_divide_3am.tdf                                      ;          ;
; db/lpm_divide_scm.tdf                                      ; yes             ; Auto-Generated Megafunction                           ; C:/Users/Omer/Documents/GitHub/ECELab1-GoldMiner/GoldMiner_Local/db/lpm_divide_scm.tdf                                      ;          ;
; db/sign_div_unsign_2nh.tdf                                 ; yes             ; Auto-Generated Megafunction                           ; C:/Users/Omer/Documents/GitHub/ECELab1-GoldMiner/GoldMiner_Local/db/sign_div_unsign_2nh.tdf                                 ;          ;
; db/alt_u_div_a2f.tdf                                       ; yes             ; Auto-Generated Megafunction                           ; C:/Users/Omer/Documents/GitHub/ECELab1-GoldMiner/GoldMiner_Local/db/alt_u_div_a2f.tdf                                       ;          ;
; db/lpm_divide_ibm.tdf                                      ; yes             ; Auto-Generated Megafunction                           ; C:/Users/Omer/Documents/GitHub/ECELab1-GoldMiner/GoldMiner_Local/db/lpm_divide_ibm.tdf                                      ;          ;
; db/sign_div_unsign_olh.tdf                                 ; yes             ; Auto-Generated Megafunction                           ; C:/Users/Omer/Documents/GitHub/ECELab1-GoldMiner/GoldMiner_Local/db/sign_div_unsign_olh.tdf                                 ;          ;
; db/alt_u_div_mve.tdf                                       ; yes             ; Auto-Generated Megafunction                           ; C:/Users/Omer/Documents/GitHub/ECELab1-GoldMiner/GoldMiner_Local/db/alt_u_div_mve.tdf                                       ;          ;
; db/lpm_divide_fbm.tdf                                      ; yes             ; Auto-Generated Megafunction                           ; C:/Users/Omer/Documents/GitHub/ECELab1-GoldMiner/GoldMiner_Local/db/lpm_divide_fbm.tdf                                      ;          ;
; db/lpm_divide_j3m.tdf                                      ; yes             ; Auto-Generated Megafunction                           ; C:/Users/Omer/Documents/GitHub/ECELab1-GoldMiner/GoldMiner_Local/db/lpm_divide_j3m.tdf                                      ;          ;
; db/sign_div_unsign_mlh.tdf                                 ; yes             ; Auto-Generated Megafunction                           ; C:/Users/Omer/Documents/GitHub/ECELab1-GoldMiner/GoldMiner_Local/db/sign_div_unsign_mlh.tdf                                 ;          ;
; db/alt_u_div_hve.tdf                                       ; yes             ; Auto-Generated Megafunction                           ; C:/Users/Omer/Documents/GitHub/ECELab1-GoldMiner/GoldMiner_Local/db/alt_u_div_hve.tdf                                       ;          ;
+------------------------------------------------------------+-----------------+-------------------------------------------------------+-----------------------------------------------------------------------------------------------------------------------------+----------+


+---------------------------------------------------------------------------------------------------------------------------------+
; Analysis & Synthesis Resource Usage Summary                                                                                     ;
+---------------------------------------------+-----------------------------------------------------------------------------------+
; Resource                                    ; Usage                                                                             ;
+---------------------------------------------+-----------------------------------------------------------------------------------+
; Estimate of Logic utilization (ALMs needed) ; 3516                                                                              ;
;                                             ;                                                                                   ;
; Combinational ALUT usage for logic          ; 5467                                                                              ;
;     -- 7 input functions                    ; 84                                                                                ;
;     -- 6 input functions                    ; 1454                                                                              ;
;     -- 5 input functions                    ; 641                                                                               ;
;     -- 4 input functions                    ; 799                                                                               ;
;     -- <=3 input functions                  ; 2489                                                                              ;
;                                             ;                                                                                   ;
; Dedicated logic registers                   ; 927                                                                               ;
;                                             ;                                                                                   ;
; I/O pins                                    ; 36                                                                                ;
; Total MLAB memory bits                      ; 0                                                                                 ;
; Total block memory bits                     ; 327680                                                                            ;
;                                             ;                                                                                   ;
; Total DSP Blocks                            ; 9                                                                                 ;
;                                             ;                                                                                   ;
; Total PLLs                                  ; 1                                                                                 ;
;     -- PLLs                                 ; 1                                                                                 ;
;                                             ;                                                                                   ;
; Maximum fan-out node                        ; CLK_31P5:inst7|CLK_31P5_0002:clk_31p5_inst|altera_pll:altera_pll_i|outclk_wire[0] ;
; Maximum fan-out                             ; 1068                                                                              ;
; Total fan-out                               ; 26031                                                                             ;
; Average fan-out                             ; 3.99                                                                              ;
+---------------------------------------------+-----------------------------------------------------------------------------------+


+--------------------------------------------------------------------------------------------------------------------------------------------------------------------------------------------------------------------------------------------------------------------------------------------------------------------------------------------------------------------------------+
; Analysis & Synthesis Resource Utilization by Entity                                                                                                                                                                                                                                                                                                                            ;
+-------------------------------------------------------------+---------------------+---------------------------+-------------------+------------+------+--------------+-----------------------------------------------------------------------------------------------------------------------------------------------------------------+------------------------+--------------+
; Compilation Hierarchy Node                                  ; Combinational ALUTs ; Dedicated Logic Registers ; Block Memory Bits ; DSP Blocks ; Pins ; Virtual Pins ; Full Hierarchy Name                                                                                                                                             ; Entity Name            ; Library Name ;
+-------------------------------------------------------------+---------------------+---------------------------+-------------------+------------+------+--------------+-----------------------------------------------------------------------------------------------------------------------------------------------------------------+------------------------+--------------+
; |main                                                       ; 5467 (1)            ; 927 (0)                   ; 327680            ; 9          ; 36   ; 0            ; |main                                                                                                                                                           ; main                   ; work         ;
;    |CLK_31P5:inst7|                                         ; 0 (0)               ; 0 (0)                     ; 0                 ; 0          ; 0    ; 0            ; |main|CLK_31P5:inst7                                                                                                                                            ; CLK_31P5               ; CLK_31P5     ;
;       |CLK_31P5_0002:clk_31p5_inst|                         ; 0 (0)               ; 0 (0)                     ; 0                 ; 0          ; 0    ; 0            ; |main|CLK_31P5:inst7|CLK_31P5_0002:clk_31p5_inst                                                                                                                ; CLK_31P5_0002          ; CLK_31P5     ;
;          |altera_pll:altera_pll_i|                          ; 0 (0)               ; 0 (0)                     ; 0                 ; 0          ; 0    ; 0            ; |main|CLK_31P5:inst7|CLK_31P5_0002:clk_31p5_inst|altera_pll:altera_pll_i                                                                                        ; altera_pll             ; work         ;
;    |Counter:LevelCounter|                                   ; 4 (4)               ; 4 (4)                     ; 0                 ; 0          ; 0    ; 0            ; |main|Counter:LevelCounter                                                                                                                                      ; Counter                ; work         ;
;    |Decoder:inst4|                                          ; 3 (3)               ; 0 (0)                     ; 0                 ; 0          ; 0    ; 0            ; |main|Decoder:inst4                                                                                                                                             ; Decoder                ; work         ;
;    |DisplayMux:inst10|                                      ; 24 (24)             ; 0 (0)                     ; 0                 ; 0          ; 0    ; 0            ; |main|DisplayMux:inst10                                                                                                                                         ; DisplayMux             ; work         ;
;    |GameStatsManager:inst29|                                ; 19 (19)             ; 12 (12)                   ; 0                 ; 0          ; 0    ; 0            ; |main|GameStatsManager:inst29                                                                                                                                   ; GameStatsManager       ; work         ;
;    |LevelController:inst2|                                  ; 5015 (497)          ; 743 (47)                  ; 65536             ; 8          ; 0    ; 0            ; |main|LevelController:inst2                                                                                                                                     ; LevelController        ; work         ;
;       |DrawLine:lineDrawer|                                 ; 214 (214)           ; 0 (0)                     ; 0                 ; 3          ; 0    ; 0            ; |main|LevelController:inst2|DrawLine:lineDrawer                                                                                                                 ; DrawLine               ; work         ;
;       |FiveDigitNumberDisplay:moneyDisplay|                 ; 518 (0)             ; 14 (0)                    ; 0                 ; 0          ; 0    ; 0            ; |main|LevelController:inst2|FiveDigitNumberDisplay:moneyDisplay                                                                                                 ; FiveDigitNumberDisplay ; work         ;
;          |FiveDigitDisplay:display|                         ; 135 (129)           ; 14 (1)                    ; 0                 ; 0          ; 0    ; 0            ; |main|LevelController:inst2|FiveDigitNumberDisplay:moneyDisplay|FiveDigitDisplay:display                                                                        ; FiveDigitDisplay       ; work         ;
;             |square_object:timeDisplaySquareObject|         ; 6 (6)               ; 13 (13)                   ; 0                 ; 0          ; 0    ; 0            ; |main|LevelController:inst2|FiveDigitNumberDisplay:moneyDisplay|FiveDigitDisplay:display|square_object:timeDisplaySquareObject                                  ; square_object          ; work         ;
;          |lpm_divide:Div1|                                  ; 34 (0)              ; 0 (0)                     ; 0                 ; 0          ; 0    ; 0            ; |main|LevelController:inst2|FiveDigitNumberDisplay:moneyDisplay|lpm_divide:Div1                                                                                 ; lpm_divide             ; work         ;
;             |lpm_divide_scm:auto_generated|                 ; 34 (0)              ; 0 (0)                     ; 0                 ; 0          ; 0    ; 0            ; |main|LevelController:inst2|FiveDigitNumberDisplay:moneyDisplay|lpm_divide:Div1|lpm_divide_scm:auto_generated                                                   ; lpm_divide_scm         ; work         ;
;                |sign_div_unsign_2nh:divider|                ; 34 (0)              ; 0 (0)                     ; 0                 ; 0          ; 0    ; 0            ; |main|LevelController:inst2|FiveDigitNumberDisplay:moneyDisplay|lpm_divide:Div1|lpm_divide_scm:auto_generated|sign_div_unsign_2nh:divider                       ; sign_div_unsign_2nh    ; work         ;
;                   |alt_u_div_a2f:divider|                   ; 34 (34)             ; 0 (0)                     ; 0                 ; 0          ; 0    ; 0            ; |main|LevelController:inst2|FiveDigitNumberDisplay:moneyDisplay|lpm_divide:Div1|lpm_divide_scm:auto_generated|sign_div_unsign_2nh:divider|alt_u_div_a2f:divider ; alt_u_div_a2f          ; work         ;
;          |lpm_divide:Div2|                                  ; 79 (0)              ; 0 (0)                     ; 0                 ; 0          ; 0    ; 0            ; |main|LevelController:inst2|FiveDigitNumberDisplay:moneyDisplay|lpm_divide:Div2                                                                                 ; lpm_divide             ; work         ;
;             |lpm_divide_ibm:auto_generated|                 ; 79 (0)              ; 0 (0)                     ; 0                 ; 0          ; 0    ; 0            ; |main|LevelController:inst2|FiveDigitNumberDisplay:moneyDisplay|lpm_divide:Div2|lpm_divide_ibm:auto_generated                                                   ; lpm_divide_ibm         ; work         ;
;                |sign_div_unsign_olh:divider|                ; 79 (0)              ; 0 (0)                     ; 0                 ; 0          ; 0    ; 0            ; |main|LevelController:inst2|FiveDigitNumberDisplay:moneyDisplay|lpm_divide:Div2|lpm_divide_ibm:auto_generated|sign_div_unsign_olh:divider                       ; sign_div_unsign_olh    ; work         ;
;                   |alt_u_div_mve:divider|                   ; 79 (79)             ; 0 (0)                     ; 0                 ; 0          ; 0    ; 0            ; |main|LevelController:inst2|FiveDigitNumberDisplay:moneyDisplay|lpm_divide:Div2|lpm_divide_ibm:auto_generated|sign_div_unsign_olh:divider|alt_u_div_mve:divider ; alt_u_div_mve          ; work         ;
;          |lpm_divide:Div3|                                  ; 82 (0)              ; 0 (0)                     ; 0                 ; 0          ; 0    ; 0            ; |main|LevelController:inst2|FiveDigitNumberDisplay:moneyDisplay|lpm_divide:Div3                                                                                 ; lpm_divide             ; work         ;
;             |lpm_divide_fbm:auto_generated|                 ; 82 (0)              ; 0 (0)                     ; 0                 ; 0          ; 0    ; 0            ; |main|LevelController:inst2|FiveDigitNumberDisplay:moneyDisplay|lpm_divide:Div3|lpm_divide_fbm:auto_generated                                                   ; lpm_divide_fbm         ; work         ;
;                |sign_div_unsign_llh:divider|                ; 82 (0)              ; 0 (0)                     ; 0                 ; 0          ; 0    ; 0            ; |main|LevelController:inst2|FiveDigitNumberDisplay:moneyDisplay|lpm_divide:Div3|lpm_divide_fbm:auto_generated|sign_div_unsign_llh:divider                       ; sign_div_unsign_llh    ; work         ;
;                   |alt_u_div_gve:divider|                   ; 82 (82)             ; 0 (0)                     ; 0                 ; 0          ; 0    ; 0            ; |main|LevelController:inst2|FiveDigitNumberDisplay:moneyDisplay|lpm_divide:Div3|lpm_divide_fbm:auto_generated|sign_div_unsign_llh:divider|alt_u_div_gve:divider ; alt_u_div_gve          ; work         ;
;          |lpm_divide:Mod1|                                  ; 5 (0)               ; 0 (0)                     ; 0                 ; 0          ; 0    ; 0            ; |main|LevelController:inst2|FiveDigitNumberDisplay:moneyDisplay|lpm_divide:Mod1                                                                                 ; lpm_divide             ; work         ;
;             |lpm_divide_i3m:auto_generated|                 ; 5 (0)               ; 0 (0)                     ; 0                 ; 0          ; 0    ; 0            ; |main|LevelController:inst2|FiveDigitNumberDisplay:moneyDisplay|lpm_divide:Mod1|lpm_divide_i3m:auto_generated                                                   ; lpm_divide_i3m         ; work         ;
;                |sign_div_unsign_llh:divider|                ; 5 (0)               ; 0 (0)                     ; 0                 ; 0          ; 0    ; 0            ; |main|LevelController:inst2|FiveDigitNumberDisplay:moneyDisplay|lpm_divide:Mod1|lpm_divide_i3m:auto_generated|sign_div_unsign_llh:divider                       ; sign_div_unsign_llh    ; work         ;
;                   |alt_u_div_gve:divider|                   ; 5 (5)               ; 0 (0)                     ; 0                 ; 0          ; 0    ; 0            ; |main|LevelController:inst2|FiveDigitNumberDisplay:moneyDisplay|lpm_divide:Mod1|lpm_divide_i3m:auto_generated|sign_div_unsign_llh:divider|alt_u_div_gve:divider ; alt_u_div_gve          ; work         ;
;          |lpm_divide:Mod2|                                  ; 34 (0)              ; 0 (0)                     ; 0                 ; 0          ; 0    ; 0            ; |main|LevelController:inst2|FiveDigitNumberDisplay:moneyDisplay|lpm_divide:Mod2                                                                                 ; lpm_divide             ; work         ;
;             |lpm_divide_i3m:auto_generated|                 ; 34 (0)              ; 0 (0)                     ; 0                 ; 0          ; 0    ; 0            ; |main|LevelController:inst2|FiveDigitNumberDisplay:moneyDisplay|lpm_divide:Mod2|lpm_divide_i3m:auto_generated                                                   ; lpm_divide_i3m         ; work         ;
;                |sign_div_unsign_llh:divider|                ; 34 (0)              ; 0 (0)                     ; 0                 ; 0          ; 0    ; 0            ; |main|LevelController:inst2|FiveDigitNumberDisplay:moneyDisplay|lpm_divide:Mod2|lpm_divide_i3m:auto_generated|sign_div_unsign_llh:divider                       ; sign_div_unsign_llh    ; work         ;
;                   |alt_u_div_gve:divider|                   ; 34 (34)             ; 0 (0)                     ; 0                 ; 0          ; 0    ; 0            ; |main|LevelController:inst2|FiveDigitNumberDisplay:moneyDisplay|lpm_divide:Mod2|lpm_divide_i3m:auto_generated|sign_div_unsign_llh:divider|alt_u_div_gve:divider ; alt_u_div_gve          ; work         ;
;          |lpm_divide:Mod3|                                  ; 67 (0)              ; 0 (0)                     ; 0                 ; 0          ; 0    ; 0            ; |main|LevelController:inst2|FiveDigitNumberDisplay:moneyDisplay|lpm_divide:Mod3                                                                                 ; lpm_divide             ; work         ;
;             |lpm_divide_i3m:auto_generated|                 ; 67 (0)              ; 0 (0)                     ; 0                 ; 0          ; 0    ; 0            ; |main|LevelController:inst2|FiveDigitNumberDisplay:moneyDisplay|lpm_divide:Mod3|lpm_divide_i3m:auto_generated                                                   ; lpm_divide_i3m         ; work         ;
;                |sign_div_unsign_llh:divider|                ; 67 (0)              ; 0 (0)                     ; 0                 ; 0          ; 0    ; 0            ; |main|LevelController:inst2|FiveDigitNumberDisplay:moneyDisplay|lpm_divide:Mod3|lpm_divide_i3m:auto_generated|sign_div_unsign_llh:divider                       ; sign_div_unsign_llh    ; work         ;
;                   |alt_u_div_gve:divider|                   ; 67 (67)             ; 0 (0)                     ; 0                 ; 0          ; 0    ; 0            ; |main|LevelController:inst2|FiveDigitNumberDisplay:moneyDisplay|lpm_divide:Mod3|lpm_divide_i3m:auto_generated|sign_div_unsign_llh:divider|alt_u_div_gve:divider ; alt_u_div_gve          ; work         ;
;          |lpm_divide:Mod4|                                  ; 82 (0)              ; 0 (0)                     ; 0                 ; 0          ; 0    ; 0            ; |main|LevelController:inst2|FiveDigitNumberDisplay:moneyDisplay|lpm_divide:Mod4                                                                                 ; lpm_divide             ; work         ;
;             |lpm_divide_i3m:auto_generated|                 ; 82 (0)              ; 0 (0)                     ; 0                 ; 0          ; 0    ; 0            ; |main|LevelController:inst2|FiveDigitNumberDisplay:moneyDisplay|lpm_divide:Mod4|lpm_divide_i3m:auto_generated                                                   ; lpm_divide_i3m         ; work         ;
;                |sign_div_unsign_llh:divider|                ; 82 (0)              ; 0 (0)                     ; 0                 ; 0          ; 0    ; 0            ; |main|LevelController:inst2|FiveDigitNumberDisplay:moneyDisplay|lpm_divide:Mod4|lpm_divide_i3m:auto_generated|sign_div_unsign_llh:divider                       ; sign_div_unsign_llh    ; work         ;
;                   |alt_u_div_gve:divider|                   ; 82 (82)             ; 0 (0)                     ; 0                 ; 0          ; 0    ; 0            ; |main|LevelController:inst2|FiveDigitNumberDisplay:moneyDisplay|lpm_divide:Mod4|lpm_divide_i3m:auto_generated|sign_div_unsign_llh:divider|alt_u_div_gve:divider ; alt_u_div_gve          ; work         ;
;       |FiveDigitNumberDisplay:scoreDisplay|                 ; 515 (0)             ; 14 (0)                    ; 0                 ; 0          ; 0    ; 0            ; |main|LevelController:inst2|FiveDigitNumberDisplay:scoreDisplay                                                                                                 ; FiveDigitNumberDisplay ; work         ;
;          |FiveDigitDisplay:display|                         ; 132 (129)           ; 14 (1)                    ; 0                 ; 0          ; 0    ; 0            ; |main|LevelController:inst2|FiveDigitNumberDisplay:scoreDisplay|FiveDigitDisplay:display                                                                        ; FiveDigitDisplay       ; work         ;
;             |square_object:timeDisplaySquareObject|         ; 3 (3)               ; 13 (13)                   ; 0                 ; 0          ; 0    ; 0            ; |main|LevelController:inst2|FiveDigitNumberDisplay:scoreDisplay|FiveDigitDisplay:display|square_object:timeDisplaySquareObject                                  ; square_object          ; work         ;
;          |lpm_divide:Div1|                                  ; 34 (0)              ; 0 (0)                     ; 0                 ; 0          ; 0    ; 0            ; |main|LevelController:inst2|FiveDigitNumberDisplay:scoreDisplay|lpm_divide:Div1                                                                                 ; lpm_divide             ; work         ;
;             |lpm_divide_scm:auto_generated|                 ; 34 (0)              ; 0 (0)                     ; 0                 ; 0          ; 0    ; 0            ; |main|LevelController:inst2|FiveDigitNumberDisplay:scoreDisplay|lpm_divide:Div1|lpm_divide_scm:auto_generated                                                   ; lpm_divide_scm         ; work         ;
;                |sign_div_unsign_2nh:divider|                ; 34 (0)              ; 0 (0)                     ; 0                 ; 0          ; 0    ; 0            ; |main|LevelController:inst2|FiveDigitNumberDisplay:scoreDisplay|lpm_divide:Div1|lpm_divide_scm:auto_generated|sign_div_unsign_2nh:divider                       ; sign_div_unsign_2nh    ; work         ;
;                   |alt_u_div_a2f:divider|                   ; 34 (34)             ; 0 (0)                     ; 0                 ; 0          ; 0    ; 0            ; |main|LevelController:inst2|FiveDigitNumberDisplay:scoreDisplay|lpm_divide:Div1|lpm_divide_scm:auto_generated|sign_div_unsign_2nh:divider|alt_u_div_a2f:divider ; alt_u_div_a2f          ; work         ;
;          |lpm_divide:Div2|                                  ; 79 (0)              ; 0 (0)                     ; 0                 ; 0          ; 0    ; 0            ; |main|LevelController:inst2|FiveDigitNumberDisplay:scoreDisplay|lpm_divide:Div2                                                                                 ; lpm_divide             ; work         ;
;             |lpm_divide_ibm:auto_generated|                 ; 79 (0)              ; 0 (0)                     ; 0                 ; 0          ; 0    ; 0            ; |main|LevelController:inst2|FiveDigitNumberDisplay:scoreDisplay|lpm_divide:Div2|lpm_divide_ibm:auto_generated                                                   ; lpm_divide_ibm         ; work         ;
;                |sign_div_unsign_olh:divider|                ; 79 (0)              ; 0 (0)                     ; 0                 ; 0          ; 0    ; 0            ; |main|LevelController:inst2|FiveDigitNumberDisplay:scoreDisplay|lpm_divide:Div2|lpm_divide_ibm:auto_generated|sign_div_unsign_olh:divider                       ; sign_div_unsign_olh    ; work         ;
;                   |alt_u_div_mve:divider|                   ; 79 (79)             ; 0 (0)                     ; 0                 ; 0          ; 0    ; 0            ; |main|LevelController:inst2|FiveDigitNumberDisplay:scoreDisplay|lpm_divide:Div2|lpm_divide_ibm:auto_generated|sign_div_unsign_olh:divider|alt_u_div_mve:divider ; alt_u_div_mve          ; work         ;
;          |lpm_divide:Div3|                                  ; 82 (0)              ; 0 (0)                     ; 0                 ; 0          ; 0    ; 0            ; |main|LevelController:inst2|FiveDigitNumberDisplay:scoreDisplay|lpm_divide:Div3                                                                                 ; lpm_divide             ; work         ;
;             |lpm_divide_fbm:auto_generated|                 ; 82 (0)              ; 0 (0)                     ; 0                 ; 0          ; 0    ; 0            ; |main|LevelController:inst2|FiveDigitNumberDisplay:scoreDisplay|lpm_divide:Div3|lpm_divide_fbm:auto_generated                                                   ; lpm_divide_fbm         ; work         ;
;                |sign_div_unsign_llh:divider|                ; 82 (0)              ; 0 (0)                     ; 0                 ; 0          ; 0    ; 0            ; |main|LevelController:inst2|FiveDigitNumberDisplay:scoreDisplay|lpm_divide:Div3|lpm_divide_fbm:auto_generated|sign_div_unsign_llh:divider                       ; sign_div_unsign_llh    ; work         ;
;                   |alt_u_div_gve:divider|                   ; 82 (82)             ; 0 (0)                     ; 0                 ; 0          ; 0    ; 0            ; |main|LevelController:inst2|FiveDigitNumberDisplay:scoreDisplay|lpm_divide:Div3|lpm_divide_fbm:auto_generated|sign_div_unsign_llh:divider|alt_u_div_gve:divider ; alt_u_div_gve          ; work         ;
;          |lpm_divide:Mod1|                                  ; 5 (0)               ; 0 (0)                     ; 0                 ; 0          ; 0    ; 0            ; |main|LevelController:inst2|FiveDigitNumberDisplay:scoreDisplay|lpm_divide:Mod1                                                                                 ; lpm_divide             ; work         ;
;             |lpm_divide_i3m:auto_generated|                 ; 5 (0)               ; 0 (0)                     ; 0                 ; 0          ; 0    ; 0            ; |main|LevelController:inst2|FiveDigitNumberDisplay:scoreDisplay|lpm_divide:Mod1|lpm_divide_i3m:auto_generated                                                   ; lpm_divide_i3m         ; work         ;
;                |sign_div_unsign_llh:divider|                ; 5 (0)               ; 0 (0)                     ; 0                 ; 0          ; 0    ; 0            ; |main|LevelController:inst2|FiveDigitNumberDisplay:scoreDisplay|lpm_divide:Mod1|lpm_divide_i3m:auto_generated|sign_div_unsign_llh:divider                       ; sign_div_unsign_llh    ; work         ;
;                   |alt_u_div_gve:divider|                   ; 5 (5)               ; 0 (0)                     ; 0                 ; 0          ; 0    ; 0            ; |main|LevelController:inst2|FiveDigitNumberDisplay:scoreDisplay|lpm_divide:Mod1|lpm_divide_i3m:auto_generated|sign_div_unsign_llh:divider|alt_u_div_gve:divider ; alt_u_div_gve          ; work         ;
;          |lpm_divide:Mod2|                                  ; 34 (0)              ; 0 (0)                     ; 0                 ; 0          ; 0    ; 0            ; |main|LevelController:inst2|FiveDigitNumberDisplay:scoreDisplay|lpm_divide:Mod2                                                                                 ; lpm_divide             ; work         ;
;             |lpm_divide_i3m:auto_generated|                 ; 34 (0)              ; 0 (0)                     ; 0                 ; 0          ; 0    ; 0            ; |main|LevelController:inst2|FiveDigitNumberDisplay:scoreDisplay|lpm_divide:Mod2|lpm_divide_i3m:auto_generated                                                   ; lpm_divide_i3m         ; work         ;
;                |sign_div_unsign_llh:divider|                ; 34 (0)              ; 0 (0)                     ; 0                 ; 0          ; 0    ; 0            ; |main|LevelController:inst2|FiveDigitNumberDisplay:scoreDisplay|lpm_divide:Mod2|lpm_divide_i3m:auto_generated|sign_div_unsign_llh:divider                       ; sign_div_unsign_llh    ; work         ;
;                   |alt_u_div_gve:divider|                   ; 34 (34)             ; 0 (0)                     ; 0                 ; 0          ; 0    ; 0            ; |main|LevelController:inst2|FiveDigitNumberDisplay:scoreDisplay|lpm_divide:Mod2|lpm_divide_i3m:auto_generated|sign_div_unsign_llh:divider|alt_u_div_gve:divider ; alt_u_div_gve          ; work         ;
;          |lpm_divide:Mod3|                                  ; 67 (0)              ; 0 (0)                     ; 0                 ; 0          ; 0    ; 0            ; |main|LevelController:inst2|FiveDigitNumberDisplay:scoreDisplay|lpm_divide:Mod3                                                                                 ; lpm_divide             ; work         ;
;             |lpm_divide_i3m:auto_generated|                 ; 67 (0)              ; 0 (0)                     ; 0                 ; 0          ; 0    ; 0            ; |main|LevelController:inst2|FiveDigitNumberDisplay:scoreDisplay|lpm_divide:Mod3|lpm_divide_i3m:auto_generated                                                   ; lpm_divide_i3m         ; work         ;
;                |sign_div_unsign_llh:divider|                ; 67 (0)              ; 0 (0)                     ; 0                 ; 0          ; 0    ; 0            ; |main|LevelController:inst2|FiveDigitNumberDisplay:scoreDisplay|lpm_divide:Mod3|lpm_divide_i3m:auto_generated|sign_div_unsign_llh:divider                       ; sign_div_unsign_llh    ; work         ;
;                   |alt_u_div_gve:divider|                   ; 67 (67)             ; 0 (0)                     ; 0                 ; 0          ; 0    ; 0            ; |main|LevelController:inst2|FiveDigitNumberDisplay:scoreDisplay|lpm_divide:Mod3|lpm_divide_i3m:auto_generated|sign_div_unsign_llh:divider|alt_u_div_gve:divider ; alt_u_div_gve          ; work         ;
;          |lpm_divide:Mod4|                                  ; 82 (0)              ; 0 (0)                     ; 0                 ; 0          ; 0    ; 0            ; |main|LevelController:inst2|FiveDigitNumberDisplay:scoreDisplay|lpm_divide:Mod4                                                                                 ; lpm_divide             ; work         ;
;             |lpm_divide_i3m:auto_generated|                 ; 82 (0)              ; 0 (0)                     ; 0                 ; 0          ; 0    ; 0            ; |main|LevelController:inst2|FiveDigitNumberDisplay:scoreDisplay|lpm_divide:Mod4|lpm_divide_i3m:auto_generated                                                   ; lpm_divide_i3m         ; work         ;
;                |sign_div_unsign_llh:divider|                ; 82 (0)              ; 0 (0)                     ; 0                 ; 0          ; 0    ; 0            ; |main|LevelController:inst2|FiveDigitNumberDisplay:scoreDisplay|lpm_divide:Mod4|lpm_divide_i3m:auto_generated|sign_div_unsign_llh:divider                       ; sign_div_unsign_llh    ; work         ;
;                   |alt_u_div_gve:divider|                   ; 82 (82)             ; 0 (0)                     ; 0                 ; 0          ; 0    ; 0            ; |main|LevelController:inst2|FiveDigitNumberDisplay:scoreDisplay|lpm_divide:Mod4|lpm_divide_i3m:auto_generated|sign_div_unsign_llh:divider|alt_u_div_gve:divider ; alt_u_div_gve          ; work         ;
;       |Hook:hook|                                           ; 241 (192)           ; 46 (46)                   ; 0                 ; 5          ; 0    ; 0            ; |main|LevelController:inst2|Hook:hook                                                                                                                           ; Hook                   ; work         ;
;          |RotationTable:trigTable|                          ; 49 (49)             ; 0 (0)                     ; 0                 ; 0          ; 0    ; 0            ; |main|LevelController:inst2|Hook:hook|RotationTable:trigTable                                                                                                   ; RotationTable          ; work         ;
;       |LevelMaker:levelMaker|                               ; 660 (576)           ; 428 (412)                 ; 0                 ; 0          ; 0    ; 0            ; |main|LevelController:inst2|LevelMaker:levelMaker                                                                                                               ; LevelMaker             ; work         ;
;          |Random:random|                                    ; 7 (7)               ; 16 (16)                   ; 0                 ; 0          ; 0    ; 0            ; |main|LevelController:inst2|LevelMaker:levelMaker|Random:random                                                                                                 ; Random                 ; work         ;
;          |lpm_divide:Mod0|                                  ; 77 (0)              ; 0 (0)                     ; 0                 ; 0          ; 0    ; 0            ; |main|LevelController:inst2|LevelMaker:levelMaker|lpm_divide:Mod0                                                                                               ; lpm_divide             ; work         ;
;             |lpm_divide_j3m:auto_generated|                 ; 77 (0)              ; 0 (0)                     ; 0                 ; 0          ; 0    ; 0            ; |main|LevelController:inst2|LevelMaker:levelMaker|lpm_divide:Mod0|lpm_divide_j3m:auto_generated                                                                 ; lpm_divide_j3m         ; work         ;
;                |sign_div_unsign_mlh:divider|                ; 77 (0)              ; 0 (0)                     ; 0                 ; 0          ; 0    ; 0            ; |main|LevelController:inst2|LevelMaker:levelMaker|lpm_divide:Mod0|lpm_divide_j3m:auto_generated|sign_div_unsign_mlh:divider                                     ; sign_div_unsign_mlh    ; work         ;
;                   |alt_u_div_hve:divider|                   ; 77 (77)             ; 0 (0)                     ; 0                 ; 0          ; 0    ; 0            ; |main|LevelController:inst2|LevelMaker:levelMaker|lpm_divide:Mod0|lpm_divide_j3m:auto_generated|sign_div_unsign_mlh:divider|alt_u_div_hve:divider               ; alt_u_div_hve          ; work         ;
;       |NewGrabbableObject:GrabbableObject_GEN[0].obj_inst|  ; 102 (102)           ; 9 (9)                     ; 0                 ; 0          ; 0    ; 0            ; |main|LevelController:inst2|NewGrabbableObject:GrabbableObject_GEN[0].obj_inst                                                                                  ; NewGrabbableObject     ; work         ;
;       |NewGrabbableObject:GrabbableObject_GEN[10].obj_inst| ; 100 (100)           ; 9 (9)                     ; 0                 ; 0          ; 0    ; 0            ; |main|LevelController:inst2|NewGrabbableObject:GrabbableObject_GEN[10].obj_inst                                                                                 ; NewGrabbableObject     ; work         ;
;       |NewGrabbableObject:GrabbableObject_GEN[11].obj_inst| ; 83 (83)             ; 9 (9)                     ; 0                 ; 0          ; 0    ; 0            ; |main|LevelController:inst2|NewGrabbableObject:GrabbableObject_GEN[11].obj_inst                                                                                 ; NewGrabbableObject     ; work         ;
;       |NewGrabbableObject:GrabbableObject_GEN[12].obj_inst| ; 88 (88)             ; 9 (9)                     ; 0                 ; 0          ; 0    ; 0            ; |main|LevelController:inst2|NewGrabbableObject:GrabbableObject_GEN[12].obj_inst                                                                                 ; NewGrabbableObject     ; work         ;
;       |NewGrabbableObject:GrabbableObject_GEN[13].obj_inst| ; 92 (92)             ; 9 (9)                     ; 0                 ; 0          ; 0    ; 0            ; |main|LevelController:inst2|NewGrabbableObject:GrabbableObject_GEN[13].obj_inst                                                                                 ; NewGrabbableObject     ; work         ;
;       |NewGrabbableObject:GrabbableObject_GEN[14].obj_inst| ; 104 (104)           ; 9 (9)                     ; 0                 ; 0          ; 0    ; 0            ; |main|LevelController:inst2|NewGrabbableObject:GrabbableObject_GEN[14].obj_inst                                                                                 ; NewGrabbableObject     ; work         ;
;       |NewGrabbableObject:GrabbableObject_GEN[15].obj_inst| ; 86 (86)             ; 9 (9)                     ; 0                 ; 0          ; 0    ; 0            ; |main|LevelController:inst2|NewGrabbableObject:GrabbableObject_GEN[15].obj_inst                                                                                 ; NewGrabbableObject     ; work         ;
;       |NewGrabbableObject:GrabbableObject_GEN[16].obj_inst| ; 81 (81)             ; 9 (9)                     ; 0                 ; 0          ; 0    ; 0            ; |main|LevelController:inst2|NewGrabbableObject:GrabbableObject_GEN[16].obj_inst                                                                                 ; NewGrabbableObject     ; work         ;
;       |NewGrabbableObject:GrabbableObject_GEN[17].obj_inst| ; 96 (96)             ; 9 (9)                     ; 0                 ; 0          ; 0    ; 0            ; |main|LevelController:inst2|NewGrabbableObject:GrabbableObject_GEN[17].obj_inst                                                                                 ; NewGrabbableObject     ; work         ;
;       |NewGrabbableObject:GrabbableObject_GEN[18].obj_inst| ; 110 (110)           ; 9 (9)                     ; 0                 ; 0          ; 0    ; 0            ; |main|LevelController:inst2|NewGrabbableObject:GrabbableObject_GEN[18].obj_inst                                                                                 ; NewGrabbableObject     ; work         ;
;       |NewGrabbableObject:GrabbableObject_GEN[19].obj_inst| ; 212 (212)           ; 9 (9)                     ; 0                 ; 0          ; 0    ; 0            ; |main|LevelController:inst2|NewGrabbableObject:GrabbableObject_GEN[19].obj_inst                                                                                 ; NewGrabbableObject     ; work         ;
;       |NewGrabbableObject:GrabbableObject_GEN[1].obj_inst|  ; 104 (104)           ; 9 (9)                     ; 0                 ; 0          ; 0    ; 0            ; |main|LevelController:inst2|NewGrabbableObject:GrabbableObject_GEN[1].obj_inst                                                                                  ; NewGrabbableObject     ; work         ;
;       |NewGrabbableObject:GrabbableObject_GEN[2].obj_inst|  ; 78 (78)             ; 9 (9)                     ; 0                 ; 0          ; 0    ; 0            ; |main|LevelController:inst2|NewGrabbableObject:GrabbableObject_GEN[2].obj_inst                                                                                  ; NewGrabbableObject     ; work         ;
;       |NewGrabbableObject:GrabbableObject_GEN[3].obj_inst|  ; 88 (88)             ; 9 (9)                     ; 0                 ; 0          ; 0    ; 0            ; |main|LevelController:inst2|NewGrabbableObject:GrabbableObject_GEN[3].obj_inst                                                                                  ; NewGrabbableObject     ; work         ;
;       |NewGrabbableObject:GrabbableObject_GEN[4].obj_inst|  ; 92 (92)             ; 9 (9)                     ; 0                 ; 0          ; 0    ; 0            ; |main|LevelController:inst2|NewGrabbableObject:GrabbableObject_GEN[4].obj_inst                                                                                  ; NewGrabbableObject     ; work         ;
;       |NewGrabbableObject:GrabbableObject_GEN[5].obj_inst|  ; 92 (92)             ; 9 (9)                     ; 0                 ; 0          ; 0    ; 0            ; |main|LevelController:inst2|NewGrabbableObject:GrabbableObject_GEN[5].obj_inst                                                                                  ; NewGrabbableObject     ; work         ;
;       |NewGrabbableObject:GrabbableObject_GEN[6].obj_inst|  ; 88 (88)             ; 9 (9)                     ; 0                 ; 0          ; 0    ; 0            ; |main|LevelController:inst2|NewGrabbableObject:GrabbableObject_GEN[6].obj_inst                                                                                  ; NewGrabbableObject     ; work         ;
;       |NewGrabbableObject:GrabbableObject_GEN[7].obj_inst|  ; 92 (92)             ; 9 (9)                     ; 0                 ; 0          ; 0    ; 0            ; |main|LevelController:inst2|NewGrabbableObject:GrabbableObject_GEN[7].obj_inst                                                                                  ; NewGrabbableObject     ; work         ;
;       |NewGrabbableObject:GrabbableObject_GEN[8].obj_inst|  ; 92 (92)             ; 9 (9)                     ; 0                 ; 0          ; 0    ; 0            ; |main|LevelController:inst2|NewGrabbableObject:GrabbableObject_GEN[8].obj_inst                                                                                  ; NewGrabbableObject     ; work         ;
;       |NewGrabbableObject:GrabbableObject_GEN[9].obj_inst|  ; 88 (88)             ; 9 (9)                     ; 0                 ; 0          ; 0    ; 0            ; |main|LevelController:inst2|NewGrabbableObject:GrabbableObject_GEN[9].obj_inst                                                                                  ; NewGrabbableObject     ; work         ;
;       |SpriteRom:sharedROM|                                 ; 0 (0)               ; 0 (0)                     ; 65536             ; 0          ; 0    ; 0            ; |main|LevelController:inst2|SpriteRom:sharedROM                                                                                                                 ; SpriteRom              ; work         ;
;          |altsyncram:rom_rtl_0|                             ; 0 (0)               ; 0 (0)                     ; 65536             ; 0          ; 0    ; 0            ; |main|LevelController:inst2|SpriteRom:sharedROM|altsyncram:rom_rtl_0                                                                                            ; altsyncram             ; work         ;
;             |altsyncram_sjd1:auto_generated|                ; 0 (0)               ; 0 (0)                     ; 65536             ; 0          ; 0    ; 0            ; |main|LevelController:inst2|SpriteRom:sharedROM|altsyncram:rom_rtl_0|altsyncram_sjd1:auto_generated                                                             ; altsyncram_sjd1        ; work         ;
;       |TimeDisplay:timeDisplay|                             ; 402 (0)             ; 14 (0)                    ; 0                 ; 0          ; 0    ; 0            ; |main|LevelController:inst2|TimeDisplay:timeDisplay                                                                                                             ; TimeDisplay            ; work         ;
;          |FiveDigitDisplay:display|                         ; 123 (120)           ; 14 (1)                    ; 0                 ; 0          ; 0    ; 0            ; |main|LevelController:inst2|TimeDisplay:timeDisplay|FiveDigitDisplay:display                                                                                    ; FiveDigitDisplay       ; work         ;
;             |square_object:timeDisplaySquareObject|         ; 3 (3)               ; 13 (13)                   ; 0                 ; 0          ; 0    ; 0            ; |main|LevelController:inst2|TimeDisplay:timeDisplay|FiveDigitDisplay:display|square_object:timeDisplaySquareObject                                              ; square_object          ; work         ;
;          |lpm_divide:Div2|                                  ; 82 (0)              ; 0 (0)                     ; 0                 ; 0          ; 0    ; 0            ; |main|LevelController:inst2|TimeDisplay:timeDisplay|lpm_divide:Div2                                                                                             ; lpm_divide             ; work         ;
;             |lpm_divide_hbm:auto_generated|                 ; 82 (0)              ; 0 (0)                     ; 0                 ; 0          ; 0    ; 0            ; |main|LevelController:inst2|TimeDisplay:timeDisplay|lpm_divide:Div2|lpm_divide_hbm:auto_generated                                                               ; lpm_divide_hbm         ; work         ;
;                |sign_div_unsign_nlh:divider|                ; 82 (0)              ; 0 (0)                     ; 0                 ; 0          ; 0    ; 0            ; |main|LevelController:inst2|TimeDisplay:timeDisplay|lpm_divide:Div2|lpm_divide_hbm:auto_generated|sign_div_unsign_nlh:divider                                   ; sign_div_unsign_nlh    ; work         ;
;                   |alt_u_div_kve:divider|                   ; 82 (82)             ; 0 (0)                     ; 0                 ; 0          ; 0    ; 0            ; |main|LevelController:inst2|TimeDisplay:timeDisplay|lpm_divide:Div2|lpm_divide_hbm:auto_generated|sign_div_unsign_nlh:divider|alt_u_div_kve:divider             ; alt_u_div_kve          ; work         ;
;          |lpm_divide:Div3|                                  ; 25 (0)              ; 0 (0)                     ; 0                 ; 0          ; 0    ; 0            ; |main|LevelController:inst2|TimeDisplay:timeDisplay|lpm_divide:Div3                                                                                             ; lpm_divide             ; work         ;
;             |lpm_divide_3am:auto_generated|                 ; 25 (0)              ; 0 (0)                     ; 0                 ; 0          ; 0    ; 0            ; |main|LevelController:inst2|TimeDisplay:timeDisplay|lpm_divide:Div3|lpm_divide_3am:auto_generated                                                               ; lpm_divide_3am         ; work         ;
;                |sign_div_unsign_9kh:divider|                ; 25 (0)              ; 0 (0)                     ; 0                 ; 0          ; 0    ; 0            ; |main|LevelController:inst2|TimeDisplay:timeDisplay|lpm_divide:Div3|lpm_divide_3am:auto_generated|sign_div_unsign_9kh:divider                                   ; sign_div_unsign_9kh    ; work         ;
;                   |alt_u_div_ose:divider|                   ; 25 (25)             ; 0 (0)                     ; 0                 ; 0          ; 0    ; 0            ; |main|LevelController:inst2|TimeDisplay:timeDisplay|lpm_divide:Div3|lpm_divide_3am:auto_generated|sign_div_unsign_9kh:divider|alt_u_div_ose:divider             ; alt_u_div_ose          ; work         ;
;          |lpm_divide:Mod0|                                  ; 47 (0)              ; 0 (0)                     ; 0                 ; 0          ; 0    ; 0            ; |main|LevelController:inst2|TimeDisplay:timeDisplay|lpm_divide:Mod0                                                                                             ; lpm_divide             ; work         ;
;             |lpm_divide_i3m:auto_generated|                 ; 47 (0)              ; 0 (0)                     ; 0                 ; 0          ; 0    ; 0            ; |main|LevelController:inst2|TimeDisplay:timeDisplay|lpm_divide:Mod0|lpm_divide_i3m:auto_generated                                                               ; lpm_divide_i3m         ; work         ;
;                |sign_div_unsign_llh:divider|                ; 47 (0)              ; 0 (0)                     ; 0                 ; 0          ; 0    ; 0            ; |main|LevelController:inst2|TimeDisplay:timeDisplay|lpm_divide:Mod0|lpm_divide_i3m:auto_generated|sign_div_unsign_llh:divider                                   ; sign_div_unsign_llh    ; work         ;
;                   |alt_u_div_gve:divider|                   ; 47 (47)             ; 0 (0)                     ; 0                 ; 0          ; 0    ; 0            ; |main|LevelController:inst2|TimeDisplay:timeDisplay|lpm_divide:Mod0|lpm_divide_i3m:auto_generated|sign_div_unsign_llh:divider|alt_u_div_gve:divider             ; alt_u_div_gve          ; work         ;
;          |lpm_divide:Mod2|                                  ; 98 (0)              ; 0 (0)                     ; 0                 ; 0          ; 0    ; 0            ; |main|LevelController:inst2|TimeDisplay:timeDisplay|lpm_divide:Mod2                                                                                             ; lpm_divide             ; work         ;
;             |lpm_divide_k3m:auto_generated|                 ; 98 (0)              ; 0 (0)                     ; 0                 ; 0          ; 0    ; 0            ; |main|LevelController:inst2|TimeDisplay:timeDisplay|lpm_divide:Mod2|lpm_divide_k3m:auto_generated                                                               ; lpm_divide_k3m         ; work         ;
;                |sign_div_unsign_nlh:divider|                ; 98 (0)              ; 0 (0)                     ; 0                 ; 0          ; 0    ; 0            ; |main|LevelController:inst2|TimeDisplay:timeDisplay|lpm_divide:Mod2|lpm_divide_k3m:auto_generated|sign_div_unsign_nlh:divider                                   ; sign_div_unsign_nlh    ; work         ;
;                   |alt_u_div_kve:divider|                   ; 98 (98)             ; 0 (0)                     ; 0                 ; 0          ; 0    ; 0            ; |main|LevelController:inst2|TimeDisplay:timeDisplay|lpm_divide:Mod2|lpm_divide_k3m:auto_generated|sign_div_unsign_nlh:divider|alt_u_div_kve:divider             ; alt_u_div_kve          ; work         ;
;          |lpm_divide:Mod3|                                  ; 27 (0)              ; 0 (0)                     ; 0                 ; 0          ; 0    ; 0            ; |main|LevelController:inst2|TimeDisplay:timeDisplay|lpm_divide:Mod3                                                                                             ; lpm_divide             ; work         ;
;             |lpm_divide_62m:auto_generated|                 ; 27 (0)              ; 0 (0)                     ; 0                 ; 0          ; 0    ; 0            ; |main|LevelController:inst2|TimeDisplay:timeDisplay|lpm_divide:Mod3|lpm_divide_62m:auto_generated                                                               ; lpm_divide_62m         ; work         ;
;                |sign_div_unsign_9kh:divider|                ; 27 (0)              ; 0 (0)                     ; 0                 ; 0          ; 0    ; 0            ; |main|LevelController:inst2|TimeDisplay:timeDisplay|lpm_divide:Mod3|lpm_divide_62m:auto_generated|sign_div_unsign_9kh:divider                                   ; sign_div_unsign_9kh    ; work         ;
;                   |alt_u_div_ose:divider|                   ; 27 (27)             ; 0 (0)                     ; 0                 ; 0          ; 0    ; 0            ; |main|LevelController:inst2|TimeDisplay:timeDisplay|lpm_divide:Mod3|lpm_divide_62m:auto_generated|sign_div_unsign_9kh:divider|alt_u_div_ose:divider             ; alt_u_div_ose          ; work         ;
;    |MoneyCounterWrapper:inst32|                             ; 63 (0)              ; 20 (0)                    ; 0                 ; 0          ; 0    ; 0            ; |main|MoneyCounterWrapper:inst32                                                                                                                                ; MoneyCounterWrapper    ; work         ;
;       |Counter:internal_counter|                            ; 63 (63)             ; 20 (20)                   ; 0                 ; 0          ; 0    ; 0            ; |main|MoneyCounterWrapper:inst32|Counter:internal_counter                                                                                                       ; Counter                ; work         ;
;    |OneSecPulse:inst20|                                     ; 31 (31)             ; 26 (26)                   ; 0                 ; 0          ; 0    ; 0            ; |main|OneSecPulse:inst20                                                                                                                                        ; OneSecPulse            ; work         ;
;    |Pulsinator:inst22|                                      ; 1 (1)               ; 1 (1)                     ; 0                 ; 0          ; 0    ; 0            ; |main|Pulsinator:inst22                                                                                                                                         ; Pulsinator             ; work         ;
;    |Pulsinator:inst26|                                      ; 1 (1)               ; 1 (1)                     ; 0                 ; 0          ; 0    ; 0            ; |main|Pulsinator:inst26                                                                                                                                         ; Pulsinator             ; work         ;
;    |ScoreCounterWrapper:inst31|                             ; 21 (0)              ; 20 (0)                    ; 0                 ; 0          ; 0    ; 0            ; |main|ScoreCounterWrapper:inst31                                                                                                                                ; ScoreCounterWrapper    ; work         ;
;       |Counter:counter_inst|                                ; 21 (21)             ; 20 (20)                   ; 0                 ; 0          ; 0    ; 0            ; |main|ScoreCounterWrapper:inst31|Counter:counter_inst                                                                                                           ; Counter                ; work         ;
;    |Shop:inst30|                                            ; 16 (16)             ; 11 (11)                   ; 0                 ; 0          ; 0    ; 0            ; |main|Shop:inst30                                                                                                                                               ; Shop                   ; work         ;
;    |StageController:inst1|                                  ; 5 (5)               ; 4 (4)                     ; 0                 ; 0          ; 0    ; 0            ; |main|StageController:inst1                                                                                                                                     ; StageController        ; work         ;
;    |TOP_KBD:inst5|                                          ; 57 (0)              ; 57 (0)                    ; 0                 ; 0          ; 0    ; 0            ; |main|TOP_KBD:inst5                                                                                                                                             ; TOP_KBD                ; work         ;
;       |KBDINTF:inst|                                        ; 40 (0)              ; 52 (0)                    ; 0                 ; 0          ; 0    ; 0            ; |main|TOP_KBD:inst5|KBDINTF:inst                                                                                                                                ; KBDINTF                ; work         ;
;          |bitrec:inst4|                                     ; 16 (16)             ; 28 (28)                   ; 0                 ; 0          ; 0    ; 0            ; |main|TOP_KBD:inst5|KBDINTF:inst|bitrec:inst4                                                                                                                   ; bitrec                 ; work         ;
;          |byterec:inst3|                                    ; 19 (19)             ; 19 (19)                   ; 0                 ; 0          ; 0    ; 0            ; |main|TOP_KBD:inst5|KBDINTF:inst|byterec:inst3                                                                                                                  ; byterec                ; work         ;
;          |lpf:inst5|                                        ; 5 (5)               ; 5 (5)                     ; 0                 ; 0          ; 0    ; 0            ; |main|TOP_KBD:inst5|KBDINTF:inst|lpf:inst5                                                                                                                      ; lpf                    ; work         ;
;       |keyPad_decoder:inst2|                                ; 17 (17)             ; 5 (5)                     ; 0                 ; 0          ; 0    ; 0            ; |main|TOP_KBD:inst5|keyPad_decoder:inst2                                                                                                                        ; keyPad_decoder         ; work         ;
;    |Tilemap:inst13|                                         ; 129 (129)           ; 0 (0)                     ; 0                 ; 1          ; 0    ; 0            ; |main|Tilemap:inst13                                                                                                                                            ; Tilemap                ; work         ;
;    |VGA_Controller:inst8|                                   ; 72 (72)             ; 26 (26)                   ; 0                 ; 0          ; 0    ; 0            ; |main|VGA_Controller:inst8                                                                                                                                      ; VGA_Controller         ; work         ;
;    |VectorOr:inst18|                                        ; 1 (1)               ; 0 (0)                     ; 0                 ; 0          ; 0    ; 0            ; |main|VectorOr:inst18                                                                                                                                           ; VectorOr               ; work         ;
;    |lpm_rom:inst9|                                          ; 4 (0)               ; 2 (0)                     ; 262144            ; 0          ; 0    ; 0            ; |main|lpm_rom:inst9                                                                                                                                             ; lpm_rom                ; work         ;
;       |altrom:srom|                                         ; 4 (0)               ; 2 (0)                     ; 262144            ; 0          ; 0    ; 0            ; |main|lpm_rom:inst9|altrom:srom                                                                                                                                 ; altrom                 ; work         ;
;          |altsyncram:rom_block|                             ; 4 (0)               ; 2 (0)                     ; 262144            ; 0          ; 0    ; 0            ; |main|lpm_rom:inst9|altrom:srom|altsyncram:rom_block                                                                                                            ; altsyncram             ; work         ;
;             |altsyncram_6471:auto_generated|                ; 4 (0)               ; 2 (2)                     ; 262144            ; 0          ; 0    ; 0            ; |main|lpm_rom:inst9|altrom:srom|altsyncram:rom_block|altsyncram_6471:auto_generated                                                                             ; altsyncram_6471        ; work         ;
;                |decode_s2a:rden_decode|                     ; 4 (4)               ; 0 (0)                     ; 0                 ; 0          ; 0    ; 0            ; |main|lpm_rom:inst9|altrom:srom|altsyncram:rom_block|altsyncram_6471:auto_generated|decode_s2a:rden_decode                                                      ; decode_s2a             ; work         ;
+-------------------------------------------------------------+---------------------+---------------------------+-------------------+------------+------+--------------+-----------------------------------------------------------------------------------------------------------------------------------------------------------------+------------------------+--------------+
Note: For table entries with two numbers listed, the numbers in parentheses indicate the number of resources of the given type used by the specific entity alone. The numbers listed outside of parentheses indicate the total resources of the given type used by the specific entity and all of its sub-entities in the hierarchy.


+--------------------------------------------------------------------------------------------------------------------------------------------------------------------------------------------------------------------------------------------+
; Analysis & Synthesis RAM Summary                                                                                                                                                                                                           ;
+----------------------------------------------------------------------------------------------------------+------+------+--------------+--------------+--------------+--------------+---------+---------------------------------------------+
; Name                                                                                                     ; Type ; Mode ; Port A Depth ; Port A Width ; Port B Depth ; Port B Width ; Size    ; MIF                                         ;
+----------------------------------------------------------------------------------------------------------+------+------+--------------+--------------+--------------+--------------+---------+---------------------------------------------+
; LevelController:inst2|SpriteRom:sharedROM|altsyncram:rom_rtl_0|altsyncram_sjd1:auto_generated|ALTSYNCRAM ; AUTO ; ROM  ; 16384        ; 8            ; --           ; --           ; 131072  ; db/Lab1Demo.ram0_SpriteRom_e88de24b.hdl.mif ;
; lpm_rom:inst9|altrom:srom|altsyncram:rom_block|altsyncram_6471:auto_generated|ALTSYNCRAM                 ; AUTO ; ROM  ; 307200       ; 8            ; --           ; --           ; 2457600 ; MIF/TileSet.mif                             ;
+----------------------------------------------------------------------------------------------------------+------+------+--------------+--------------+--------------+--------------+---------+---------------------------------------------+


+-------------------------------------------------+
; Analysis & Synthesis DSP Block Usage Summary    ;
+-----------------------------------+-------------+
; Statistic                         ; Number Used ;
+-----------------------------------+-------------+
; Independent 9x9                   ; 1           ;
; Two Independent 18x18             ; 6           ;
; Independent 18x18 plus 36         ; 2           ;
; Total number of DSP blocks        ; 9           ;
;                                   ;             ;
; Fixed Point Signed Multiplier     ; 2           ;
; Fixed Point Unsigned Multiplier   ; 6           ;
; Fixed Point Mixed Sign Multiplier ; 1           ;
+-----------------------------------+-------------+


+--------------------------------------------------------------------------------------------------------+
; Analysis & Synthesis IP Cores Summary                                                                  ;
+--------+--------------+---------+--------------+--------------+----------------------+-----------------+
; Vendor ; IP Core Name ; Version ; Release Date ; License Type ; Entity Instance      ; IP Include File ;
+--------+--------------+---------+--------------+--------------+----------------------+-----------------+
; Altera ; altera_pll   ; 20.1    ; N/A          ; N/A          ; |main|CLK_31P5:inst7 ; CLK_31P5.v      ;
+--------+--------------+---------+--------------+--------------+----------------------+-----------------+


Encoding Type:  One-Hot
+-------------------------------------------------------------------------------------------------------------------------+
; State Machine - |main|StageController:inst1|stageSM                                                                     ;
+---------------------+-----------------+---------------------+--------------------+----------------+---------------------+
; Name                ; stageSM.S_LEVEL ; stageSM.S_LOSS_MENU ; stageSM.S_WIN_MENU ; stageSM.S_SHOP ; stageSM.S_MAIN_MENU ;
+---------------------+-----------------+---------------------+--------------------+----------------+---------------------+
; stageSM.S_MAIN_MENU ; 0               ; 0                   ; 0                  ; 0              ; 0                   ;
; stageSM.S_SHOP      ; 0               ; 0                   ; 0                  ; 1              ; 1                   ;
; stageSM.S_WIN_MENU  ; 0               ; 0                   ; 1                  ; 0              ; 1                   ;
; stageSM.S_LOSS_MENU ; 0               ; 1                   ; 0                  ; 0              ; 1                   ;
; stageSM.S_LEVEL     ; 1               ; 0                   ; 0                  ; 0              ; 1                   ;
+---------------------+-----------------+---------------------+--------------------+----------------+---------------------+


+------------------------------------------------------------------------------------------------------------------------------------------------------------------------------------------------------------------+
; Registers Removed During Synthesis                                                                                                                                                                               ;
+----------------------------------------------------------------------------------------------------------------+-------------------------------------------------------------------------------------------------+
; Register name                                                                                                  ; Reason for Removal                                                                              ;
+----------------------------------------------------------------------------------------------------------------+-------------------------------------------------------------------------------------------------+
; LevelController:inst2|moneyIncrease[11..19]                                                                    ; Stuck at GND due to stuck port data_in                                                          ;
; LevelController:inst2|LevelMaker:levelMaker|maxLevelElementCount[5..10]                                        ; Stuck at GND due to stuck port data_in                                                          ;
; LevelController:inst2|Hook:hook|direction[18..24,26..31]                                                       ; Lost fanout                                                                                     ;
; Shop:inst30|upgradeRequestPulse                                                                                ; Merged with Shop:inst30|spendPulse                                                              ;
; LevelController:inst2|Hook:hook|direction[1..17]                                                               ; Merged with LevelController:inst2|Hook:hook|direction[25]                                       ;
; LevelController:inst2|LevelMaker:levelMaker|elementsData[0].row[4]                                             ; Merged with LevelController:inst2|LevelMaker:levelMaker|elementsData[0].col[5]                  ;
; LevelController:inst2|LevelMaker:levelMaker|elementsData[1].row[4]                                             ; Merged with LevelController:inst2|LevelMaker:levelMaker|elementsData[1].col[5]                  ;
; LevelController:inst2|LevelMaker:levelMaker|elementsData[2].row[4]                                             ; Merged with LevelController:inst2|LevelMaker:levelMaker|elementsData[2].col[5]                  ;
; LevelController:inst2|LevelMaker:levelMaker|elementsData[3].row[4]                                             ; Merged with LevelController:inst2|LevelMaker:levelMaker|elementsData[3].col[5]                  ;
; LevelController:inst2|LevelMaker:levelMaker|elementsData[4].row[4]                                             ; Merged with LevelController:inst2|LevelMaker:levelMaker|elementsData[4].col[5]                  ;
; LevelController:inst2|LevelMaker:levelMaker|elementsData[5].row[4]                                             ; Merged with LevelController:inst2|LevelMaker:levelMaker|elementsData[5].col[5]                  ;
; LevelController:inst2|LevelMaker:levelMaker|elementsData[6].row[4]                                             ; Merged with LevelController:inst2|LevelMaker:levelMaker|elementsData[6].col[5]                  ;
; LevelController:inst2|LevelMaker:levelMaker|elementsData[7].row[4]                                             ; Merged with LevelController:inst2|LevelMaker:levelMaker|elementsData[7].col[5]                  ;
; LevelController:inst2|LevelMaker:levelMaker|elementsData[8].row[4]                                             ; Merged with LevelController:inst2|LevelMaker:levelMaker|elementsData[8].col[5]                  ;
; LevelController:inst2|LevelMaker:levelMaker|elementsData[9].row[4]                                             ; Merged with LevelController:inst2|LevelMaker:levelMaker|elementsData[9].col[5]                  ;
; LevelController:inst2|LevelMaker:levelMaker|elementsData[10].row[4]                                            ; Merged with LevelController:inst2|LevelMaker:levelMaker|elementsData[10].col[5]                 ;
; LevelController:inst2|LevelMaker:levelMaker|elementsData[11].row[4]                                            ; Merged with LevelController:inst2|LevelMaker:levelMaker|elementsData[11].col[5]                 ;
; LevelController:inst2|LevelMaker:levelMaker|elementsData[12].row[4]                                            ; Merged with LevelController:inst2|LevelMaker:levelMaker|elementsData[12].col[5]                 ;
; LevelController:inst2|LevelMaker:levelMaker|elementsData[13].row[4]                                            ; Merged with LevelController:inst2|LevelMaker:levelMaker|elementsData[13].col[5]                 ;
; LevelController:inst2|LevelMaker:levelMaker|elementsData[14].row[4]                                            ; Merged with LevelController:inst2|LevelMaker:levelMaker|elementsData[14].col[5]                 ;
; LevelController:inst2|LevelMaker:levelMaker|elementsData[15].row[4]                                            ; Merged with LevelController:inst2|LevelMaker:levelMaker|elementsData[15].col[5]                 ;
; LevelController:inst2|LevelMaker:levelMaker|elementsData[16].row[4]                                            ; Merged with LevelController:inst2|LevelMaker:levelMaker|elementsData[16].col[5]                 ;
; LevelController:inst2|LevelMaker:levelMaker|elementsData[17].row[4]                                            ; Merged with LevelController:inst2|LevelMaker:levelMaker|elementsData[17].col[5]                 ;
; LevelController:inst2|LevelMaker:levelMaker|elementsData[18].row[4]                                            ; Merged with LevelController:inst2|LevelMaker:levelMaker|elementsData[18].col[5]                 ;
; LevelController:inst2|LevelMaker:levelMaker|elementsData[19].row[4]                                            ; Merged with LevelController:inst2|LevelMaker:levelMaker|elementsData[19].col[5]                 ;
; Shop:inst30|spendAmount[1..9,11..19]                                                                           ; Merged with Shop:inst30|spendAmount[10]                                                         ;
; LevelController:inst2|NewGrabbableObject:GrabbableObject_GEN[0].obj_inst|value[4..9]                           ; Merged with LevelController:inst2|NewGrabbableObject:GrabbableObject_GEN[0].obj_inst|value[10]  ;
; LevelController:inst2|NewGrabbableObject:GrabbableObject_GEN[1].obj_inst|value[4..9]                           ; Merged with LevelController:inst2|NewGrabbableObject:GrabbableObject_GEN[1].obj_inst|value[10]  ;
; LevelController:inst2|NewGrabbableObject:GrabbableObject_GEN[2].obj_inst|value[4..9]                           ; Merged with LevelController:inst2|NewGrabbableObject:GrabbableObject_GEN[2].obj_inst|value[10]  ;
; LevelController:inst2|NewGrabbableObject:GrabbableObject_GEN[3].obj_inst|value[4..9]                           ; Merged with LevelController:inst2|NewGrabbableObject:GrabbableObject_GEN[3].obj_inst|value[10]  ;
; LevelController:inst2|NewGrabbableObject:GrabbableObject_GEN[4].obj_inst|value[4..9]                           ; Merged with LevelController:inst2|NewGrabbableObject:GrabbableObject_GEN[4].obj_inst|value[10]  ;
; LevelController:inst2|NewGrabbableObject:GrabbableObject_GEN[5].obj_inst|value[4..9]                           ; Merged with LevelController:inst2|NewGrabbableObject:GrabbableObject_GEN[5].obj_inst|value[10]  ;
; LevelController:inst2|NewGrabbableObject:GrabbableObject_GEN[6].obj_inst|value[4..9]                           ; Merged with LevelController:inst2|NewGrabbableObject:GrabbableObject_GEN[6].obj_inst|value[10]  ;
; LevelController:inst2|NewGrabbableObject:GrabbableObject_GEN[7].obj_inst|value[4..9]                           ; Merged with LevelController:inst2|NewGrabbableObject:GrabbableObject_GEN[7].obj_inst|value[10]  ;
; LevelController:inst2|NewGrabbableObject:GrabbableObject_GEN[8].obj_inst|value[4..9]                           ; Merged with LevelController:inst2|NewGrabbableObject:GrabbableObject_GEN[8].obj_inst|value[10]  ;
; LevelController:inst2|NewGrabbableObject:GrabbableObject_GEN[9].obj_inst|value[4..9]                           ; Merged with LevelController:inst2|NewGrabbableObject:GrabbableObject_GEN[9].obj_inst|value[10]  ;
; LevelController:inst2|NewGrabbableObject:GrabbableObject_GEN[10].obj_inst|value[4..9]                          ; Merged with LevelController:inst2|NewGrabbableObject:GrabbableObject_GEN[10].obj_inst|value[10] ;
; LevelController:inst2|NewGrabbableObject:GrabbableObject_GEN[11].obj_inst|value[4..9]                          ; Merged with LevelController:inst2|NewGrabbableObject:GrabbableObject_GEN[11].obj_inst|value[10] ;
; LevelController:inst2|NewGrabbableObject:GrabbableObject_GEN[12].obj_inst|value[4..9]                          ; Merged with LevelController:inst2|NewGrabbableObject:GrabbableObject_GEN[12].obj_inst|value[10] ;
; LevelController:inst2|NewGrabbableObject:GrabbableObject_GEN[13].obj_inst|value[4..9]                          ; Merged with LevelController:inst2|NewGrabbableObject:GrabbableObject_GEN[13].obj_inst|value[10] ;
; LevelController:inst2|NewGrabbableObject:GrabbableObject_GEN[14].obj_inst|value[4..9]                          ; Merged with LevelController:inst2|NewGrabbableObject:GrabbableObject_GEN[14].obj_inst|value[10] ;
; LevelController:inst2|NewGrabbableObject:GrabbableObject_GEN[15].obj_inst|value[4..9]                          ; Merged with LevelController:inst2|NewGrabbableObject:GrabbableObject_GEN[15].obj_inst|value[10] ;
; LevelController:inst2|NewGrabbableObject:GrabbableObject_GEN[16].obj_inst|value[4..9]                          ; Merged with LevelController:inst2|NewGrabbableObject:GrabbableObject_GEN[16].obj_inst|value[10] ;
; LevelController:inst2|NewGrabbableObject:GrabbableObject_GEN[17].obj_inst|value[4..9]                          ; Merged with LevelController:inst2|NewGrabbableObject:GrabbableObject_GEN[17].obj_inst|value[10] ;
; LevelController:inst2|NewGrabbableObject:GrabbableObject_GEN[18].obj_inst|value[4..9]                          ; Merged with LevelController:inst2|NewGrabbableObject:GrabbableObject_GEN[18].obj_inst|value[10] ;
; LevelController:inst2|NewGrabbableObject:GrabbableObject_GEN[19].obj_inst|value[4..9]                          ; Merged with LevelController:inst2|NewGrabbableObject:GrabbableObject_GEN[19].obj_inst|value[10] ;
; LevelController:inst2|LevelMaker:levelMaker|elementsData[19].col[5]                                            ; Stuck at GND due to stuck port data_in                                                          ;
; LevelController:inst2|LevelMaker:levelMaker|elementsData[18].col[5]                                            ; Stuck at GND due to stuck port data_in                                                          ;
; LevelController:inst2|LevelMaker:levelMaker|elementsData[17].col[5]                                            ; Stuck at GND due to stuck port data_in                                                          ;
; LevelController:inst2|LevelMaker:levelMaker|elementsData[16].col[5]                                            ; Stuck at GND due to stuck port data_in                                                          ;
; LevelController:inst2|LevelMaker:levelMaker|elementsData[15].col[5]                                            ; Stuck at GND due to stuck port data_in                                                          ;
; LevelController:inst2|LevelMaker:levelMaker|elementsData[14].col[5]                                            ; Stuck at GND due to stuck port data_in                                                          ;
; LevelController:inst2|LevelMaker:levelMaker|elementsData[13].col[5]                                            ; Stuck at GND due to stuck port data_in                                                          ;
; LevelController:inst2|LevelMaker:levelMaker|elementsData[12].col[5]                                            ; Stuck at GND due to stuck port data_in                                                          ;
; LevelController:inst2|LevelMaker:levelMaker|elementsData[11].col[5]                                            ; Stuck at GND due to stuck port data_in                                                          ;
; LevelController:inst2|LevelMaker:levelMaker|elementsData[10].col[5]                                            ; Stuck at GND due to stuck port data_in                                                          ;
; LevelController:inst2|LevelMaker:levelMaker|elementsData[9].col[5]                                             ; Stuck at GND due to stuck port data_in                                                          ;
; LevelController:inst2|LevelMaker:levelMaker|elementsData[8].col[5]                                             ; Stuck at GND due to stuck port data_in                                                          ;
; LevelController:inst2|LevelMaker:levelMaker|elementsData[7].col[5]                                             ; Stuck at GND due to stuck port data_in                                                          ;
; LevelController:inst2|LevelMaker:levelMaker|elementsData[6].col[5]                                             ; Stuck at GND due to stuck port data_in                                                          ;
; LevelController:inst2|LevelMaker:levelMaker|elementsData[5].col[5]                                             ; Stuck at GND due to stuck port data_in                                                          ;
; LevelController:inst2|LevelMaker:levelMaker|elementsData[4].col[5]                                             ; Stuck at GND due to stuck port data_in                                                          ;
; LevelController:inst2|LevelMaker:levelMaker|elementsData[3].col[5]                                             ; Stuck at GND due to stuck port data_in                                                          ;
; LevelController:inst2|LevelMaker:levelMaker|elementsData[2].col[5]                                             ; Stuck at GND due to stuck port data_in                                                          ;
; LevelController:inst2|LevelMaker:levelMaker|elementsData[1].col[5]                                             ; Stuck at GND due to stuck port data_in                                                          ;
; LevelController:inst2|LevelMaker:levelMaker|elementsData[0].col[5]                                             ; Stuck at GND due to stuck port data_in                                                          ;
; lpm_rom:inst9|altrom:srom|altsyncram:rom_block|altsyncram_6471:auto_generated|address_reg_a[2..5]              ; Stuck at GND due to stuck port data_in                                                          ;
; LevelController:inst2|LevelMaker:levelMaker|mask[0..139]                                                       ; Stuck at GND due to stuck port data_in                                                          ;
; Shop:inst30|spendAmount[10]                                                                                    ; Stuck at GND due to stuck port data_in                                                          ;
; LevelController:inst2|Hook:hook|direction[0]                                                                   ; Stuck at VCC due to stuck port data_in                                                          ;
; StageController:inst1|stageSM~4                                                                                ; Lost fanout                                                                                     ;
; StageController:inst1|stageSM~5                                                                                ; Lost fanout                                                                                     ;
; StageController:inst1|stageSM~7                                                                                ; Lost fanout                                                                                     ;
; StageController:inst1|stageSM.S_WIN_MENU                                                                       ; Stuck at GND due to stuck port data_in                                                          ;
; LevelController:inst2|SpriteRom:sharedROM|altsyncram:rom_rtl_0|altsyncram_sjd1:auto_generated|address_reg_a[0] ; Stuck at GND due to stuck port data_in                                                          ;
; LevelController:inst2|NewGrabbableObject:GrabbableObject_GEN[0].obj_inst|value[10]                             ; Stuck at GND due to stuck port data_in                                                          ;
; LevelController:inst2|NewGrabbableObject:GrabbableObject_GEN[19].obj_inst|value[10]                            ; Stuck at GND due to stuck port data_in                                                          ;
; LevelController:inst2|NewGrabbableObject:GrabbableObject_GEN[1].obj_inst|value[10]                             ; Stuck at GND due to stuck port data_in                                                          ;
; LevelController:inst2|NewGrabbableObject:GrabbableObject_GEN[2].obj_inst|value[10]                             ; Stuck at GND due to stuck port data_in                                                          ;
; LevelController:inst2|NewGrabbableObject:GrabbableObject_GEN[3].obj_inst|value[10]                             ; Stuck at GND due to stuck port data_in                                                          ;
; LevelController:inst2|NewGrabbableObject:GrabbableObject_GEN[4].obj_inst|value[10]                             ; Stuck at GND due to stuck port data_in                                                          ;
; LevelController:inst2|NewGrabbableObject:GrabbableObject_GEN[5].obj_inst|value[10]                             ; Stuck at GND due to stuck port data_in                                                          ;
; LevelController:inst2|NewGrabbableObject:GrabbableObject_GEN[6].obj_inst|value[10]                             ; Stuck at GND due to stuck port data_in                                                          ;
; LevelController:inst2|NewGrabbableObject:GrabbableObject_GEN[7].obj_inst|value[10]                             ; Stuck at GND due to stuck port data_in                                                          ;
; LevelController:inst2|NewGrabbableObject:GrabbableObject_GEN[8].obj_inst|value[10]                             ; Stuck at GND due to stuck port data_in                                                          ;
; LevelController:inst2|NewGrabbableObject:GrabbableObject_GEN[9].obj_inst|value[10]                             ; Stuck at GND due to stuck port data_in                                                          ;
; LevelController:inst2|NewGrabbableObject:GrabbableObject_GEN[10].obj_inst|value[10]                            ; Stuck at GND due to stuck port data_in                                                          ;
; LevelController:inst2|NewGrabbableObject:GrabbableObject_GEN[11].obj_inst|value[10]                            ; Stuck at GND due to stuck port data_in                                                          ;
; LevelController:inst2|NewGrabbableObject:GrabbableObject_GEN[12].obj_inst|value[10]                            ; Stuck at GND due to stuck port data_in                                                          ;
; LevelController:inst2|NewGrabbableObject:GrabbableObject_GEN[13].obj_inst|value[10]                            ; Stuck at GND due to stuck port data_in                                                          ;
; LevelController:inst2|NewGrabbableObject:GrabbableObject_GEN[14].obj_inst|value[10]                            ; Stuck at GND due to stuck port data_in                                                          ;
; LevelController:inst2|NewGrabbableObject:GrabbableObject_GEN[15].obj_inst|value[10]                            ; Stuck at GND due to stuck port data_in                                                          ;
; LevelController:inst2|NewGrabbableObject:GrabbableObject_GEN[16].obj_inst|value[10]                            ; Stuck at GND due to stuck port data_in                                                          ;
; LevelController:inst2|NewGrabbableObject:GrabbableObject_GEN[17].obj_inst|value[10]                            ; Stuck at GND due to stuck port data_in                                                          ;
; LevelController:inst2|NewGrabbableObject:GrabbableObject_GEN[18].obj_inst|value[10]                            ; Stuck at GND due to stuck port data_in                                                          ;
; Total Number of Removed Registers = 395                                                                        ;                                                                                                 ;
+----------------------------------------------------------------------------------------------------------------+-------------------------------------------------------------------------------------------------+


+-----------------------------------------------------------------------------------------------------------------------------------------------------------------------------------------+
; Removed Registers Triggering Further Register Optimizations                                                                                                                             ;
+----------------------------------------------------------------------+---------------------------+--------------------------------------------------------------------------------------+
; Register name                                                        ; Reason for Removal        ; Registers Removed due to This Register                                               ;
+----------------------------------------------------------------------+---------------------------+--------------------------------------------------------------------------------------+
; LevelController:inst2|LevelMaker:levelMaker|maxLevelElementCount[10] ; Stuck at GND              ; LevelController:inst2|LevelMaker:levelMaker|elementsData[19].col[5],                 ;
;                                                                      ; due to stuck port data_in ; LevelController:inst2|LevelMaker:levelMaker|elementsData[18].col[5],                 ;
;                                                                      ;                           ; LevelController:inst2|LevelMaker:levelMaker|elementsData[17].col[5],                 ;
;                                                                      ;                           ; LevelController:inst2|LevelMaker:levelMaker|elementsData[16].col[5],                 ;
;                                                                      ;                           ; LevelController:inst2|LevelMaker:levelMaker|elementsData[15].col[5],                 ;
;                                                                      ;                           ; LevelController:inst2|LevelMaker:levelMaker|elementsData[14].col[5],                 ;
;                                                                      ;                           ; LevelController:inst2|LevelMaker:levelMaker|elementsData[13].col[5],                 ;
;                                                                      ;                           ; LevelController:inst2|LevelMaker:levelMaker|elementsData[12].col[5],                 ;
;                                                                      ;                           ; LevelController:inst2|LevelMaker:levelMaker|elementsData[11].col[5],                 ;
;                                                                      ;                           ; LevelController:inst2|LevelMaker:levelMaker|elementsData[10].col[5],                 ;
;                                                                      ;                           ; LevelController:inst2|LevelMaker:levelMaker|elementsData[9].col[5],                  ;
;                                                                      ;                           ; LevelController:inst2|LevelMaker:levelMaker|elementsData[8].col[5],                  ;
;                                                                      ;                           ; LevelController:inst2|LevelMaker:levelMaker|elementsData[7].col[5],                  ;
;                                                                      ;                           ; LevelController:inst2|LevelMaker:levelMaker|elementsData[6].col[5],                  ;
;                                                                      ;                           ; LevelController:inst2|LevelMaker:levelMaker|elementsData[5].col[5],                  ;
;                                                                      ;                           ; LevelController:inst2|LevelMaker:levelMaker|elementsData[4].col[5],                  ;
;                                                                      ;                           ; LevelController:inst2|LevelMaker:levelMaker|elementsData[3].col[5],                  ;
;                                                                      ;                           ; LevelController:inst2|LevelMaker:levelMaker|elementsData[2].col[5],                  ;
;                                                                      ;                           ; LevelController:inst2|LevelMaker:levelMaker|elementsData[1].col[5],                  ;
;                                                                      ;                           ; LevelController:inst2|LevelMaker:levelMaker|elementsData[0].col[5],                  ;
;                                                                      ;                           ; LevelController:inst2|LevelMaker:levelMaker|mask[139],                               ;
;                                                                      ;                           ; LevelController:inst2|LevelMaker:levelMaker|mask[138],                               ;
;                                                                      ;                           ; LevelController:inst2|LevelMaker:levelMaker|mask[137],                               ;
;                                                                      ;                           ; LevelController:inst2|LevelMaker:levelMaker|mask[136],                               ;
;                                                                      ;                           ; LevelController:inst2|LevelMaker:levelMaker|mask[135],                               ;
;                                                                      ;                           ; LevelController:inst2|LevelMaker:levelMaker|mask[134],                               ;
;                                                                      ;                           ; LevelController:inst2|LevelMaker:levelMaker|mask[133],                               ;
;                                                                      ;                           ; LevelController:inst2|LevelMaker:levelMaker|mask[132],                               ;
;                                                                      ;                           ; LevelController:inst2|LevelMaker:levelMaker|mask[131],                               ;
;                                                                      ;                           ; LevelController:inst2|LevelMaker:levelMaker|mask[130],                               ;
;                                                                      ;                           ; LevelController:inst2|LevelMaker:levelMaker|mask[129],                               ;
;                                                                      ;                           ; LevelController:inst2|LevelMaker:levelMaker|mask[128],                               ;
;                                                                      ;                           ; LevelController:inst2|LevelMaker:levelMaker|mask[127],                               ;
;                                                                      ;                           ; LevelController:inst2|LevelMaker:levelMaker|mask[126],                               ;
;                                                                      ;                           ; LevelController:inst2|LevelMaker:levelMaker|mask[125],                               ;
;                                                                      ;                           ; LevelController:inst2|LevelMaker:levelMaker|mask[124],                               ;
;                                                                      ;                           ; LevelController:inst2|LevelMaker:levelMaker|mask[123],                               ;
;                                                                      ;                           ; LevelController:inst2|LevelMaker:levelMaker|mask[122],                               ;
;                                                                      ;                           ; LevelController:inst2|LevelMaker:levelMaker|mask[121],                               ;
;                                                                      ;                           ; LevelController:inst2|LevelMaker:levelMaker|mask[120],                               ;
;                                                                      ;                           ; LevelController:inst2|LevelMaker:levelMaker|mask[119],                               ;
;                                                                      ;                           ; LevelController:inst2|LevelMaker:levelMaker|mask[118],                               ;
;                                                                      ;                           ; LevelController:inst2|LevelMaker:levelMaker|mask[117],                               ;
;                                                                      ;                           ; LevelController:inst2|LevelMaker:levelMaker|mask[116],                               ;
;                                                                      ;                           ; LevelController:inst2|LevelMaker:levelMaker|mask[115],                               ;
;                                                                      ;                           ; LevelController:inst2|LevelMaker:levelMaker|mask[114],                               ;
;                                                                      ;                           ; LevelController:inst2|LevelMaker:levelMaker|mask[113],                               ;
;                                                                      ;                           ; LevelController:inst2|LevelMaker:levelMaker|mask[112],                               ;
;                                                                      ;                           ; LevelController:inst2|LevelMaker:levelMaker|mask[111],                               ;
;                                                                      ;                           ; LevelController:inst2|LevelMaker:levelMaker|mask[110],                               ;
;                                                                      ;                           ; LevelController:inst2|LevelMaker:levelMaker|mask[109],                               ;
;                                                                      ;                           ; LevelController:inst2|LevelMaker:levelMaker|mask[108],                               ;
;                                                                      ;                           ; LevelController:inst2|LevelMaker:levelMaker|mask[107],                               ;
;                                                                      ;                           ; LevelController:inst2|LevelMaker:levelMaker|mask[106],                               ;
;                                                                      ;                           ; LevelController:inst2|LevelMaker:levelMaker|mask[105],                               ;
;                                                                      ;                           ; LevelController:inst2|LevelMaker:levelMaker|mask[104],                               ;
;                                                                      ;                           ; LevelController:inst2|LevelMaker:levelMaker|mask[103],                               ;
;                                                                      ;                           ; LevelController:inst2|LevelMaker:levelMaker|mask[102],                               ;
;                                                                      ;                           ; LevelController:inst2|LevelMaker:levelMaker|mask[101],                               ;
;                                                                      ;                           ; LevelController:inst2|LevelMaker:levelMaker|mask[100],                               ;
;                                                                      ;                           ; LevelController:inst2|LevelMaker:levelMaker|mask[99],                                ;
;                                                                      ;                           ; LevelController:inst2|LevelMaker:levelMaker|mask[98],                                ;
;                                                                      ;                           ; LevelController:inst2|LevelMaker:levelMaker|mask[97],                                ;
;                                                                      ;                           ; LevelController:inst2|LevelMaker:levelMaker|mask[96],                                ;
;                                                                      ;                           ; LevelController:inst2|LevelMaker:levelMaker|mask[95],                                ;
;                                                                      ;                           ; LevelController:inst2|LevelMaker:levelMaker|mask[94],                                ;
;                                                                      ;                           ; LevelController:inst2|LevelMaker:levelMaker|mask[93],                                ;
;                                                                      ;                           ; LevelController:inst2|LevelMaker:levelMaker|mask[92],                                ;
;                                                                      ;                           ; LevelController:inst2|LevelMaker:levelMaker|mask[91],                                ;
;                                                                      ;                           ; LevelController:inst2|LevelMaker:levelMaker|mask[90],                                ;
;                                                                      ;                           ; LevelController:inst2|LevelMaker:levelMaker|mask[89],                                ;
;                                                                      ;                           ; LevelController:inst2|LevelMaker:levelMaker|mask[88],                                ;
;                                                                      ;                           ; LevelController:inst2|LevelMaker:levelMaker|mask[87],                                ;
;                                                                      ;                           ; LevelController:inst2|LevelMaker:levelMaker|mask[86],                                ;
;                                                                      ;                           ; LevelController:inst2|LevelMaker:levelMaker|mask[85],                                ;
;                                                                      ;                           ; LevelController:inst2|LevelMaker:levelMaker|mask[84],                                ;
;                                                                      ;                           ; LevelController:inst2|LevelMaker:levelMaker|mask[83],                                ;
;                                                                      ;                           ; LevelController:inst2|LevelMaker:levelMaker|mask[82],                                ;
;                                                                      ;                           ; LevelController:inst2|LevelMaker:levelMaker|mask[81],                                ;
;                                                                      ;                           ; LevelController:inst2|LevelMaker:levelMaker|mask[80],                                ;
;                                                                      ;                           ; LevelController:inst2|LevelMaker:levelMaker|mask[79],                                ;
;                                                                      ;                           ; LevelController:inst2|LevelMaker:levelMaker|mask[78],                                ;
;                                                                      ;                           ; LevelController:inst2|LevelMaker:levelMaker|mask[77],                                ;
;                                                                      ;                           ; LevelController:inst2|LevelMaker:levelMaker|mask[76],                                ;
;                                                                      ;                           ; LevelController:inst2|LevelMaker:levelMaker|mask[75],                                ;
;                                                                      ;                           ; LevelController:inst2|LevelMaker:levelMaker|mask[74],                                ;
;                                                                      ;                           ; LevelController:inst2|LevelMaker:levelMaker|mask[73],                                ;
;                                                                      ;                           ; LevelController:inst2|LevelMaker:levelMaker|mask[72],                                ;
;                                                                      ;                           ; LevelController:inst2|LevelMaker:levelMaker|mask[71],                                ;
;                                                                      ;                           ; LevelController:inst2|LevelMaker:levelMaker|mask[70],                                ;
;                                                                      ;                           ; LevelController:inst2|LevelMaker:levelMaker|mask[69],                                ;
;                                                                      ;                           ; LevelController:inst2|LevelMaker:levelMaker|mask[68],                                ;
;                                                                      ;                           ; LevelController:inst2|LevelMaker:levelMaker|mask[67],                                ;
;                                                                      ;                           ; LevelController:inst2|LevelMaker:levelMaker|mask[66],                                ;
;                                                                      ;                           ; LevelController:inst2|LevelMaker:levelMaker|mask[65],                                ;
;                                                                      ;                           ; LevelController:inst2|LevelMaker:levelMaker|mask[64],                                ;
;                                                                      ;                           ; LevelController:inst2|LevelMaker:levelMaker|mask[63],                                ;
;                                                                      ;                           ; LevelController:inst2|LevelMaker:levelMaker|mask[62],                                ;
;                                                                      ;                           ; LevelController:inst2|LevelMaker:levelMaker|mask[61],                                ;
;                                                                      ;                           ; LevelController:inst2|LevelMaker:levelMaker|mask[60],                                ;
;                                                                      ;                           ; LevelController:inst2|LevelMaker:levelMaker|mask[59],                                ;
;                                                                      ;                           ; LevelController:inst2|LevelMaker:levelMaker|mask[58],                                ;
;                                                                      ;                           ; LevelController:inst2|LevelMaker:levelMaker|mask[57],                                ;
;                                                                      ;                           ; LevelController:inst2|LevelMaker:levelMaker|mask[56],                                ;
;                                                                      ;                           ; LevelController:inst2|LevelMaker:levelMaker|mask[55],                                ;
;                                                                      ;                           ; LevelController:inst2|LevelMaker:levelMaker|mask[54],                                ;
;                                                                      ;                           ; LevelController:inst2|LevelMaker:levelMaker|mask[53],                                ;
;                                                                      ;                           ; LevelController:inst2|LevelMaker:levelMaker|mask[52],                                ;
;                                                                      ;                           ; LevelController:inst2|LevelMaker:levelMaker|mask[51],                                ;
;                                                                      ;                           ; LevelController:inst2|LevelMaker:levelMaker|mask[50],                                ;
;                                                                      ;                           ; LevelController:inst2|LevelMaker:levelMaker|mask[49],                                ;
;                                                                      ;                           ; LevelController:inst2|LevelMaker:levelMaker|mask[48],                                ;
;                                                                      ;                           ; LevelController:inst2|LevelMaker:levelMaker|mask[47],                                ;
;                                                                      ;                           ; LevelController:inst2|LevelMaker:levelMaker|mask[46],                                ;
;                                                                      ;                           ; LevelController:inst2|LevelMaker:levelMaker|mask[45],                                ;
;                                                                      ;                           ; LevelController:inst2|LevelMaker:levelMaker|mask[44],                                ;
;                                                                      ;                           ; LevelController:inst2|LevelMaker:levelMaker|mask[43],                                ;
;                                                                      ;                           ; LevelController:inst2|LevelMaker:levelMaker|mask[42],                                ;
;                                                                      ;                           ; LevelController:inst2|LevelMaker:levelMaker|mask[41],                                ;
;                                                                      ;                           ; LevelController:inst2|LevelMaker:levelMaker|mask[40],                                ;
;                                                                      ;                           ; LevelController:inst2|LevelMaker:levelMaker|mask[39],                                ;
;                                                                      ;                           ; LevelController:inst2|LevelMaker:levelMaker|mask[38],                                ;
;                                                                      ;                           ; LevelController:inst2|LevelMaker:levelMaker|mask[37],                                ;
;                                                                      ;                           ; LevelController:inst2|LevelMaker:levelMaker|mask[36],                                ;
;                                                                      ;                           ; LevelController:inst2|LevelMaker:levelMaker|mask[35],                                ;
;                                                                      ;                           ; LevelController:inst2|LevelMaker:levelMaker|mask[34],                                ;
;                                                                      ;                           ; LevelController:inst2|LevelMaker:levelMaker|mask[33],                                ;
;                                                                      ;                           ; LevelController:inst2|LevelMaker:levelMaker|mask[32],                                ;
;                                                                      ;                           ; LevelController:inst2|LevelMaker:levelMaker|mask[31],                                ;
;                                                                      ;                           ; LevelController:inst2|LevelMaker:levelMaker|mask[30],                                ;
;                                                                      ;                           ; LevelController:inst2|LevelMaker:levelMaker|mask[29],                                ;
;                                                                      ;                           ; LevelController:inst2|LevelMaker:levelMaker|mask[28],                                ;
;                                                                      ;                           ; LevelController:inst2|LevelMaker:levelMaker|mask[27],                                ;
;                                                                      ;                           ; LevelController:inst2|LevelMaker:levelMaker|mask[26],                                ;
;                                                                      ;                           ; LevelController:inst2|LevelMaker:levelMaker|mask[25],                                ;
;                                                                      ;                           ; LevelController:inst2|LevelMaker:levelMaker|mask[24],                                ;
;                                                                      ;                           ; LevelController:inst2|LevelMaker:levelMaker|mask[23],                                ;
;                                                                      ;                           ; LevelController:inst2|LevelMaker:levelMaker|mask[22],                                ;
;                                                                      ;                           ; LevelController:inst2|LevelMaker:levelMaker|mask[21],                                ;
;                                                                      ;                           ; LevelController:inst2|LevelMaker:levelMaker|mask[20],                                ;
;                                                                      ;                           ; LevelController:inst2|LevelMaker:levelMaker|mask[19],                                ;
;                                                                      ;                           ; LevelController:inst2|LevelMaker:levelMaker|mask[18],                                ;
;                                                                      ;                           ; LevelController:inst2|LevelMaker:levelMaker|mask[17],                                ;
;                                                                      ;                           ; LevelController:inst2|LevelMaker:levelMaker|mask[16],                                ;
;                                                                      ;                           ; LevelController:inst2|LevelMaker:levelMaker|mask[15],                                ;
;                                                                      ;                           ; LevelController:inst2|LevelMaker:levelMaker|mask[14],                                ;
;                                                                      ;                           ; LevelController:inst2|LevelMaker:levelMaker|mask[13],                                ;
;                                                                      ;                           ; LevelController:inst2|LevelMaker:levelMaker|mask[12],                                ;
;                                                                      ;                           ; LevelController:inst2|LevelMaker:levelMaker|mask[11],                                ;
;                                                                      ;                           ; LevelController:inst2|LevelMaker:levelMaker|mask[10],                                ;
;                                                                      ;                           ; LevelController:inst2|LevelMaker:levelMaker|mask[9],                                 ;
;                                                                      ;                           ; LevelController:inst2|LevelMaker:levelMaker|mask[8],                                 ;
;                                                                      ;                           ; LevelController:inst2|LevelMaker:levelMaker|mask[7],                                 ;
;                                                                      ;                           ; LevelController:inst2|LevelMaker:levelMaker|mask[6],                                 ;
;                                                                      ;                           ; LevelController:inst2|LevelMaker:levelMaker|mask[5],                                 ;
;                                                                      ;                           ; LevelController:inst2|LevelMaker:levelMaker|mask[4],                                 ;
;                                                                      ;                           ; LevelController:inst2|LevelMaker:levelMaker|mask[3],                                 ;
;                                                                      ;                           ; LevelController:inst2|LevelMaker:levelMaker|mask[2],                                 ;
;                                                                      ;                           ; LevelController:inst2|LevelMaker:levelMaker|mask[1],                                 ;
;                                                                      ;                           ; LevelController:inst2|LevelMaker:levelMaker|mask[0]                                  ;
; StageController:inst1|stageSM.S_WIN_MENU                             ; Stuck at GND              ; LevelController:inst2|NewGrabbableObject:GrabbableObject_GEN[0].obj_inst|value[10],  ;
;                                                                      ; due to stuck port data_in ; LevelController:inst2|NewGrabbableObject:GrabbableObject_GEN[19].obj_inst|value[10], ;
;                                                                      ;                           ; LevelController:inst2|NewGrabbableObject:GrabbableObject_GEN[1].obj_inst|value[10],  ;
;                                                                      ;                           ; LevelController:inst2|NewGrabbableObject:GrabbableObject_GEN[2].obj_inst|value[10],  ;
;                                                                      ;                           ; LevelController:inst2|NewGrabbableObject:GrabbableObject_GEN[3].obj_inst|value[10],  ;
;                                                                      ;                           ; LevelController:inst2|NewGrabbableObject:GrabbableObject_GEN[4].obj_inst|value[10],  ;
;                                                                      ;                           ; LevelController:inst2|NewGrabbableObject:GrabbableObject_GEN[5].obj_inst|value[10],  ;
;                                                                      ;                           ; LevelController:inst2|NewGrabbableObject:GrabbableObject_GEN[6].obj_inst|value[10],  ;
;                                                                      ;                           ; LevelController:inst2|NewGrabbableObject:GrabbableObject_GEN[7].obj_inst|value[10],  ;
;                                                                      ;                           ; LevelController:inst2|NewGrabbableObject:GrabbableObject_GEN[8].obj_inst|value[10],  ;
;                                                                      ;                           ; LevelController:inst2|NewGrabbableObject:GrabbableObject_GEN[9].obj_inst|value[10],  ;
;                                                                      ;                           ; LevelController:inst2|NewGrabbableObject:GrabbableObject_GEN[10].obj_inst|value[10], ;
;                                                                      ;                           ; LevelController:inst2|NewGrabbableObject:GrabbableObject_GEN[11].obj_inst|value[10], ;
;                                                                      ;                           ; LevelController:inst2|NewGrabbableObject:GrabbableObject_GEN[12].obj_inst|value[10], ;
;                                                                      ;                           ; LevelController:inst2|NewGrabbableObject:GrabbableObject_GEN[13].obj_inst|value[10], ;
;                                                                      ;                           ; LevelController:inst2|NewGrabbableObject:GrabbableObject_GEN[14].obj_inst|value[10], ;
;                                                                      ;                           ; LevelController:inst2|NewGrabbableObject:GrabbableObject_GEN[15].obj_inst|value[10], ;
;                                                                      ;                           ; LevelController:inst2|NewGrabbableObject:GrabbableObject_GEN[16].obj_inst|value[10], ;
;                                                                      ;                           ; LevelController:inst2|NewGrabbableObject:GrabbableObject_GEN[17].obj_inst|value[10], ;
;                                                                      ;                           ; LevelController:inst2|NewGrabbableObject:GrabbableObject_GEN[18].obj_inst|value[10]  ;
+----------------------------------------------------------------------+---------------------------+--------------------------------------------------------------------------------------+


+------------------------------------------------------+
; General Register Statistics                          ;
+----------------------------------------------+-------+
; Statistic                                    ; Value ;
+----------------------------------------------+-------+
; Total registers                              ; 927   ;
; Number of registers using Synchronous Clear  ; 669   ;
; Number of registers using Synchronous Load   ; 31    ;
; Number of registers using Asynchronous Clear ; 474   ;
; Number of registers using Asynchronous Load  ; 0     ;
; Number of registers using Clock Enable       ; 537   ;
; Number of registers using Preset             ; 0     ;
+----------------------------------------------+-------+


+--------------------------------------------------------------------------------+
; Inverted Register Statistics                                                   ;
+----------------------------------------------------------------------+---------+
; Inverted Register                                                    ; Fan out ;
+----------------------------------------------------------------------+---------+
; VGA_Controller:inst8|oVGA_VS                                         ; 4       ;
; VGA_Controller:inst8|oVGA_HS                                         ; 4       ;
; LevelController:inst2|Hook:hook|angle[7]                             ; 26      ;
; LevelController:inst2|Hook:hook|angle[6]                             ; 55      ;
; VGA_Controller:inst8|oVGA_HS_d                                       ; 1       ;
; LevelController:inst2|LevelMaker:levelMaker|Random:random|random[12] ; 19      ;
; LevelController:inst2|LevelMaker:levelMaker|Random:random|random[11] ; 119     ;
; LevelController:inst2|LevelMaker:levelMaker|Random:random|random[10] ; 56      ;
; LevelController:inst2|LevelMaker:levelMaker|Random:random|random[7]  ; 9       ;
; LevelController:inst2|LevelMaker:levelMaker|Random:random|random[6]  ; 9       ;
; LevelController:inst2|LevelMaker:levelMaker|Random:random|random[5]  ; 9       ;
; LevelController:inst2|LevelMaker:levelMaker|Random:random|random[3]  ; 9       ;
; LevelController:inst2|LevelMaker:levelMaker|Random:random|random[2]  ; 11      ;
; LevelController:inst2|LevelMaker:levelMaker|Random:random|random[1]  ; 12      ;
; LevelController:inst2|LevelMaker:levelMaker|Random:random|random[0]  ; 12      ;
; LevelController:inst2|LevelMaker:levelMaker|Random:random|random[9]  ; 6       ;
; LevelController:inst2|Hook:hook|length[2]                            ; 4       ;
; LevelController:inst2|Hook:hook|length[5]                            ; 5       ;
; LevelController:inst2|Hook:hook|length[6]                            ; 5       ;
; LevelController:inst2|LevelMaker:levelMaker|Random:random|random[15] ; 1       ;
; LevelController:inst2|LevelMaker:levelMaker|Random:random|random[13] ; 2       ;
; TOP_KBD:inst5|KBDINTF:inst|lpf:inst5|SM_LPF                          ; 9       ;
; Total number of inverted registers = 22                              ;         ;
+----------------------------------------------------------------------+---------+


+------------------------------------------------------------------------------------------------------------------+
; Registers Packed Into Inferred Megafunctions                                                                     ;
+-----------------------------------------------------+-----------------------------------------------------+------+
; Register Name                                       ; Megafunction                                        ; Type ;
+-----------------------------------------------------+-----------------------------------------------------+------+
; LevelController:inst2|SpriteRom:sharedROM|rgb[0..7] ; LevelController:inst2|SpriteRom:sharedROM|rom_rtl_0 ; RAM  ;
+-----------------------------------------------------+-----------------------------------------------------+------+


+-------------------------------------------------------------------------------------------------------------------------------------------------------------------------------------------------------------+
; Multiplexer Restructuring Statistics (Restructuring Performed)                                                                                                                                              ;
+--------------------+-----------+---------------+----------------------+------------------------+------------+-----------------------------------------------------------------------------------------------+
; Multiplexer Inputs ; Bus Width ; Baseline Area ; Area if Restructured ; Saving if Restructured ; Registered ; Example Multiplexer Output                                                                    ;
+--------------------+-----------+---------------+----------------------+------------------------+------------+-----------------------------------------------------------------------------------------------+
; 3:1                ; 6 bits    ; 12 LEs        ; 6 LEs                ; 6 LEs                  ; Yes        ; |main|LevelController:inst2|Hook:hook|angle[0]                                                ;
; 3:1                ; 21 bits   ; 42 LEs        ; 0 LEs                ; 42 LEs                 ; Yes        ; |main|LevelController:inst2|drBusLatch[10]                                                    ;
; 3:1                ; 6 bits    ; 12 LEs        ; 6 LEs                ; 6 LEs                  ; Yes        ; |main|LevelController:inst2|LevelMaker:levelMaker|amountOfPlacedElements[5]                   ;
; 3:1                ; 20 bits   ; 40 LEs        ; 20 LEs               ; 20 LEs                 ; Yes        ; |main|MoneyCounterWrapper:inst32|Counter:internal_counter|value[18]                           ;
; 4:1                ; 9 bits    ; 18 LEs        ; 0 LEs                ; 18 LEs                 ; Yes        ; |main|LevelController:inst2|LevelMaker:levelMaker|elementsData[19].col[3]                     ;
; 4:1                ; 9 bits    ; 18 LEs        ; 0 LEs                ; 18 LEs                 ; Yes        ; |main|LevelController:inst2|LevelMaker:levelMaker|elementsData[18].row[2]                     ;
; 4:1                ; 9 bits    ; 18 LEs        ; 0 LEs                ; 18 LEs                 ; Yes        ; |main|LevelController:inst2|LevelMaker:levelMaker|elementsData[17].col[0]                     ;
; 4:1                ; 9 bits    ; 18 LEs        ; 0 LEs                ; 18 LEs                 ; Yes        ; |main|LevelController:inst2|LevelMaker:levelMaker|elementsData[16].row[0]                     ;
; 4:1                ; 9 bits    ; 18 LEs        ; 0 LEs                ; 18 LEs                 ; Yes        ; |main|LevelController:inst2|LevelMaker:levelMaker|elementsData[15].row[3]                     ;
; 4:1                ; 9 bits    ; 18 LEs        ; 0 LEs                ; 18 LEs                 ; Yes        ; |main|LevelController:inst2|LevelMaker:levelMaker|elementsData[14].col[4]                     ;
; 4:1                ; 9 bits    ; 18 LEs        ; 0 LEs                ; 18 LEs                 ; Yes        ; |main|LevelController:inst2|LevelMaker:levelMaker|elementsData[13].row[3]                     ;
; 4:1                ; 9 bits    ; 18 LEs        ; 0 LEs                ; 18 LEs                 ; Yes        ; |main|LevelController:inst2|LevelMaker:levelMaker|elementsData[12].col[4]                     ;
; 4:1                ; 9 bits    ; 18 LEs        ; 0 LEs                ; 18 LEs                 ; Yes        ; |main|LevelController:inst2|LevelMaker:levelMaker|elementsData[11].row[2]                     ;
; 4:1                ; 9 bits    ; 18 LEs        ; 0 LEs                ; 18 LEs                 ; Yes        ; |main|LevelController:inst2|LevelMaker:levelMaker|elementsData[10].row[2]                     ;
; 4:1                ; 9 bits    ; 18 LEs        ; 0 LEs                ; 18 LEs                 ; Yes        ; |main|LevelController:inst2|LevelMaker:levelMaker|elementsData[9].row[1]                      ;
; 4:1                ; 9 bits    ; 18 LEs        ; 0 LEs                ; 18 LEs                 ; Yes        ; |main|LevelController:inst2|LevelMaker:levelMaker|elementsData[8].col[3]                      ;
; 4:1                ; 9 bits    ; 18 LEs        ; 0 LEs                ; 18 LEs                 ; Yes        ; |main|LevelController:inst2|LevelMaker:levelMaker|elementsData[7].col[1]                      ;
; 4:1                ; 9 bits    ; 18 LEs        ; 0 LEs                ; 18 LEs                 ; Yes        ; |main|LevelController:inst2|LevelMaker:levelMaker|elementsData[6].col[2]                      ;
; 4:1                ; 9 bits    ; 18 LEs        ; 0 LEs                ; 18 LEs                 ; Yes        ; |main|LevelController:inst2|LevelMaker:levelMaker|elementsData[5].col[4]                      ;
; 4:1                ; 9 bits    ; 18 LEs        ; 0 LEs                ; 18 LEs                 ; Yes        ; |main|LevelController:inst2|LevelMaker:levelMaker|elementsData[4].row[1]                      ;
; 4:1                ; 9 bits    ; 18 LEs        ; 0 LEs                ; 18 LEs                 ; Yes        ; |main|LevelController:inst2|LevelMaker:levelMaker|elementsData[3].col[3]                      ;
; 4:1                ; 9 bits    ; 18 LEs        ; 0 LEs                ; 18 LEs                 ; Yes        ; |main|LevelController:inst2|LevelMaker:levelMaker|elementsData[2].col[3]                      ;
; 4:1                ; 9 bits    ; 18 LEs        ; 0 LEs                ; 18 LEs                 ; Yes        ; |main|LevelController:inst2|LevelMaker:levelMaker|elementsData[1].col[3]                      ;
; 4:1                ; 9 bits    ; 18 LEs        ; 0 LEs                ; 18 LEs                 ; Yes        ; |main|LevelController:inst2|LevelMaker:levelMaker|elementsData[0].col[3]                      ;
; 5:1                ; 29 bits   ; 87 LEs        ; 29 LEs               ; 58 LEs                 ; Yes        ; |main|LevelController:inst2|Hook:hook|length[7]                                               ;
; 14:1               ; 2 bits    ; 18 LEs        ; 0 LEs                ; 18 LEs                 ; Yes        ; |main|Shop:inst30|spendAmount[0]                                                              ;
; 10:1               ; 3 bits    ; 18 LEs        ; 18 LEs               ; 0 LEs                  ; Yes        ; |main|TOP_KBD:inst5|keyPad_decoder:inst2|key[3]                                               ;
; 3:1                ; 2 bits    ; 4 LEs         ; 2 LEs                ; 2 LEs                  ; Yes        ; |main|LevelController:inst2|Hook:hook|angle[6]                                                ;
; 3:1                ; 7 bits    ; 14 LEs        ; 7 LEs                ; 7 LEs                  ; Yes        ; |main|LevelController:inst2|timer[7]                                                          ;
; 5:1                ; 3 bits    ; 9 LEs         ; 6 LEs                ; 3 LEs                  ; Yes        ; |main|LevelController:inst2|Hook:hook|length[2]                                               ;
; 3:1                ; 11 bits   ; 22 LEs        ; 22 LEs               ; 0 LEs                  ; No         ; |main|LevelController:inst2|Hook:hook|x[8]                                                    ;
; 8:1                ; 4 bits    ; 20 LEs        ; 16 LEs               ; 4 LEs                  ; No         ; |main|LevelController:inst2|FiveDigitNumberDisplay:moneyDisplay|FiveDigitDisplay:display|Mux0 ;
; 8:1                ; 4 bits    ; 20 LEs        ; 16 LEs               ; 4 LEs                  ; No         ; |main|LevelController:inst2|FiveDigitNumberDisplay:scoreDisplay|FiveDigitDisplay:display|Mux1 ;
; 8:1                ; 4 bits    ; 20 LEs        ; 16 LEs               ; 4 LEs                  ; No         ; |main|LevelController:inst2|TimeDisplay:timeDisplay|FiveDigitDisplay:display|Mux0             ;
; 3:1                ; 9 bits    ; 18 LEs        ; 18 LEs               ; 0 LEs                  ; No         ; |main|LevelController:inst2|NewGrabbableObject:GrabbableObject_GEN[0].obj_inst|Selector17     ;
; 3:1                ; 9 bits    ; 18 LEs        ; 18 LEs               ; 0 LEs                  ; No         ; |main|LevelController:inst2|NewGrabbableObject:GrabbableObject_GEN[1].obj_inst|Selector16     ;
; 3:1                ; 9 bits    ; 18 LEs        ; 18 LEs               ; 0 LEs                  ; No         ; |main|LevelController:inst2|NewGrabbableObject:GrabbableObject_GEN[2].obj_inst|Selector29     ;
; 3:1                ; 9 bits    ; 18 LEs        ; 18 LEs               ; 0 LEs                  ; No         ; |main|LevelController:inst2|NewGrabbableObject:GrabbableObject_GEN[3].obj_inst|Selector18     ;
; 3:1                ; 9 bits    ; 18 LEs        ; 18 LEs               ; 0 LEs                  ; No         ; |main|LevelController:inst2|NewGrabbableObject:GrabbableObject_GEN[4].obj_inst|Selector17     ;
; 3:1                ; 9 bits    ; 18 LEs        ; 18 LEs               ; 0 LEs                  ; No         ; |main|LevelController:inst2|NewGrabbableObject:GrabbableObject_GEN[5].obj_inst|Selector30     ;
; 3:1                ; 9 bits    ; 18 LEs        ; 18 LEs               ; 0 LEs                  ; No         ; |main|LevelController:inst2|NewGrabbableObject:GrabbableObject_GEN[6].obj_inst|Selector18     ;
; 3:1                ; 9 bits    ; 18 LEs        ; 18 LEs               ; 0 LEs                  ; No         ; |main|LevelController:inst2|NewGrabbableObject:GrabbableObject_GEN[7].obj_inst|Selector18     ;
; 3:1                ; 9 bits    ; 18 LEs        ; 18 LEs               ; 0 LEs                  ; No         ; |main|LevelController:inst2|NewGrabbableObject:GrabbableObject_GEN[8].obj_inst|Selector27     ;
; 3:1                ; 9 bits    ; 18 LEs        ; 18 LEs               ; 0 LEs                  ; No         ; |main|LevelController:inst2|NewGrabbableObject:GrabbableObject_GEN[9].obj_inst|Selector19     ;
; 3:1                ; 9 bits    ; 18 LEs        ; 18 LEs               ; 0 LEs                  ; No         ; |main|LevelController:inst2|NewGrabbableObject:GrabbableObject_GEN[10].obj_inst|Selector30    ;
; 3:1                ; 9 bits    ; 18 LEs        ; 18 LEs               ; 0 LEs                  ; No         ; |main|LevelController:inst2|NewGrabbableObject:GrabbableObject_GEN[11].obj_inst|Selector18    ;
; 3:1                ; 9 bits    ; 18 LEs        ; 18 LEs               ; 0 LEs                  ; No         ; |main|LevelController:inst2|NewGrabbableObject:GrabbableObject_GEN[12].obj_inst|Selector16    ;
; 3:1                ; 9 bits    ; 18 LEs        ; 18 LEs               ; 0 LEs                  ; No         ; |main|LevelController:inst2|NewGrabbableObject:GrabbableObject_GEN[13].obj_inst|Selector29    ;
; 3:1                ; 9 bits    ; 18 LEs        ; 18 LEs               ; 0 LEs                  ; No         ; |main|LevelController:inst2|NewGrabbableObject:GrabbableObject_GEN[14].obj_inst|Selector19    ;
; 3:1                ; 9 bits    ; 18 LEs        ; 18 LEs               ; 0 LEs                  ; No         ; |main|LevelController:inst2|NewGrabbableObject:GrabbableObject_GEN[15].obj_inst|Selector30    ;
; 3:1                ; 9 bits    ; 18 LEs        ; 18 LEs               ; 0 LEs                  ; No         ; |main|LevelController:inst2|NewGrabbableObject:GrabbableObject_GEN[16].obj_inst|Selector29    ;
; 3:1                ; 9 bits    ; 18 LEs        ; 18 LEs               ; 0 LEs                  ; No         ; |main|LevelController:inst2|NewGrabbableObject:GrabbableObject_GEN[17].obj_inst|Selector18    ;
; 3:1                ; 9 bits    ; 18 LEs        ; 18 LEs               ; 0 LEs                  ; No         ; |main|LevelController:inst2|NewGrabbableObject:GrabbableObject_GEN[18].obj_inst|Selector30    ;
; 3:1                ; 9 bits    ; 18 LEs        ; 18 LEs               ; 0 LEs                  ; No         ; |main|LevelController:inst2|NewGrabbableObject:GrabbableObject_GEN[19].obj_inst|Selector16    ;
; 12:1               ; 8 bits    ; 64 LEs        ; 64 LEs               ; 0 LEs                  ; No         ; |main|DisplayMux:inst10|RGBout[4]                                                             ;
; 11:1               ; 10 bits   ; 70 LEs        ; 10 LEs               ; 60 LEs                 ; No         ; |main|LevelController:inst2|activeY[3]                                                        ;
; 20:1               ; 10 bits   ; 130 LEs       ; 130 LEs              ; 0 LEs                  ; No         ; |main|LevelController:inst2|NewGrabbableObject:GrabbableObject_GEN[19].obj_inst|Add3          ;
; 21:1               ; 3 bits    ; 42 LEs        ; 42 LEs               ; 0 LEs                  ; No         ; |main|LevelController:inst2|activeTex[2]                                                      ;
+--------------------+-----------+---------------+----------------------+------------------------+------------+-----------------------------------------------------------------------------------------------+


+---------------------------------------------------------------------------------------------------------------------------------------------------------+
; Source assignments for TOP_KBD:inst5|KBDINTF:inst                                                                                                       ;
+--------------------------------------------------------------------------------+--------------------+------+--------------------------------------------+
; Assignment                                                                     ; Value              ; From ; To                                         ;
+--------------------------------------------------------------------------------+--------------------+------+--------------------------------------------+
; LOCATION                                                                       ; PIN_Y21            ;      ; ADC_CONVST                                 ;
; LOCATION                                                                       ; PIN_W22            ;      ; ADC_DIN                                    ;
; LOCATION                                                                       ; PIN_V23            ;      ; ADC_DOUT                                   ;
; LOCATION                                                                       ; PIN_W24            ;      ; ADC_SCLK                                   ;
; LOCATION                                                                       ; PIN_AC22           ;      ; AUDOUT[0]                                  ;
; LOCATION                                                                       ; PIN_AH29           ;      ; AUDOUT[1]                                  ;
; LOCATION                                                                       ; PIN_AF30           ;      ; AUDOUT[2]                                  ;
; LOCATION                                                                       ; PIN_AF29           ;      ; AUDOUT[3]                                  ;
; LOCATION                                                                       ; PIN_AG30           ;      ; AUDOUT[4]                                  ;
; LOCATION                                                                       ; PIN_AH30           ;      ; AUDOUT[5]                                  ;
; LOCATION                                                                       ; PIN_Y24            ;      ; AUDOUT[6]                                  ;
; LOCATION                                                                       ; PIN_Y23            ;      ; AUDOUT[7]                                  ;
; LOCATION                                                                       ; PIN_AJ29           ;      ; AUD_ADCDAT                                 ;
; LOCATION                                                                       ; PIN_AF14           ;      ; CLOCK_50                                   ;
; LOCATION                                                                       ; PIN_W17            ;      ; HEX0[0]                                    ;
; LOCATION                                                                       ; PIN_V18            ;      ; HEX0[1]                                    ;
; LOCATION                                                                       ; PIN_AG17           ;      ; HEX0[2]                                    ;
; LOCATION                                                                       ; PIN_AG16           ;      ; HEX0[3]                                    ;
; LOCATION                                                                       ; PIN_AH17           ;      ; HEX0[4]                                    ;
; LOCATION                                                                       ; PIN_AG18           ;      ; HEX0[5]                                    ;
; LOCATION                                                                       ; PIN_AH18           ;      ; HEX0[6]                                    ;
; LOCATION                                                                       ; PIN_AF16           ;      ; HEX1[0]                                    ;
; LOCATION                                                                       ; PIN_V16            ;      ; HEX1[1]                                    ;
; LOCATION                                                                       ; PIN_AE16           ;      ; HEX1[2]                                    ;
; LOCATION                                                                       ; PIN_AD17           ;      ; HEX1[3]                                    ;
; LOCATION                                                                       ; PIN_AE18           ;      ; HEX1[4]                                    ;
; LOCATION                                                                       ; PIN_AE17           ;      ; HEX1[5]                                    ;
; LOCATION                                                                       ; PIN_V17            ;      ; HEX1[6]                                    ;
; LOCATION                                                                       ; PIN_AA21           ;      ; HEX2[0]                                    ;
; LOCATION                                                                       ; PIN_AB17           ;      ; HEX2[1]                                    ;
; LOCATION                                                                       ; PIN_AA18           ;      ; HEX2[2]                                    ;
; LOCATION                                                                       ; PIN_Y17            ;      ; HEX2[3]                                    ;
; LOCATION                                                                       ; PIN_Y18            ;      ; HEX2[4]                                    ;
; LOCATION                                                                       ; PIN_AF18           ;      ; HEX2[5]                                    ;
; LOCATION                                                                       ; PIN_W16            ;      ; HEX2[6]                                    ;
; LOCATION                                                                       ; PIN_Y19            ;      ; HEX3[0]                                    ;
; LOCATION                                                                       ; PIN_W19            ;      ; HEX3[1]                                    ;
; LOCATION                                                                       ; PIN_AD19           ;      ; HEX3[2]                                    ;
; LOCATION                                                                       ; PIN_AA20           ;      ; HEX3[3]                                    ;
; LOCATION                                                                       ; PIN_AC20           ;      ; HEX3[4]                                    ;
; LOCATION                                                                       ; PIN_AA19           ;      ; HEX3[5]                                    ;
; LOCATION                                                                       ; PIN_AD20           ;      ; HEX3[6]                                    ;
; LOCATION                                                                       ; PIN_AD21           ;      ; HEX4[0]                                    ;
; LOCATION                                                                       ; PIN_AG22           ;      ; HEX4[1]                                    ;
; LOCATION                                                                       ; PIN_AE22           ;      ; HEX4[2]                                    ;
; LOCATION                                                                       ; PIN_AE23           ;      ; HEX4[3]                                    ;
; LOCATION                                                                       ; PIN_AG23           ;      ; HEX4[4]                                    ;
; LOCATION                                                                       ; PIN_AF23           ;      ; HEX4[5]                                    ;
; LOCATION                                                                       ; PIN_AH22           ;      ; HEX4[6]                                    ;
; LOCATION                                                                       ; PIN_AF21           ;      ; HEX5[0]                                    ;
; LOCATION                                                                       ; PIN_AG21           ;      ; HEX5[1]                                    ;
; LOCATION                                                                       ; PIN_AF20           ;      ; HEX5[2]                                    ;
; LOCATION                                                                       ; PIN_AG20           ;      ; HEX5[3]                                    ;
; LOCATION                                                                       ; PIN_AE19           ;      ; HEX5[4]                                    ;
; LOCATION                                                                       ; PIN_AF19           ;      ; HEX5[5]                                    ;
; LOCATION                                                                       ; PIN_AB21           ;      ; HEX5[6]                                    ;
; LOCATION                                                                       ; PIN_AK4            ;      ; KEY[1]                                     ;
; LOCATION                                                                       ; PIN_AA14           ;      ; KEY[2]                                     ;
; LOCATION                                                                       ; PIN_AA15           ;      ; KEY[3]                                     ;
; LOCATION                                                                       ; PIN_AD24           ;      ; LEDR[3]                                    ;
; LOCATION                                                                       ; PIN_AG25           ;      ; LEDR[4]                                    ;
; LOCATION                                                                       ; PIN_AK29           ;      ; OVGA[0]                                    ;
; LOCATION                                                                       ; PIN_AH25           ;      ; OVGA[10]                                   ;
; LOCATION                                                                       ; PIN_AK24           ;      ; OVGA[11]                                   ;
; LOCATION                                                                       ; PIN_AJ24           ;      ; OVGA[12]                                   ;
; LOCATION                                                                       ; PIN_AH24           ;      ; OVGA[13]                                   ;
; LOCATION                                                                       ; PIN_AK23           ;      ; OVGA[14]                                   ;
; LOCATION                                                                       ; PIN_AH23           ;      ; OVGA[15]                                   ;
; LOCATION                                                                       ; PIN_AJ21           ;      ; OVGA[16]                                   ;
; LOCATION                                                                       ; PIN_AJ20           ;      ; OVGA[17]                                   ;
; LOCATION                                                                       ; PIN_AH20           ;      ; OVGA[18]                                   ;
; LOCATION                                                                       ; PIN_AJ19           ;      ; OVGA[19]                                   ;
; LOCATION                                                                       ; PIN_AK28           ;      ; OVGA[1]                                    ;
; LOCATION                                                                       ; PIN_AH19           ;      ; OVGA[20]                                   ;
; LOCATION                                                                       ; PIN_AJ17           ;      ; OVGA[21]                                   ;
; LOCATION                                                                       ; PIN_AJ16           ;      ; OVGA[22]                                   ;
; LOCATION                                                                       ; PIN_AK16           ;      ; OVGA[23]                                   ;
; LOCATION                                                                       ; PIN_AK19           ;      ; OVGA[24]                                   ;
; LOCATION                                                                       ; PIN_AK18           ;      ; OVGA[25]                                   ;
; LOCATION                                                                       ; PIN_AJ22           ;      ; OVGA[26]                                   ;
; LOCATION                                                                       ; PIN_AK22           ;      ; OVGA[27]                                   ;
; LOCATION                                                                       ; PIN_AK21           ;      ; OVGA[28]                                   ;
; LOCATION                                                                       ; PIN_AK27           ;      ; OVGA[2]                                    ;
; LOCATION                                                                       ; PIN_AJ27           ;      ; OVGA[3]                                    ;
; LOCATION                                                                       ; PIN_AH27           ;      ; OVGA[4]                                    ;
; LOCATION                                                                       ; PIN_AF26           ;      ; OVGA[5]                                    ;
; LOCATION                                                                       ; PIN_AG26           ;      ; OVGA[6]                                    ;
; LOCATION                                                                       ; PIN_AJ26           ;      ; OVGA[7]                                    ;
; LOCATION                                                                       ; PIN_AK26           ;      ; OVGA[8]                                    ;
; LOCATION                                                                       ; PIN_AJ25           ;      ; OVGA[9]                                    ;
; LOCATION                                                                       ; PIN_AB25           ;      ; PS2_CLK                                    ;
; LOCATION                                                                       ; PIN_AA25           ;      ; PS2_DAT                                    ;
; LOCATION                                                                       ; PIN_AB30           ;      ; SW[0]                                      ;
; LOCATION                                                                       ; PIN_Y27            ;      ; SW[1]                                      ;
; LOCATION                                                                       ; PIN_AB28           ;      ; SW[2]                                      ;
; LOCATION                                                                       ; PIN_AC30           ;      ; SW[3]                                      ;
; LOCATION                                                                       ; PIN_W25            ;      ; SW[4]                                      ;
; LOCATION                                                                       ; PIN_V25            ;      ; SW[5]                                      ;
; LOCATION                                                                       ; PIN_AC28           ;      ; SW[6]                                      ;
; LOCATION                                                                       ; PIN_AD30           ;      ; SW[7]                                      ;
; LOCATION                                                                       ; PIN_AC29           ;      ; SW[8]                                      ;
; LOCATION                                                                       ; PIN_AA30           ;      ; SW[9]                                      ;
; LOCATION                                                                       ; PIN_AA24           ;      ; ball_toggle                                ;
; LOCATION                                                                       ; PIN_AE11           ;      ; greenLight                                 ;
; LOCATION                                                                       ; PIN_AB23           ;      ; ir_write                                   ;
; LOCATION                                                                       ; PIN_AF25           ;      ; numKey[0]                                  ;
; LOCATION                                                                       ; PIN_AE24           ;      ; numKey[1]                                  ;
; LOCATION                                                                       ; PIN_AF24           ;      ; numKey[2]                                  ;
; LOCATION                                                                       ; PIN_AB22           ;      ; numKey[3]                                  ;
; LOCATION                                                                       ; PIN_AF9            ;      ; redLight                                   ;
; LOCATION                                                                       ; PIN_AJ4            ;      ; resetN_pin                                 ;
; LOCATION                                                                       ; PIN_AC23           ;      ; sound_on                                   ;
; LOCATION                                                                       ; PIN_AE7            ;      ; yellowLight                                ;
; ENABLE_UNUSED_RX_CLOCK_WORKAROUND                                              ; OFF                ;      ;                                            ;
; PRESERVE_UNUSED_XCVR_CHANNEL                                                   ; OFF                ;      ;                                            ;
; ADV_NETLIST_OPT_SYNTH_WYSIWYG_REMAP                                            ; OFF                ;      ;                                            ;
; SYNCHRONIZATION_REGISTER_CHAIN_LENGTH                                          ; 3                  ;      ;                                            ;
; OPTIMIZE_POWER_DURING_SYNTHESIS                                                ; NORMAL COMPILATION ;      ;                                            ;
; TXPMA_SLEW_RATE                                                                ; LOW                ;      ;                                            ;
; ADCE_ENABLED                                                                   ; AUTO               ;      ;                                            ;
; BLOCK_RAM_TO_MLAB_CELL_CONVERSION                                              ; ON                 ;      ;                                            ;
; BLOCK_RAM_AND_MLAB_EQUIVALENT_POWER_UP_CONDITIONS                              ; AUTO               ;      ;                                            ;
; BLOCK_RAM_AND_MLAB_EQUIVALENT_PAUSED_READ_CAPABILITIES                         ; CARE               ;      ;                                            ;
; OPTIMIZE_POWER_DURING_FITTING                                                  ; NORMAL COMPILATION ;      ;                                            ;
; PHYSICAL_SYNTHESIS_COMBO_LOGIC_FOR_AREA                                        ; OFF                ;      ;                                            ;
; PHYSICAL_SYNTHESIS_COMBO_LOGIC                                                 ; OFF                ;      ;                                            ;
; PHYSICAL_SYNTHESIS_REGISTER_DUPLICATION                                        ; OFF                ;      ;                                            ;
; PHYSICAL_SYNTHESIS_MAP_LOGIC_TO_MEMORY_FOR_AREA                                ; OFF                ;      ;                                            ;
; PHYSICAL_SYNTHESIS_REGISTER_RETIMING                                           ; OFF                ;      ;                                            ;
; PHYSICAL_SYNTHESIS_ASYNCHRONOUS_SIGNAL_PIPELINING                              ; OFF                ;      ;                                            ;
; ENABLE_BENEFICIAL_SKEW_OPTIMIZATION                                            ; ON                 ;      ;                                            ;
; FORM_DDR_CLUSTERING_CLIQUE                                                     ; OFF                ;      ;                                            ;
; HYPER_RETIMER_FAST_FORWARD_ADD_PIPELINING_MAX                                  ; -1                 ;      ;                                            ;
; HYPER_RETIMER_FAST_FORWARD_ASYNCH_CLEAR                                        ; AUTO               ;      ;                                            ;
; HYPER_RETIMER_FAST_FORWARD_USER_PRESERVE_RESTRICTION                           ; AUTO               ;      ;                                            ;
; HYPER_RETIMER_FAST_FORWARD_DSP_BLOCKS                                          ; ON                 ;      ;                                            ;
; HYPER_RETIMER_FAST_FORWARD_RAM_BLOCKS                                          ; ON                 ;      ;                                            ;
; POWER_REPORT_SIGNAL_ACTIVITY                                                   ; OFF                ;      ;                                            ;
; POWER_REPORT_POWER_DISSIPATION                                                 ; OFF                ;      ;                                            ;
; ARRIAIIGX_RX_CDR_LOCKUP_FIX_OVERRIDE                                           ; OFF                ;      ;                                            ;
; MUX_RESTRUCTURE                                                                ; AUTO               ;      ;                                            ;
; MLAB_ADD_TIMING_CONSTRAINTS_FOR_MIXED_PORT_FEED_THROUGH_MODE_SETTING_DONT_CARE ; OFF                ;      ;                                            ;
; STATE_MACHINE_PROCESSING                                                       ; AUTO               ;      ;                                            ;
; SAFE_STATE_MACHINE                                                             ; OFF                ;      ;                                            ;
; IGNORE_VERILOG_INITIAL_CONSTRUCTS                                              ; OFF                ;      ;                                            ;
; VERILOG_CONSTANT_LOOP_LIMIT                                                    ; 5000               ;      ;                                            ;
; VERILOG_NON_CONSTANT_LOOP_LIMIT                                                ; 250                ;      ;                                            ;
; INFER_RAMS_FROM_RAW_LOGIC                                                      ; ON                 ;      ;                                            ;
; DSP_BLOCK_BALANCING                                                            ; AUTO               ;      ;                                            ;
; NOT_GATE_PUSH_BACK                                                             ; ON                 ;      ;                                            ;
; REMOVE_REDUNDANT_LOGIC_CELLS                                                   ; OFF                ;      ;                                            ;
; REMOVE_DUPLICATE_REGISTERS                                                     ; ON                 ;      ;                                            ;
; IGNORE_CARRY_BUFFERS                                                           ; OFF                ;      ;                                            ;
; IGNORE_CASCADE_BUFFERS                                                         ; OFF                ;      ;                                            ;
; IGNORE_GLOBAL_BUFFERS                                                          ; OFF                ;      ;                                            ;
; IGNORE_ROW_GLOBAL_BUFFERS                                                      ; OFF                ;      ;                                            ;
; IGNORE_LCELL_BUFFERS                                                           ; OFF                ;      ;                                            ;
; MAX7000_IGNORE_LCELL_BUFFERS                                                   ; AUTO               ;      ;                                            ;
; IGNORE_SOFT_BUFFERS                                                            ; ON                 ;      ;                                            ;
; MAX7000_IGNORE_SOFT_BUFFERS                                                    ; OFF                ;      ;                                            ;
; AUTO_GLOBAL_CLOCK_MAX                                                          ; ON                 ;      ;                                            ;
; AUTO_GLOBAL_OE_MAX                                                             ; ON                 ;      ;                                            ;
; MAX_AUTO_GLOBAL_REGISTER_CONTROLS                                              ; ON                 ;      ;                                            ;
; AUTO_IMPLEMENT_IN_ROM                                                          ; OFF                ;      ;                                            ;
; APEX20K_TECHNOLOGY_MAPPER                                                      ; LUT                ;      ;                                            ;
; OPTIMIZATION_TECHNIQUE                                                         ; BALANCED           ;      ;                                            ;
; STRATIXII_OPTIMIZATION_TECHNIQUE                                               ; BALANCED           ;      ;                                            ;
; CYCLONE_OPTIMIZATION_TECHNIQUE                                                 ; BALANCED           ;      ;                                            ;
; CYCLONEII_OPTIMIZATION_TECHNIQUE                                               ; BALANCED           ;      ;                                            ;
; STRATIX_OPTIMIZATION_TECHNIQUE                                                 ; BALANCED           ;      ;                                            ;
; MAXII_OPTIMIZATION_TECHNIQUE                                                   ; BALANCED           ;      ;                                            ;
; MAX7000_OPTIMIZATION_TECHNIQUE                                                 ; SPEED              ;      ;                                            ;
; APEX20K_OPTIMIZATION_TECHNIQUE                                                 ; BALANCED           ;      ;                                            ;
; MERCURY_OPTIMIZATION_TECHNIQUE                                                 ; AREA               ;      ;                                            ;
; FLEX6K_OPTIMIZATION_TECHNIQUE                                                  ; AREA               ;      ;                                            ;
; FLEX10K_OPTIMIZATION_TECHNIQUE                                                 ; AREA               ;      ;                                            ;
; ALLOW_XOR_GATE_USAGE                                                           ; ON                 ;      ;                                            ;
; AUTO_LCELL_INSERTION                                                           ; ON                 ;      ;                                            ;
; CARRY_CHAIN_LENGTH                                                             ; 48                 ;      ;                                            ;
; FLEX6K_CARRY_CHAIN_LENGTH                                                      ; 32                 ;      ;                                            ;
; FLEX10K_CARRY_CHAIN_LENGTH                                                     ; 32                 ;      ;                                            ;
; MERCURY_CARRY_CHAIN_LENGTH                                                     ; 48                 ;      ;                                            ;
; STRATIX_CARRY_CHAIN_LENGTH                                                     ; 70                 ;      ;                                            ;
; STRATIXII_CARRY_CHAIN_LENGTH                                                   ; 70                 ;      ;                                            ;
; CASCADE_CHAIN_LENGTH                                                           ; 2                  ;      ;                                            ;
; PARALLEL_EXPANDER_CHAIN_LENGTH                                                 ; 16                 ;      ;                                            ;
; MAX7000_PARALLEL_EXPANDER_CHAIN_LENGTH                                         ; 4                  ;      ;                                            ;
; AUTO_CARRY_CHAINS                                                              ; ON                 ;      ;                                            ;
; AUTO_CASCADE_CHAINS                                                            ; ON                 ;      ;                                            ;
; AUTO_PARALLEL_EXPANDERS                                                        ; ON                 ;      ;                                            ;
; AUTO_OPEN_DRAIN_PINS                                                           ; ON                 ;      ;                                            ;
; AUTO_ROM_RECOGNITION                                                           ; ON                 ;      ;                                            ;
; AUTO_RAM_RECOGNITION                                                           ; ON                 ;      ;                                            ;
; AUTO_DSP_RECOGNITION                                                           ; ON                 ;      ;                                            ;
; AUTO_SHIFT_REGISTER_RECOGNITION                                                ; AUTO               ;      ;                                            ;
; ALLOW_SHIFT_REGISTER_MERGING_ACROSS_HIERARCHIES                                ; AUTO               ;      ;                                            ;
; AUTO_CLOCK_ENABLE_RECOGNITION                                                  ; ON                 ;      ;                                            ;
; STRICT_RAM_RECOGNITION                                                         ; OFF                ;      ;                                            ;
; ALLOW_SYNCH_CTRL_USAGE                                                         ; ON                 ;      ;                                            ;
; FORCE_SYNCH_CLEAR                                                              ; OFF                ;      ;                                            ;
; AUTO_RAM_TO_LCELL_CONVERSION                                                   ; OFF                ;      ;                                            ;
; AUTO_RESOURCE_SHARING                                                          ; OFF                ;      ;                                            ;
; ALLOW_ANY_RAM_SIZE_FOR_RECOGNITION                                             ; OFF                ;      ;                                            ;
; ALLOW_ANY_ROM_SIZE_FOR_RECOGNITION                                             ; OFF                ;      ;                                            ;
; ALLOW_ANY_SHIFT_REGISTER_SIZE_FOR_RECOGNITION                                  ; OFF                ;      ;                                            ;
; MAX7000_FANIN_PER_CELL                                                         ; 100                ;      ;                                            ;
; SYNTH_TIMING_DRIVEN_SYNTHESIS                                                  ; ON                 ;      ;                                            ;
; IGNORE_MAX_FANOUT_ASSIGNMENTS                                                  ; OFF                ;      ;                                            ;
; USE_HIGH_SPEED_ADDER                                                           ; AUTO               ;      ;                                            ;
; SYNTH_GATED_CLOCK_CONVERSION                                                   ; OFF                ;      ;                                            ;
; BLOCK_DESIGN_NAMING                                                            ; AUTO               ;      ;                                            ;
; SHIFT_REGISTER_RECOGNITION_ACLR_SIGNAL                                         ; ON                 ;      ;                                            ;
; PRPOF_ID                                                                       ; OFF                ;      ;                                            ;
; DISABLE_DSP_NEGATE_INFERENCING                                                 ; OFF                ;      ;                                            ;
; AUTO_MERGE_PLLS                                                                ; ON                 ;      ;                                            ;
; IGNORE_MODE_FOR_MERGE                                                          ; OFF                ;      ;                                            ;
; PERIPHERY_TO_CORE_PLACEMENT_AND_ROUTING_OPTIMIZATION                           ; OFF                ;      ;                                            ;
; SLOW_SLEW_RATE                                                                 ; OFF                ;      ;                                            ;
; PCI_IO                                                                         ; OFF                ;      ;                                            ;
; TURBO_BIT                                                                      ; ON                 ;      ;                                            ;
; WEAK_PULL_UP_RESISTOR                                                          ; OFF                ;      ;                                            ;
; ENABLE_BUS_HOLD_CIRCUITRY                                                      ; OFF                ;      ;                                            ;
; AUTO_GLOBAL_MEMORY_CONTROLS                                                    ; OFF                ;      ;                                            ;
; QII_AUTO_PACKED_REGISTERS                                                      ; AUTO               ;      ;                                            ;
; AUTO_PACKED_REGISTERS_MAX                                                      ; AUTO               ;      ;                                            ;
; NORMAL_LCELL_INSERT                                                            ; ON                 ;      ;                                            ;
; CARRY_OUT_PINS_LCELL_INSERT                                                    ; ON                 ;      ;                                            ;
; XSTL_INPUT_ALLOW_SE_BUFFER                                                     ; OFF                ;      ;                                            ;
; TREAT_BIDIR_AS_OUTPUT                                                          ; OFF                ;      ;                                            ;
; AUTO_TURBO_BIT                                                                 ; ON                 ;      ;                                            ;
; AUTO_GLOBAL_CLOCK                                                              ; ON                 ;      ;                                            ;
; AUTO_GLOBAL_OE                                                                 ; ON                 ;      ;                                            ;
; AUTO_GLOBAL_REGISTER_CONTROLS                                                  ; ON                 ;      ;                                            ;
; SYNCHRONIZER_IDENTIFICATION                                                    ; AUTO               ;      ;                                            ;
; M144K_BLOCK_READ_CLOCK_DUTY_CYCLE_DEPENDENCY                                   ; OFF                ;      ;                                            ;
; CLAMPING_DIODE                                                                 ; OFF                ;      ;                                            ;
; IMPLEMENT_MLAB_IN_16_BIT_DEEP_MODE                                             ; OFF                ;      ;                                            ;
; PLL_BANDWIDTH_PRESET                                                           ; AUTO               ;      ; *CLK_31P5_0002*|altera_pll:altera_pll_i*|* ;
; PLL_COMPENSATION_MODE                                                          ; DIRECT             ;      ; *CLK_31P5_0002*|altera_pll:altera_pll_i*|* ;
; PLL_AUTO_RESET                                                                 ; OFF                ;      ; *CLK_31P5_0002*|altera_pll:altera_pll_i*|* ;
; IO_STANDARD                                                                    ; 3.3-V LVTTL        ;      ; AUDOUT[0]                                  ;
; IO_STANDARD                                                                    ; 3.3-V LVTTL        ;      ; AUDOUT[1]                                  ;
; IO_STANDARD                                                                    ; 3.3-V LVTTL        ;      ; AUDOUT[2]                                  ;
; IO_STANDARD                                                                    ; 3.3-V LVTTL        ;      ; AUDOUT[3]                                  ;
; IO_STANDARD                                                                    ; 3.3-V LVTTL        ;      ; AUDOUT[4]                                  ;
; IO_STANDARD                                                                    ; 3.3-V LVTTL        ;      ; AUDOUT[5]                                  ;
; IO_STANDARD                                                                    ; 3.3-V LVTTL        ;      ; AUDOUT[6]                                  ;
; IO_STANDARD                                                                    ; 3.3-V LVTTL        ;      ; AUDOUT[7]                                  ;
; IO_STANDARD                                                                    ; 3.3-V LVTTL        ;      ; AUD_ADCDAT                                 ;
; IO_STANDARD                                                                    ; 3.3-V LVTTL        ;      ; BG_RGB[0]                                  ;
; IO_STANDARD                                                                    ; 3.3-V LVTTL        ;      ; BG_RGB[1]                                  ;
; IO_STANDARD                                                                    ; 3.3-V LVTTL        ;      ; BG_RGB[2]                                  ;
; IO_STANDARD                                                                    ; 3.3-V LVTTL        ;      ; BG_RGB[3]                                  ;
; IO_STANDARD                                                                    ; 3.3-V LVTTL        ;      ; BG_RGB[4]                                  ;
; IO_STANDARD                                                                    ; 3.3-V LVTTL        ;      ; BG_RGB[5]                                  ;
; IO_STANDARD                                                                    ; 3.3-V LVTTL        ;      ; BG_RGB[6]                                  ;
; IO_STANDARD                                                                    ; 3.3-V LVTTL        ;      ; BG_RGB[7]                                  ;
; IO_STANDARD                                                                    ; 3.3-V LVTTL        ;      ; CLOCK_50                                   ;
; IO_STANDARD                                                                    ; 3.3-V LVTTL        ;      ; ENABLE_SOF                                 ;
; IO_STANDARD                                                                    ; 3.3-V LVTTL        ;      ; HEX0[0]                                    ;
; IO_STANDARD                                                                    ; 3.3-V LVTTL        ;      ; HEX0[1]                                    ;
; IO_STANDARD                                                                    ; 3.3-V LVTTL        ;      ; HEX0[2]                                    ;
; IO_STANDARD                                                                    ; 3.3-V LVTTL        ;      ; HEX0[3]                                    ;
; IO_STANDARD                                                                    ; 3.3-V LVTTL        ;      ; HEX0[4]                                    ;
; IO_STANDARD                                                                    ; 3.3-V LVTTL        ;      ; HEX0[5]                                    ;
; IO_STANDARD                                                                    ; 3.3-V LVTTL        ;      ; HEX0[6]                                    ;
; IO_STANDARD                                                                    ; 3.3-V LVTTL        ;      ; OVGA[0]                                    ;
; IO_STANDARD                                                                    ; 3.3-V LVTTL        ;      ; OVGA[10]                                   ;
; IO_STANDARD                                                                    ; 3.3-V LVTTL        ;      ; OVGA[11]                                   ;
; IO_STANDARD                                                                    ; 3.3-V LVTTL        ;      ; OVGA[12]                                   ;
; IO_STANDARD                                                                    ; 3.3-V LVTTL        ;      ; OVGA[13]                                   ;
; IO_STANDARD                                                                    ; 3.3-V LVTTL        ;      ; OVGA[14]                                   ;
; IO_STANDARD                                                                    ; 3.3-V LVTTL        ;      ; OVGA[15]                                   ;
; IO_STANDARD                                                                    ; 3.3-V LVTTL        ;      ; OVGA[16]                                   ;
; IO_STANDARD                                                                    ; 3.3-V LVTTL        ;      ; OVGA[17]                                   ;
; IO_STANDARD                                                                    ; 3.3-V LVTTL        ;      ; OVGA[18]                                   ;
; IO_STANDARD                                                                    ; 3.3-V LVTTL        ;      ; OVGA[19]                                   ;
; IO_STANDARD                                                                    ; 3.3-V LVTTL        ;      ; OVGA[1]                                    ;
; IO_STANDARD                                                                    ; 3.3-V LVTTL        ;      ; OVGA[20]                                   ;
; IO_STANDARD                                                                    ; 3.3-V LVTTL        ;      ; OVGA[21]                                   ;
; IO_STANDARD                                                                    ; 3.3-V LVTTL        ;      ; OVGA[22]                                   ;
; IO_STANDARD                                                                    ; 3.3-V LVTTL        ;      ; OVGA[23]                                   ;
; IO_STANDARD                                                                    ; 3.3-V LVTTL        ;      ; OVGA[24]                                   ;
; IO_STANDARD                                                                    ; 3.3-V LVTTL        ;      ; OVGA[25]                                   ;
; IO_STANDARD                                                                    ; 3.3-V LVTTL        ;      ; OVGA[26]                                   ;
; IO_STANDARD                                                                    ; 3.3-V LVTTL        ;      ; OVGA[27]                                   ;
; IO_STANDARD                                                                    ; 3.3-V LVTTL        ;      ; OVGA[28]                                   ;
; IO_STANDARD                                                                    ; 3.3-V LVTTL        ;      ; OVGA[2]                                    ;
; IO_STANDARD                                                                    ; 3.3-V LVTTL        ;      ; OVGA[3]                                    ;
; IO_STANDARD                                                                    ; 3.3-V LVTTL        ;      ; OVGA[4]                                    ;
; IO_STANDARD                                                                    ; 3.3-V LVTTL        ;      ; OVGA[5]                                    ;
; IO_STANDARD                                                                    ; 3.3-V LVTTL        ;      ; OVGA[6]                                    ;
; IO_STANDARD                                                                    ; 3.3-V LVTTL        ;      ; OVGA[7]                                    ;
; IO_STANDARD                                                                    ; 3.3-V LVTTL        ;      ; OVGA[8]                                    ;
; IO_STANDARD                                                                    ; 3.3-V LVTTL        ;      ; OVGA[9]                                    ;
; IO_STANDARD                                                                    ; 3.3-V LVTTL        ;      ; PS2_CLK                                    ;
; IO_STANDARD                                                                    ; 3.3-V LVTTL        ;      ; PS2_DAT                                    ;
; IO_STANDARD                                                                    ; 3.3-V LVTTL        ;      ; boardersDrawReq                            ;
; IO_STANDARD                                                                    ; 3.3-V LVTTL        ;      ; greenLight                                 ;
; IO_STANDARD                                                                    ; 3.3-V LVTTL        ;      ; redLight                                   ;
; IO_STANDARD                                                                    ; 3.3-V LVTTL        ;      ; resetN_pin                                 ;
; IO_STANDARD                                                                    ; 3.3-V LVTTL        ;      ; yellowLight                                ;
+--------------------------------------------------------------------------------+--------------------+------+--------------------------------------------+


+------------------------------------------------------------------------------------------------------+
; Source assignments for LPM_ROM:inst9|altrom:srom|altsyncram:rom_block|altsyncram_6471:auto_generated ;
+---------------------------------+--------------------+------+----------------------------------------+
; Assignment                      ; Value              ; From ; To                                     ;
+---------------------------------+--------------------+------+----------------------------------------+
; OPTIMIZE_POWER_DURING_SYNTHESIS ; NORMAL_COMPILATION ; -    ; -                                      ;
+---------------------------------+--------------------+------+----------------------------------------+


+----------------------------------------------------------------------------------------------------------------------+
; Source assignments for LevelController:inst2|SpriteRom:sharedROM|altsyncram:rom_rtl_0|altsyncram_sjd1:auto_generated ;
+---------------------------------+--------------------+------+--------------------------------------------------------+
; Assignment                      ; Value              ; From ; To                                                     ;
+---------------------------------+--------------------+------+--------------------------------------------------------+
; OPTIMIZE_POWER_DURING_SYNTHESIS ; NORMAL_COMPILATION ; -    ; -                                                      ;
+---------------------------------+--------------------+------+--------------------------------------------------------+


+-----------------------------------------------------------------------------------------------------------------+
; Parameter Settings for User Entity Instance: CLK_31P5:inst7|CLK_31P5_0002:clk_31p5_inst|altera_pll:altera_pll_i ;
+--------------------------------------+------------------------+-------------------------------------------------+
; Parameter Name                       ; Value                  ; Type                                            ;
+--------------------------------------+------------------------+-------------------------------------------------+
; reference_clock_frequency            ; 50.0 MHz               ; String                                          ;
; fractional_vco_multiplier            ; false                  ; String                                          ;
; pll_type                             ; General                ; String                                          ;
; pll_subtype                          ; General                ; String                                          ;
; number_of_clocks                     ; 1                      ; Signed Integer                                  ;
; operation_mode                       ; direct                 ; String                                          ;
; deserialization_factor               ; 4                      ; Signed Integer                                  ;
; data_rate                            ; 0                      ; Signed Integer                                  ;
; sim_additional_refclk_cycles_to_lock ; 0                      ; Signed Integer                                  ;
; output_clock_frequency0              ; 31.500000 MHz          ; String                                          ;
; phase_shift0                         ; 0 ps                   ; String                                          ;
; duty_cycle0                          ; 50                     ; Signed Integer                                  ;
; output_clock_frequency1              ; 0 MHz                  ; String                                          ;
; phase_shift1                         ; 0 ps                   ; String                                          ;
; duty_cycle1                          ; 50                     ; Signed Integer                                  ;
; output_clock_frequency2              ; 0 MHz                  ; String                                          ;
; phase_shift2                         ; 0 ps                   ; String                                          ;
; duty_cycle2                          ; 50                     ; Signed Integer                                  ;
; output_clock_frequency3              ; 0 MHz                  ; String                                          ;
; phase_shift3                         ; 0 ps                   ; String                                          ;
; duty_cycle3                          ; 50                     ; Signed Integer                                  ;
; output_clock_frequency4              ; 0 MHz                  ; String                                          ;
; phase_shift4                         ; 0 ps                   ; String                                          ;
; duty_cycle4                          ; 50                     ; Signed Integer                                  ;
; output_clock_frequency5              ; 0 MHz                  ; String                                          ;
; phase_shift5                         ; 0 ps                   ; String                                          ;
; duty_cycle5                          ; 50                     ; Signed Integer                                  ;
; output_clock_frequency6              ; 0 MHz                  ; String                                          ;
; phase_shift6                         ; 0 ps                   ; String                                          ;
; duty_cycle6                          ; 50                     ; Signed Integer                                  ;
; output_clock_frequency7              ; 0 MHz                  ; String                                          ;
; phase_shift7                         ; 0 ps                   ; String                                          ;
; duty_cycle7                          ; 50                     ; Signed Integer                                  ;
; output_clock_frequency8              ; 0 MHz                  ; String                                          ;
; phase_shift8                         ; 0 ps                   ; String                                          ;
; duty_cycle8                          ; 50                     ; Signed Integer                                  ;
; output_clock_frequency9              ; 0 MHz                  ; String                                          ;
; phase_shift9                         ; 0 ps                   ; String                                          ;
; duty_cycle9                          ; 50                     ; Signed Integer                                  ;
; output_clock_frequency10             ; 0 MHz                  ; String                                          ;
; phase_shift10                        ; 0 ps                   ; String                                          ;
; duty_cycle10                         ; 50                     ; Signed Integer                                  ;
; output_clock_frequency11             ; 0 MHz                  ; String                                          ;
; phase_shift11                        ; 0 ps                   ; String                                          ;
; duty_cycle11                         ; 50                     ; Signed Integer                                  ;
; output_clock_frequency12             ; 0 MHz                  ; String                                          ;
; phase_shift12                        ; 0 ps                   ; String                                          ;
; duty_cycle12                         ; 50                     ; Signed Integer                                  ;
; output_clock_frequency13             ; 0 MHz                  ; String                                          ;
; phase_shift13                        ; 0 ps                   ; String                                          ;
; duty_cycle13                         ; 50                     ; Signed Integer                                  ;
; output_clock_frequency14             ; 0 MHz                  ; String                                          ;
; phase_shift14                        ; 0 ps                   ; String                                          ;
; duty_cycle14                         ; 50                     ; Signed Integer                                  ;
; output_clock_frequency15             ; 0 MHz                  ; String                                          ;
; phase_shift15                        ; 0 ps                   ; String                                          ;
; duty_cycle15                         ; 50                     ; Signed Integer                                  ;
; output_clock_frequency16             ; 0 MHz                  ; String                                          ;
; phase_shift16                        ; 0 ps                   ; String                                          ;
; duty_cycle16                         ; 50                     ; Signed Integer                                  ;
; output_clock_frequency17             ; 0 MHz                  ; String                                          ;
; phase_shift17                        ; 0 ps                   ; String                                          ;
; duty_cycle17                         ; 50                     ; Signed Integer                                  ;
; clock_name_0                         ;                        ; String                                          ;
; clock_name_1                         ;                        ; String                                          ;
; clock_name_2                         ;                        ; String                                          ;
; clock_name_3                         ;                        ; String                                          ;
; clock_name_4                         ;                        ; String                                          ;
; clock_name_5                         ;                        ; String                                          ;
; clock_name_6                         ;                        ; String                                          ;
; clock_name_7                         ;                        ; String                                          ;
; clock_name_8                         ;                        ; String                                          ;
; clock_name_global_0                  ; false                  ; String                                          ;
; clock_name_global_1                  ; false                  ; String                                          ;
; clock_name_global_2                  ; false                  ; String                                          ;
; clock_name_global_3                  ; false                  ; String                                          ;
; clock_name_global_4                  ; false                  ; String                                          ;
; clock_name_global_5                  ; false                  ; String                                          ;
; clock_name_global_6                  ; false                  ; String                                          ;
; clock_name_global_7                  ; false                  ; String                                          ;
; clock_name_global_8                  ; false                  ; String                                          ;
; m_cnt_hi_div                         ; 1                      ; Signed Integer                                  ;
; m_cnt_lo_div                         ; 1                      ; Signed Integer                                  ;
; m_cnt_bypass_en                      ; false                  ; String                                          ;
; m_cnt_odd_div_duty_en                ; false                  ; String                                          ;
; n_cnt_hi_div                         ; 1                      ; Signed Integer                                  ;
; n_cnt_lo_div                         ; 1                      ; Signed Integer                                  ;
; n_cnt_bypass_en                      ; false                  ; String                                          ;
; n_cnt_odd_div_duty_en                ; false                  ; String                                          ;
; c_cnt_hi_div0                        ; 1                      ; Signed Integer                                  ;
; c_cnt_lo_div0                        ; 1                      ; Signed Integer                                  ;
; c_cnt_bypass_en0                     ; false                  ; String                                          ;
; c_cnt_in_src0                        ; ph_mux_clk             ; String                                          ;
; c_cnt_odd_div_duty_en0               ; false                  ; String                                          ;
; c_cnt_prst0                          ; 1                      ; Signed Integer                                  ;
; c_cnt_ph_mux_prst0                   ; 0                      ; Signed Integer                                  ;
; c_cnt_hi_div1                        ; 1                      ; Signed Integer                                  ;
; c_cnt_lo_div1                        ; 1                      ; Signed Integer                                  ;
; c_cnt_bypass_en1                     ; false                  ; String                                          ;
; c_cnt_in_src1                        ; ph_mux_clk             ; String                                          ;
; c_cnt_odd_div_duty_en1               ; false                  ; String                                          ;
; c_cnt_prst1                          ; 1                      ; Signed Integer                                  ;
; c_cnt_ph_mux_prst1                   ; 0                      ; Signed Integer                                  ;
; c_cnt_hi_div2                        ; 1                      ; Signed Integer                                  ;
; c_cnt_lo_div2                        ; 1                      ; Signed Integer                                  ;
; c_cnt_bypass_en2                     ; false                  ; String                                          ;
; c_cnt_in_src2                        ; ph_mux_clk             ; String                                          ;
; c_cnt_odd_div_duty_en2               ; false                  ; String                                          ;
; c_cnt_prst2                          ; 1                      ; Signed Integer                                  ;
; c_cnt_ph_mux_prst2                   ; 0                      ; Signed Integer                                  ;
; c_cnt_hi_div3                        ; 1                      ; Signed Integer                                  ;
; c_cnt_lo_div3                        ; 1                      ; Signed Integer                                  ;
; c_cnt_bypass_en3                     ; false                  ; String                                          ;
; c_cnt_in_src3                        ; ph_mux_clk             ; String                                          ;
; c_cnt_odd_div_duty_en3               ; false                  ; String                                          ;
; c_cnt_prst3                          ; 1                      ; Signed Integer                                  ;
; c_cnt_ph_mux_prst3                   ; 0                      ; Signed Integer                                  ;
; c_cnt_hi_div4                        ; 1                      ; Signed Integer                                  ;
; c_cnt_lo_div4                        ; 1                      ; Signed Integer                                  ;
; c_cnt_bypass_en4                     ; false                  ; String                                          ;
; c_cnt_in_src4                        ; ph_mux_clk             ; String                                          ;
; c_cnt_odd_div_duty_en4               ; false                  ; String                                          ;
; c_cnt_prst4                          ; 1                      ; Signed Integer                                  ;
; c_cnt_ph_mux_prst4                   ; 0                      ; Signed Integer                                  ;
; c_cnt_hi_div5                        ; 1                      ; Signed Integer                                  ;
; c_cnt_lo_div5                        ; 1                      ; Signed Integer                                  ;
; c_cnt_bypass_en5                     ; false                  ; String                                          ;
; c_cnt_in_src5                        ; ph_mux_clk             ; String                                          ;
; c_cnt_odd_div_duty_en5               ; false                  ; String                                          ;
; c_cnt_prst5                          ; 1                      ; Signed Integer                                  ;
; c_cnt_ph_mux_prst5                   ; 0                      ; Signed Integer                                  ;
; c_cnt_hi_div6                        ; 1                      ; Signed Integer                                  ;
; c_cnt_lo_div6                        ; 1                      ; Signed Integer                                  ;
; c_cnt_bypass_en6                     ; false                  ; String                                          ;
; c_cnt_in_src6                        ; ph_mux_clk             ; String                                          ;
; c_cnt_odd_div_duty_en6               ; false                  ; String                                          ;
; c_cnt_prst6                          ; 1                      ; Signed Integer                                  ;
; c_cnt_ph_mux_prst6                   ; 0                      ; Signed Integer                                  ;
; c_cnt_hi_div7                        ; 1                      ; Signed Integer                                  ;
; c_cnt_lo_div7                        ; 1                      ; Signed Integer                                  ;
; c_cnt_bypass_en7                     ; false                  ; String                                          ;
; c_cnt_in_src7                        ; ph_mux_clk             ; String                                          ;
; c_cnt_odd_div_duty_en7               ; false                  ; String                                          ;
; c_cnt_prst7                          ; 1                      ; Signed Integer                                  ;
; c_cnt_ph_mux_prst7                   ; 0                      ; Signed Integer                                  ;
; c_cnt_hi_div8                        ; 1                      ; Signed Integer                                  ;
; c_cnt_lo_div8                        ; 1                      ; Signed Integer                                  ;
; c_cnt_bypass_en8                     ; false                  ; String                                          ;
; c_cnt_in_src8                        ; ph_mux_clk             ; String                                          ;
; c_cnt_odd_div_duty_en8               ; false                  ; String                                          ;
; c_cnt_prst8                          ; 1                      ; Signed Integer                                  ;
; c_cnt_ph_mux_prst8                   ; 0                      ; Signed Integer                                  ;
; c_cnt_hi_div9                        ; 1                      ; Signed Integer                                  ;
; c_cnt_lo_div9                        ; 1                      ; Signed Integer                                  ;
; c_cnt_bypass_en9                     ; false                  ; String                                          ;
; c_cnt_in_src9                        ; ph_mux_clk             ; String                                          ;
; c_cnt_odd_div_duty_en9               ; false                  ; String                                          ;
; c_cnt_prst9                          ; 1                      ; Signed Integer                                  ;
; c_cnt_ph_mux_prst9                   ; 0                      ; Signed Integer                                  ;
; c_cnt_hi_div10                       ; 1                      ; Signed Integer                                  ;
; c_cnt_lo_div10                       ; 1                      ; Signed Integer                                  ;
; c_cnt_bypass_en10                    ; false                  ; String                                          ;
; c_cnt_in_src10                       ; ph_mux_clk             ; String                                          ;
; c_cnt_odd_div_duty_en10              ; false                  ; String                                          ;
; c_cnt_prst10                         ; 1                      ; Signed Integer                                  ;
; c_cnt_ph_mux_prst10                  ; 0                      ; Signed Integer                                  ;
; c_cnt_hi_div11                       ; 1                      ; Signed Integer                                  ;
; c_cnt_lo_div11                       ; 1                      ; Signed Integer                                  ;
; c_cnt_bypass_en11                    ; false                  ; String                                          ;
; c_cnt_in_src11                       ; ph_mux_clk             ; String                                          ;
; c_cnt_odd_div_duty_en11              ; false                  ; String                                          ;
; c_cnt_prst11                         ; 1                      ; Signed Integer                                  ;
; c_cnt_ph_mux_prst11                  ; 0                      ; Signed Integer                                  ;
; c_cnt_hi_div12                       ; 1                      ; Signed Integer                                  ;
; c_cnt_lo_div12                       ; 1                      ; Signed Integer                                  ;
; c_cnt_bypass_en12                    ; false                  ; String                                          ;
; c_cnt_in_src12                       ; ph_mux_clk             ; String                                          ;
; c_cnt_odd_div_duty_en12              ; false                  ; String                                          ;
; c_cnt_prst12                         ; 1                      ; Signed Integer                                  ;
; c_cnt_ph_mux_prst12                  ; 0                      ; Signed Integer                                  ;
; c_cnt_hi_div13                       ; 1                      ; Signed Integer                                  ;
; c_cnt_lo_div13                       ; 1                      ; Signed Integer                                  ;
; c_cnt_bypass_en13                    ; false                  ; String                                          ;
; c_cnt_in_src13                       ; ph_mux_clk             ; String                                          ;
; c_cnt_odd_div_duty_en13              ; false                  ; String                                          ;
; c_cnt_prst13                         ; 1                      ; Signed Integer                                  ;
; c_cnt_ph_mux_prst13                  ; 0                      ; Signed Integer                                  ;
; c_cnt_hi_div14                       ; 1                      ; Signed Integer                                  ;
; c_cnt_lo_div14                       ; 1                      ; Signed Integer                                  ;
; c_cnt_bypass_en14                    ; false                  ; String                                          ;
; c_cnt_in_src14                       ; ph_mux_clk             ; String                                          ;
; c_cnt_odd_div_duty_en14              ; false                  ; String                                          ;
; c_cnt_prst14                         ; 1                      ; Signed Integer                                  ;
; c_cnt_ph_mux_prst14                  ; 0                      ; Signed Integer                                  ;
; c_cnt_hi_div15                       ; 1                      ; Signed Integer                                  ;
; c_cnt_lo_div15                       ; 1                      ; Signed Integer                                  ;
; c_cnt_bypass_en15                    ; false                  ; String                                          ;
; c_cnt_in_src15                       ; ph_mux_clk             ; String                                          ;
; c_cnt_odd_div_duty_en15              ; false                  ; String                                          ;
; c_cnt_prst15                         ; 1                      ; Signed Integer                                  ;
; c_cnt_ph_mux_prst15                  ; 0                      ; Signed Integer                                  ;
; c_cnt_hi_div16                       ; 1                      ; Signed Integer                                  ;
; c_cnt_lo_div16                       ; 1                      ; Signed Integer                                  ;
; c_cnt_bypass_en16                    ; false                  ; String                                          ;
; c_cnt_in_src16                       ; ph_mux_clk             ; String                                          ;
; c_cnt_odd_div_duty_en16              ; false                  ; String                                          ;
; c_cnt_prst16                         ; 1                      ; Signed Integer                                  ;
; c_cnt_ph_mux_prst16                  ; 0                      ; Signed Integer                                  ;
; c_cnt_hi_div17                       ; 1                      ; Signed Integer                                  ;
; c_cnt_lo_div17                       ; 1                      ; Signed Integer                                  ;
; c_cnt_bypass_en17                    ; false                  ; String                                          ;
; c_cnt_in_src17                       ; ph_mux_clk             ; String                                          ;
; c_cnt_odd_div_duty_en17              ; false                  ; String                                          ;
; c_cnt_prst17                         ; 1                      ; Signed Integer                                  ;
; c_cnt_ph_mux_prst17                  ; 0                      ; Signed Integer                                  ;
; pll_vco_div                          ; 1                      ; Signed Integer                                  ;
; pll_slf_rst                          ; false                  ; String                                          ;
; pll_bw_sel                           ; low                    ; String                                          ;
; pll_output_clk_frequency             ; 0 MHz                  ; String                                          ;
; pll_cp_current                       ; 0                      ; Signed Integer                                  ;
; pll_bwctrl                           ; 0                      ; Signed Integer                                  ;
; pll_fractional_division              ; 1                      ; Signed Integer                                  ;
; pll_fractional_cout                  ; 24                     ; Signed Integer                                  ;
; pll_dsm_out_sel                      ; 1st_order              ; String                                          ;
; mimic_fbclk_type                     ; gclk                   ; String                                          ;
; pll_fbclk_mux_1                      ; glb                    ; String                                          ;
; pll_fbclk_mux_2                      ; fb_1                   ; String                                          ;
; pll_m_cnt_in_src                     ; ph_mux_clk             ; String                                          ;
; pll_vcoph_div                        ; 1                      ; Signed Integer                                  ;
; refclk1_frequency                    ; 0 MHz                  ; String                                          ;
; pll_clkin_0_src                      ; clk_0                  ; String                                          ;
; pll_clkin_1_src                      ; clk_0                  ; String                                          ;
; pll_clk_loss_sw_en                   ; false                  ; String                                          ;
; pll_auto_clk_sw_en                   ; false                  ; String                                          ;
; pll_manu_clk_sw_en                   ; false                  ; String                                          ;
; pll_clk_sw_dly                       ; 0                      ; Signed Integer                                  ;
; pll_extclk_0_cnt_src                 ; pll_extclk_cnt_src_vss ; String                                          ;
; pll_extclk_1_cnt_src                 ; pll_extclk_cnt_src_vss ; String                                          ;
+--------------------------------------+------------------------+-------------------------------------------------+
Note: In order to hide this table in the UI and the text report file, please set the "Show Parameter Settings in Synthesis Report" option in "Analysis and Synthesis Settings -> More Settings" to "Off".


+--------------------------------------------------------------+
; Parameter Settings for User Entity Instance: VectorOr:inst17 ;
+----------------+-------+-------------------------------------+
; Parameter Name ; Value ; Type                                ;
+----------------+-------+-------------------------------------+
; SIZE           ; 6     ; Signed Integer                      ;
+----------------+-------+-------------------------------------+
Note: In order to hide this table in the UI and the text report file, please set the "Show Parameter Settings in Synthesis Report" option in "Analysis and Synthesis Settings -> More Settings" to "Off".


+------------------------------------------------------------+
; Parameter Settings for User Entity Instance: Decoder:inst4 ;
+----------------+-------+-----------------------------------+
; Parameter Name ; Value ; Type                              ;
+----------------+-------+-----------------------------------+
; SIZE           ; 4     ; Signed Integer                    ;
+----------------+-------+-----------------------------------+
Note: In order to hide this table in the UI and the text report file, please set the "Show Parameter Settings in Synthesis Report" option in "Analysis and Synthesis Settings -> More Settings" to "Off".


+--------------------------------------------------------------+
; Parameter Settings for User Entity Instance: VectorOr:inst18 ;
+----------------+-------+-------------------------------------+
; Parameter Name ; Value ; Type                                ;
+----------------+-------+-------------------------------------+
; SIZE           ; 6     ; Signed Integer                      ;
+----------------+-------+-------------------------------------+
Note: In order to hide this table in the UI and the text report file, please set the "Show Parameter Settings in Synthesis Report" option in "Analysis and Synthesis Settings -> More Settings" to "Off".


+------------------------------------------------------------------------------+
; Parameter Settings for User Entity Instance: LevelController:inst2|Hook:hook ;
+----------------+-------------+-----------------------------------------------+
; Parameter Name ; Value       ; Type                                          ;
+----------------+-------------+-----------------------------------------------+
; OFFSET_X       ; 00101000000 ; Unsigned Binary                               ;
; OFFSET_Y       ; 00001100000 ; Unsigned Binary                               ;
; MIN_LENGTH     ; 100         ; Signed Integer                                ;
; MAX_LENGTH     ; 600         ; Signed Integer                                ;
+----------------+-------------+-----------------------------------------------+
Note: In order to hide this table in the UI and the text report file, please set the "Show Parameter Settings in Synthesis Report" option in "Analysis and Synthesis Settings -> More Settings" to "Off".


+------------------------------------------------------------------------------------------------------+
; Parameter Settings for User Entity Instance: LevelController:inst2|Hook:hook|RotationTable:trigTable ;
+----------------+-------+-----------------------------------------------------------------------------+
; Parameter Name ; Value ; Type                                                                        ;
+----------------+-------+-----------------------------------------------------------------------------+
; COUNT_SIZE     ; 8     ; Signed Integer                                                              ;
+----------------+-------+-----------------------------------------------------------------------------+
Note: In order to hide this table in the UI and the text report file, please set the "Show Parameter Settings in Synthesis Report" option in "Analysis and Synthesis Settings -> More Settings" to "Off".


+--------------------------------------------------------------------------------------------+
; Parameter Settings for User Entity Instance: LevelController:inst2|TimeDisplay:timeDisplay ;
+----------------+----------+----------------------------------------------------------------+
; Parameter Name ; Value    ; Type                                                           ;
+----------------+----------+----------------------------------------------------------------+
; color          ; 11100000 ; Unsigned Binary                                                ;
+----------------+----------+----------------------------------------------------------------+
Note: In order to hide this table in the UI and the text report file, please set the "Show Parameter Settings in Synthesis Report" option in "Analysis and Synthesis Settings -> More Settings" to "Off".


+---------------------------------------------------------------------------------------------------------------------+
; Parameter Settings for User Entity Instance: LevelController:inst2|TimeDisplay:timeDisplay|FiveDigitDisplay:display ;
+----------------+----------+-----------------------------------------------------------------------------------------+
; Parameter Name ; Value    ; Type                                                                                    ;
+----------------+----------+-----------------------------------------------------------------------------------------+
; color          ; 11111111 ; Unsigned Binary                                                                         ;
+----------------+----------+-----------------------------------------------------------------------------------------+
Note: In order to hide this table in the UI and the text report file, please set the "Show Parameter Settings in Synthesis Report" option in "Analysis and Synthesis Settings -> More Settings" to "Off".


+-----------------------------------------------------------------------------------------------------------------------------------------------------------+
; Parameter Settings for User Entity Instance: LevelController:inst2|TimeDisplay:timeDisplay|FiveDigitDisplay:display|square_object:timeDisplaySquareObject ;
+-----------------+----------+------------------------------------------------------------------------------------------------------------------------------+
; Parameter Name  ; Value    ; Type                                                                                                                         ;
+-----------------+----------+------------------------------------------------------------------------------------------------------------------------------+
; OBJECT_WIDTH_X  ; 80       ; Signed Integer                                                                                                               ;
; OBJECT_HEIGHT_Y ; 32       ; Signed Integer                                                                                                               ;
; OBJECT_COLOR    ; 00000011 ; Unsigned Binary                                                                                                              ;
+-----------------+----------+------------------------------------------------------------------------------------------------------------------------------+
Note: In order to hide this table in the UI and the text report file, please set the "Show Parameter Settings in Synthesis Report" option in "Analysis and Synthesis Settings -> More Settings" to "Off".


+--------------------------------------------------------------------------------------------------------+
; Parameter Settings for User Entity Instance: LevelController:inst2|FiveDigitNumberDisplay:scoreDisplay ;
+----------------+----------+----------------------------------------------------------------------------+
; Parameter Name ; Value    ; Type                                                                       ;
+----------------+----------+----------------------------------------------------------------------------+
; color          ; 11111110 ; Unsigned Binary                                                            ;
+----------------+----------+----------------------------------------------------------------------------+
Note: In order to hide this table in the UI and the text report file, please set the "Show Parameter Settings in Synthesis Report" option in "Analysis and Synthesis Settings -> More Settings" to "Off".


+---------------------------------------------------------------------------------------------------------------------------------+
; Parameter Settings for User Entity Instance: LevelController:inst2|FiveDigitNumberDisplay:scoreDisplay|FiveDigitDisplay:display ;
+----------------+----------+-----------------------------------------------------------------------------------------------------+
; Parameter Name ; Value    ; Type                                                                                                ;
+----------------+----------+-----------------------------------------------------------------------------------------------------+
; color          ; 11111111 ; Unsigned Binary                                                                                     ;
+----------------+----------+-----------------------------------------------------------------------------------------------------+
Note: In order to hide this table in the UI and the text report file, please set the "Show Parameter Settings in Synthesis Report" option in "Analysis and Synthesis Settings -> More Settings" to "Off".


+-----------------------------------------------------------------------------------------------------------------------------------------------------------------------+
; Parameter Settings for User Entity Instance: LevelController:inst2|FiveDigitNumberDisplay:scoreDisplay|FiveDigitDisplay:display|square_object:timeDisplaySquareObject ;
+-----------------+----------+------------------------------------------------------------------------------------------------------------------------------------------+
; Parameter Name  ; Value    ; Type                                                                                                                                     ;
+-----------------+----------+------------------------------------------------------------------------------------------------------------------------------------------+
; OBJECT_WIDTH_X  ; 80       ; Signed Integer                                                                                                                           ;
; OBJECT_HEIGHT_Y ; 32       ; Signed Integer                                                                                                                           ;
; OBJECT_COLOR    ; 00000011 ; Unsigned Binary                                                                                                                          ;
+-----------------+----------+------------------------------------------------------------------------------------------------------------------------------------------+
Note: In order to hide this table in the UI and the text report file, please set the "Show Parameter Settings in Synthesis Report" option in "Analysis and Synthesis Settings -> More Settings" to "Off".


+--------------------------------------------------------------------------------------------------------+
; Parameter Settings for User Entity Instance: LevelController:inst2|FiveDigitNumberDisplay:moneyDisplay ;
+----------------+----------+----------------------------------------------------------------------------+
; Parameter Name ; Value    ; Type                                                                       ;
+----------------+----------+----------------------------------------------------------------------------+
; color          ; 00011100 ; Unsigned Binary                                                            ;
+----------------+----------+----------------------------------------------------------------------------+
Note: In order to hide this table in the UI and the text report file, please set the "Show Parameter Settings in Synthesis Report" option in "Analysis and Synthesis Settings -> More Settings" to "Off".


+---------------------------------------------------------------------------------------------------------------------------------+
; Parameter Settings for User Entity Instance: LevelController:inst2|FiveDigitNumberDisplay:moneyDisplay|FiveDigitDisplay:display ;
+----------------+----------+-----------------------------------------------------------------------------------------------------+
; Parameter Name ; Value    ; Type                                                                                                ;
+----------------+----------+-----------------------------------------------------------------------------------------------------+
; color          ; 11111111 ; Unsigned Binary                                                                                     ;
+----------------+----------+-----------------------------------------------------------------------------------------------------+
Note: In order to hide this table in the UI and the text report file, please set the "Show Parameter Settings in Synthesis Report" option in "Analysis and Synthesis Settings -> More Settings" to "Off".


+-----------------------------------------------------------------------------------------------------------------------------------------------------------------------+
; Parameter Settings for User Entity Instance: LevelController:inst2|FiveDigitNumberDisplay:moneyDisplay|FiveDigitDisplay:display|square_object:timeDisplaySquareObject ;
+-----------------+----------+------------------------------------------------------------------------------------------------------------------------------------------+
; Parameter Name  ; Value    ; Type                                                                                                                                     ;
+-----------------+----------+------------------------------------------------------------------------------------------------------------------------------------------+
; OBJECT_WIDTH_X  ; 80       ; Signed Integer                                                                                                                           ;
; OBJECT_HEIGHT_Y ; 32       ; Signed Integer                                                                                                                           ;
; OBJECT_COLOR    ; 00000011 ; Unsigned Binary                                                                                                                          ;
+-----------------+----------+------------------------------------------------------------------------------------------------------------------------------------------+
Note: In order to hide this table in the UI and the text report file, please set the "Show Parameter Settings in Synthesis Report" option in "Analysis and Synthesis Settings -> More Settings" to "Off".


+--------------------------------------------------------------------------------------------------------+
; Parameter Settings for User Entity Instance: LevelController:inst2|LevelMaker:levelMaker|Random:random ;
+----------------+------------------+--------------------------------------------------------------------+
; Parameter Name ; Value            ; Type                                                               ;
+----------------+------------------+--------------------------------------------------------------------+
; seed           ; 1011111011101111 ; Unsigned Binary                                                    ;
+----------------+------------------+--------------------------------------------------------------------+
Note: In order to hide this table in the UI and the text report file, please set the "Show Parameter Settings in Synthesis Report" option in "Analysis and Synthesis Settings -> More Settings" to "Off".


+-------------------------------------------------------------------+
; Parameter Settings for User Entity Instance: Counter:LevelCounter ;
+----------------+-------+------------------------------------------+
; Parameter Name ; Value ; Type                                     ;
+----------------+-------+------------------------------------------+
; WIDTH          ; 4     ; Signed Integer                           ;
+----------------+-------+------------------------------------------+
Note: In order to hide this table in the UI and the text report file, please set the "Show Parameter Settings in Synthesis Report" option in "Analysis and Synthesis Settings -> More Settings" to "Off".


+--------------------------------------------------------------------------------------------------+
; Parameter Settings for User Entity Instance: MoneyCounterWrapper:inst32|Counter:internal_counter ;
+----------------+-------+-------------------------------------------------------------------------+
; Parameter Name ; Value ; Type                                                                    ;
+----------------+-------+-------------------------------------------------------------------------+
; WIDTH          ; 20    ; Signed Integer                                                          ;
+----------------+-------+-------------------------------------------------------------------------+
Note: In order to hide this table in the UI and the text report file, please set the "Show Parameter Settings in Synthesis Report" option in "Analysis and Synthesis Settings -> More Settings" to "Off".


+----------------------------------------------------------------------------------------------+
; Parameter Settings for User Entity Instance: ScoreCounterWrapper:inst31|Counter:counter_inst ;
+----------------+-------+---------------------------------------------------------------------+
; Parameter Name ; Value ; Type                                                                ;
+----------------+-------+---------------------------------------------------------------------+
; WIDTH          ; 20    ; Signed Integer                                                      ;
+----------------+-------+---------------------------------------------------------------------+
Note: In order to hide this table in the UI and the text report file, please set the "Show Parameter Settings in Synthesis Report" option in "Analysis and Synthesis Settings -> More Settings" to "Off".


+------------------------------------------------------------+
; Parameter Settings for User Entity Instance: LPM_ROM:inst9 ;
+------------------------+-----------------+-----------------+
; Parameter Name         ; Value           ; Type            ;
+------------------------+-----------------+-----------------+
; LPM_WIDTH              ; 8               ; Untyped         ;
; LPM_WIDTHAD            ; 19              ; Untyped         ;
; LPM_NUMWORDS           ; 307200          ; Untyped         ;
; LPM_ADDRESS_CONTROL    ; REGISTERED      ; Untyped         ;
; LPM_OUTDATA            ; UNREGISTERED    ; Untyped         ;
; LPM_FILE               ; MIF/TileSet.mif ; Untyped         ;
; DEVICE_FAMILY          ; Cyclone V       ; Untyped         ;
; AUTO_CARRY_CHAINS      ; ON              ; AUTO_CARRY      ;
; IGNORE_CARRY_BUFFERS   ; OFF             ; IGNORE_CARRY    ;
; AUTO_CASCADE_CHAINS    ; ON              ; AUTO_CASCADE    ;
; IGNORE_CASCADE_BUFFERS ; OFF             ; IGNORE_CASCADE  ;
+------------------------+-----------------+-----------------+
Note: In order to hide this table in the UI and the text report file, please set the "Show Parameter Settings in Synthesis Report" option in "Analysis and Synthesis Settings -> More Settings" to "Off".


+----------------------------------------------------------------+
; Parameter Settings for User Entity Instance: MyConstant:inst11 ;
+----------------+-------+---------------------------------------+
; Parameter Name ; Value ; Type                                  ;
+----------------+-------+---------------------------------------+
; size           ; 10    ; Signed Integer                        ;
; MyValue        ; 1     ; Signed Integer                        ;
+----------------+-------+---------------------------------------+
Note: In order to hide this table in the UI and the text report file, please set the "Show Parameter Settings in Synthesis Report" option in "Analysis and Synthesis Settings -> More Settings" to "Off".


+----------------------------------------------------------------+
; Parameter Settings for User Entity Instance: MyConstant:inst16 ;
+----------------+-------+---------------------------------------+
; Parameter Name ; Value ; Type                                  ;
+----------------+-------+---------------------------------------+
; size           ; 9     ; Signed Integer                        ;
; MyValue        ; 25    ; Signed Integer                        ;
+----------------+-------+---------------------------------------+
Note: In order to hide this table in the UI and the text report file, please set the "Show Parameter Settings in Synthesis Report" option in "Analysis and Synthesis Settings -> More Settings" to "Off".


+----------------------------------------------------------------+
; Parameter Settings for User Entity Instance: MyConstant:inst23 ;
+----------------+-------+---------------------------------------+
; Parameter Name ; Value ; Type                                  ;
+----------------+-------+---------------------------------------+
; size           ; 9     ; Signed Integer                        ;
; MyValue        ; 3     ; Signed Integer                        ;
+----------------+-------+---------------------------------------+
Note: In order to hide this table in the UI and the text report file, please set the "Show Parameter Settings in Synthesis Report" option in "Analysis and Synthesis Settings -> More Settings" to "Off".


+---------------------------------------------------------------+
; Parameter Settings for User Entity Instance: MyConstant:inst6 ;
+----------------+-------+--------------------------------------+
; Parameter Name ; Value ; Type                                 ;
+----------------+-------+--------------------------------------+
; size           ; 11    ; Signed Integer                       ;
; MyValue        ; 0     ; Signed Integer                       ;
+----------------+-------+--------------------------------------+
Note: In order to hide this table in the UI and the text report file, please set the "Show Parameter Settings in Synthesis Report" option in "Analysis and Synthesis Settings -> More Settings" to "Off".


+-----------------------------------------------------------------------------------------------------------------+
; Parameter Settings for Inferred Entity Instance: LevelController:inst2|SpriteRom:sharedROM|altsyncram:rom_rtl_0 ;
+------------------------------------+---------------------------------------------+------------------------------+
; Parameter Name                     ; Value                                       ; Type                         ;
+------------------------------------+---------------------------------------------+------------------------------+
; BYTE_SIZE_BLOCK                    ; 8                                           ; Untyped                      ;
; AUTO_CARRY_CHAINS                  ; ON                                          ; AUTO_CARRY                   ;
; IGNORE_CARRY_BUFFERS               ; OFF                                         ; IGNORE_CARRY                 ;
; AUTO_CASCADE_CHAINS                ; ON                                          ; AUTO_CASCADE                 ;
; IGNORE_CASCADE_BUFFERS             ; OFF                                         ; IGNORE_CASCADE               ;
; WIDTH_BYTEENA                      ; 1                                           ; Untyped                      ;
; OPERATION_MODE                     ; ROM                                         ; Untyped                      ;
; WIDTH_A                            ; 8                                           ; Untyped                      ;
; WIDTHAD_A                          ; 14                                          ; Untyped                      ;
; NUMWORDS_A                         ; 16384                                       ; Untyped                      ;
; OUTDATA_REG_A                      ; UNREGISTERED                                ; Untyped                      ;
; ADDRESS_ACLR_A                     ; NONE                                        ; Untyped                      ;
; OUTDATA_ACLR_A                     ; NONE                                        ; Untyped                      ;
; WRCONTROL_ACLR_A                   ; NONE                                        ; Untyped                      ;
; INDATA_ACLR_A                      ; NONE                                        ; Untyped                      ;
; BYTEENA_ACLR_A                     ; NONE                                        ; Untyped                      ;
; WIDTH_B                            ; 1                                           ; Untyped                      ;
; WIDTHAD_B                          ; 1                                           ; Untyped                      ;
; NUMWORDS_B                         ; 1                                           ; Untyped                      ;
; INDATA_REG_B                       ; CLOCK1                                      ; Untyped                      ;
; WRCONTROL_WRADDRESS_REG_B          ; CLOCK1                                      ; Untyped                      ;
; RDCONTROL_REG_B                    ; CLOCK1                                      ; Untyped                      ;
; ADDRESS_REG_B                      ; CLOCK1                                      ; Untyped                      ;
; OUTDATA_REG_B                      ; UNREGISTERED                                ; Untyped                      ;
; BYTEENA_REG_B                      ; CLOCK1                                      ; Untyped                      ;
; INDATA_ACLR_B                      ; NONE                                        ; Untyped                      ;
; WRCONTROL_ACLR_B                   ; NONE                                        ; Untyped                      ;
; ADDRESS_ACLR_B                     ; NONE                                        ; Untyped                      ;
; OUTDATA_ACLR_B                     ; NONE                                        ; Untyped                      ;
; RDCONTROL_ACLR_B                   ; NONE                                        ; Untyped                      ;
; BYTEENA_ACLR_B                     ; NONE                                        ; Untyped                      ;
; WIDTH_BYTEENA_A                    ; 1                                           ; Untyped                      ;
; WIDTH_BYTEENA_B                    ; 1                                           ; Untyped                      ;
; RAM_BLOCK_TYPE                     ; AUTO                                        ; Untyped                      ;
; BYTE_SIZE                          ; 8                                           ; Untyped                      ;
; READ_DURING_WRITE_MODE_MIXED_PORTS ; DONT_CARE                                   ; Untyped                      ;
; READ_DURING_WRITE_MODE_PORT_A      ; NEW_DATA_NO_NBE_READ                        ; Untyped                      ;
; READ_DURING_WRITE_MODE_PORT_B      ; NEW_DATA_NO_NBE_READ                        ; Untyped                      ;
; INIT_FILE                          ; db/Lab1Demo.ram0_SpriteRom_e88de24b.hdl.mif ; Untyped                      ;
; INIT_FILE_LAYOUT                   ; PORT_A                                      ; Untyped                      ;
; MAXIMUM_DEPTH                      ; 0                                           ; Untyped                      ;
; CLOCK_ENABLE_INPUT_A               ; NORMAL                                      ; Untyped                      ;
; CLOCK_ENABLE_INPUT_B               ; NORMAL                                      ; Untyped                      ;
; CLOCK_ENABLE_OUTPUT_A              ; NORMAL                                      ; Untyped                      ;
; CLOCK_ENABLE_OUTPUT_B              ; NORMAL                                      ; Untyped                      ;
; CLOCK_ENABLE_CORE_A                ; USE_INPUT_CLKEN                             ; Untyped                      ;
; CLOCK_ENABLE_CORE_B                ; USE_INPUT_CLKEN                             ; Untyped                      ;
; ENABLE_ECC                         ; FALSE                                       ; Untyped                      ;
; ECC_PIPELINE_STAGE_ENABLED         ; FALSE                                       ; Untyped                      ;
; WIDTH_ECCSTATUS                    ; 3                                           ; Untyped                      ;
; DEVICE_FAMILY                      ; Cyclone V                                   ; Untyped                      ;
; CBXI_PARAMETER                     ; altsyncram_sjd1                             ; Untyped                      ;
+------------------------------------+---------------------------------------------+------------------------------+
Note: In order to hide this table in the UI and the text report file, please set the "Show Parameter Settings in Synthesis Report" option in "Analysis and Synthesis Settings -> More Settings" to "Off".


+----------------------------------------------------------------------------------------------------------------+
; Parameter Settings for Inferred Entity Instance: LevelController:inst2|TimeDisplay:timeDisplay|lpm_divide:Mod2 ;
+------------------------+----------------+----------------------------------------------------------------------+
; Parameter Name         ; Value          ; Type                                                                 ;
+------------------------+----------------+----------------------------------------------------------------------+
; LPM_WIDTHN             ; 11             ; Untyped                                                              ;
; LPM_WIDTHD             ; 6              ; Untyped                                                              ;
; LPM_NREPRESENTATION    ; UNSIGNED       ; Untyped                                                              ;
; LPM_DREPRESENTATION    ; UNSIGNED       ; Untyped                                                              ;
; LPM_PIPELINE           ; 0              ; Untyped                                                              ;
; LPM_REMAINDERPOSITIVE  ; TRUE           ; Untyped                                                              ;
; MAXIMIZE_SPEED         ; 5              ; Untyped                                                              ;
; CBXI_PARAMETER         ; lpm_divide_k3m ; Untyped                                                              ;
; CARRY_CHAIN            ; MANUAL         ; Untyped                                                              ;
; OPTIMIZE_FOR_SPEED     ; 5              ; Untyped                                                              ;
; AUTO_CARRY_CHAINS      ; ON             ; AUTO_CARRY                                                           ;
; IGNORE_CARRY_BUFFERS   ; OFF            ; IGNORE_CARRY                                                         ;
; AUTO_CASCADE_CHAINS    ; ON             ; AUTO_CASCADE                                                         ;
; IGNORE_CASCADE_BUFFERS ; OFF            ; IGNORE_CASCADE                                                       ;
+------------------------+----------------+----------------------------------------------------------------------+
Note: In order to hide this table in the UI and the text report file, please set the "Show Parameter Settings in Synthesis Report" option in "Analysis and Synthesis Settings -> More Settings" to "Off".


+----------------------------------------------------------------------------------------------------------------+
; Parameter Settings for Inferred Entity Instance: LevelController:inst2|TimeDisplay:timeDisplay|lpm_divide:Mod3 ;
+------------------------+----------------+----------------------------------------------------------------------+
; Parameter Name         ; Value          ; Type                                                                 ;
+------------------------+----------------+----------------------------------------------------------------------+
; LPM_WIDTHN             ; 6              ; Untyped                                                              ;
; LPM_WIDTHD             ; 4              ; Untyped                                                              ;
; LPM_NREPRESENTATION    ; UNSIGNED       ; Untyped                                                              ;
; LPM_DREPRESENTATION    ; UNSIGNED       ; Untyped                                                              ;
; LPM_PIPELINE           ; 0              ; Untyped                                                              ;
; LPM_REMAINDERPOSITIVE  ; TRUE           ; Untyped                                                              ;
; MAXIMIZE_SPEED         ; 5              ; Untyped                                                              ;
; CBXI_PARAMETER         ; lpm_divide_62m ; Untyped                                                              ;
; CARRY_CHAIN            ; MANUAL         ; Untyped                                                              ;
; OPTIMIZE_FOR_SPEED     ; 5              ; Untyped                                                              ;
; AUTO_CARRY_CHAINS      ; ON             ; AUTO_CARRY                                                           ;
; IGNORE_CARRY_BUFFERS   ; OFF            ; IGNORE_CARRY                                                         ;
; AUTO_CASCADE_CHAINS    ; ON             ; AUTO_CASCADE                                                         ;
; IGNORE_CASCADE_BUFFERS ; OFF            ; IGNORE_CASCADE                                                       ;
+------------------------+----------------+----------------------------------------------------------------------+
Note: In order to hide this table in the UI and the text report file, please set the "Show Parameter Settings in Synthesis Report" option in "Analysis and Synthesis Settings -> More Settings" to "Off".


+----------------------------------------------------------------------------------------------------------------+
; Parameter Settings for Inferred Entity Instance: LevelController:inst2|TimeDisplay:timeDisplay|lpm_divide:Div2 ;
+------------------------+----------------+----------------------------------------------------------------------+
; Parameter Name         ; Value          ; Type                                                                 ;
+------------------------+----------------+----------------------------------------------------------------------+
; LPM_WIDTHN             ; 11             ; Untyped                                                              ;
; LPM_WIDTHD             ; 6              ; Untyped                                                              ;
; LPM_NREPRESENTATION    ; UNSIGNED       ; Untyped                                                              ;
; LPM_DREPRESENTATION    ; UNSIGNED       ; Untyped                                                              ;
; LPM_PIPELINE           ; 0              ; Untyped                                                              ;
; LPM_REMAINDERPOSITIVE  ; TRUE           ; Untyped                                                              ;
; MAXIMIZE_SPEED         ; 5              ; Untyped                                                              ;
; CBXI_PARAMETER         ; lpm_divide_hbm ; Untyped                                                              ;
; CARRY_CHAIN            ; MANUAL         ; Untyped                                                              ;
; OPTIMIZE_FOR_SPEED     ; 5              ; Untyped                                                              ;
; AUTO_CARRY_CHAINS      ; ON             ; AUTO_CARRY                                                           ;
; IGNORE_CARRY_BUFFERS   ; OFF            ; IGNORE_CARRY                                                         ;
; AUTO_CASCADE_CHAINS    ; ON             ; AUTO_CASCADE                                                         ;
; IGNORE_CASCADE_BUFFERS ; OFF            ; IGNORE_CASCADE                                                       ;
+------------------------+----------------+----------------------------------------------------------------------+
Note: In order to hide this table in the UI and the text report file, please set the "Show Parameter Settings in Synthesis Report" option in "Analysis and Synthesis Settings -> More Settings" to "Off".


+----------------------------------------------------------------------------------------------------------------+
; Parameter Settings for Inferred Entity Instance: LevelController:inst2|TimeDisplay:timeDisplay|lpm_divide:Mod0 ;
+------------------------+----------------+----------------------------------------------------------------------+
; Parameter Name         ; Value          ; Type                                                                 ;
+------------------------+----------------+----------------------------------------------------------------------+
; LPM_WIDTHN             ; 11             ; Untyped                                                              ;
; LPM_WIDTHD             ; 4              ; Untyped                                                              ;
; LPM_NREPRESENTATION    ; UNSIGNED       ; Untyped                                                              ;
; LPM_DREPRESENTATION    ; UNSIGNED       ; Untyped                                                              ;
; LPM_PIPELINE           ; 0              ; Untyped                                                              ;
; LPM_REMAINDERPOSITIVE  ; TRUE           ; Untyped                                                              ;
; MAXIMIZE_SPEED         ; 5              ; Untyped                                                              ;
; CBXI_PARAMETER         ; lpm_divide_i3m ; Untyped                                                              ;
; CARRY_CHAIN            ; MANUAL         ; Untyped                                                              ;
; OPTIMIZE_FOR_SPEED     ; 5              ; Untyped                                                              ;
; AUTO_CARRY_CHAINS      ; ON             ; AUTO_CARRY                                                           ;
; IGNORE_CARRY_BUFFERS   ; OFF            ; IGNORE_CARRY                                                         ;
; AUTO_CASCADE_CHAINS    ; ON             ; AUTO_CASCADE                                                         ;
; IGNORE_CASCADE_BUFFERS ; OFF            ; IGNORE_CASCADE                                                       ;
+------------------------+----------------+----------------------------------------------------------------------+
Note: In order to hide this table in the UI and the text report file, please set the "Show Parameter Settings in Synthesis Report" option in "Analysis and Synthesis Settings -> More Settings" to "Off".


+----------------------------------------------------------------------------------------------------------------+
; Parameter Settings for Inferred Entity Instance: LevelController:inst2|TimeDisplay:timeDisplay|lpm_divide:Div3 ;
+------------------------+----------------+----------------------------------------------------------------------+
; Parameter Name         ; Value          ; Type                                                                 ;
+------------------------+----------------+----------------------------------------------------------------------+
; LPM_WIDTHN             ; 6              ; Untyped                                                              ;
; LPM_WIDTHD             ; 4              ; Untyped                                                              ;
; LPM_NREPRESENTATION    ; UNSIGNED       ; Untyped                                                              ;
; LPM_DREPRESENTATION    ; UNSIGNED       ; Untyped                                                              ;
; LPM_PIPELINE           ; 0              ; Untyped                                                              ;
; LPM_REMAINDERPOSITIVE  ; TRUE           ; Untyped                                                              ;
; MAXIMIZE_SPEED         ; 5              ; Untyped                                                              ;
; CBXI_PARAMETER         ; lpm_divide_3am ; Untyped                                                              ;
; CARRY_CHAIN            ; MANUAL         ; Untyped                                                              ;
; OPTIMIZE_FOR_SPEED     ; 5              ; Untyped                                                              ;
; AUTO_CARRY_CHAINS      ; ON             ; AUTO_CARRY                                                           ;
; IGNORE_CARRY_BUFFERS   ; OFF            ; IGNORE_CARRY                                                         ;
; AUTO_CASCADE_CHAINS    ; ON             ; AUTO_CASCADE                                                         ;
; IGNORE_CASCADE_BUFFERS ; OFF            ; IGNORE_CASCADE                                                       ;
+------------------------+----------------+----------------------------------------------------------------------+
Note: In order to hide this table in the UI and the text report file, please set the "Show Parameter Settings in Synthesis Report" option in "Analysis and Synthesis Settings -> More Settings" to "Off".


+----------------------------------------------------------------------------------------------------------------------------+
; Parameter Settings for Inferred Entity Instance: LevelController:inst2|FiveDigitNumberDisplay:scoreDisplay|lpm_divide:Div1 ;
+------------------------+----------------+----------------------------------------------------------------------------------+
; Parameter Name         ; Value          ; Type                                                                             ;
+------------------------+----------------+----------------------------------------------------------------------------------+
; LPM_WIDTHN             ; 11             ; Untyped                                                                          ;
; LPM_WIDTHD             ; 10             ; Untyped                                                                          ;
; LPM_NREPRESENTATION    ; UNSIGNED       ; Untyped                                                                          ;
; LPM_DREPRESENTATION    ; UNSIGNED       ; Untyped                                                                          ;
; LPM_PIPELINE           ; 0              ; Untyped                                                                          ;
; LPM_REMAINDERPOSITIVE  ; TRUE           ; Untyped                                                                          ;
; MAXIMIZE_SPEED         ; 5              ; Untyped                                                                          ;
; CBXI_PARAMETER         ; lpm_divide_scm ; Untyped                                                                          ;
; CARRY_CHAIN            ; MANUAL         ; Untyped                                                                          ;
; OPTIMIZE_FOR_SPEED     ; 5              ; Untyped                                                                          ;
; AUTO_CARRY_CHAINS      ; ON             ; AUTO_CARRY                                                                       ;
; IGNORE_CARRY_BUFFERS   ; OFF            ; IGNORE_CARRY                                                                     ;
; AUTO_CASCADE_CHAINS    ; ON             ; AUTO_CASCADE                                                                     ;
; IGNORE_CASCADE_BUFFERS ; OFF            ; IGNORE_CASCADE                                                                   ;
+------------------------+----------------+----------------------------------------------------------------------------------+
Note: In order to hide this table in the UI and the text report file, please set the "Show Parameter Settings in Synthesis Report" option in "Analysis and Synthesis Settings -> More Settings" to "Off".


+----------------------------------------------------------------------------------------------------------------------------+
; Parameter Settings for Inferred Entity Instance: LevelController:inst2|FiveDigitNumberDisplay:scoreDisplay|lpm_divide:Mod1 ;
+------------------------+----------------+----------------------------------------------------------------------------------+
; Parameter Name         ; Value          ; Type                                                                             ;
+------------------------+----------------+----------------------------------------------------------------------------------+
; LPM_WIDTHN             ; 11             ; Untyped                                                                          ;
; LPM_WIDTHD             ; 4              ; Untyped                                                                          ;
; LPM_NREPRESENTATION    ; UNSIGNED       ; Untyped                                                                          ;
; LPM_DREPRESENTATION    ; UNSIGNED       ; Untyped                                                                          ;
; LPM_PIPELINE           ; 0              ; Untyped                                                                          ;
; LPM_REMAINDERPOSITIVE  ; TRUE           ; Untyped                                                                          ;
; MAXIMIZE_SPEED         ; 5              ; Untyped                                                                          ;
; CBXI_PARAMETER         ; lpm_divide_i3m ; Untyped                                                                          ;
; CARRY_CHAIN            ; MANUAL         ; Untyped                                                                          ;
; OPTIMIZE_FOR_SPEED     ; 5              ; Untyped                                                                          ;
; AUTO_CARRY_CHAINS      ; ON             ; AUTO_CARRY                                                                       ;
; IGNORE_CARRY_BUFFERS   ; OFF            ; IGNORE_CARRY                                                                     ;
; AUTO_CASCADE_CHAINS    ; ON             ; AUTO_CASCADE                                                                     ;
; IGNORE_CASCADE_BUFFERS ; OFF            ; IGNORE_CASCADE                                                                   ;
+------------------------+----------------+----------------------------------------------------------------------------------+
Note: In order to hide this table in the UI and the text report file, please set the "Show Parameter Settings in Synthesis Report" option in "Analysis and Synthesis Settings -> More Settings" to "Off".


+----------------------------------------------------------------------------------------------------------------------------+
; Parameter Settings for Inferred Entity Instance: LevelController:inst2|FiveDigitNumberDisplay:scoreDisplay|lpm_divide:Div2 ;
+------------------------+----------------+----------------------------------------------------------------------------------+
; Parameter Name         ; Value          ; Type                                                                             ;
+------------------------+----------------+----------------------------------------------------------------------------------+
; LPM_WIDTHN             ; 11             ; Untyped                                                                          ;
; LPM_WIDTHD             ; 7              ; Untyped                                                                          ;
; LPM_NREPRESENTATION    ; UNSIGNED       ; Untyped                                                                          ;
; LPM_DREPRESENTATION    ; UNSIGNED       ; Untyped                                                                          ;
; LPM_PIPELINE           ; 0              ; Untyped                                                                          ;
; LPM_REMAINDERPOSITIVE  ; TRUE           ; Untyped                                                                          ;
; MAXIMIZE_SPEED         ; 5              ; Untyped                                                                          ;
; CBXI_PARAMETER         ; lpm_divide_ibm ; Untyped                                                                          ;
; CARRY_CHAIN            ; MANUAL         ; Untyped                                                                          ;
; OPTIMIZE_FOR_SPEED     ; 5              ; Untyped                                                                          ;
; AUTO_CARRY_CHAINS      ; ON             ; AUTO_CARRY                                                                       ;
; IGNORE_CARRY_BUFFERS   ; OFF            ; IGNORE_CARRY                                                                     ;
; AUTO_CASCADE_CHAINS    ; ON             ; AUTO_CASCADE                                                                     ;
; IGNORE_CASCADE_BUFFERS ; OFF            ; IGNORE_CASCADE                                                                   ;
+------------------------+----------------+----------------------------------------------------------------------------------+
Note: In order to hide this table in the UI and the text report file, please set the "Show Parameter Settings in Synthesis Report" option in "Analysis and Synthesis Settings -> More Settings" to "Off".


+----------------------------------------------------------------------------------------------------------------------------+
; Parameter Settings for Inferred Entity Instance: LevelController:inst2|FiveDigitNumberDisplay:scoreDisplay|lpm_divide:Mod2 ;
+------------------------+----------------+----------------------------------------------------------------------------------+
; Parameter Name         ; Value          ; Type                                                                             ;
+------------------------+----------------+----------------------------------------------------------------------------------+
; LPM_WIDTHN             ; 11             ; Untyped                                                                          ;
; LPM_WIDTHD             ; 4              ; Untyped                                                                          ;
; LPM_NREPRESENTATION    ; UNSIGNED       ; Untyped                                                                          ;
; LPM_DREPRESENTATION    ; UNSIGNED       ; Untyped                                                                          ;
; LPM_PIPELINE           ; 0              ; Untyped                                                                          ;
; LPM_REMAINDERPOSITIVE  ; TRUE           ; Untyped                                                                          ;
; MAXIMIZE_SPEED         ; 5              ; Untyped                                                                          ;
; CBXI_PARAMETER         ; lpm_divide_i3m ; Untyped                                                                          ;
; CARRY_CHAIN            ; MANUAL         ; Untyped                                                                          ;
; OPTIMIZE_FOR_SPEED     ; 5              ; Untyped                                                                          ;
; AUTO_CARRY_CHAINS      ; ON             ; AUTO_CARRY                                                                       ;
; IGNORE_CARRY_BUFFERS   ; OFF            ; IGNORE_CARRY                                                                     ;
; AUTO_CASCADE_CHAINS    ; ON             ; AUTO_CASCADE                                                                     ;
; IGNORE_CASCADE_BUFFERS ; OFF            ; IGNORE_CASCADE                                                                   ;
+------------------------+----------------+----------------------------------------------------------------------------------+
Note: In order to hide this table in the UI and the text report file, please set the "Show Parameter Settings in Synthesis Report" option in "Analysis and Synthesis Settings -> More Settings" to "Off".


+----------------------------------------------------------------------------------------------------------------------------+
; Parameter Settings for Inferred Entity Instance: LevelController:inst2|FiveDigitNumberDisplay:scoreDisplay|lpm_divide:Div3 ;
+------------------------+----------------+----------------------------------------------------------------------------------+
; Parameter Name         ; Value          ; Type                                                                             ;
+------------------------+----------------+----------------------------------------------------------------------------------+
; LPM_WIDTHN             ; 11             ; Untyped                                                                          ;
; LPM_WIDTHD             ; 4              ; Untyped                                                                          ;
; LPM_NREPRESENTATION    ; UNSIGNED       ; Untyped                                                                          ;
; LPM_DREPRESENTATION    ; UNSIGNED       ; Untyped                                                                          ;
; LPM_PIPELINE           ; 0              ; Untyped                                                                          ;
; LPM_REMAINDERPOSITIVE  ; TRUE           ; Untyped                                                                          ;
; MAXIMIZE_SPEED         ; 5              ; Untyped                                                                          ;
; CBXI_PARAMETER         ; lpm_divide_fbm ; Untyped                                                                          ;
; CARRY_CHAIN            ; MANUAL         ; Untyped                                                                          ;
; OPTIMIZE_FOR_SPEED     ; 5              ; Untyped                                                                          ;
; AUTO_CARRY_CHAINS      ; ON             ; AUTO_CARRY                                                                       ;
; IGNORE_CARRY_BUFFERS   ; OFF            ; IGNORE_CARRY                                                                     ;
; AUTO_CASCADE_CHAINS    ; ON             ; AUTO_CASCADE                                                                     ;
; IGNORE_CASCADE_BUFFERS ; OFF            ; IGNORE_CASCADE                                                                   ;
+------------------------+----------------+----------------------------------------------------------------------------------+
Note: In order to hide this table in the UI and the text report file, please set the "Show Parameter Settings in Synthesis Report" option in "Analysis and Synthesis Settings -> More Settings" to "Off".


+----------------------------------------------------------------------------------------------------------------------------+
; Parameter Settings for Inferred Entity Instance: LevelController:inst2|FiveDigitNumberDisplay:scoreDisplay|lpm_divide:Mod3 ;
+------------------------+----------------+----------------------------------------------------------------------------------+
; Parameter Name         ; Value          ; Type                                                                             ;
+------------------------+----------------+----------------------------------------------------------------------------------+
; LPM_WIDTHN             ; 11             ; Untyped                                                                          ;
; LPM_WIDTHD             ; 4              ; Untyped                                                                          ;
; LPM_NREPRESENTATION    ; UNSIGNED       ; Untyped                                                                          ;
; LPM_DREPRESENTATION    ; UNSIGNED       ; Untyped                                                                          ;
; LPM_PIPELINE           ; 0              ; Untyped                                                                          ;
; LPM_REMAINDERPOSITIVE  ; TRUE           ; Untyped                                                                          ;
; MAXIMIZE_SPEED         ; 5              ; Untyped                                                                          ;
; CBXI_PARAMETER         ; lpm_divide_i3m ; Untyped                                                                          ;
; CARRY_CHAIN            ; MANUAL         ; Untyped                                                                          ;
; OPTIMIZE_FOR_SPEED     ; 5              ; Untyped                                                                          ;
; AUTO_CARRY_CHAINS      ; ON             ; AUTO_CARRY                                                                       ;
; IGNORE_CARRY_BUFFERS   ; OFF            ; IGNORE_CARRY                                                                     ;
; AUTO_CASCADE_CHAINS    ; ON             ; AUTO_CASCADE                                                                     ;
; IGNORE_CASCADE_BUFFERS ; OFF            ; IGNORE_CASCADE                                                                   ;
+------------------------+----------------+----------------------------------------------------------------------------------+
Note: In order to hide this table in the UI and the text report file, please set the "Show Parameter Settings in Synthesis Report" option in "Analysis and Synthesis Settings -> More Settings" to "Off".


+----------------------------------------------------------------------------------------------------------------------------+
; Parameter Settings for Inferred Entity Instance: LevelController:inst2|FiveDigitNumberDisplay:scoreDisplay|lpm_divide:Mod4 ;
+------------------------+----------------+----------------------------------------------------------------------------------+
; Parameter Name         ; Value          ; Type                                                                             ;
+------------------------+----------------+----------------------------------------------------------------------------------+
; LPM_WIDTHN             ; 11             ; Untyped                                                                          ;
; LPM_WIDTHD             ; 4              ; Untyped                                                                          ;
; LPM_NREPRESENTATION    ; UNSIGNED       ; Untyped                                                                          ;
; LPM_DREPRESENTATION    ; UNSIGNED       ; Untyped                                                                          ;
; LPM_PIPELINE           ; 0              ; Untyped                                                                          ;
; LPM_REMAINDERPOSITIVE  ; TRUE           ; Untyped                                                                          ;
; MAXIMIZE_SPEED         ; 5              ; Untyped                                                                          ;
; CBXI_PARAMETER         ; lpm_divide_i3m ; Untyped                                                                          ;
; CARRY_CHAIN            ; MANUAL         ; Untyped                                                                          ;
; OPTIMIZE_FOR_SPEED     ; 5              ; Untyped                                                                          ;
; AUTO_CARRY_CHAINS      ; ON             ; AUTO_CARRY                                                                       ;
; IGNORE_CARRY_BUFFERS   ; OFF            ; IGNORE_CARRY                                                                     ;
; AUTO_CASCADE_CHAINS    ; ON             ; AUTO_CASCADE                                                                     ;
; IGNORE_CASCADE_BUFFERS ; OFF            ; IGNORE_CASCADE                                                                   ;
+------------------------+----------------+----------------------------------------------------------------------------------+
Note: In order to hide this table in the UI and the text report file, please set the "Show Parameter Settings in Synthesis Report" option in "Analysis and Synthesis Settings -> More Settings" to "Off".


+----------------------------------------------------------------------------------------------------------------------------+
; Parameter Settings for Inferred Entity Instance: LevelController:inst2|FiveDigitNumberDisplay:moneyDisplay|lpm_divide:Div1 ;
+------------------------+----------------+----------------------------------------------------------------------------------+
; Parameter Name         ; Value          ; Type                                                                             ;
+------------------------+----------------+----------------------------------------------------------------------------------+
; LPM_WIDTHN             ; 11             ; Untyped                                                                          ;
; LPM_WIDTHD             ; 10             ; Untyped                                                                          ;
; LPM_NREPRESENTATION    ; UNSIGNED       ; Untyped                                                                          ;
; LPM_DREPRESENTATION    ; UNSIGNED       ; Untyped                                                                          ;
; LPM_PIPELINE           ; 0              ; Untyped                                                                          ;
; LPM_REMAINDERPOSITIVE  ; TRUE           ; Untyped                                                                          ;
; MAXIMIZE_SPEED         ; 5              ; Untyped                                                                          ;
; CBXI_PARAMETER         ; lpm_divide_scm ; Untyped                                                                          ;
; CARRY_CHAIN            ; MANUAL         ; Untyped                                                                          ;
; OPTIMIZE_FOR_SPEED     ; 5              ; Untyped                                                                          ;
; AUTO_CARRY_CHAINS      ; ON             ; AUTO_CARRY                                                                       ;
; IGNORE_CARRY_BUFFERS   ; OFF            ; IGNORE_CARRY                                                                     ;
; AUTO_CASCADE_CHAINS    ; ON             ; AUTO_CASCADE                                                                     ;
; IGNORE_CASCADE_BUFFERS ; OFF            ; IGNORE_CASCADE                                                                   ;
+------------------------+----------------+----------------------------------------------------------------------------------+
Note: In order to hide this table in the UI and the text report file, please set the "Show Parameter Settings in Synthesis Report" option in "Analysis and Synthesis Settings -> More Settings" to "Off".


+----------------------------------------------------------------------------------------------------------------------------+
; Parameter Settings for Inferred Entity Instance: LevelController:inst2|FiveDigitNumberDisplay:moneyDisplay|lpm_divide:Mod1 ;
+------------------------+----------------+----------------------------------------------------------------------------------+
; Parameter Name         ; Value          ; Type                                                                             ;
+------------------------+----------------+----------------------------------------------------------------------------------+
; LPM_WIDTHN             ; 11             ; Untyped                                                                          ;
; LPM_WIDTHD             ; 4              ; Untyped                                                                          ;
; LPM_NREPRESENTATION    ; UNSIGNED       ; Untyped                                                                          ;
; LPM_DREPRESENTATION    ; UNSIGNED       ; Untyped                                                                          ;
; LPM_PIPELINE           ; 0              ; Untyped                                                                          ;
; LPM_REMAINDERPOSITIVE  ; TRUE           ; Untyped                                                                          ;
; MAXIMIZE_SPEED         ; 5              ; Untyped                                                                          ;
; CBXI_PARAMETER         ; lpm_divide_i3m ; Untyped                                                                          ;
; CARRY_CHAIN            ; MANUAL         ; Untyped                                                                          ;
; OPTIMIZE_FOR_SPEED     ; 5              ; Untyped                                                                          ;
; AUTO_CARRY_CHAINS      ; ON             ; AUTO_CARRY                                                                       ;
; IGNORE_CARRY_BUFFERS   ; OFF            ; IGNORE_CARRY                                                                     ;
; AUTO_CASCADE_CHAINS    ; ON             ; AUTO_CASCADE                                                                     ;
; IGNORE_CASCADE_BUFFERS ; OFF            ; IGNORE_CASCADE                                                                   ;
+------------------------+----------------+----------------------------------------------------------------------------------+
Note: In order to hide this table in the UI and the text report file, please set the "Show Parameter Settings in Synthesis Report" option in "Analysis and Synthesis Settings -> More Settings" to "Off".


+----------------------------------------------------------------------------------------------------------------------------+
; Parameter Settings for Inferred Entity Instance: LevelController:inst2|FiveDigitNumberDisplay:moneyDisplay|lpm_divide:Div2 ;
+------------------------+----------------+----------------------------------------------------------------------------------+
; Parameter Name         ; Value          ; Type                                                                             ;
+------------------------+----------------+----------------------------------------------------------------------------------+
; LPM_WIDTHN             ; 11             ; Untyped                                                                          ;
; LPM_WIDTHD             ; 7              ; Untyped                                                                          ;
; LPM_NREPRESENTATION    ; UNSIGNED       ; Untyped                                                                          ;
; LPM_DREPRESENTATION    ; UNSIGNED       ; Untyped                                                                          ;
; LPM_PIPELINE           ; 0              ; Untyped                                                                          ;
; LPM_REMAINDERPOSITIVE  ; TRUE           ; Untyped                                                                          ;
; MAXIMIZE_SPEED         ; 5              ; Untyped                                                                          ;
; CBXI_PARAMETER         ; lpm_divide_ibm ; Untyped                                                                          ;
; CARRY_CHAIN            ; MANUAL         ; Untyped                                                                          ;
; OPTIMIZE_FOR_SPEED     ; 5              ; Untyped                                                                          ;
; AUTO_CARRY_CHAINS      ; ON             ; AUTO_CARRY                                                                       ;
; IGNORE_CARRY_BUFFERS   ; OFF            ; IGNORE_CARRY                                                                     ;
; AUTO_CASCADE_CHAINS    ; ON             ; AUTO_CASCADE                                                                     ;
; IGNORE_CASCADE_BUFFERS ; OFF            ; IGNORE_CASCADE                                                                   ;
+------------------------+----------------+----------------------------------------------------------------------------------+
Note: In order to hide this table in the UI and the text report file, please set the "Show Parameter Settings in Synthesis Report" option in "Analysis and Synthesis Settings -> More Settings" to "Off".


+----------------------------------------------------------------------------------------------------------------------------+
; Parameter Settings for Inferred Entity Instance: LevelController:inst2|FiveDigitNumberDisplay:moneyDisplay|lpm_divide:Mod2 ;
+------------------------+----------------+----------------------------------------------------------------------------------+
; Parameter Name         ; Value          ; Type                                                                             ;
+------------------------+----------------+----------------------------------------------------------------------------------+
; LPM_WIDTHN             ; 11             ; Untyped                                                                          ;
; LPM_WIDTHD             ; 4              ; Untyped                                                                          ;
; LPM_NREPRESENTATION    ; UNSIGNED       ; Untyped                                                                          ;
; LPM_DREPRESENTATION    ; UNSIGNED       ; Untyped                                                                          ;
; LPM_PIPELINE           ; 0              ; Untyped                                                                          ;
; LPM_REMAINDERPOSITIVE  ; TRUE           ; Untyped                                                                          ;
; MAXIMIZE_SPEED         ; 5              ; Untyped                                                                          ;
; CBXI_PARAMETER         ; lpm_divide_i3m ; Untyped                                                                          ;
; CARRY_CHAIN            ; MANUAL         ; Untyped                                                                          ;
; OPTIMIZE_FOR_SPEED     ; 5              ; Untyped                                                                          ;
; AUTO_CARRY_CHAINS      ; ON             ; AUTO_CARRY                                                                       ;
; IGNORE_CARRY_BUFFERS   ; OFF            ; IGNORE_CARRY                                                                     ;
; AUTO_CASCADE_CHAINS    ; ON             ; AUTO_CASCADE                                                                     ;
; IGNORE_CASCADE_BUFFERS ; OFF            ; IGNORE_CASCADE                                                                   ;
+------------------------+----------------+----------------------------------------------------------------------------------+
Note: In order to hide this table in the UI and the text report file, please set the "Show Parameter Settings in Synthesis Report" option in "Analysis and Synthesis Settings -> More Settings" to "Off".


+----------------------------------------------------------------------------------------------------------------------------+
; Parameter Settings for Inferred Entity Instance: LevelController:inst2|FiveDigitNumberDisplay:moneyDisplay|lpm_divide:Div3 ;
+------------------------+----------------+----------------------------------------------------------------------------------+
; Parameter Name         ; Value          ; Type                                                                             ;
+------------------------+----------------+----------------------------------------------------------------------------------+
; LPM_WIDTHN             ; 11             ; Untyped                                                                          ;
; LPM_WIDTHD             ; 4              ; Untyped                                                                          ;
; LPM_NREPRESENTATION    ; UNSIGNED       ; Untyped                                                                          ;
; LPM_DREPRESENTATION    ; UNSIGNED       ; Untyped                                                                          ;
; LPM_PIPELINE           ; 0              ; Untyped                                                                          ;
; LPM_REMAINDERPOSITIVE  ; TRUE           ; Untyped                                                                          ;
; MAXIMIZE_SPEED         ; 5              ; Untyped                                                                          ;
; CBXI_PARAMETER         ; lpm_divide_fbm ; Untyped                                                                          ;
; CARRY_CHAIN            ; MANUAL         ; Untyped                                                                          ;
; OPTIMIZE_FOR_SPEED     ; 5              ; Untyped                                                                          ;
; AUTO_CARRY_CHAINS      ; ON             ; AUTO_CARRY                                                                       ;
; IGNORE_CARRY_BUFFERS   ; OFF            ; IGNORE_CARRY                                                                     ;
; AUTO_CASCADE_CHAINS    ; ON             ; AUTO_CASCADE                                                                     ;
; IGNORE_CASCADE_BUFFERS ; OFF            ; IGNORE_CASCADE                                                                   ;
+------------------------+----------------+----------------------------------------------------------------------------------+
Note: In order to hide this table in the UI and the text report file, please set the "Show Parameter Settings in Synthesis Report" option in "Analysis and Synthesis Settings -> More Settings" to "Off".


+----------------------------------------------------------------------------------------------------------------------------+
; Parameter Settings for Inferred Entity Instance: LevelController:inst2|FiveDigitNumberDisplay:moneyDisplay|lpm_divide:Mod3 ;
+------------------------+----------------+----------------------------------------------------------------------------------+
; Parameter Name         ; Value          ; Type                                                                             ;
+------------------------+----------------+----------------------------------------------------------------------------------+
; LPM_WIDTHN             ; 11             ; Untyped                                                                          ;
; LPM_WIDTHD             ; 4              ; Untyped                                                                          ;
; LPM_NREPRESENTATION    ; UNSIGNED       ; Untyped                                                                          ;
; LPM_DREPRESENTATION    ; UNSIGNED       ; Untyped                                                                          ;
; LPM_PIPELINE           ; 0              ; Untyped                                                                          ;
; LPM_REMAINDERPOSITIVE  ; TRUE           ; Untyped                                                                          ;
; MAXIMIZE_SPEED         ; 5              ; Untyped                                                                          ;
; CBXI_PARAMETER         ; lpm_divide_i3m ; Untyped                                                                          ;
; CARRY_CHAIN            ; MANUAL         ; Untyped                                                                          ;
; OPTIMIZE_FOR_SPEED     ; 5              ; Untyped                                                                          ;
; AUTO_CARRY_CHAINS      ; ON             ; AUTO_CARRY                                                                       ;
; IGNORE_CARRY_BUFFERS   ; OFF            ; IGNORE_CARRY                                                                     ;
; AUTO_CASCADE_CHAINS    ; ON             ; AUTO_CASCADE                                                                     ;
; IGNORE_CASCADE_BUFFERS ; OFF            ; IGNORE_CASCADE                                                                   ;
+------------------------+----------------+----------------------------------------------------------------------------------+
Note: In order to hide this table in the UI and the text report file, please set the "Show Parameter Settings in Synthesis Report" option in "Analysis and Synthesis Settings -> More Settings" to "Off".


+----------------------------------------------------------------------------------------------------------------------------+
; Parameter Settings for Inferred Entity Instance: LevelController:inst2|FiveDigitNumberDisplay:moneyDisplay|lpm_divide:Mod4 ;
+------------------------+----------------+----------------------------------------------------------------------------------+
; Parameter Name         ; Value          ; Type                                                                             ;
+------------------------+----------------+----------------------------------------------------------------------------------+
; LPM_WIDTHN             ; 11             ; Untyped                                                                          ;
; LPM_WIDTHD             ; 4              ; Untyped                                                                          ;
; LPM_NREPRESENTATION    ; UNSIGNED       ; Untyped                                                                          ;
; LPM_DREPRESENTATION    ; UNSIGNED       ; Untyped                                                                          ;
; LPM_PIPELINE           ; 0              ; Untyped                                                                          ;
; LPM_REMAINDERPOSITIVE  ; TRUE           ; Untyped                                                                          ;
; MAXIMIZE_SPEED         ; 5              ; Untyped                                                                          ;
; CBXI_PARAMETER         ; lpm_divide_i3m ; Untyped                                                                          ;
; CARRY_CHAIN            ; MANUAL         ; Untyped                                                                          ;
; OPTIMIZE_FOR_SPEED     ; 5              ; Untyped                                                                          ;
; AUTO_CARRY_CHAINS      ; ON             ; AUTO_CARRY                                                                       ;
; IGNORE_CARRY_BUFFERS   ; OFF            ; IGNORE_CARRY                                                                     ;
; AUTO_CASCADE_CHAINS    ; ON             ; AUTO_CASCADE                                                                     ;
; IGNORE_CASCADE_BUFFERS ; OFF            ; IGNORE_CASCADE                                                                   ;
+------------------------+----------------+----------------------------------------------------------------------------------+
Note: In order to hide this table in the UI and the text report file, please set the "Show Parameter Settings in Synthesis Report" option in "Analysis and Synthesis Settings -> More Settings" to "Off".


+--------------------------------------------------------------------------------------------------------------+
; Parameter Settings for Inferred Entity Instance: LevelController:inst2|LevelMaker:levelMaker|lpm_divide:Mod0 ;
+------------------------+----------------+--------------------------------------------------------------------+
; Parameter Name         ; Value          ; Type                                                               ;
+------------------------+----------------+--------------------------------------------------------------------+
; LPM_WIDTHN             ; 10             ; Untyped                                                            ;
; LPM_WIDTHD             ; 5              ; Untyped                                                            ;
; LPM_NREPRESENTATION    ; UNSIGNED       ; Untyped                                                            ;
; LPM_DREPRESENTATION    ; UNSIGNED       ; Untyped                                                            ;
; LPM_PIPELINE           ; 0              ; Untyped                                                            ;
; LPM_REMAINDERPOSITIVE  ; TRUE           ; Untyped                                                            ;
; MAXIMIZE_SPEED         ; 5              ; Untyped                                                            ;
; CBXI_PARAMETER         ; lpm_divide_j3m ; Untyped                                                            ;
; CARRY_CHAIN            ; MANUAL         ; Untyped                                                            ;
; OPTIMIZE_FOR_SPEED     ; 5              ; Untyped                                                            ;
; AUTO_CARRY_CHAINS      ; ON             ; AUTO_CARRY                                                         ;
; IGNORE_CARRY_BUFFERS   ; OFF            ; IGNORE_CARRY                                                       ;
; AUTO_CASCADE_CHAINS    ; ON             ; AUTO_CASCADE                                                       ;
; IGNORE_CASCADE_BUFFERS ; OFF            ; IGNORE_CASCADE                                                     ;
+------------------------+----------------+--------------------------------------------------------------------+
Note: In order to hide this table in the UI and the text report file, please set the "Show Parameter Settings in Synthesis Report" option in "Analysis and Synthesis Settings -> More Settings" to "Off".


+------------------------------------------------------------------------------------------------------------+
; altsyncram Parameter Settings by Entity Instance                                                           ;
+-------------------------------------------+----------------------------------------------------------------+
; Name                                      ; Value                                                          ;
+-------------------------------------------+----------------------------------------------------------------+
; Number of entity instances                ; 1                                                              ;
; Entity Instance                           ; LevelController:inst2|SpriteRom:sharedROM|altsyncram:rom_rtl_0 ;
;     -- OPERATION_MODE                     ; ROM                                                            ;
;     -- WIDTH_A                            ; 8                                                              ;
;     -- NUMWORDS_A                         ; 16384                                                          ;
;     -- OUTDATA_REG_A                      ; UNREGISTERED                                                   ;
;     -- WIDTH_B                            ; 1                                                              ;
;     -- NUMWORDS_B                         ; 1                                                              ;
;     -- ADDRESS_REG_B                      ; CLOCK1                                                         ;
;     -- OUTDATA_REG_B                      ; UNREGISTERED                                                   ;
;     -- RAM_BLOCK_TYPE                     ; AUTO                                                           ;
;     -- READ_DURING_WRITE_MODE_MIXED_PORTS ; DONT_CARE                                                      ;
+-------------------------------------------+----------------------------------------------------------------+


+-----------------------------------------------------------------------------+
; Port Connectivity Checks: "ScoreCounterWrapper:inst31|Counter:counter_inst" ;
+----------+-------+----------+-----------------------------------------------+
; Port     ; Type  ; Severity ; Details                                       ;
+----------+-------+----------+-----------------------------------------------+
; decrease ; Input ; Info     ; Stuck at GND                                  ;
+----------+-------+----------+-----------------------------------------------+


+--------------------------------------------------------------------------------------------------------------------------+
; Port Connectivity Checks: "LevelController:inst2|LevelMaker:levelMaker|Random:random"                                    ;
+----------------+--------+----------+-------------------------------------------------------------------------------------+
; Port           ; Type   ; Severity ; Details                                                                             ;
+----------------+--------+----------+-------------------------------------------------------------------------------------+
; reseed         ; Input  ; Info     ; Stuck at GND                                                                        ;
; storeValue     ; Input  ; Info     ; Stuck at GND                                                                        ;
; random[15..13] ; Output ; Info     ; Connected to dangling logic. Logic that only feeds a dangling port will be removed. ;
; randomLatch    ; Output ; Info     ; Connected to dangling logic. Logic that only feeds a dangling port will be removed. ;
+----------------+--------+----------+-------------------------------------------------------------------------------------+


+---------------------------------------------------------------------------------------------------------------------------------+
; Port Connectivity Checks: "LevelController:inst2|LevelMaker:levelMaker"                                                         ;
+-----------------------+--------+----------+-------------------------------------------------------------------------------------+
; Port                  ; Type   ; Severity ; Details                                                                             ;
+-----------------------+--------+----------+-------------------------------------------------------------------------------------+
; playerLuckStat[19..4] ; Input  ; Info     ; Stuck at GND                                                                        ;
; levelValue            ; Output ; Info     ; Connected to dangling logic. Logic that only feeds a dangling port will be removed. ;
+-----------------------+--------+----------+-------------------------------------------------------------------------------------+


+---------------------------------------------------------------------------------------+
; Port Connectivity Checks: "LevelController:inst2|FiveDigitNumberDisplay:moneyDisplay" ;
+-----------------+-------+----------+--------------------------------------------------+
; Port            ; Type  ; Severity ; Details                                          ;
+-----------------+-------+----------+--------------------------------------------------+
; topLeftX[10..5] ; Input ; Info     ; Stuck at GND                                     ;
; topLeftX[3..0]  ; Input ; Info     ; Stuck at GND                                     ;
; topLeftX[4]     ; Input ; Info     ; Stuck at VCC                                     ;
; topLeftY[10..7] ; Input ; Info     ; Stuck at GND                                     ;
; topLeftY[3..0]  ; Input ; Info     ; Stuck at GND                                     ;
; topLeftY[6]     ; Input ; Info     ; Stuck at VCC                                     ;
; topLeftY[5]     ; Input ; Info     ; Stuck at GND                                     ;
; topLeftY[4]     ; Input ; Info     ; Stuck at VCC                                     ;
+-----------------+-------+----------+--------------------------------------------------+


+---------------------------------------------------------------------------------------+
; Port Connectivity Checks: "LevelController:inst2|FiveDigitNumberDisplay:scoreDisplay" ;
+-----------------+-------+----------+--------------------------------------------------+
; Port            ; Type  ; Severity ; Details                                          ;
+-----------------+-------+----------+--------------------------------------------------+
; topLeftX[10..5] ; Input ; Info     ; Stuck at GND                                     ;
; topLeftX[3..0]  ; Input ; Info     ; Stuck at GND                                     ;
; topLeftX[4]     ; Input ; Info     ; Stuck at VCC                                     ;
; topLeftY[5..4]  ; Input ; Info     ; Stuck at VCC                                     ;
; topLeftY[10..6] ; Input ; Info     ; Stuck at GND                                     ;
; topLeftY[3..0]  ; Input ; Info     ; Stuck at GND                                     ;
+-----------------+-------+----------+--------------------------------------------------+


+------------------------------------------------------------------------------------------------------------------------------------------+
; Port Connectivity Checks: "LevelController:inst2|TimeDisplay:timeDisplay|FiveDigitDisplay:display|square_object:timeDisplaySquareObject" ;
+----------------+--------+----------+-----------------------------------------------------------------------------------------------------+
; Port           ; Type   ; Severity ; Details                                                                                             ;
+----------------+--------+----------+-----------------------------------------------------------------------------------------------------+
; offsetX[10..7] ; Output ; Info     ; Connected to dangling logic. Logic that only feeds a dangling port will be removed.                 ;
; offsetY[10..5] ; Output ; Info     ; Connected to dangling logic. Logic that only feeds a dangling port will be removed.                 ;
; RGBout         ; Output ; Info     ; Connected to dangling logic. Logic that only feeds a dangling port will be removed.                 ;
+----------------+--------+----------+-----------------------------------------------------------------------------------------------------+


+----------------------------------------------------------------------------------------------------+
; Port Connectivity Checks: "LevelController:inst2|TimeDisplay:timeDisplay|FiveDigitDisplay:display" ;
+--------------+-------+----------+------------------------------------------------------------------+
; Port         ; Type  ; Severity ; Details                                                          ;
+--------------+-------+----------+------------------------------------------------------------------+
; digits[2][3] ; Input ; Info     ; Stuck at VCC                                                     ;
; digits[2][2] ; Input ; Info     ; Stuck at GND                                                     ;
; digits[2][1] ; Input ; Info     ; Stuck at VCC                                                     ;
; digits[2][0] ; Input ; Info     ; Stuck at GND                                                     ;
+--------------+-------+----------+------------------------------------------------------------------+


+---------------------------------------------------------------------------+
; Port Connectivity Checks: "LevelController:inst2|TimeDisplay:timeDisplay" ;
+----------------------+-------+----------+---------------------------------+
; Port                 ; Type  ; Severity ; Details                         ;
+----------------------+-------+----------+---------------------------------+
; topLeftX[10..5]      ; Input ; Info     ; Stuck at GND                    ;
; topLeftX[3..0]       ; Input ; Info     ; Stuck at GND                    ;
; topLeftX[4]          ; Input ; Info     ; Stuck at VCC                    ;
; topLeftY[10..5]      ; Input ; Info     ; Stuck at GND                    ;
; topLeftY[3..0]       ; Input ; Info     ; Stuck at GND                    ;
; topLeftY[4]          ; Input ; Info     ; Stuck at VCC                    ;
; timeInSeconds[10..9] ; Input ; Info     ; Stuck at GND                    ;
+----------------------+-------+----------+---------------------------------+


+-----------------------------------------------------------------------+
; Port Connectivity Checks: "LevelController:inst2|SpriteRom:sharedROM" ;
+---------------+-------+----------+------------------------------------+
; Port          ; Type  ; Severity ; Details                            ;
+---------------+-------+----------+------------------------------------+
; objectType[3] ; Input ; Info     ; Stuck at GND                       ;
+---------------+-------+----------+------------------------------------+


+-----------------------------------------------------------------------------------------------------------------------+
; Port Connectivity Checks: "LevelController:inst2|NewGrabbableObject:GrabbableObject_GEN[19].obj_inst"                 ;
+-------------+--------+----------+-------------------------------------------------------------------------------------+
; Port        ; Type   ; Severity ; Details                                                                             ;
+-------------+--------+----------+-------------------------------------------------------------------------------------+
; idleX[4..0] ; Input  ; Info     ; Stuck at GND                                                                        ;
; idleY[4..0] ; Input  ; Info     ; Stuck at GND                                                                        ;
; idleY[10]   ; Input  ; Info     ; Stuck at GND                                                                        ;
; texToRead   ; Output ; Info     ; Connected to dangling logic. Logic that only feeds a dangling port will be removed. ;
+-------------+--------+----------+-------------------------------------------------------------------------------------+


+-----------------------------------------------------------------------------------------------------------------------+
; Port Connectivity Checks: "LevelController:inst2|NewGrabbableObject:GrabbableObject_GEN[18].obj_inst"                 ;
+-------------+--------+----------+-------------------------------------------------------------------------------------+
; Port        ; Type   ; Severity ; Details                                                                             ;
+-------------+--------+----------+-------------------------------------------------------------------------------------+
; idleX[4..0] ; Input  ; Info     ; Stuck at GND                                                                        ;
; idleY[4..0] ; Input  ; Info     ; Stuck at GND                                                                        ;
; idleY[10]   ; Input  ; Info     ; Stuck at GND                                                                        ;
; texToRead   ; Output ; Info     ; Connected to dangling logic. Logic that only feeds a dangling port will be removed. ;
+-------------+--------+----------+-------------------------------------------------------------------------------------+


+-----------------------------------------------------------------------------------------------------------------------+
; Port Connectivity Checks: "LevelController:inst2|NewGrabbableObject:GrabbableObject_GEN[17].obj_inst"                 ;
+-------------+--------+----------+-------------------------------------------------------------------------------------+
; Port        ; Type   ; Severity ; Details                                                                             ;
+-------------+--------+----------+-------------------------------------------------------------------------------------+
; idleX[4..0] ; Input  ; Info     ; Stuck at GND                                                                        ;
; idleY[4..0] ; Input  ; Info     ; Stuck at GND                                                                        ;
; idleY[10]   ; Input  ; Info     ; Stuck at GND                                                                        ;
; texToRead   ; Output ; Info     ; Connected to dangling logic. Logic that only feeds a dangling port will be removed. ;
+-------------+--------+----------+-------------------------------------------------------------------------------------+


+-----------------------------------------------------------------------------------------------------------------------+
; Port Connectivity Checks: "LevelController:inst2|NewGrabbableObject:GrabbableObject_GEN[16].obj_inst"                 ;
+-------------+--------+----------+-------------------------------------------------------------------------------------+
; Port        ; Type   ; Severity ; Details                                                                             ;
+-------------+--------+----------+-------------------------------------------------------------------------------------+
; idleX[4..0] ; Input  ; Info     ; Stuck at GND                                                                        ;
; idleY[4..0] ; Input  ; Info     ; Stuck at GND                                                                        ;
; idleY[10]   ; Input  ; Info     ; Stuck at GND                                                                        ;
; texToRead   ; Output ; Info     ; Connected to dangling logic. Logic that only feeds a dangling port will be removed. ;
+-------------+--------+----------+-------------------------------------------------------------------------------------+


+-----------------------------------------------------------------------------------------------------------------------+
; Port Connectivity Checks: "LevelController:inst2|NewGrabbableObject:GrabbableObject_GEN[15].obj_inst"                 ;
+-------------+--------+----------+-------------------------------------------------------------------------------------+
; Port        ; Type   ; Severity ; Details                                                                             ;
+-------------+--------+----------+-------------------------------------------------------------------------------------+
; idleX[4..0] ; Input  ; Info     ; Stuck at GND                                                                        ;
; idleY[4..0] ; Input  ; Info     ; Stuck at GND                                                                        ;
; idleY[10]   ; Input  ; Info     ; Stuck at GND                                                                        ;
; texToRead   ; Output ; Info     ; Connected to dangling logic. Logic that only feeds a dangling port will be removed. ;
+-------------+--------+----------+-------------------------------------------------------------------------------------+


+-----------------------------------------------------------------------------------------------------------------------+
; Port Connectivity Checks: "LevelController:inst2|NewGrabbableObject:GrabbableObject_GEN[14].obj_inst"                 ;
+-------------+--------+----------+-------------------------------------------------------------------------------------+
; Port        ; Type   ; Severity ; Details                                                                             ;
+-------------+--------+----------+-------------------------------------------------------------------------------------+
; idleX[4..0] ; Input  ; Info     ; Stuck at GND                                                                        ;
; idleY[4..0] ; Input  ; Info     ; Stuck at GND                                                                        ;
; idleY[10]   ; Input  ; Info     ; Stuck at GND                                                                        ;
; texToRead   ; Output ; Info     ; Connected to dangling logic. Logic that only feeds a dangling port will be removed. ;
+-------------+--------+----------+-------------------------------------------------------------------------------------+


+-----------------------------------------------------------------------------------------------------------------------+
; Port Connectivity Checks: "LevelController:inst2|NewGrabbableObject:GrabbableObject_GEN[13].obj_inst"                 ;
+-------------+--------+----------+-------------------------------------------------------------------------------------+
; Port        ; Type   ; Severity ; Details                                                                             ;
+-------------+--------+----------+-------------------------------------------------------------------------------------+
; idleX[4..0] ; Input  ; Info     ; Stuck at GND                                                                        ;
; idleY[4..0] ; Input  ; Info     ; Stuck at GND                                                                        ;
; idleY[10]   ; Input  ; Info     ; Stuck at GND                                                                        ;
; texToRead   ; Output ; Info     ; Connected to dangling logic. Logic that only feeds a dangling port will be removed. ;
+-------------+--------+----------+-------------------------------------------------------------------------------------+


+-----------------------------------------------------------------------------------------------------------------------+
; Port Connectivity Checks: "LevelController:inst2|NewGrabbableObject:GrabbableObject_GEN[12].obj_inst"                 ;
+-------------+--------+----------+-------------------------------------------------------------------------------------+
; Port        ; Type   ; Severity ; Details                                                                             ;
+-------------+--------+----------+-------------------------------------------------------------------------------------+
; idleX[4..0] ; Input  ; Info     ; Stuck at GND                                                                        ;
; idleY[4..0] ; Input  ; Info     ; Stuck at GND                                                                        ;
; idleY[10]   ; Input  ; Info     ; Stuck at GND                                                                        ;
; texToRead   ; Output ; Info     ; Connected to dangling logic. Logic that only feeds a dangling port will be removed. ;
+-------------+--------+----------+-------------------------------------------------------------------------------------+


+-----------------------------------------------------------------------------------------------------------------------+
; Port Connectivity Checks: "LevelController:inst2|NewGrabbableObject:GrabbableObject_GEN[11].obj_inst"                 ;
+-------------+--------+----------+-------------------------------------------------------------------------------------+
; Port        ; Type   ; Severity ; Details                                                                             ;
+-------------+--------+----------+-------------------------------------------------------------------------------------+
; idleX[4..0] ; Input  ; Info     ; Stuck at GND                                                                        ;
; idleY[4..0] ; Input  ; Info     ; Stuck at GND                                                                        ;
; idleY[10]   ; Input  ; Info     ; Stuck at GND                                                                        ;
; texToRead   ; Output ; Info     ; Connected to dangling logic. Logic that only feeds a dangling port will be removed. ;
+-------------+--------+----------+-------------------------------------------------------------------------------------+


+-----------------------------------------------------------------------------------------------------------------------+
; Port Connectivity Checks: "LevelController:inst2|NewGrabbableObject:GrabbableObject_GEN[10].obj_inst"                 ;
+-------------+--------+----------+-------------------------------------------------------------------------------------+
; Port        ; Type   ; Severity ; Details                                                                             ;
+-------------+--------+----------+-------------------------------------------------------------------------------------+
; idleX[4..0] ; Input  ; Info     ; Stuck at GND                                                                        ;
; idleY[4..0] ; Input  ; Info     ; Stuck at GND                                                                        ;
; idleY[10]   ; Input  ; Info     ; Stuck at GND                                                                        ;
; texToRead   ; Output ; Info     ; Connected to dangling logic. Logic that only feeds a dangling port will be removed. ;
+-------------+--------+----------+-------------------------------------------------------------------------------------+


+-----------------------------------------------------------------------------------------------------------------------+
; Port Connectivity Checks: "LevelController:inst2|NewGrabbableObject:GrabbableObject_GEN[9].obj_inst"                  ;
+-------------+--------+----------+-------------------------------------------------------------------------------------+
; Port        ; Type   ; Severity ; Details                                                                             ;
+-------------+--------+----------+-------------------------------------------------------------------------------------+
; idleX[4..0] ; Input  ; Info     ; Stuck at GND                                                                        ;
; idleY[4..0] ; Input  ; Info     ; Stuck at GND                                                                        ;
; idleY[10]   ; Input  ; Info     ; Stuck at GND                                                                        ;
; texToRead   ; Output ; Info     ; Connected to dangling logic. Logic that only feeds a dangling port will be removed. ;
+-------------+--------+----------+-------------------------------------------------------------------------------------+


+-----------------------------------------------------------------------------------------------------------------------+
; Port Connectivity Checks: "LevelController:inst2|NewGrabbableObject:GrabbableObject_GEN[8].obj_inst"                  ;
+-------------+--------+----------+-------------------------------------------------------------------------------------+
; Port        ; Type   ; Severity ; Details                                                                             ;
+-------------+--------+----------+-------------------------------------------------------------------------------------+
; idleX[4..0] ; Input  ; Info     ; Stuck at GND                                                                        ;
; idleY[4..0] ; Input  ; Info     ; Stuck at GND                                                                        ;
; idleY[10]   ; Input  ; Info     ; Stuck at GND                                                                        ;
; texToRead   ; Output ; Info     ; Connected to dangling logic. Logic that only feeds a dangling port will be removed. ;
+-------------+--------+----------+-------------------------------------------------------------------------------------+


+-----------------------------------------------------------------------------------------------------------------------+
; Port Connectivity Checks: "LevelController:inst2|NewGrabbableObject:GrabbableObject_GEN[7].obj_inst"                  ;
+-------------+--------+----------+-------------------------------------------------------------------------------------+
; Port        ; Type   ; Severity ; Details                                                                             ;
+-------------+--------+----------+-------------------------------------------------------------------------------------+
; idleX[4..0] ; Input  ; Info     ; Stuck at GND                                                                        ;
; idleY[4..0] ; Input  ; Info     ; Stuck at GND                                                                        ;
; idleY[10]   ; Input  ; Info     ; Stuck at GND                                                                        ;
; texToRead   ; Output ; Info     ; Connected to dangling logic. Logic that only feeds a dangling port will be removed. ;
+-------------+--------+----------+-------------------------------------------------------------------------------------+


+-----------------------------------------------------------------------------------------------------------------------+
; Port Connectivity Checks: "LevelController:inst2|NewGrabbableObject:GrabbableObject_GEN[6].obj_inst"                  ;
+-------------+--------+----------+-------------------------------------------------------------------------------------+
; Port        ; Type   ; Severity ; Details                                                                             ;
+-------------+--------+----------+-------------------------------------------------------------------------------------+
; idleX[4..0] ; Input  ; Info     ; Stuck at GND                                                                        ;
; idleY[4..0] ; Input  ; Info     ; Stuck at GND                                                                        ;
; idleY[10]   ; Input  ; Info     ; Stuck at GND                                                                        ;
; texToRead   ; Output ; Info     ; Connected to dangling logic. Logic that only feeds a dangling port will be removed. ;
+-------------+--------+----------+-------------------------------------------------------------------------------------+


+-----------------------------------------------------------------------------------------------------------------------+
; Port Connectivity Checks: "LevelController:inst2|NewGrabbableObject:GrabbableObject_GEN[5].obj_inst"                  ;
+-------------+--------+----------+-------------------------------------------------------------------------------------+
; Port        ; Type   ; Severity ; Details                                                                             ;
+-------------+--------+----------+-------------------------------------------------------------------------------------+
; idleX[4..0] ; Input  ; Info     ; Stuck at GND                                                                        ;
; idleY[4..0] ; Input  ; Info     ; Stuck at GND                                                                        ;
; idleY[10]   ; Input  ; Info     ; Stuck at GND                                                                        ;
; texToRead   ; Output ; Info     ; Connected to dangling logic. Logic that only feeds a dangling port will be removed. ;
+-------------+--------+----------+-------------------------------------------------------------------------------------+


+-----------------------------------------------------------------------------------------------------------------------+
; Port Connectivity Checks: "LevelController:inst2|NewGrabbableObject:GrabbableObject_GEN[4].obj_inst"                  ;
+-------------+--------+----------+-------------------------------------------------------------------------------------+
; Port        ; Type   ; Severity ; Details                                                                             ;
+-------------+--------+----------+-------------------------------------------------------------------------------------+
; idleX[4..0] ; Input  ; Info     ; Stuck at GND                                                                        ;
; idleY[4..0] ; Input  ; Info     ; Stuck at GND                                                                        ;
; idleY[10]   ; Input  ; Info     ; Stuck at GND                                                                        ;
; texToRead   ; Output ; Info     ; Connected to dangling logic. Logic that only feeds a dangling port will be removed. ;
+-------------+--------+----------+-------------------------------------------------------------------------------------+


+-----------------------------------------------------------------------------------------------------------------------+
; Port Connectivity Checks: "LevelController:inst2|NewGrabbableObject:GrabbableObject_GEN[3].obj_inst"                  ;
+-------------+--------+----------+-------------------------------------------------------------------------------------+
; Port        ; Type   ; Severity ; Details                                                                             ;
+-------------+--------+----------+-------------------------------------------------------------------------------------+
; idleX[4..0] ; Input  ; Info     ; Stuck at GND                                                                        ;
; idleY[4..0] ; Input  ; Info     ; Stuck at GND                                                                        ;
; idleY[10]   ; Input  ; Info     ; Stuck at GND                                                                        ;
; texToRead   ; Output ; Info     ; Connected to dangling logic. Logic that only feeds a dangling port will be removed. ;
+-------------+--------+----------+-------------------------------------------------------------------------------------+


+-----------------------------------------------------------------------------------------------------------------------+
; Port Connectivity Checks: "LevelController:inst2|NewGrabbableObject:GrabbableObject_GEN[2].obj_inst"                  ;
+-------------+--------+----------+-------------------------------------------------------------------------------------+
; Port        ; Type   ; Severity ; Details                                                                             ;
+-------------+--------+----------+-------------------------------------------------------------------------------------+
; idleX[4..0] ; Input  ; Info     ; Stuck at GND                                                                        ;
; idleY[4..0] ; Input  ; Info     ; Stuck at GND                                                                        ;
; idleY[10]   ; Input  ; Info     ; Stuck at GND                                                                        ;
; texToRead   ; Output ; Info     ; Connected to dangling logic. Logic that only feeds a dangling port will be removed. ;
+-------------+--------+----------+-------------------------------------------------------------------------------------+


+-----------------------------------------------------------------------------------------------------------------------+
; Port Connectivity Checks: "LevelController:inst2|NewGrabbableObject:GrabbableObject_GEN[1].obj_inst"                  ;
+-------------+--------+----------+-------------------------------------------------------------------------------------+
; Port        ; Type   ; Severity ; Details                                                                             ;
+-------------+--------+----------+-------------------------------------------------------------------------------------+
; idleX[4..0] ; Input  ; Info     ; Stuck at GND                                                                        ;
; idleY[4..0] ; Input  ; Info     ; Stuck at GND                                                                        ;
; idleY[10]   ; Input  ; Info     ; Stuck at GND                                                                        ;
; texToRead   ; Output ; Info     ; Connected to dangling logic. Logic that only feeds a dangling port will be removed. ;
+-------------+--------+----------+-------------------------------------------------------------------------------------+


+-----------------------------------------------------------------------------------------------------------------------+
; Port Connectivity Checks: "LevelController:inst2|NewGrabbableObject:GrabbableObject_GEN[0].obj_inst"                  ;
+-------------+--------+----------+-------------------------------------------------------------------------------------+
; Port        ; Type   ; Severity ; Details                                                                             ;
+-------------+--------+----------+-------------------------------------------------------------------------------------+
; idleX[4..0] ; Input  ; Info     ; Stuck at GND                                                                        ;
; idleY[4..0] ; Input  ; Info     ; Stuck at GND                                                                        ;
; idleY[10]   ; Input  ; Info     ; Stuck at GND                                                                        ;
; texToRead   ; Output ; Info     ; Connected to dangling logic. Logic that only feeds a dangling port will be removed. ;
+-------------+--------+----------+-------------------------------------------------------------------------------------+


+-----------------------------------------------------------------------+
; Port Connectivity Checks: "LevelController:inst2|DrawLine:lineDrawer" ;
+-----------------+-------+----------+----------------------------------+
; Port            ; Type  ; Severity ; Details                          ;
+-----------------+-------+----------+----------------------------------+
; x1[10..9]       ; Input ; Info     ; Stuck at GND                     ;
; x1[5..0]        ; Input ; Info     ; Stuck at GND                     ;
; x1[8]           ; Input ; Info     ; Stuck at VCC                     ;
; x1[7]           ; Input ; Info     ; Stuck at GND                     ;
; x1[6]           ; Input ; Info     ; Stuck at VCC                     ;
; y1[6..5]        ; Input ; Info     ; Stuck at VCC                     ;
; y1[10..7]       ; Input ; Info     ; Stuck at GND                     ;
; y1[4..0]        ; Input ; Info     ; Stuck at GND                     ;
; width[4..1]     ; Input ; Info     ; Stuck at GND                     ;
; width[0]        ; Input ; Info     ; Stuck at VCC                     ;
; lineColor[7..1] ; Input ; Info     ; Stuck at VCC                     ;
; lineColor[0]    ; Input ; Info     ; Stuck at GND                     ;
+-----------------+-------+----------+----------------------------------+


+-----------------------------------------------------+
; Post-Synthesis Netlist Statistics for Top Partition ;
+-----------------------+-----------------------------+
; Type                  ; Count                       ;
+-----------------------+-----------------------------+
; arriav_ff             ; 875                         ;
;     CLR               ; 94                          ;
;     CLR SCLR          ; 198                         ;
;     CLR SLD           ; 31                          ;
;     ENA               ; 6                           ;
;     ENA CLR           ; 40                          ;
;     ENA CLR SCLR      ; 61                          ;
;     ENA SCLR          ; 400                         ;
;     plain             ; 45                          ;
; arriav_lcell_comb     ; 5432                        ;
;     arith             ; 1172                        ;
;         0 data inputs ; 171                         ;
;         1 data inputs ; 224                         ;
;         2 data inputs ; 152                         ;
;         3 data inputs ; 362                         ;
;         4 data inputs ; 222                         ;
;         5 data inputs ; 41                          ;
;     extend            ; 84                          ;
;         7 data inputs ; 84                          ;
;     normal            ; 4017                        ;
;         0 data inputs ; 1                           ;
;         1 data inputs ; 19                          ;
;         2 data inputs ; 539                         ;
;         3 data inputs ; 861                         ;
;         4 data inputs ; 566                         ;
;         5 data inputs ; 587                         ;
;         6 data inputs ; 1444                        ;
;     shared            ; 159                         ;
;         0 data inputs ; 37                          ;
;         1 data inputs ; 97                          ;
;         2 data inputs ; 24                          ;
;         3 data inputs ; 1                           ;
; arriav_mac            ; 9                           ;
; blackbox              ; 1                           ;
;         BDINTF:inst   ; 1                           ;
; boundary_port         ; 36                          ;
; generic_pll           ; 1                           ;
; stratixv_ram_block    ; 40                          ;
;                       ;                             ;
; Max LUT depth         ; 21.70                       ;
; Average LUT depth     ; 12.13                       ;
+-----------------------+-----------------------------+


+-------------------------------+
; Elapsed Time Per Partition    ;
+----------------+--------------+
; Partition Name ; Elapsed Time ;
+----------------+--------------+
; Top            ; 00:00:21     ;
+----------------+--------------+


+-------------------------------+
; Analysis & Synthesis Messages ;
+-------------------------------+
Info: *******************************************************************
Info: Running Quartus Prime Analysis & Synthesis
    Info: Version 17.0.0 Build 595 04/25/2017 SJ Lite Edition
    Info: Processing started: Thu Jan 08 21:07:25 2026
Info: Command: quartus_map --read_settings_files=on --write_settings_files=off Lab1Demo -c Lab1Demo
Info (20032): Parallel compilation is enabled and will use up to 16 processors
Warning (20031): Parallel compilation is enabled for 16 processors, but there are only 14 processors in the system. Runtime may increase due to over usage of the processor space.
Info (12021): Found 1 design units, including 1 entities, in source file gamecontrol/newgrabbableobject.sv
    Info (12023): Found entity 1: NewGrabbableObject File: C:/Users/Omer/Documents/GitHub/ECELab1-GoldMiner/GoldMiner_Local/GameControl/NewGrabbableObject.sv Line: 1
Info (12021): Found 1 design units, including 1 entities, in source file rtl/vga/top_vga_demo_kbd.bdf
    Info (12023): Found entity 1: TOP_VGA_DEMO_KBD
Info (12021): Found 1 design units, including 1 entities, in source file rtl/vga/game_controller.sv
    Info (12023): Found entity 1: game_controller File: C:/Users/Omer/Documents/GitHub/ECELab1-GoldMiner/GoldMiner_Local/RTL/VGA/game_controller.sv Line: 6
Info (12021): Found 1 design units, including 1 entities, in source file rtl/vga/smiley_move.sv
    Info (12023): Found entity 1: smiley_move File: C:/Users/Omer/Documents/GitHub/ECELab1-GoldMiner/GoldMiner_Local/RTL/VGA/smiley_move.sv Line: 11
Info (12021): Found 1 design units, including 1 entities, in source file rtl/vga/smiley_block_t.bdf
    Info (12023): Found entity 1: Smiley_Block_T
Info (12021): Found 1 design units, including 1 entities, in source file rtl/vga/smileybitmap.sv
    Info (12023): Found entity 1: smileyBitMap File: C:/Users/Omer/Documents/GitHub/ECELab1-GoldMiner/GoldMiner_Local/RTL/VGA/smileyBitMap.sv Line: 7
Info (12021): Found 1 design units, including 1 entities, in source file rtl/vga/square_object.sv
    Info (12023): Found entity 1: square_object File: C:/Users/Omer/Documents/GitHub/ECELab1-GoldMiner/GoldMiner_Local/RTL/VGA/square_object.sv Line: 8
Info (12021): Found 1 design units, including 1 entities, in source file rtl/vga/back_ground_draw.sv
    Info (12023): Found entity 1: back_ground_draw File: C:/Users/Omer/Documents/GitHub/ECELab1-GoldMiner/GoldMiner_Local/RTL/VGA/back_ground_draw.sv Line: 5
Info (12021): Found 1 design units, including 1 entities, in source file rtl/vga/square_hart_object.sv
    Info (12023): Found entity 1: square_Hart_object File: C:/Users/Omer/Documents/GitHub/ECELab1-GoldMiner/GoldMiner_Local/RTL/VGA/square_Hart_object.sv Line: 8
Info (12021): Found 1 design units, including 1 entities, in source file rtl/vga/hartsmatrixbitmap.sv
    Info (12023): Found entity 1: HartsMatrixBitMap File: C:/Users/Omer/Documents/GitHub/ECELab1-GoldMiner/GoldMiner_Local/RTL/VGA/HartsMatrixBitMap.sv Line: 7
Info (12021): Found 1 design units, including 1 entities, in source file rtl/vga/hart_display.bdf
    Info (12023): Found entity 1: HART_DISPLAY
Info (12021): Found 1 design units, including 1 entities, in source file rtl/vga/objects_mux.sv
    Info (12023): Found entity 1: objects_mux File: C:/Users/Omer/Documents/GitHub/ECELab1-GoldMiner/GoldMiner_Local/RTL/VGA/objects_mux.sv Line: 10
Info (12021): Found 1 design units, including 1 entities, in source file rtl/vga/vga_controller.sv
    Info (12023): Found entity 1: VGA_Controller File: C:/Users/Omer/Documents/GitHub/ECELab1-GoldMiner/GoldMiner_Local/RTL/VGA/VGA_Controller.sv Line: 11
Info (12021): Found 1 design units, including 1 entities, in source file rtl/vga/numbersbitmap.sv
    Info (12023): Found entity 1: NumbersBitMap File: C:/Users/Omer/Documents/GitHub/ECELab1-GoldMiner/GoldMiner_Local/RTL/VGA/NumbersBitMap.sv Line: 8
Info (12021): Found 1 design units, including 1 entities, in source file rtl/vga/valx.v
    Info (12023): Found entity 1: valX File: C:/Users/Omer/Documents/GitHub/ECELab1-GoldMiner/GoldMiner_Local/RTL/VGA/valX.v Line: 40
Info (12021): Found 1 design units, including 1 entities, in source file rtl/keyboardx/top_kbd.bdf
    Info (12023): Found entity 1: TOP_KBD
Info (12021): Found 1 design units, including 1 entities, in source file rtl/keyboardx/keypad_decoder.sv
    Info (12023): Found entity 1: keyPad_decoder File: C:/Users/Omer/Documents/GitHub/ECELab1-GoldMiner/GoldMiner_Local/RTL/KEYBOARDX/keyPad_decoder.sv Line: 5
Info (12021): Found 1 design units, including 1 entities, in source file rtl/keyboardx/simple_up_counter.sv
    Info (12023): Found entity 1: simple_up_counter File: C:/Users/Omer/Documents/GitHub/ECELab1-GoldMiner/GoldMiner_Local/RTL/KEYBOARDX/simple_up_counter.sv Line: 6
Info (12021): Found 1 design units, including 1 entities, in source file rtl/keyboardx/random.sv
    Info (12023): Found entity 1: random File: C:/Users/Omer/Documents/GitHub/ECELab1-GoldMiner/GoldMiner_Local/RTL/KEYBOARDX/random.sv Line: 2
Info (12021): Found 1 design units, including 1 entities, in source file kbdintf.qxp
    Info (12023): Found entity 1: KBDINTF File: C:/Users/Omer/Documents/GitHub/ECELab1-GoldMiner/GoldMiner_Local/KBDINTF.qxp Line: -1
Info (12021): Found 1 design units, including 1 entities, in source file rtl/seg7/seg7.sv
    Info (12023): Found entity 1: SEG7 File: C:/Users/Omer/Documents/GitHub/ECELab1-GoldMiner/GoldMiner_Local/RTL/Seg7/SEG7.SV Line: 4
Info (12021): Found 1 design units, including 1 entities, in source file rtl/audio/mili_sec_counter.sv
    Info (12023): Found entity 1: Mili_sec_counter File: C:/Users/Omer/Documents/GitHub/ECELab1-GoldMiner/GoldMiner_Local/RTL/AUDIO/Mili_sec_counter.sv Line: 8
Info (12021): Found 1 design units, including 1 entities, in source file rtl/audio/melody_player_1.sv
    Info (12023): Found entity 1: melody_player_1 File: C:/Users/Omer/Documents/GitHub/ECELab1-GoldMiner/GoldMiner_Local/RTL/AUDIO/melody_player_1.sv Line: 7
Info (12021): Found 1 design units, including 1 entities, in source file rtl/audio/jukebox1.sv
    Info (12023): Found entity 1: JukeBox1 File: C:/Users/Omer/Documents/GitHub/ECELab1-GoldMiner/GoldMiner_Local/RTL/AUDIO/JukeBox1.sv Line: 9
Info (12021): Found 1 design units, including 1 entities, in source file rtl/audio/sintable.sv
    Info (12023): Found entity 1: sintable File: C:/Users/Omer/Documents/GitHub/ECELab1-GoldMiner/GoldMiner_Local/RTL/AUDIO/SinTable.sv Line: 9
Info (12021): Found 1 design units, including 1 entities, in source file rtl/audio/addr_counter.sv
    Info (12023): Found entity 1: addr_counter File: C:/Users/Omer/Documents/GitHub/ECELab1-GoldMiner/GoldMiner_Local/RTL/AUDIO/addr_counter.sv Line: 4
Info (12021): Found 1 design units, including 1 entities, in source file rtl/audio/prescaler.sv
    Info (12023): Found entity 1: prescaler File: C:/Users/Omer/Documents/GitHub/ECELab1-GoldMiner/GoldMiner_Local/RTL/AUDIO/prescaler.sv Line: 12
Info (12021): Found 1 design units, including 1 entities, in source file rtl/audio/tonedecoder.sv
    Info (12023): Found entity 1: ToneDecoder File: C:/Users/Omer/Documents/GitHub/ECELab1-GoldMiner/GoldMiner_Local/RTL/AUDIO/ToneDecoder.sv Line: 7
Info (12021): Found 1 design units, including 1 entities, in source file rtl/audio/audio.bdf
    Info (12023): Found entity 1: AUDIO
Info (12021): Found 1 design units, including 1 entities, in source file rtl/audio/audio_codec_controller/i2c.sv
    Info (12023): Found entity 1: i2c File: C:/Users/Omer/Documents/GitHub/ECELab1-GoldMiner/GoldMiner_Local/RTL/AUDIO/audio_codec_controller/i2c.sv Line: 44
Info (12021): Found 1 design units, including 1 entities, in source file rtl/audio/audio_codec_controller/dualserial2parallel.sv
    Info (12023): Found entity 1: DualSerial2parallel File: C:/Users/Omer/Documents/GitHub/ECELab1-GoldMiner/GoldMiner_Local/RTL/AUDIO/audio_codec_controller/DualSerial2parallel.sv Line: 1
Info (12021): Found 1 design units, including 1 entities, in source file rtl/audio/audio_codec_controller/clock_500.sv
    Info (12023): Found entity 1: CLOCK_500 File: C:/Users/Omer/Documents/GitHub/ECELab1-GoldMiner/GoldMiner_Local/RTL/AUDIO/audio_codec_controller/clock_500.sv Line: 49
Info (12021): Found 1 design units, including 1 entities, in source file rtl/audio/audio_codec_controller/audio_codec_controller.sv
    Info (12023): Found entity 1: audio_codec_controller File: C:/Users/Omer/Documents/GitHub/ECELab1-GoldMiner/GoldMiner_Local/RTL/AUDIO/audio_codec_controller/audio_codec_controller.sv Line: 11
Info (12021): Found 1 design units, including 1 entities, in source file clk_31p5.v
    Info (12023): Found entity 1: CLK_31P5 File: C:/Users/Omer/Documents/GitHub/ECELab1-GoldMiner/GoldMiner_Local/CLK_31P5.v Line: 8
Info (12021): Found 1 design units, including 1 entities, in source file clk_31p5/clk_31p5_0002.v
    Info (12023): Found entity 1: CLK_31P5_0002 File: C:/Users/Omer/Documents/GitHub/ECELab1-GoldMiner/GoldMiner_Local/CLK_31P5/CLK_31P5_0002.v Line: 2
Info (12021): Found 1 design units, including 1 entities, in source file rtl/vga/myconstant.sv
    Info (12023): Found entity 1: MyConstant File: C:/Users/Omer/Documents/GitHub/ECELab1-GoldMiner/GoldMiner_Local/RTL/VGA/MyConstant.sv Line: 6
Info (12021): Found 1 design units, including 1 entities, in source file rtl/vga/old_objects_mux.sv
    Info (12023): Found entity 1: old_objects_mux File: C:/Users/Omer/Documents/GitHub/ECELab1-GoldMiner/GoldMiner_Local/RTL/VGA/old_objects_mux.sv Line: 10
Info (12021): Found 1 design units, including 1 entities, in source file rtl/vga/top_vga_demo_kbd_old.bdf
    Info (12023): Found entity 1: TOP_VGA_DEMO_KBD_old
Info (12021): Found 1 design units, including 1 entities, in source file gamecontrol/stagecontroller.sv
    Info (12023): Found entity 1: StageController File: C:/Users/Omer/Documents/GitHub/ECELab1-GoldMiner/GoldMiner_Local/GameControl/StageController.sv Line: 1
Info (12021): Found 1 design units, including 1 entities, in source file stages/mainmenu.sv
    Info (12023): Found entity 1: MainMenu File: C:/Users/Omer/Documents/GitHub/ECELab1-GoldMiner/GoldMiner_Local/Stages/MainMenu.sv Line: 1
Warning (10275): Verilog HDL Module Instantiation warning at LevelController.sv(126): ignored dangling comma in List of Port Connections File: C:/Users/Omer/Documents/GitHub/ECELab1-GoldMiner/GoldMiner_Local/Stages/LevelController.sv Line: 126
Info (12021): Found 1 design units, including 1 entities, in source file stages/levelcontroller.sv
    Info (12023): Found entity 1: LevelController File: C:/Users/Omer/Documents/GitHub/ECELab1-GoldMiner/GoldMiner_Local/Stages/LevelController.sv Line: 2
Info (12021): Found 1 design units, including 1 entities, in source file rtl/gameloop/main.bdf
    Info (12023): Found entity 1: main
Info (12021): Found 1 design units, including 1 entities, in source file decoder.sv
    Info (12023): Found entity 1: Decoder File: C:/Users/Omer/Documents/GitHub/ECELab1-GoldMiner/GoldMiner_Local/Decoder.sv Line: 1
Info (12021): Found 1 design units, including 1 entities, in source file bitmaps/mainmenubitmap.sv
    Info (12023): Found entity 1: MainMenuBitmap File: C:/Users/Omer/Documents/GitHub/ECELab1-GoldMiner/GoldMiner_Local/Bitmaps/MainMenuBitmap.sv Line: 1
Info (12021): Found 1 design units, including 1 entities, in source file bitmaps/gameloopbitmap.sv
    Info (12023): Found entity 1: GameLoopBitmap File: C:/Users/Omer/Documents/GitHub/ECELab1-GoldMiner/GoldMiner_Local/Bitmaps/GameLoopBitmap.sv Line: 1
Info (12021): Found 1 design units, including 1 entities, in source file graphics/displaymux.sv
    Info (12023): Found entity 1: DisplayMux File: C:/Users/Omer/Documents/GitHub/ECELab1-GoldMiner/GoldMiner_Local/Graphics/DisplayMux.sv Line: 1
Info (12021): Found 1 design units, including 1 entities, in source file graphics/backgroundmux.sv
    Info (12023): Found entity 1: BackgroundMux File: C:/Users/Omer/Documents/GitHub/ECELab1-GoldMiner/GoldMiner_Local/Graphics/BackgroundMux.sv Line: 1
Info (12021): Found 1 design units, including 1 entities, in source file tilemap/tilemap.sv
    Info (12023): Found entity 1: Tilemap File: C:/Users/Omer/Documents/GitHub/ECELab1-GoldMiner/GoldMiner_Local/Tilemap/Tilemap.sv Line: 1
Info (12021): Found 1 design units, including 1 entities, in source file gamecontrol/grabbableobject.sv
    Info (12023): Found entity 1: GrabbableObject File: C:/Users/Omer/Documents/GitHub/ECELab1-GoldMiner/GoldMiner_Local/GameControl/GrabbableObject.sv Line: 1
Info (12021): Found 1 design units, including 1 entities, in source file utilities/rotationtable.sv
    Info (12023): Found entity 1: RotationTable File: C:/Users/Omer/Documents/GitHub/ECELab1-GoldMiner/GoldMiner_Local/Utilities/RotationTable.sv Line: 1
Info (12021): Found 1 design units, including 1 entities, in source file gamecontrol/hook.sv
    Info (12023): Found entity 1: Hook File: C:/Users/Omer/Documents/GitHub/ECELab1-GoldMiner/GoldMiner_Local/GameControl/Hook.sv Line: 1
Info (12021): Found 1 design units, including 1 entities, in source file utilities/drawline.sv
    Info (12023): Found entity 1: DrawLine File: C:/Users/Omer/Documents/GitHub/ECELab1-GoldMiner/GoldMiner_Local/Utilities/DrawLine.sv Line: 61
Info (12021): Found 1 design units, including 1 entities, in source file stages/winmenu.sv
    Info (12023): Found entity 1: WinMenu File: C:/Users/Omer/Documents/GitHub/ECELab1-GoldMiner/GoldMiner_Local/Stages/WinMenu.sv Line: 1
Info (12021): Found 1 design units, including 1 entities, in source file stages/lossmenu.sv
    Info (12023): Found entity 1: LossMenu File: C:/Users/Omer/Documents/GitHub/ECELab1-GoldMiner/GoldMiner_Local/Stages/LossMenu.sv Line: 1
Info (12021): Found 1 design units, including 1 entities, in source file stages/gameendmenu.sv
    Info (12023): Found entity 1: GameEndMenu File: C:/Users/Omer/Documents/GitHub/ECELab1-GoldMiner/GoldMiner_Local/Stages/GameEndMenu.sv Line: 1
Info (12021): Found 1 design units, including 1 entities, in source file utilities/vectoror.sv
    Info (12023): Found entity 1: VectorOr File: C:/Users/Omer/Documents/GitHub/ECELab1-GoldMiner/GoldMiner_Local/Utilities/VectorOr.sv Line: 1
Info (12021): Found 1 design units, including 1 entities, in source file utilities/onesecpulse.sv
    Info (12023): Found entity 1: OneSecPulse File: C:/Users/Omer/Documents/GitHub/ECELab1-GoldMiner/GoldMiner_Local/Utilities/OneSecPulse.sv Line: 1
Warning (10275): Verilog HDL Module Instantiation warning at TimeDisplay.sv(39): ignored dangling comma in List of Port Connections File: C:/Users/Omer/Documents/GitHub/ECELab1-GoldMiner/GoldMiner_Local/Graphics/TimeDisplay.sv Line: 39
Info (12021): Found 1 design units, including 1 entities, in source file graphics/timedisplay.sv
    Info (12023): Found entity 1: TimeDisplay File: C:/Users/Omer/Documents/GitHub/ECELab1-GoldMiner/GoldMiner_Local/Graphics/TimeDisplay.sv Line: 3
Info (12021): Found 1 design units, including 1 entities, in source file utilities/pulsinator.sv
    Info (12023): Found entity 1: Pulsinator File: C:/Users/Omer/Documents/GitHub/ECELab1-GoldMiner/GoldMiner_Local/Utilities/Pulsinator.sv Line: 1
Info (12021): Found 1 design units, including 1 entities, in source file utilities/counter.sv
    Info (12023): Found entity 1: Counter File: C:/Users/Omer/Documents/GitHub/ECELab1-GoldMiner/GoldMiner_Local/Utilities/Counter.sv Line: 1
Info (12021): Found 1 design units, including 1 entities, in source file utilities/random.sv
    Info (12023): Found entity 1: Random File: C:/Users/Omer/Documents/GitHub/ECELab1-GoldMiner/GoldMiner_Local/Utilities/Random.sv Line: 1
Info (12021): Found 1 design units, including 1 entities, in source file gamecontrol/levelmaker.sv
    Info (12023): Found entity 1: LevelMaker File: C:/Users/Omer/Documents/GitHub/ECELab1-GoldMiner/GoldMiner_Local/GameControl/LevelMaker.sv Line: 1
Info (12021): Found 1 design units, including 0 entities, in source file utilities/globalspkg.sv
    Info (12022): Found design unit 1: GlobalsPKG (SystemVerilog) File: C:/Users/Omer/Documents/GitHub/ECELab1-GoldMiner/GoldMiner_Local/Utilities/GlobalsPKG.sv Line: 1
Info (12021): Found 1 design units, including 1 entities, in source file utilities/fivedigitdisplay.sv
    Info (12023): Found entity 1: FiveDigitDisplay File: C:/Users/Omer/Documents/GitHub/ECELab1-GoldMiner/GoldMiner_Local/Utilities/FiveDigitDisplay.sv Line: 1
Info (12021): Found 1 design units, including 1 entities, in source file graphics/fivedigitnumberdisplay.sv
    Info (12023): Found entity 1: FiveDigitNumberDisplay File: C:/Users/Omer/Documents/GitHub/ECELab1-GoldMiner/GoldMiner_Local/Graphics/FiveDigitNumberDisplay.sv Line: 3
Info (12021): Found 1 design units, including 1 entities, in source file graphics/spriterom.sv
    Info (12023): Found entity 1: SpriteRom File: C:/Users/Omer/Documents/GitHub/ECELab1-GoldMiner/GoldMiner_Local/Graphics/SpriteRom.sv Line: 1
Info (12021): Found 1 design units, including 1 entities, in source file stages/shop.sv
    Info (12023): Found entity 1: Shop File: C:/Users/Omer/Documents/GitHub/ECELab1-GoldMiner/GoldMiner_Local/Stages/Shop.sv Line: 1
Info (12021): Found 1 design units, including 1 entities, in source file gamecontrol/gamestatsmanager.sv
    Info (12023): Found entity 1: GameStatsManager File: C:/Users/Omer/Documents/GitHub/ECELab1-GoldMiner/GoldMiner_Local/GameControl/GameStatsManager.sv Line: 1
Info (12021): Found 1 design units, including 1 entities, in source file utilities/moneycounterwrapper.sv
    Info (12023): Found entity 1: MoneyCounterWrapper File: C:/Users/Omer/Documents/GitHub/ECELab1-GoldMiner/GoldMiner_Local/Utilities/MoneyCounterWrapper.sv Line: 1
Info (12021): Found 1 design units, including 1 entities, in source file utilities/scorecounterwrapper.sv
    Info (12023): Found entity 1: ScoreCounterWrapper File: C:/Users/Omer/Documents/GitHub/ECELab1-GoldMiner/GoldMiner_Local/Utilities/ScoreCounterWrapper.sv Line: 1
Warning (10236): Verilog HDL Implicit Net warning at audio_codec_controller.sv(61): created implicit net for "CLOCK_500_ena" File: C:/Users/Omer/Documents/GitHub/ECELab1-GoldMiner/GoldMiner_Local/RTL/AUDIO/audio_codec_controller/audio_codec_controller.sv Line: 61
Warning (10236): Verilog HDL Implicit Net warning at audio_codec_controller.sv(63): created implicit net for "CLOCK_SDAT_ena" File: C:/Users/Omer/Documents/GitHub/ECELab1-GoldMiner/GoldMiner_Local/RTL/AUDIO/audio_codec_controller/audio_codec_controller.sv Line: 63
Warning (10236): Verilog HDL Implicit Net warning at LevelController.sv(81): created implicit net for "startingNewLevel" File: C:/Users/Omer/Documents/GitHub/ECELab1-GoldMiner/GoldMiner_Local/Stages/LevelController.sv Line: 81
Warning (10236): Verilog HDL Implicit Net warning at LevelController.sv(186): created implicit net for "drGrabbableObject" File: C:/Users/Omer/Documents/GitHub/ECELab1-GoldMiner/GoldMiner_Local/Stages/LevelController.sv Line: 186
Warning (10236): Verilog HDL Implicit Net warning at GrabbableObject.sv(31): created implicit net for "insideBoundingBox" File: C:/Users/Omer/Documents/GitHub/ECELab1-GoldMiner/GoldMiner_Local/GameControl/GrabbableObject.sv Line: 31
Warning (10236): Verilog HDL Implicit Net warning at Hook.sv(37): created implicit net for "isNotInBoundingBox" File: C:/Users/Omer/Documents/GitHub/ECELab1-GoldMiner/GoldMiner_Local/GameControl/Hook.sv Line: 37
Info (12127): Elaborating entity "main" for the top level hierarchy
Warning (275006): Can't find a definition for parameter LPM_FILE -- assuming MIF/TileSet.mif was intended to be a quoted string
Warning (275004): Undeclared parameter ON
Warning (275006): Can't find a definition for parameter AUTO_CARRY_CHAINS -- assuming ON was intended to be a quoted string
Warning (275004): Undeclared parameter ON
Warning (275006): Can't find a definition for parameter AUTO_CASCADE_CHAINS -- assuming ON was intended to be a quoted string
Warning (275004): Undeclared parameter OFF
Warning (275006): Can't find a definition for parameter IGNORE_CARRY_BUFFERS -- assuming OFF was intended to be a quoted string
Warning (275004): Undeclared parameter OFF
Warning (275006): Can't find a definition for parameter IGNORE_CASCADE_BUFFERS -- assuming OFF was intended to be a quoted string
Info (12128): Elaborating entity "VGA_Controller" for hierarchy "VGA_Controller:inst8"
Warning (10230): Verilog HDL assignment warning at VGA_Controller.sv(61): truncated value with size 32 to match size of target (11) File: C:/Users/Omer/Documents/GitHub/ECELab1-GoldMiner/GoldMiner_Local/RTL/VGA/VGA_Controller.sv Line: 61
Warning (10230): Verilog HDL assignment warning at VGA_Controller.sv(62): truncated value with size 32 to match size of target (11) File: C:/Users/Omer/Documents/GitHub/ECELab1-GoldMiner/GoldMiner_Local/RTL/VGA/VGA_Controller.sv Line: 62
Warning (10230): Verilog HDL assignment warning at VGA_Controller.sv(64): truncated value with size 32 to match size of target (19) File: C:/Users/Omer/Documents/GitHub/ECELab1-GoldMiner/GoldMiner_Local/RTL/VGA/VGA_Controller.sv Line: 64
Warning (10230): Verilog HDL assignment warning at VGA_Controller.sv(74): truncated value with size 11 to match size of target (1) File: C:/Users/Omer/Documents/GitHub/ECELab1-GoldMiner/GoldMiner_Local/RTL/VGA/VGA_Controller.sv Line: 74
Info (12128): Elaborating entity "CLK_31P5" for hierarchy "CLK_31P5:inst7"
Info (12128): Elaborating entity "CLK_31P5_0002" for hierarchy "CLK_31P5:inst7|CLK_31P5_0002:clk_31p5_inst" File: C:/Users/Omer/Documents/GitHub/ECELab1-GoldMiner/GoldMiner_Local/CLK_31P5.v Line: 20
Info (12128): Elaborating entity "altera_pll" for hierarchy "CLK_31P5:inst7|CLK_31P5_0002:clk_31p5_inst|altera_pll:altera_pll_i" File: C:/Users/Omer/Documents/GitHub/ECELab1-GoldMiner/GoldMiner_Local/CLK_31P5/CLK_31P5_0002.v Line: 85
Info (10008): Verilog HDL or VHDL information: EDA Netlist Writer cannot regroup multidimensional array "wire_to_nowhere_64" into its bus
Info (12130): Elaborated megafunction instantiation "CLK_31P5:inst7|CLK_31P5_0002:clk_31p5_inst|altera_pll:altera_pll_i" File: C:/Users/Omer/Documents/GitHub/ECELab1-GoldMiner/GoldMiner_Local/CLK_31P5/CLK_31P5_0002.v Line: 85
Info (12133): Instantiated megafunction "CLK_31P5:inst7|CLK_31P5_0002:clk_31p5_inst|altera_pll:altera_pll_i" with the following parameter: File: C:/Users/Omer/Documents/GitHub/ECELab1-GoldMiner/GoldMiner_Local/CLK_31P5/CLK_31P5_0002.v Line: 85
    Info (12134): Parameter "fractional_vco_multiplier" = "false"
    Info (12134): Parameter "reference_clock_frequency" = "50.0 MHz"
    Info (12134): Parameter "operation_mode" = "direct"
    Info (12134): Parameter "number_of_clocks" = "1"
    Info (12134): Parameter "output_clock_frequency0" = "31.500000 MHz"
    Info (12134): Parameter "phase_shift0" = "0 ps"
    Info (12134): Parameter "duty_cycle0" = "50"
    Info (12134): Parameter "output_clock_frequency1" = "0 MHz"
    Info (12134): Parameter "phase_shift1" = "0 ps"
    Info (12134): Parameter "duty_cycle1" = "50"
    Info (12134): Parameter "output_clock_frequency2" = "0 MHz"
    Info (12134): Parameter "phase_shift2" = "0 ps"
    Info (12134): Parameter "duty_cycle2" = "50"
    Info (12134): Parameter "output_clock_frequency3" = "0 MHz"
    Info (12134): Parameter "phase_shift3" = "0 ps"
    Info (12134): Parameter "duty_cycle3" = "50"
    Info (12134): Parameter "output_clock_frequency4" = "0 MHz"
    Info (12134): Parameter "phase_shift4" = "0 ps"
    Info (12134): Parameter "duty_cycle4" = "50"
    Info (12134): Parameter "output_clock_frequency5" = "0 MHz"
    Info (12134): Parameter "phase_shift5" = "0 ps"
    Info (12134): Parameter "duty_cycle5" = "50"
    Info (12134): Parameter "output_clock_frequency6" = "0 MHz"
    Info (12134): Parameter "phase_shift6" = "0 ps"
    Info (12134): Parameter "duty_cycle6" = "50"
    Info (12134): Parameter "output_clock_frequency7" = "0 MHz"
    Info (12134): Parameter "phase_shift7" = "0 ps"
    Info (12134): Parameter "duty_cycle7" = "50"
    Info (12134): Parameter "output_clock_frequency8" = "0 MHz"
    Info (12134): Parameter "phase_shift8" = "0 ps"
    Info (12134): Parameter "duty_cycle8" = "50"
    Info (12134): Parameter "output_clock_frequency9" = "0 MHz"
    Info (12134): Parameter "phase_shift9" = "0 ps"
    Info (12134): Parameter "duty_cycle9" = "50"
    Info (12134): Parameter "output_clock_frequency10" = "0 MHz"
    Info (12134): Parameter "phase_shift10" = "0 ps"
    Info (12134): Parameter "duty_cycle10" = "50"
    Info (12134): Parameter "output_clock_frequency11" = "0 MHz"
    Info (12134): Parameter "phase_shift11" = "0 ps"
    Info (12134): Parameter "duty_cycle11" = "50"
    Info (12134): Parameter "output_clock_frequency12" = "0 MHz"
    Info (12134): Parameter "phase_shift12" = "0 ps"
    Info (12134): Parameter "duty_cycle12" = "50"
    Info (12134): Parameter "output_clock_frequency13" = "0 MHz"
    Info (12134): Parameter "phase_shift13" = "0 ps"
    Info (12134): Parameter "duty_cycle13" = "50"
    Info (12134): Parameter "output_clock_frequency14" = "0 MHz"
    Info (12134): Parameter "phase_shift14" = "0 ps"
    Info (12134): Parameter "duty_cycle14" = "50"
    Info (12134): Parameter "output_clock_frequency15" = "0 MHz"
    Info (12134): Parameter "phase_shift15" = "0 ps"
    Info (12134): Parameter "duty_cycle15" = "50"
    Info (12134): Parameter "output_clock_frequency16" = "0 MHz"
    Info (12134): Parameter "phase_shift16" = "0 ps"
    Info (12134): Parameter "duty_cycle16" = "50"
    Info (12134): Parameter "output_clock_frequency17" = "0 MHz"
    Info (12134): Parameter "phase_shift17" = "0 ps"
    Info (12134): Parameter "duty_cycle17" = "50"
    Info (12134): Parameter "pll_type" = "General"
    Info (12134): Parameter "pll_subtype" = "General"
Info (12128): Elaborating entity "DisplayMux" for hierarchy "DisplayMux:inst10"
Info (12128): Elaborating entity "VectorOr" for hierarchy "VectorOr:inst17"
Info (12128): Elaborating entity "WinMenu" for hierarchy "WinMenu:inst12"
Critical Warning (10237): Verilog HDL warning at WinMenu.sv(13): can't infer register for assignment in edge-triggered always construct because the clock isn't obvious. Generated combinational logic instead File: C:/Users/Omer/Documents/GitHub/ECELab1-GoldMiner/GoldMiner_Local/Stages/WinMenu.sv Line: 13
Critical Warning (10237): Verilog HDL warning at WinMenu.sv(14): can't infer register for assignment in edge-triggered always construct because the clock isn't obvious. Generated combinational logic instead File: C:/Users/Omer/Documents/GitHub/ECELab1-GoldMiner/GoldMiner_Local/Stages/WinMenu.sv Line: 14
Warning (10034): Output port "drStage" at WinMenu.sv(6) has no driver File: C:/Users/Omer/Documents/GitHub/ECELab1-GoldMiner/GoldMiner_Local/Stages/WinMenu.sv Line: 6
Info (12128): Elaborating entity "Decoder" for hierarchy "Decoder:inst4"
Info (12128): Elaborating entity "StageController" for hierarchy "StageController:inst1"
Info (10264): Verilog HDL Case Statement information at StageController.sv(30): all case item expressions in this case statement are onehot File: C:/Users/Omer/Documents/GitHub/ECELab1-GoldMiner/GoldMiner_Local/GameControl/StageController.sv Line: 30
Info (12128): Elaborating entity "Pulsinator" for hierarchy "Pulsinator:inst22"
Info (12128): Elaborating entity "LevelController" for hierarchy "LevelController:inst2"
Warning (10036): Verilog HDL or VHDL warning at LevelController.sv(186): object "drGrabbableObject" assigned a value but never read File: C:/Users/Omer/Documents/GitHub/ECELab1-GoldMiner/GoldMiner_Local/Stages/LevelController.sv Line: 186
Warning (10230): Verilog HDL assignment warning at LevelController.sv(347): truncated value with size 32 to match size of target (20) File: C:/Users/Omer/Documents/GitHub/ECELab1-GoldMiner/GoldMiner_Local/Stages/LevelController.sv Line: 347
Warning (10230): Verilog HDL assignment warning at LevelController.sv(373): truncated value with size 32 to match size of target (9) File: C:/Users/Omer/Documents/GitHub/ECELab1-GoldMiner/GoldMiner_Local/Stages/LevelController.sv Line: 373
Warning (10240): Verilog HDL Always Construct warning at LevelController.sv(350): inferring latch(es) for variable "lastLevelEnded", which holds its previous value in one or more paths through the always construct File: C:/Users/Omer/Documents/GitHub/ECELab1-GoldMiner/GoldMiner_Local/Stages/LevelController.sv Line: 350
Info (10041): Inferred latch for "lastLevelEnded" at LevelController.sv(350) File: C:/Users/Omer/Documents/GitHub/ECELab1-GoldMiner/GoldMiner_Local/Stages/LevelController.sv Line: 350
Info (12128): Elaborating entity "Hook" for hierarchy "LevelController:inst2|Hook:hook" File: C:/Users/Omer/Documents/GitHub/ECELab1-GoldMiner/GoldMiner_Local/Stages/LevelController.sv Line: 112
Warning (10230): Verilog HDL assignment warning at Hook.sv(39): truncated value with size 32 to match size of target (8) File: C:/Users/Omer/Documents/GitHub/ECELab1-GoldMiner/GoldMiner_Local/GameControl/Hook.sv Line: 39
Warning (10230): Verilog HDL assignment warning at Hook.sv(40): truncated value with size 32 to match size of target (8) File: C:/Users/Omer/Documents/GitHub/ECELab1-GoldMiner/GoldMiner_Local/GameControl/Hook.sv Line: 40
Warning (10230): Verilog HDL assignment warning at Hook.sv(73): truncated value with size 32 to match size of target (2) File: C:/Users/Omer/Documents/GitHub/ECELab1-GoldMiner/GoldMiner_Local/GameControl/Hook.sv Line: 73
Warning (10230): Verilog HDL assignment warning at Hook.sv(103): truncated value with size 32 to match size of target (8) File: C:/Users/Omer/Documents/GitHub/ECELab1-GoldMiner/GoldMiner_Local/GameControl/Hook.sv Line: 103
Warning (10230): Verilog HDL assignment warning at Hook.sv(122): truncated value with size 32 to match size of target (16) File: C:/Users/Omer/Documents/GitHub/ECELab1-GoldMiner/GoldMiner_Local/GameControl/Hook.sv Line: 122
Warning (10230): Verilog HDL assignment warning at Hook.sv(123): truncated value with size 32 to match size of target (16) File: C:/Users/Omer/Documents/GitHub/ECELab1-GoldMiner/GoldMiner_Local/GameControl/Hook.sv Line: 123
Warning (10230): Verilog HDL assignment warning at Hook.sv(126): truncated value with size 32 to match size of target (11) File: C:/Users/Omer/Documents/GitHub/ECELab1-GoldMiner/GoldMiner_Local/GameControl/Hook.sv Line: 126
Warning (10230): Verilog HDL assignment warning at Hook.sv(128): truncated value with size 16 to match size of target (11) File: C:/Users/Omer/Documents/GitHub/ECELab1-GoldMiner/GoldMiner_Local/GameControl/Hook.sv Line: 128
Warning (10230): Verilog HDL assignment warning at Hook.sv(131): truncated value with size 16 to match size of target (11) File: C:/Users/Omer/Documents/GitHub/ECELab1-GoldMiner/GoldMiner_Local/GameControl/Hook.sv Line: 131
Info (12128): Elaborating entity "RotationTable" for hierarchy "LevelController:inst2|Hook:hook|RotationTable:trigTable" File: C:/Users/Omer/Documents/GitHub/ECELab1-GoldMiner/GoldMiner_Local/GameControl/Hook.sv Line: 55
Warning (10230): Verilog HDL assignment warning at RotationTable.sv(19): truncated value with size 32 to match size of target (8) File: C:/Users/Omer/Documents/GitHub/ECELab1-GoldMiner/GoldMiner_Local/Utilities/RotationTable.sv Line: 19
Warning (10230): Verilog HDL assignment warning at RotationTable.sv(22): truncated value with size 2048 to match size of target (2040) File: C:/Users/Omer/Documents/GitHub/ECELab1-GoldMiner/GoldMiner_Local/Utilities/RotationTable.sv Line: 22
Info (12128): Elaborating entity "DrawLine" for hierarchy "LevelController:inst2|DrawLine:lineDrawer" File: C:/Users/Omer/Documents/GitHub/ECELab1-GoldMiner/GoldMiner_Local/Stages/LevelController.sv Line: 126
Info (12128): Elaborating entity "NewGrabbableObject" for hierarchy "LevelController:inst2|NewGrabbableObject:GrabbableObject_GEN[0].obj_inst" File: C:/Users/Omer/Documents/GitHub/ECELab1-GoldMiner/GoldMiner_Local/Stages/LevelController.sv Line: 154
Warning (10230): Verilog HDL assignment warning at NewGrabbableObject.sv(22): truncated value with size 55 to match size of target (44) File: C:/Users/Omer/Documents/GitHub/ECELab1-GoldMiner/GoldMiner_Local/GameControl/NewGrabbableObject.sv Line: 22
Info (10264): Verilog HDL Case Statement information at NewGrabbableObject.sv(61): all case item expressions in this case statement are onehot File: C:/Users/Omer/Documents/GitHub/ECELab1-GoldMiner/GoldMiner_Local/GameControl/NewGrabbableObject.sv Line: 61
Warning (10034): Output port "texToRead" at NewGrabbableObject.sv(14) has no driver File: C:/Users/Omer/Documents/GitHub/ECELab1-GoldMiner/GoldMiner_Local/GameControl/NewGrabbableObject.sv Line: 14
Info (10018): Can't recognize finite state machine "state" because it has a complex reset state
Info (12128): Elaborating entity "SpriteRom" for hierarchy "LevelController:inst2|SpriteRom:sharedROM" File: C:/Users/Omer/Documents/GitHub/ECELab1-GoldMiner/GoldMiner_Local/Stages/LevelController.sv Line: 183
Warning (10850): Verilog HDL warning at SpriteRom.sv(13): number of words (3072) in memory file does not match the number of elements in the address range [0:16383] File: C:/Users/Omer/Documents/GitHub/ECELab1-GoldMiner/GoldMiner_Local/Graphics/SpriteRom.sv Line: 13
Warning (10030): Net "rom.data_a" at SpriteRom.sv(10) has no driver or initial value, using a default initial value '0' File: C:/Users/Omer/Documents/GitHub/ECELab1-GoldMiner/GoldMiner_Local/Graphics/SpriteRom.sv Line: 10
Warning (10030): Net "rom.waddr_a" at SpriteRom.sv(10) has no driver or initial value, using a default initial value '0' File: C:/Users/Omer/Documents/GitHub/ECELab1-GoldMiner/GoldMiner_Local/Graphics/SpriteRom.sv Line: 10
Warning (10030): Net "rom.we_a" at SpriteRom.sv(10) has no driver or initial value, using a default initial value '0' File: C:/Users/Omer/Documents/GitHub/ECELab1-GoldMiner/GoldMiner_Local/Graphics/SpriteRom.sv Line: 10
Info (12128): Elaborating entity "TimeDisplay" for hierarchy "LevelController:inst2|TimeDisplay:timeDisplay" File: C:/Users/Omer/Documents/GitHub/ECELab1-GoldMiner/GoldMiner_Local/Stages/LevelController.sv Line: 203
Warning (10230): Verilog HDL assignment warning at TimeDisplay.sv(22): truncated value with size 32 to match size of target (4) File: C:/Users/Omer/Documents/GitHub/ECELab1-GoldMiner/GoldMiner_Local/Graphics/TimeDisplay.sv Line: 22
Warning (10230): Verilog HDL assignment warning at TimeDisplay.sv(23): truncated value with size 32 to match size of target (4) File: C:/Users/Omer/Documents/GitHub/ECELab1-GoldMiner/GoldMiner_Local/Graphics/TimeDisplay.sv Line: 23
Warning (10230): Verilog HDL assignment warning at TimeDisplay.sv(25): truncated value with size 32 to match size of target (4) File: C:/Users/Omer/Documents/GitHub/ECELab1-GoldMiner/GoldMiner_Local/Graphics/TimeDisplay.sv Line: 25
Warning (10230): Verilog HDL assignment warning at TimeDisplay.sv(26): truncated value with size 32 to match size of target (4) File: C:/Users/Omer/Documents/GitHub/ECELab1-GoldMiner/GoldMiner_Local/Graphics/TimeDisplay.sv Line: 26
Info (12128): Elaborating entity "FiveDigitDisplay" for hierarchy "LevelController:inst2|TimeDisplay:timeDisplay|FiveDigitDisplay:display" File: C:/Users/Omer/Documents/GitHub/ECELab1-GoldMiner/GoldMiner_Local/Graphics/TimeDisplay.sv Line: 39
Warning (10230): Verilog HDL assignment warning at FiveDigitDisplay.sv(413): truncated value with size 11 to match size of target (3) File: C:/Users/Omer/Documents/GitHub/ECELab1-GoldMiner/GoldMiner_Local/Utilities/FiveDigitDisplay.sv Line: 413
Info (10008): Verilog HDL or VHDL information: EDA Netlist Writer cannot regroup multidimensional array "number_bitmap" into its bus
Info (12128): Elaborating entity "square_object" for hierarchy "LevelController:inst2|TimeDisplay:timeDisplay|FiveDigitDisplay:display|square_object:timeDisplaySquareObject" File: C:/Users/Omer/Documents/GitHub/ECELab1-GoldMiner/GoldMiner_Local/Utilities/FiveDigitDisplay.sv Line: 38
Info (12128): Elaborating entity "FiveDigitNumberDisplay" for hierarchy "LevelController:inst2|FiveDigitNumberDisplay:scoreDisplay" File: C:/Users/Omer/Documents/GitHub/ECELab1-GoldMiner/GoldMiner_Local/Stages/LevelController.sv Line: 220
Warning (10230): Verilog HDL assignment warning at FiveDigitNumberDisplay.sv(27): truncated value with size 32 to match size of target (4) File: C:/Users/Omer/Documents/GitHub/ECELab1-GoldMiner/GoldMiner_Local/Graphics/FiveDigitNumberDisplay.sv Line: 27
Warning (10230): Verilog HDL assignment warning at FiveDigitNumberDisplay.sv(28): truncated value with size 32 to match size of target (4) File: C:/Users/Omer/Documents/GitHub/ECELab1-GoldMiner/GoldMiner_Local/Graphics/FiveDigitNumberDisplay.sv Line: 28
Warning (10230): Verilog HDL assignment warning at FiveDigitNumberDisplay.sv(29): truncated value with size 32 to match size of target (4) File: C:/Users/Omer/Documents/GitHub/ECELab1-GoldMiner/GoldMiner_Local/Graphics/FiveDigitNumberDisplay.sv Line: 29
Warning (10230): Verilog HDL assignment warning at FiveDigitNumberDisplay.sv(30): truncated value with size 32 to match size of target (4) File: C:/Users/Omer/Documents/GitHub/ECELab1-GoldMiner/GoldMiner_Local/Graphics/FiveDigitNumberDisplay.sv Line: 30
Warning (10230): Verilog HDL assignment warning at FiveDigitNumberDisplay.sv(31): truncated value with size 32 to match size of target (4) File: C:/Users/Omer/Documents/GitHub/ECELab1-GoldMiner/GoldMiner_Local/Graphics/FiveDigitNumberDisplay.sv Line: 31
Info (12128): Elaborating entity "FiveDigitNumberDisplay" for hierarchy "LevelController:inst2|FiveDigitNumberDisplay:moneyDisplay" File: C:/Users/Omer/Documents/GitHub/ECELab1-GoldMiner/GoldMiner_Local/Stages/LevelController.sv Line: 236
Warning (10230): Verilog HDL assignment warning at FiveDigitNumberDisplay.sv(27): truncated value with size 32 to match size of target (4) File: C:/Users/Omer/Documents/GitHub/ECELab1-GoldMiner/GoldMiner_Local/Graphics/FiveDigitNumberDisplay.sv Line: 27
Warning (10230): Verilog HDL assignment warning at FiveDigitNumberDisplay.sv(28): truncated value with size 32 to match size of target (4) File: C:/Users/Omer/Documents/GitHub/ECELab1-GoldMiner/GoldMiner_Local/Graphics/FiveDigitNumberDisplay.sv Line: 28
Warning (10230): Verilog HDL assignment warning at FiveDigitNumberDisplay.sv(29): truncated value with size 32 to match size of target (4) File: C:/Users/Omer/Documents/GitHub/ECELab1-GoldMiner/GoldMiner_Local/Graphics/FiveDigitNumberDisplay.sv Line: 29
Warning (10230): Verilog HDL assignment warning at FiveDigitNumberDisplay.sv(30): truncated value with size 32 to match size of target (4) File: C:/Users/Omer/Documents/GitHub/ECELab1-GoldMiner/GoldMiner_Local/Graphics/FiveDigitNumberDisplay.sv Line: 30
Warning (10230): Verilog HDL assignment warning at FiveDigitNumberDisplay.sv(31): truncated value with size 32 to match size of target (4) File: C:/Users/Omer/Documents/GitHub/ECELab1-GoldMiner/GoldMiner_Local/Graphics/FiveDigitNumberDisplay.sv Line: 31
Info (12128): Elaborating entity "LevelMaker" for hierarchy "LevelController:inst2|LevelMaker:levelMaker" File: C:/Users/Omer/Documents/GitHub/ECELab1-GoldMiner/GoldMiner_Local/Stages/LevelController.sv Line: 249
Warning (10036): Verilog HDL or VHDL warning at LevelMaker.sv(30): object "overallLevelValue" assigned a value but never read File: C:/Users/Omer/Documents/GitHub/ECELab1-GoldMiner/GoldMiner_Local/GameControl/LevelMaker.sv Line: 30
Warning (10230): Verilog HDL assignment warning at LevelMaker.sv(25): truncated value with size 32 to match size of target (11) File: C:/Users/Omer/Documents/GitHub/ECELab1-GoldMiner/GoldMiner_Local/GameControl/LevelMaker.sv Line: 25
Warning (10230): Verilog HDL assignment warning at LevelMaker.sv(26): truncated value with size 32 to match size of target (11) File: C:/Users/Omer/Documents/GitHub/ECELab1-GoldMiner/GoldMiner_Local/GameControl/LevelMaker.sv Line: 26
Warning (10230): Verilog HDL assignment warning at LevelMaker.sv(51): truncated value with size 32 to match size of target (8) File: C:/Users/Omer/Documents/GitHub/ECELab1-GoldMiner/GoldMiner_Local/GameControl/LevelMaker.sv Line: 51
Warning (10230): Verilog HDL assignment warning at LevelMaker.sv(52): truncated value with size 32 to match size of target (8) File: C:/Users/Omer/Documents/GitHub/ECELab1-GoldMiner/GoldMiner_Local/GameControl/LevelMaker.sv Line: 52
Warning (10230): Verilog HDL assignment warning at LevelMaker.sv(53): truncated value with size 32 to match size of target (8) File: C:/Users/Omer/Documents/GitHub/ECELab1-GoldMiner/GoldMiner_Local/GameControl/LevelMaker.sv Line: 53
Warning (10230): Verilog HDL assignment warning at LevelMaker.sv(54): truncated value with size 32 to match size of target (8) File: C:/Users/Omer/Documents/GitHub/ECELab1-GoldMiner/GoldMiner_Local/GameControl/LevelMaker.sv Line: 54
Warning (10230): Verilog HDL assignment warning at LevelMaker.sv(67): truncated value with size 32 to match size of target (11) File: C:/Users/Omer/Documents/GitHub/ECELab1-GoldMiner/GoldMiner_Local/GameControl/LevelMaker.sv Line: 67
Warning (10230): Verilog HDL assignment warning at LevelMaker.sv(91): truncated value with size 32 to match size of target (6) File: C:/Users/Omer/Documents/GitHub/ECELab1-GoldMiner/GoldMiner_Local/GameControl/LevelMaker.sv Line: 91
Warning (10034): Output port "levelValue" at LevelMaker.sv(10) has no driver File: C:/Users/Omer/Documents/GitHub/ECELab1-GoldMiner/GoldMiner_Local/GameControl/LevelMaker.sv Line: 10
Info (12128): Elaborating entity "Random" for hierarchy "LevelController:inst2|LevelMaker:levelMaker|Random:random" File: C:/Users/Omer/Documents/GitHub/ECELab1-GoldMiner/GoldMiner_Local/GameControl/LevelMaker.sv Line: 44
Info (12128): Elaborating entity "OneSecPulse" for hierarchy "OneSecPulse:inst20"
Warning (10230): Verilog HDL assignment warning at OneSecPulse.sv(20): truncated value with size 32 to match size of target (25) File: C:/Users/Omer/Documents/GitHub/ECELab1-GoldMiner/GoldMiner_Local/Utilities/OneSecPulse.sv Line: 20
Info (12128): Elaborating entity "TOP_KBD" for hierarchy "TOP_KBD:inst5"
Info (12128): Elaborating entity "keyPad_decoder" for hierarchy "TOP_KBD:inst5|keyPad_decoder:inst2"
Warning (10230): Verilog HDL assignment warning at keyPad_decoder.sv(47): truncated value with size 32 to match size of target (4) File: C:/Users/Omer/Documents/GitHub/ECELab1-GoldMiner/GoldMiner_Local/RTL/KEYBOARDX/keyPad_decoder.sv Line: 47
Info (12128): Elaborating entity "KBDINTF" for hierarchy "TOP_KBD:inst5|KBDINTF:inst"
Info (12128): Elaborating entity "Counter" for hierarchy "Counter:LevelCounter"
Info (12128): Elaborating entity "GameStatsManager" for hierarchy "GameStatsManager:inst29"
Warning (10230): Verilog HDL assignment warning at GameStatsManager.sv(37): truncated value with size 32 to match size of target (4) File: C:/Users/Omer/Documents/GitHub/ECELab1-GoldMiner/GoldMiner_Local/GameControl/GameStatsManager.sv Line: 37
Warning (10230): Verilog HDL assignment warning at GameStatsManager.sv(38): truncated value with size 32 to match size of target (4) File: C:/Users/Omer/Documents/GitHub/ECELab1-GoldMiner/GoldMiner_Local/GameControl/GameStatsManager.sv Line: 38
Warning (10230): Verilog HDL assignment warning at GameStatsManager.sv(39): truncated value with size 32 to match size of target (4) File: C:/Users/Omer/Documents/GitHub/ECELab1-GoldMiner/GoldMiner_Local/GameControl/GameStatsManager.sv Line: 39
Warning (10230): Verilog HDL assignment warning at GameStatsManager.sv(40): truncated value with size 32 to match size of target (4) File: C:/Users/Omer/Documents/GitHub/ECELab1-GoldMiner/GoldMiner_Local/GameControl/GameStatsManager.sv Line: 40
Info (12128): Elaborating entity "Shop" for hierarchy "Shop:inst30"
Warning (10034): Output port "drStage" at Shop.sv(10) has no driver File: C:/Users/Omer/Documents/GitHub/ECELab1-GoldMiner/GoldMiner_Local/Stages/Shop.sv Line: 10
Info (12128): Elaborating entity "MoneyCounterWrapper" for hierarchy "MoneyCounterWrapper:inst32"
Info (12128): Elaborating entity "Counter" for hierarchy "MoneyCounterWrapper:inst32|Counter:internal_counter" File: C:/Users/Omer/Documents/GitHub/ECELab1-GoldMiner/GoldMiner_Local/Utilities/MoneyCounterWrapper.sv Line: 25
Info (12128): Elaborating entity "ScoreCounterWrapper" for hierarchy "ScoreCounterWrapper:inst31"
Info (12128): Elaborating entity "LossMenu" for hierarchy "LossMenu:inst14"
Critical Warning (10237): Verilog HDL warning at LossMenu.sv(13): can't infer register for assignment in edge-triggered always construct because the clock isn't obvious. Generated combinational logic instead File: C:/Users/Omer/Documents/GitHub/ECELab1-GoldMiner/GoldMiner_Local/Stages/LossMenu.sv Line: 13
Critical Warning (10237): Verilog HDL warning at LossMenu.sv(14): can't infer register for assignment in edge-triggered always construct because the clock isn't obvious. Generated combinational logic instead File: C:/Users/Omer/Documents/GitHub/ECELab1-GoldMiner/GoldMiner_Local/Stages/LossMenu.sv Line: 14
Warning (10034): Output port "drStage" at LossMenu.sv(6) has no driver File: C:/Users/Omer/Documents/GitHub/ECELab1-GoldMiner/GoldMiner_Local/Stages/LossMenu.sv Line: 6
Info (12128): Elaborating entity "MainMenu" for hierarchy "MainMenu:inst"
Critical Warning (10237): Verilog HDL warning at MainMenu.sv(13): can't infer register for assignment in edge-triggered always construct because the clock isn't obvious. Generated combinational logic instead File: C:/Users/Omer/Documents/GitHub/ECELab1-GoldMiner/GoldMiner_Local/Stages/MainMenu.sv Line: 13
Critical Warning (10237): Verilog HDL warning at MainMenu.sv(14): can't infer register for assignment in edge-triggered always construct because the clock isn't obvious. Generated combinational logic instead File: C:/Users/Omer/Documents/GitHub/ECELab1-GoldMiner/GoldMiner_Local/Stages/MainMenu.sv Line: 14
Warning (10034): Output port "drStage" at MainMenu.sv(6) has no driver File: C:/Users/Omer/Documents/GitHub/ECELab1-GoldMiner/GoldMiner_Local/Stages/MainMenu.sv Line: 6
Info (12128): Elaborating entity "GameEndMenu" for hierarchy "GameEndMenu:inst15"
Critical Warning (10237): Verilog HDL warning at GameEndMenu.sv(13): can't infer register for assignment in edge-triggered always construct because the clock isn't obvious. Generated combinational logic instead File: C:/Users/Omer/Documents/GitHub/ECELab1-GoldMiner/GoldMiner_Local/Stages/GameEndMenu.sv Line: 13
Critical Warning (10237): Verilog HDL warning at GameEndMenu.sv(14): can't infer register for assignment in edge-triggered always construct because the clock isn't obvious. Generated combinational logic instead File: C:/Users/Omer/Documents/GitHub/ECELab1-GoldMiner/GoldMiner_Local/Stages/GameEndMenu.sv Line: 14
Warning (10034): Output port "drStage" at GameEndMenu.sv(6) has no driver File: C:/Users/Omer/Documents/GitHub/ECELab1-GoldMiner/GoldMiner_Local/Stages/GameEndMenu.sv Line: 6
Info (12128): Elaborating entity "LPM_ROM" for hierarchy "LPM_ROM:inst9"
Info (12130): Elaborated megafunction instantiation "LPM_ROM:inst9"
Info (12133): Instantiated megafunction "LPM_ROM:inst9" with the following parameter:
    Info (12134): Parameter "AUTO_CARRY_CHAINS" = "ON"
    Info (12134): Parameter "AUTO_CASCADE_CHAINS" = "ON"
    Info (12134): Parameter "IGNORE_CARRY_BUFFERS" = "OFF"
    Info (12134): Parameter "IGNORE_CASCADE_BUFFERS" = "OFF"
    Info (12134): Parameter "LPM_ADDRESS_CONTROL" = "REGISTERED"
    Info (12134): Parameter "LPM_FILE" = "MIF/TileSet.mif"
    Info (12134): Parameter "LPM_NUMWORDS" = "307200"
    Info (12134): Parameter "LPM_OUTDATA" = "UNREGISTERED"
    Info (12134): Parameter "LPM_WIDTH" = "8"
    Info (12134): Parameter "LPM_WIDTHAD" = "19"
Info (12128): Elaborating entity "altrom" for hierarchy "LPM_ROM:inst9|altrom:srom" File: c:/intelfpga_lite/17.0/quartus/libraries/megafunctions/lpm_rom.tdf Line: 55
Info (12131): Elaborated megafunction instantiation "LPM_ROM:inst9|altrom:srom", which is child of megafunction instantiation "LPM_ROM:inst9" File: c:/intelfpga_lite/17.0/quartus/libraries/megafunctions/lpm_rom.tdf Line: 55
Info (12128): Elaborating entity "altsyncram" for hierarchy "LPM_ROM:inst9|altrom:srom|altsyncram:rom_block" File: c:/intelfpga_lite/17.0/quartus/libraries/megafunctions/altrom.tdf Line: 89
Info (12131): Elaborated megafunction instantiation "LPM_ROM:inst9|altrom:srom|altsyncram:rom_block", which is child of megafunction instantiation "LPM_ROM:inst9" File: c:/intelfpga_lite/17.0/quartus/libraries/megafunctions/altrom.tdf Line: 89
Info (12021): Found 1 design units, including 1 entities, in source file db/altsyncram_6471.tdf
    Info (12023): Found entity 1: altsyncram_6471 File: C:/Users/Omer/Documents/GitHub/ECELab1-GoldMiner/GoldMiner_Local/db/altsyncram_6471.tdf Line: 32
Info (12128): Elaborating entity "altsyncram_6471" for hierarchy "LPM_ROM:inst9|altrom:srom|altsyncram:rom_block|altsyncram_6471:auto_generated" File: c:/intelfpga_lite/17.0/quartus/libraries/megafunctions/altsyncram.tdf Line: 792
Warning (113028): 215040 out of 245760 addresses are uninitialized. The Quartus Prime software will initialize them to "0". There are 1 warnings found, and 1 warnings are reported. File: C:/Users/Omer/Documents/GitHub/ECELab1-GoldMiner/GoldMiner_Local/MIF/TileSet.mif Line: 1
    Warning (113027): Addresses ranging from 30720 to 245759 are not initialized File: C:/Users/Omer/Documents/GitHub/ECELab1-GoldMiner/GoldMiner_Local/MIF/TileSet.mif Line: 1
Critical Warning (127005): Memory depth (307200) in the design file differs from memory depth (245760) in the Memory Initialization File "C:/Users/Omer/Documents/GitHub/ECELab1-GoldMiner/GoldMiner_Local/MIF/TileSet.mif" -- setting initial value for remaining addresses to 0
Info (12021): Found 1 design units, including 1 entities, in source file db/decode_s2a.tdf
    Info (12023): Found entity 1: decode_s2a File: C:/Users/Omer/Documents/GitHub/ECELab1-GoldMiner/GoldMiner_Local/db/decode_s2a.tdf Line: 23
Info (12128): Elaborating entity "decode_s2a" for hierarchy "LPM_ROM:inst9|altrom:srom|altsyncram:rom_block|altsyncram_6471:auto_generated|decode_s2a:rden_decode" File: C:/Users/Omer/Documents/GitHub/ECELab1-GoldMiner/GoldMiner_Local/db/altsyncram_6471.tdf Line: 40
Info (12021): Found 1 design units, including 1 entities, in source file db/mux_jhb.tdf
    Info (12023): Found entity 1: mux_jhb File: C:/Users/Omer/Documents/GitHub/ECELab1-GoldMiner/GoldMiner_Local/db/mux_jhb.tdf Line: 23
Info (12128): Elaborating entity "mux_jhb" for hierarchy "LPM_ROM:inst9|altrom:srom|altsyncram:rom_block|altsyncram_6471:auto_generated|mux_jhb:mux2" File: C:/Users/Omer/Documents/GitHub/ECELab1-GoldMiner/GoldMiner_Local/db/altsyncram_6471.tdf Line: 41
Info (12128): Elaborating entity "Tilemap" for hierarchy "Tilemap:inst13"
Warning (10850): Verilog HDL warning at Tilemap.sv(26): number of words (1800) in memory file does not match the number of elements in the address range [0:4799] File: C:/Users/Omer/Documents/GitHub/ECELab1-GoldMiner/GoldMiner_Local/Tilemap/Tilemap.sv Line: 26
Warning (10230): Verilog HDL assignment warning at Tilemap.sv(46): truncated value with size 20 to match size of target (19) File: C:/Users/Omer/Documents/GitHub/ECELab1-GoldMiner/GoldMiner_Local/Tilemap/Tilemap.sv Line: 46
Warning (10030): Net "tilemaps.data_a" at Tilemap.sv(23) has no driver or initial value, using a default initial value '0' File: C:/Users/Omer/Documents/GitHub/ECELab1-GoldMiner/GoldMiner_Local/Tilemap/Tilemap.sv Line: 23
Warning (10030): Net "tilemaps.waddr_a" at Tilemap.sv(23) has no driver or initial value, using a default initial value '0' File: C:/Users/Omer/Documents/GitHub/ECELab1-GoldMiner/GoldMiner_Local/Tilemap/Tilemap.sv Line: 23
Warning (10030): Net "tilemaps.we_a" at Tilemap.sv(23) has no driver or initial value, using a default initial value '0' File: C:/Users/Omer/Documents/GitHub/ECELab1-GoldMiner/GoldMiner_Local/Tilemap/Tilemap.sv Line: 23
Info (12128): Elaborating entity "MyConstant" for hierarchy "MyConstant:inst11"
Warning (10230): Verilog HDL assignment warning at MyConstant.sv(14): truncated value with size 32 to match size of target (10) File: C:/Users/Omer/Documents/GitHub/ECELab1-GoldMiner/GoldMiner_Local/RTL/VGA/MyConstant.sv Line: 14
Info (12128): Elaborating entity "MyConstant" for hierarchy "MyConstant:inst16"
Warning (10230): Verilog HDL assignment warning at MyConstant.sv(14): truncated value with size 32 to match size of target (9) File: C:/Users/Omer/Documents/GitHub/ECELab1-GoldMiner/GoldMiner_Local/RTL/VGA/MyConstant.sv Line: 14
Info (12128): Elaborating entity "MyConstant" for hierarchy "MyConstant:inst23"
Warning (10230): Verilog HDL assignment warning at MyConstant.sv(14): truncated value with size 32 to match size of target (9) File: C:/Users/Omer/Documents/GitHub/ECELab1-GoldMiner/GoldMiner_Local/RTL/VGA/MyConstant.sv Line: 14
Info (12128): Elaborating entity "MyConstant" for hierarchy "MyConstant:inst6"
Warning (10230): Verilog HDL assignment warning at MyConstant.sv(14): truncated value with size 32 to match size of target (11) File: C:/Users/Omer/Documents/GitHub/ECELab1-GoldMiner/GoldMiner_Local/RTL/VGA/MyConstant.sv Line: 14
Warning (12240): Synthesis found one or more imported partitions that will be treated as black boxes for timing analysis during synthesis
Info (276014): Found 1 instances of uninferred RAM logic
    Info (276007): RAM logic "Tilemap:inst13|tilemaps" is uninferred due to asynchronous read logic File: C:/Users/Omer/Documents/GitHub/ECELab1-GoldMiner/GoldMiner_Local/Tilemap/Tilemap.sv Line: 23
Critical Warning (127005): Memory depth (8192) in the design file differs from memory depth (4800) in the Memory Initialization File "C:/Users/Omer/Documents/GitHub/ECELab1-GoldMiner/GoldMiner_Local/db/Lab1Demo.ram0_Tilemap_2678982f.hdl.mif" -- setting initial value for remaining addresses to 0
Warning (127007): Memory Initialization File or Hexadecimal (Intel-Format) File "C:/Users/Omer/Documents/GitHub/ECELab1-GoldMiner/GoldMiner_Local/db/Lab1Demo.ram0_Tilemap_2678982f.hdl.mif" contains "don't care" values -- overwriting them with 0s
Warning (13046): Tri-state node(s) do not directly drive top-level pin(s)
    Warning (13049): Converted tri-state buffer "lpm_rom:inst9|otri[7]" feeding internal logic into a wire File: c:/intelfpga_lite/17.0/quartus/libraries/megafunctions/lpm_rom.tdf Line: 68
    Warning (13049): Converted tri-state buffer "lpm_rom:inst9|otri[6]" feeding internal logic into a wire File: c:/intelfpga_lite/17.0/quartus/libraries/megafunctions/lpm_rom.tdf Line: 68
    Warning (13049): Converted tri-state buffer "lpm_rom:inst9|otri[5]" feeding internal logic into a wire File: c:/intelfpga_lite/17.0/quartus/libraries/megafunctions/lpm_rom.tdf Line: 68
    Warning (13049): Converted tri-state buffer "lpm_rom:inst9|otri[4]" feeding internal logic into a wire File: c:/intelfpga_lite/17.0/quartus/libraries/megafunctions/lpm_rom.tdf Line: 68
    Warning (13049): Converted tri-state buffer "lpm_rom:inst9|otri[3]" feeding internal logic into a wire File: c:/intelfpga_lite/17.0/quartus/libraries/megafunctions/lpm_rom.tdf Line: 68
    Warning (13049): Converted tri-state buffer "lpm_rom:inst9|otri[2]" feeding internal logic into a wire File: c:/intelfpga_lite/17.0/quartus/libraries/megafunctions/lpm_rom.tdf Line: 68
    Warning (13049): Converted tri-state buffer "lpm_rom:inst9|otri[1]" feeding internal logic into a wire File: c:/intelfpga_lite/17.0/quartus/libraries/megafunctions/lpm_rom.tdf Line: 68
    Warning (13049): Converted tri-state buffer "lpm_rom:inst9|otri[0]" feeding internal logic into a wire File: c:/intelfpga_lite/17.0/quartus/libraries/megafunctions/lpm_rom.tdf Line: 68
Warning (14284): Synthesized away the following node(s):
    Warning (14285): Synthesized away the following RAM node(s):
        Warning (14320): Synthesized away node "lpm_rom:inst9|altrom:srom|altsyncram:rom_block|altsyncram_6471:auto_generated|ram_block1a33" File: C:/Users/Omer/Documents/GitHub/ECELab1-GoldMiner/GoldMiner_Local/db/altsyncram_6471.tdf Line: 735
        Warning (14320): Synthesized away node "lpm_rom:inst9|altrom:srom|altsyncram:rom_block|altsyncram_6471:auto_generated|ram_block1a41" File: C:/Users/Omer/Documents/GitHub/ECELab1-GoldMiner/GoldMiner_Local/db/altsyncram_6471.tdf Line: 903
        Warning (14320): Synthesized away node "lpm_rom:inst9|altrom:srom|altsyncram:rom_block|altsyncram_6471:auto_generated|ram_block1a49" File: C:/Users/Omer/Documents/GitHub/ECELab1-GoldMiner/GoldMiner_Local/db/altsyncram_6471.tdf Line: 1071
        Warning (14320): Synthesized away node "lpm_rom:inst9|altrom:srom|altsyncram:rom_block|altsyncram_6471:auto_generated|ram_block1a57" File: C:/Users/Omer/Documents/GitHub/ECELab1-GoldMiner/GoldMiner_Local/db/altsyncram_6471.tdf Line: 1239
        Warning (14320): Synthesized away node "lpm_rom:inst9|altrom:srom|altsyncram:rom_block|altsyncram_6471:auto_generated|ram_block1a65" File: C:/Users/Omer/Documents/GitHub/ECELab1-GoldMiner/GoldMiner_Local/db/altsyncram_6471.tdf Line: 1407
        Warning (14320): Synthesized away node "lpm_rom:inst9|altrom:srom|altsyncram:rom_block|altsyncram_6471:auto_generated|ram_block1a73" File: C:/Users/Omer/Documents/GitHub/ECELab1-GoldMiner/GoldMiner_Local/db/altsyncram_6471.tdf Line: 1575
        Warning (14320): Synthesized away node "lpm_rom:inst9|altrom:srom|altsyncram:rom_block|altsyncram_6471:auto_generated|ram_block1a81" File: C:/Users/Omer/Documents/GitHub/ECELab1-GoldMiner/GoldMiner_Local/db/altsyncram_6471.tdf Line: 1743
        Warning (14320): Synthesized away node "lpm_rom:inst9|altrom:srom|altsyncram:rom_block|altsyncram_6471:auto_generated|ram_block1a89" File: C:/Users/Omer/Documents/GitHub/ECELab1-GoldMiner/GoldMiner_Local/db/altsyncram_6471.tdf Line: 1911
        Warning (14320): Synthesized away node "lpm_rom:inst9|altrom:srom|altsyncram:rom_block|altsyncram_6471:auto_generated|ram_block1a97" File: C:/Users/Omer/Documents/GitHub/ECELab1-GoldMiner/GoldMiner_Local/db/altsyncram_6471.tdf Line: 2079
        Warning (14320): Synthesized away node "lpm_rom:inst9|altrom:srom|altsyncram:rom_block|altsyncram_6471:auto_generated|ram_block1a105" File: C:/Users/Omer/Documents/GitHub/ECELab1-GoldMiner/GoldMiner_Local/db/altsyncram_6471.tdf Line: 2247
        Warning (14320): Synthesized away node "lpm_rom:inst9|altrom:srom|altsyncram:rom_block|altsyncram_6471:auto_generated|ram_block1a113" File: C:/Users/Omer/Documents/GitHub/ECELab1-GoldMiner/GoldMiner_Local/db/altsyncram_6471.tdf Line: 2415
        Warning (14320): Synthesized away node "lpm_rom:inst9|altrom:srom|altsyncram:rom_block|altsyncram_6471:auto_generated|ram_block1a121" File: C:/Users/Omer/Documents/GitHub/ECELab1-GoldMiner/GoldMiner_Local/db/altsyncram_6471.tdf Line: 2583
        Warning (14320): Synthesized away node "lpm_rom:inst9|altrom:srom|altsyncram:rom_block|altsyncram_6471:auto_generated|ram_block1a129" File: C:/Users/Omer/Documents/GitHub/ECELab1-GoldMiner/GoldMiner_Local/db/altsyncram_6471.tdf Line: 2751
        Warning (14320): Synthesized away node "lpm_rom:inst9|altrom:srom|altsyncram:rom_block|altsyncram_6471:auto_generated|ram_block1a137" File: C:/Users/Omer/Documents/GitHub/ECELab1-GoldMiner/GoldMiner_Local/db/altsyncram_6471.tdf Line: 2919
        Warning (14320): Synthesized away node "lpm_rom:inst9|altrom:srom|altsyncram:rom_block|altsyncram_6471:auto_generated|ram_block1a145" File: C:/Users/Omer/Documents/GitHub/ECELab1-GoldMiner/GoldMiner_Local/db/altsyncram_6471.tdf Line: 3087
        Warning (14320): Synthesized away node "lpm_rom:inst9|altrom:srom|altsyncram:rom_block|altsyncram_6471:auto_generated|ram_block1a153" File: C:/Users/Omer/Documents/GitHub/ECELab1-GoldMiner/GoldMiner_Local/db/altsyncram_6471.tdf Line: 3255
        Warning (14320): Synthesized away node "lpm_rom:inst9|altrom:srom|altsyncram:rom_block|altsyncram_6471:auto_generated|ram_block1a161" File: C:/Users/Omer/Documents/GitHub/ECELab1-GoldMiner/GoldMiner_Local/db/altsyncram_6471.tdf Line: 3423
        Warning (14320): Synthesized away node "lpm_rom:inst9|altrom:srom|altsyncram:rom_block|altsyncram_6471:auto_generated|ram_block1a169" File: C:/Users/Omer/Documents/GitHub/ECELab1-GoldMiner/GoldMiner_Local/db/altsyncram_6471.tdf Line: 3591
        Warning (14320): Synthesized away node "lpm_rom:inst9|altrom:srom|altsyncram:rom_block|altsyncram_6471:auto_generated|ram_block1a177" File: C:/Users/Omer/Documents/GitHub/ECELab1-GoldMiner/GoldMiner_Local/db/altsyncram_6471.tdf Line: 3759
        Warning (14320): Synthesized away node "lpm_rom:inst9|altrom:srom|altsyncram:rom_block|altsyncram_6471:auto_generated|ram_block1a185" File: C:/Users/Omer/Documents/GitHub/ECELab1-GoldMiner/GoldMiner_Local/db/altsyncram_6471.tdf Line: 3927
        Warning (14320): Synthesized away node "lpm_rom:inst9|altrom:srom|altsyncram:rom_block|altsyncram_6471:auto_generated|ram_block1a193" File: C:/Users/Omer/Documents/GitHub/ECELab1-GoldMiner/GoldMiner_Local/db/altsyncram_6471.tdf Line: 4095
        Warning (14320): Synthesized away node "lpm_rom:inst9|altrom:srom|altsyncram:rom_block|altsyncram_6471:auto_generated|ram_block1a201" File: C:/Users/Omer/Documents/GitHub/ECELab1-GoldMiner/GoldMiner_Local/db/altsyncram_6471.tdf Line: 4263
        Warning (14320): Synthesized away node "lpm_rom:inst9|altrom:srom|altsyncram:rom_block|altsyncram_6471:auto_generated|ram_block1a209" File: C:/Users/Omer/Documents/GitHub/ECELab1-GoldMiner/GoldMiner_Local/db/altsyncram_6471.tdf Line: 4431
        Warning (14320): Synthesized away node "lpm_rom:inst9|altrom:srom|altsyncram:rom_block|altsyncram_6471:auto_generated|ram_block1a217" File: C:/Users/Omer/Documents/GitHub/ECELab1-GoldMiner/GoldMiner_Local/db/altsyncram_6471.tdf Line: 4599
        Warning (14320): Synthesized away node "lpm_rom:inst9|altrom:srom|altsyncram:rom_block|altsyncram_6471:auto_generated|ram_block1a225" File: C:/Users/Omer/Documents/GitHub/ECELab1-GoldMiner/GoldMiner_Local/db/altsyncram_6471.tdf Line: 4767
        Warning (14320): Synthesized away node "lpm_rom:inst9|altrom:srom|altsyncram:rom_block|altsyncram_6471:auto_generated|ram_block1a233" File: C:/Users/Omer/Documents/GitHub/ECELab1-GoldMiner/GoldMiner_Local/db/altsyncram_6471.tdf Line: 4935
        Warning (14320): Synthesized away node "lpm_rom:inst9|altrom:srom|altsyncram:rom_block|altsyncram_6471:auto_generated|ram_block1a241" File: C:/Users/Omer/Documents/GitHub/ECELab1-GoldMiner/GoldMiner_Local/db/altsyncram_6471.tdf Line: 5103
        Warning (14320): Synthesized away node "lpm_rom:inst9|altrom:srom|altsyncram:rom_block|altsyncram_6471:auto_generated|ram_block1a249" File: C:/Users/Omer/Documents/GitHub/ECELab1-GoldMiner/GoldMiner_Local/db/altsyncram_6471.tdf Line: 5271
        Warning (14320): Synthesized away node "lpm_rom:inst9|altrom:srom|altsyncram:rom_block|altsyncram_6471:auto_generated|ram_block1a257" File: C:/Users/Omer/Documents/GitHub/ECELab1-GoldMiner/GoldMiner_Local/db/altsyncram_6471.tdf Line: 5439
        Warning (14320): Synthesized away node "lpm_rom:inst9|altrom:srom|altsyncram:rom_block|altsyncram_6471:auto_generated|ram_block1a265" File: C:/Users/Omer/Documents/GitHub/ECELab1-GoldMiner/GoldMiner_Local/db/altsyncram_6471.tdf Line: 5607
        Warning (14320): Synthesized away node "lpm_rom:inst9|altrom:srom|altsyncram:rom_block|altsyncram_6471:auto_generated|ram_block1a273" File: C:/Users/Omer/Documents/GitHub/ECELab1-GoldMiner/GoldMiner_Local/db/altsyncram_6471.tdf Line: 5775
        Warning (14320): Synthesized away node "lpm_rom:inst9|altrom:srom|altsyncram:rom_block|altsyncram_6471:auto_generated|ram_block1a281" File: C:/Users/Omer/Documents/GitHub/ECELab1-GoldMiner/GoldMiner_Local/db/altsyncram_6471.tdf Line: 5943
        Warning (14320): Synthesized away node "lpm_rom:inst9|altrom:srom|altsyncram:rom_block|altsyncram_6471:auto_generated|ram_block1a289" File: C:/Users/Omer/Documents/GitHub/ECELab1-GoldMiner/GoldMiner_Local/db/altsyncram_6471.tdf Line: 6111
        Warning (14320): Synthesized away node "lpm_rom:inst9|altrom:srom|altsyncram:rom_block|altsyncram_6471:auto_generated|ram_block1a297" File: C:/Users/Omer/Documents/GitHub/ECELab1-GoldMiner/GoldMiner_Local/db/altsyncram_6471.tdf Line: 6279
        Warning (14320): Synthesized away node "lpm_rom:inst9|altrom:srom|altsyncram:rom_block|altsyncram_6471:auto_generated|ram_block1a32" File: C:/Users/Omer/Documents/GitHub/ECELab1-GoldMiner/GoldMiner_Local/db/altsyncram_6471.tdf Line: 714
        Warning (14320): Synthesized away node "lpm_rom:inst9|altrom:srom|altsyncram:rom_block|altsyncram_6471:auto_generated|ram_block1a40" File: C:/Users/Omer/Documents/GitHub/ECELab1-GoldMiner/GoldMiner_Local/db/altsyncram_6471.tdf Line: 882
        Warning (14320): Synthesized away node "lpm_rom:inst9|altrom:srom|altsyncram:rom_block|altsyncram_6471:auto_generated|ram_block1a48" File: C:/Users/Omer/Documents/GitHub/ECELab1-GoldMiner/GoldMiner_Local/db/altsyncram_6471.tdf Line: 1050
        Warning (14320): Synthesized away node "lpm_rom:inst9|altrom:srom|altsyncram:rom_block|altsyncram_6471:auto_generated|ram_block1a56" File: C:/Users/Omer/Documents/GitHub/ECELab1-GoldMiner/GoldMiner_Local/db/altsyncram_6471.tdf Line: 1218
        Warning (14320): Synthesized away node "lpm_rom:inst9|altrom:srom|altsyncram:rom_block|altsyncram_6471:auto_generated|ram_block1a64" File: C:/Users/Omer/Documents/GitHub/ECELab1-GoldMiner/GoldMiner_Local/db/altsyncram_6471.tdf Line: 1386
        Warning (14320): Synthesized away node "lpm_rom:inst9|altrom:srom|altsyncram:rom_block|altsyncram_6471:auto_generated|ram_block1a72" File: C:/Users/Omer/Documents/GitHub/ECELab1-GoldMiner/GoldMiner_Local/db/altsyncram_6471.tdf Line: 1554
        Warning (14320): Synthesized away node "lpm_rom:inst9|altrom:srom|altsyncram:rom_block|altsyncram_6471:auto_generated|ram_block1a80" File: C:/Users/Omer/Documents/GitHub/ECELab1-GoldMiner/GoldMiner_Local/db/altsyncram_6471.tdf Line: 1722
        Warning (14320): Synthesized away node "lpm_rom:inst9|altrom:srom|altsyncram:rom_block|altsyncram_6471:auto_generated|ram_block1a88" File: C:/Users/Omer/Documents/GitHub/ECELab1-GoldMiner/GoldMiner_Local/db/altsyncram_6471.tdf Line: 1890
        Warning (14320): Synthesized away node "lpm_rom:inst9|altrom:srom|altsyncram:rom_block|altsyncram_6471:auto_generated|ram_block1a96" File: C:/Users/Omer/Documents/GitHub/ECELab1-GoldMiner/GoldMiner_Local/db/altsyncram_6471.tdf Line: 2058
        Warning (14320): Synthesized away node "lpm_rom:inst9|altrom:srom|altsyncram:rom_block|altsyncram_6471:auto_generated|ram_block1a104" File: C:/Users/Omer/Documents/GitHub/ECELab1-GoldMiner/GoldMiner_Local/db/altsyncram_6471.tdf Line: 2226
        Warning (14320): Synthesized away node "lpm_rom:inst9|altrom:srom|altsyncram:rom_block|altsyncram_6471:auto_generated|ram_block1a112" File: C:/Users/Omer/Documents/GitHub/ECELab1-GoldMiner/GoldMiner_Local/db/altsyncram_6471.tdf Line: 2394
        Warning (14320): Synthesized away node "lpm_rom:inst9|altrom:srom|altsyncram:rom_block|altsyncram_6471:auto_generated|ram_block1a120" File: C:/Users/Omer/Documents/GitHub/ECELab1-GoldMiner/GoldMiner_Local/db/altsyncram_6471.tdf Line: 2562
        Warning (14320): Synthesized away node "lpm_rom:inst9|altrom:srom|altsyncram:rom_block|altsyncram_6471:auto_generated|ram_block1a128" File: C:/Users/Omer/Documents/GitHub/ECELab1-GoldMiner/GoldMiner_Local/db/altsyncram_6471.tdf Line: 2730
        Warning (14320): Synthesized away node "lpm_rom:inst9|altrom:srom|altsyncram:rom_block|altsyncram_6471:auto_generated|ram_block1a136" File: C:/Users/Omer/Documents/GitHub/ECELab1-GoldMiner/GoldMiner_Local/db/altsyncram_6471.tdf Line: 2898
        Warning (14320): Synthesized away node "lpm_rom:inst9|altrom:srom|altsyncram:rom_block|altsyncram_6471:auto_generated|ram_block1a144" File: C:/Users/Omer/Documents/GitHub/ECELab1-GoldMiner/GoldMiner_Local/db/altsyncram_6471.tdf Line: 3066
        Warning (14320): Synthesized away node "lpm_rom:inst9|altrom:srom|altsyncram:rom_block|altsyncram_6471:auto_generated|ram_block1a152" File: C:/Users/Omer/Documents/GitHub/ECELab1-GoldMiner/GoldMiner_Local/db/altsyncram_6471.tdf Line: 3234
        Warning (14320): Synthesized away node "lpm_rom:inst9|altrom:srom|altsyncram:rom_block|altsyncram_6471:auto_generated|ram_block1a160" File: C:/Users/Omer/Documents/GitHub/ECELab1-GoldMiner/GoldMiner_Local/db/altsyncram_6471.tdf Line: 3402
        Warning (14320): Synthesized away node "lpm_rom:inst9|altrom:srom|altsyncram:rom_block|altsyncram_6471:auto_generated|ram_block1a168" File: C:/Users/Omer/Documents/GitHub/ECELab1-GoldMiner/GoldMiner_Local/db/altsyncram_6471.tdf Line: 3570
        Warning (14320): Synthesized away node "lpm_rom:inst9|altrom:srom|altsyncram:rom_block|altsyncram_6471:auto_generated|ram_block1a176" File: C:/Users/Omer/Documents/GitHub/ECELab1-GoldMiner/GoldMiner_Local/db/altsyncram_6471.tdf Line: 3738
        Warning (14320): Synthesized away node "lpm_rom:inst9|altrom:srom|altsyncram:rom_block|altsyncram_6471:auto_generated|ram_block1a184" File: C:/Users/Omer/Documents/GitHub/ECELab1-GoldMiner/GoldMiner_Local/db/altsyncram_6471.tdf Line: 3906
        Warning (14320): Synthesized away node "lpm_rom:inst9|altrom:srom|altsyncram:rom_block|altsyncram_6471:auto_generated|ram_block1a192" File: C:/Users/Omer/Documents/GitHub/ECELab1-GoldMiner/GoldMiner_Local/db/altsyncram_6471.tdf Line: 4074
        Warning (14320): Synthesized away node "lpm_rom:inst9|altrom:srom|altsyncram:rom_block|altsyncram_6471:auto_generated|ram_block1a200" File: C:/Users/Omer/Documents/GitHub/ECELab1-GoldMiner/GoldMiner_Local/db/altsyncram_6471.tdf Line: 4242
        Warning (14320): Synthesized away node "lpm_rom:inst9|altrom:srom|altsyncram:rom_block|altsyncram_6471:auto_generated|ram_block1a208" File: C:/Users/Omer/Documents/GitHub/ECELab1-GoldMiner/GoldMiner_Local/db/altsyncram_6471.tdf Line: 4410
        Warning (14320): Synthesized away node "lpm_rom:inst9|altrom:srom|altsyncram:rom_block|altsyncram_6471:auto_generated|ram_block1a216" File: C:/Users/Omer/Documents/GitHub/ECELab1-GoldMiner/GoldMiner_Local/db/altsyncram_6471.tdf Line: 4578
        Warning (14320): Synthesized away node "lpm_rom:inst9|altrom:srom|altsyncram:rom_block|altsyncram_6471:auto_generated|ram_block1a224" File: C:/Users/Omer/Documents/GitHub/ECELab1-GoldMiner/GoldMiner_Local/db/altsyncram_6471.tdf Line: 4746
        Warning (14320): Synthesized away node "lpm_rom:inst9|altrom:srom|altsyncram:rom_block|altsyncram_6471:auto_generated|ram_block1a232" File: C:/Users/Omer/Documents/GitHub/ECELab1-GoldMiner/GoldMiner_Local/db/altsyncram_6471.tdf Line: 4914
        Warning (14320): Synthesized away node "lpm_rom:inst9|altrom:srom|altsyncram:rom_block|altsyncram_6471:auto_generated|ram_block1a240" File: C:/Users/Omer/Documents/GitHub/ECELab1-GoldMiner/GoldMiner_Local/db/altsyncram_6471.tdf Line: 5082
        Warning (14320): Synthesized away node "lpm_rom:inst9|altrom:srom|altsyncram:rom_block|altsyncram_6471:auto_generated|ram_block1a248" File: C:/Users/Omer/Documents/GitHub/ECELab1-GoldMiner/GoldMiner_Local/db/altsyncram_6471.tdf Line: 5250
        Warning (14320): Synthesized away node "lpm_rom:inst9|altrom:srom|altsyncram:rom_block|altsyncram_6471:auto_generated|ram_block1a256" File: C:/Users/Omer/Documents/GitHub/ECELab1-GoldMiner/GoldMiner_Local/db/altsyncram_6471.tdf Line: 5418
        Warning (14320): Synthesized away node "lpm_rom:inst9|altrom:srom|altsyncram:rom_block|altsyncram_6471:auto_generated|ram_block1a264" File: C:/Users/Omer/Documents/GitHub/ECELab1-GoldMiner/GoldMiner_Local/db/altsyncram_6471.tdf Line: 5586
        Warning (14320): Synthesized away node "lpm_rom:inst9|altrom:srom|altsyncram:rom_block|altsyncram_6471:auto_generated|ram_block1a272" File: C:/Users/Omer/Documents/GitHub/ECELab1-GoldMiner/GoldMiner_Local/db/altsyncram_6471.tdf Line: 5754
        Warning (14320): Synthesized away node "lpm_rom:inst9|altrom:srom|altsyncram:rom_block|altsyncram_6471:auto_generated|ram_block1a280" File: C:/Users/Omer/Documents/GitHub/ECELab1-GoldMiner/GoldMiner_Local/db/altsyncram_6471.tdf Line: 5922
        Warning (14320): Synthesized away node "lpm_rom:inst9|altrom:srom|altsyncram:rom_block|altsyncram_6471:auto_generated|ram_block1a288" File: C:/Users/Omer/Documents/GitHub/ECELab1-GoldMiner/GoldMiner_Local/db/altsyncram_6471.tdf Line: 6090
        Warning (14320): Synthesized away node "lpm_rom:inst9|altrom:srom|altsyncram:rom_block|altsyncram_6471:auto_generated|ram_block1a296" File: C:/Users/Omer/Documents/GitHub/ECELab1-GoldMiner/GoldMiner_Local/db/altsyncram_6471.tdf Line: 6258
        Warning (14320): Synthesized away node "lpm_rom:inst9|altrom:srom|altsyncram:rom_block|altsyncram_6471:auto_generated|ram_block1a36" File: C:/Users/Omer/Documents/GitHub/ECELab1-GoldMiner/GoldMiner_Local/db/altsyncram_6471.tdf Line: 798
        Warning (14320): Synthesized away node "lpm_rom:inst9|altrom:srom|altsyncram:rom_block|altsyncram_6471:auto_generated|ram_block1a44" File: C:/Users/Omer/Documents/GitHub/ECELab1-GoldMiner/GoldMiner_Local/db/altsyncram_6471.tdf Line: 966
        Warning (14320): Synthesized away node "lpm_rom:inst9|altrom:srom|altsyncram:rom_block|altsyncram_6471:auto_generated|ram_block1a52" File: C:/Users/Omer/Documents/GitHub/ECELab1-GoldMiner/GoldMiner_Local/db/altsyncram_6471.tdf Line: 1134
        Warning (14320): Synthesized away node "lpm_rom:inst9|altrom:srom|altsyncram:rom_block|altsyncram_6471:auto_generated|ram_block1a60" File: C:/Users/Omer/Documents/GitHub/ECELab1-GoldMiner/GoldMiner_Local/db/altsyncram_6471.tdf Line: 1302
        Warning (14320): Synthesized away node "lpm_rom:inst9|altrom:srom|altsyncram:rom_block|altsyncram_6471:auto_generated|ram_block1a68" File: C:/Users/Omer/Documents/GitHub/ECELab1-GoldMiner/GoldMiner_Local/db/altsyncram_6471.tdf Line: 1470
        Warning (14320): Synthesized away node "lpm_rom:inst9|altrom:srom|altsyncram:rom_block|altsyncram_6471:auto_generated|ram_block1a76" File: C:/Users/Omer/Documents/GitHub/ECELab1-GoldMiner/GoldMiner_Local/db/altsyncram_6471.tdf Line: 1638
        Warning (14320): Synthesized away node "lpm_rom:inst9|altrom:srom|altsyncram:rom_block|altsyncram_6471:auto_generated|ram_block1a84" File: C:/Users/Omer/Documents/GitHub/ECELab1-GoldMiner/GoldMiner_Local/db/altsyncram_6471.tdf Line: 1806
        Warning (14320): Synthesized away node "lpm_rom:inst9|altrom:srom|altsyncram:rom_block|altsyncram_6471:auto_generated|ram_block1a92" File: C:/Users/Omer/Documents/GitHub/ECELab1-GoldMiner/GoldMiner_Local/db/altsyncram_6471.tdf Line: 1974
        Warning (14320): Synthesized away node "lpm_rom:inst9|altrom:srom|altsyncram:rom_block|altsyncram_6471:auto_generated|ram_block1a100" File: C:/Users/Omer/Documents/GitHub/ECELab1-GoldMiner/GoldMiner_Local/db/altsyncram_6471.tdf Line: 2142
        Warning (14320): Synthesized away node "lpm_rom:inst9|altrom:srom|altsyncram:rom_block|altsyncram_6471:auto_generated|ram_block1a108" File: C:/Users/Omer/Documents/GitHub/ECELab1-GoldMiner/GoldMiner_Local/db/altsyncram_6471.tdf Line: 2310
        Warning (14320): Synthesized away node "lpm_rom:inst9|altrom:srom|altsyncram:rom_block|altsyncram_6471:auto_generated|ram_block1a116" File: C:/Users/Omer/Documents/GitHub/ECELab1-GoldMiner/GoldMiner_Local/db/altsyncram_6471.tdf Line: 2478
        Warning (14320): Synthesized away node "lpm_rom:inst9|altrom:srom|altsyncram:rom_block|altsyncram_6471:auto_generated|ram_block1a124" File: C:/Users/Omer/Documents/GitHub/ECELab1-GoldMiner/GoldMiner_Local/db/altsyncram_6471.tdf Line: 2646
        Warning (14320): Synthesized away node "lpm_rom:inst9|altrom:srom|altsyncram:rom_block|altsyncram_6471:auto_generated|ram_block1a132" File: C:/Users/Omer/Documents/GitHub/ECELab1-GoldMiner/GoldMiner_Local/db/altsyncram_6471.tdf Line: 2814
        Warning (14320): Synthesized away node "lpm_rom:inst9|altrom:srom|altsyncram:rom_block|altsyncram_6471:auto_generated|ram_block1a140" File: C:/Users/Omer/Documents/GitHub/ECELab1-GoldMiner/GoldMiner_Local/db/altsyncram_6471.tdf Line: 2982
        Warning (14320): Synthesized away node "lpm_rom:inst9|altrom:srom|altsyncram:rom_block|altsyncram_6471:auto_generated|ram_block1a148" File: C:/Users/Omer/Documents/GitHub/ECELab1-GoldMiner/GoldMiner_Local/db/altsyncram_6471.tdf Line: 3150
        Warning (14320): Synthesized away node "lpm_rom:inst9|altrom:srom|altsyncram:rom_block|altsyncram_6471:auto_generated|ram_block1a156" File: C:/Users/Omer/Documents/GitHub/ECELab1-GoldMiner/GoldMiner_Local/db/altsyncram_6471.tdf Line: 3318
        Warning (14320): Synthesized away node "lpm_rom:inst9|altrom:srom|altsyncram:rom_block|altsyncram_6471:auto_generated|ram_block1a164" File: C:/Users/Omer/Documents/GitHub/ECELab1-GoldMiner/GoldMiner_Local/db/altsyncram_6471.tdf Line: 3486
        Warning (14320): Synthesized away node "lpm_rom:inst9|altrom:srom|altsyncram:rom_block|altsyncram_6471:auto_generated|ram_block1a172" File: C:/Users/Omer/Documents/GitHub/ECELab1-GoldMiner/GoldMiner_Local/db/altsyncram_6471.tdf Line: 3654
        Warning (14320): Synthesized away node "lpm_rom:inst9|altrom:srom|altsyncram:rom_block|altsyncram_6471:auto_generated|ram_block1a180" File: C:/Users/Omer/Documents/GitHub/ECELab1-GoldMiner/GoldMiner_Local/db/altsyncram_6471.tdf Line: 3822
        Warning (14320): Synthesized away node "lpm_rom:inst9|altrom:srom|altsyncram:rom_block|altsyncram_6471:auto_generated|ram_block1a188" File: C:/Users/Omer/Documents/GitHub/ECELab1-GoldMiner/GoldMiner_Local/db/altsyncram_6471.tdf Line: 3990
        Warning (14320): Synthesized away node "lpm_rom:inst9|altrom:srom|altsyncram:rom_block|altsyncram_6471:auto_generated|ram_block1a196" File: C:/Users/Omer/Documents/GitHub/ECELab1-GoldMiner/GoldMiner_Local/db/altsyncram_6471.tdf Line: 4158
        Warning (14320): Synthesized away node "lpm_rom:inst9|altrom:srom|altsyncram:rom_block|altsyncram_6471:auto_generated|ram_block1a204" File: C:/Users/Omer/Documents/GitHub/ECELab1-GoldMiner/GoldMiner_Local/db/altsyncram_6471.tdf Line: 4326
        Warning (14320): Synthesized away node "lpm_rom:inst9|altrom:srom|altsyncram:rom_block|altsyncram_6471:auto_generated|ram_block1a212" File: C:/Users/Omer/Documents/GitHub/ECELab1-GoldMiner/GoldMiner_Local/db/altsyncram_6471.tdf Line: 4494
        Warning (14320): Synthesized away node "lpm_rom:inst9|altrom:srom|altsyncram:rom_block|altsyncram_6471:auto_generated|ram_block1a220" File: C:/Users/Omer/Documents/GitHub/ECELab1-GoldMiner/GoldMiner_Local/db/altsyncram_6471.tdf Line: 4662
        Warning (14320): Synthesized away node "lpm_rom:inst9|altrom:srom|altsyncram:rom_block|altsyncram_6471:auto_generated|ram_block1a228" File: C:/Users/Omer/Documents/GitHub/ECELab1-GoldMiner/GoldMiner_Local/db/altsyncram_6471.tdf Line: 4830
        Warning (14320): Synthesized away node "lpm_rom:inst9|altrom:srom|altsyncram:rom_block|altsyncram_6471:auto_generated|ram_block1a236" File: C:/Users/Omer/Documents/GitHub/ECELab1-GoldMiner/GoldMiner_Local/db/altsyncram_6471.tdf Line: 4998
        Warning (14320): Synthesized away node "lpm_rom:inst9|altrom:srom|altsyncram:rom_block|altsyncram_6471:auto_generated|ram_block1a244" File: C:/Users/Omer/Documents/GitHub/ECELab1-GoldMiner/GoldMiner_Local/db/altsyncram_6471.tdf Line: 5166
        Warning (14320): Synthesized away node "lpm_rom:inst9|altrom:srom|altsyncram:rom_block|altsyncram_6471:auto_generated|ram_block1a252" File: C:/Users/Omer/Documents/GitHub/ECELab1-GoldMiner/GoldMiner_Local/db/altsyncram_6471.tdf Line: 5334
        Warning (14320): Synthesized away node "lpm_rom:inst9|altrom:srom|altsyncram:rom_block|altsyncram_6471:auto_generated|ram_block1a260" File: C:/Users/Omer/Documents/GitHub/ECELab1-GoldMiner/GoldMiner_Local/db/altsyncram_6471.tdf Line: 5502
        Warning (14320): Synthesized away node "lpm_rom:inst9|altrom:srom|altsyncram:rom_block|altsyncram_6471:auto_generated|ram_block1a268" File: C:/Users/Omer/Documents/GitHub/ECELab1-GoldMiner/GoldMiner_Local/db/altsyncram_6471.tdf Line: 5670
        Warning (14320): Synthesized away node "lpm_rom:inst9|altrom:srom|altsyncram:rom_block|altsyncram_6471:auto_generated|ram_block1a276" File: C:/Users/Omer/Documents/GitHub/ECELab1-GoldMiner/GoldMiner_Local/db/altsyncram_6471.tdf Line: 5838
        Warning (14320): Synthesized away node "lpm_rom:inst9|altrom:srom|altsyncram:rom_block|altsyncram_6471:auto_generated|ram_block1a284" File: C:/Users/Omer/Documents/GitHub/ECELab1-GoldMiner/GoldMiner_Local/db/altsyncram_6471.tdf Line: 6006
        Warning (14320): Synthesized away node "lpm_rom:inst9|altrom:srom|altsyncram:rom_block|altsyncram_6471:auto_generated|ram_block1a292" File: C:/Users/Omer/Documents/GitHub/ECELab1-GoldMiner/GoldMiner_Local/db/altsyncram_6471.tdf Line: 6174
        Warning (14320): Synthesized away node "lpm_rom:inst9|altrom:srom|altsyncram:rom_block|altsyncram_6471:auto_generated|ram_block1a300" File: C:/Users/Omer/Documents/GitHub/ECELab1-GoldMiner/GoldMiner_Local/db/altsyncram_6471.tdf Line: 6342
        Warning (14320): Synthesized away node "lpm_rom:inst9|altrom:srom|altsyncram:rom_block|altsyncram_6471:auto_generated|ram_block1a35" File: C:/Users/Omer/Documents/GitHub/ECELab1-GoldMiner/GoldMiner_Local/db/altsyncram_6471.tdf Line: 777
        Warning (14320): Synthesized away node "lpm_rom:inst9|altrom:srom|altsyncram:rom_block|altsyncram_6471:auto_generated|ram_block1a43" File: C:/Users/Omer/Documents/GitHub/ECELab1-GoldMiner/GoldMiner_Local/db/altsyncram_6471.tdf Line: 945
        Warning (14320): Synthesized away node "lpm_rom:inst9|altrom:srom|altsyncram:rom_block|altsyncram_6471:auto_generated|ram_block1a51" File: C:/Users/Omer/Documents/GitHub/ECELab1-GoldMiner/GoldMiner_Local/db/altsyncram_6471.tdf Line: 1113
        Warning (14320): Synthesized away node "lpm_rom:inst9|altrom:srom|altsyncram:rom_block|altsyncram_6471:auto_generated|ram_block1a59" File: C:/Users/Omer/Documents/GitHub/ECELab1-GoldMiner/GoldMiner_Local/db/altsyncram_6471.tdf Line: 1281
        Warning (14320): Synthesized away node "lpm_rom:inst9|altrom:srom|altsyncram:rom_block|altsyncram_6471:auto_generated|ram_block1a67" File: C:/Users/Omer/Documents/GitHub/ECELab1-GoldMiner/GoldMiner_Local/db/altsyncram_6471.tdf Line: 1449
        Warning (14320): Synthesized away node "lpm_rom:inst9|altrom:srom|altsyncram:rom_block|altsyncram_6471:auto_generated|ram_block1a75" File: C:/Users/Omer/Documents/GitHub/ECELab1-GoldMiner/GoldMiner_Local/db/altsyncram_6471.tdf Line: 1617
        Warning (14320): Synthesized away node "lpm_rom:inst9|altrom:srom|altsyncram:rom_block|altsyncram_6471:auto_generated|ram_block1a83" File: C:/Users/Omer/Documents/GitHub/ECELab1-GoldMiner/GoldMiner_Local/db/altsyncram_6471.tdf Line: 1785
        Warning (14320): Synthesized away node "lpm_rom:inst9|altrom:srom|altsyncram:rom_block|altsyncram_6471:auto_generated|ram_block1a91" File: C:/Users/Omer/Documents/GitHub/ECELab1-GoldMiner/GoldMiner_Local/db/altsyncram_6471.tdf Line: 1953
        Warning (14320): Synthesized away node "lpm_rom:inst9|altrom:srom|altsyncram:rom_block|altsyncram_6471:auto_generated|ram_block1a99" File: C:/Users/Omer/Documents/GitHub/ECELab1-GoldMiner/GoldMiner_Local/db/altsyncram_6471.tdf Line: 2121
        Warning (14320): Synthesized away node "lpm_rom:inst9|altrom:srom|altsyncram:rom_block|altsyncram_6471:auto_generated|ram_block1a107" File: C:/Users/Omer/Documents/GitHub/ECELab1-GoldMiner/GoldMiner_Local/db/altsyncram_6471.tdf Line: 2289
        Warning (14320): Synthesized away node "lpm_rom:inst9|altrom:srom|altsyncram:rom_block|altsyncram_6471:auto_generated|ram_block1a115" File: C:/Users/Omer/Documents/GitHub/ECELab1-GoldMiner/GoldMiner_Local/db/altsyncram_6471.tdf Line: 2457
        Warning (14320): Synthesized away node "lpm_rom:inst9|altrom:srom|altsyncram:rom_block|altsyncram_6471:auto_generated|ram_block1a123" File: C:/Users/Omer/Documents/GitHub/ECELab1-GoldMiner/GoldMiner_Local/db/altsyncram_6471.tdf Line: 2625
        Warning (14320): Synthesized away node "lpm_rom:inst9|altrom:srom|altsyncram:rom_block|altsyncram_6471:auto_generated|ram_block1a131" File: C:/Users/Omer/Documents/GitHub/ECELab1-GoldMiner/GoldMiner_Local/db/altsyncram_6471.tdf Line: 2793
        Warning (14320): Synthesized away node "lpm_rom:inst9|altrom:srom|altsyncram:rom_block|altsyncram_6471:auto_generated|ram_block1a139" File: C:/Users/Omer/Documents/GitHub/ECELab1-GoldMiner/GoldMiner_Local/db/altsyncram_6471.tdf Line: 2961
        Warning (14320): Synthesized away node "lpm_rom:inst9|altrom:srom|altsyncram:rom_block|altsyncram_6471:auto_generated|ram_block1a147" File: C:/Users/Omer/Documents/GitHub/ECELab1-GoldMiner/GoldMiner_Local/db/altsyncram_6471.tdf Line: 3129
        Warning (14320): Synthesized away node "lpm_rom:inst9|altrom:srom|altsyncram:rom_block|altsyncram_6471:auto_generated|ram_block1a155" File: C:/Users/Omer/Documents/GitHub/ECELab1-GoldMiner/GoldMiner_Local/db/altsyncram_6471.tdf Line: 3297
        Warning (14320): Synthesized away node "lpm_rom:inst9|altrom:srom|altsyncram:rom_block|altsyncram_6471:auto_generated|ram_block1a163" File: C:/Users/Omer/Documents/GitHub/ECELab1-GoldMiner/GoldMiner_Local/db/altsyncram_6471.tdf Line: 3465
        Warning (14320): Synthesized away node "lpm_rom:inst9|altrom:srom|altsyncram:rom_block|altsyncram_6471:auto_generated|ram_block1a171" File: C:/Users/Omer/Documents/GitHub/ECELab1-GoldMiner/GoldMiner_Local/db/altsyncram_6471.tdf Line: 3633
        Warning (14320): Synthesized away node "lpm_rom:inst9|altrom:srom|altsyncram:rom_block|altsyncram_6471:auto_generated|ram_block1a179" File: C:/Users/Omer/Documents/GitHub/ECELab1-GoldMiner/GoldMiner_Local/db/altsyncram_6471.tdf Line: 3801
        Warning (14320): Synthesized away node "lpm_rom:inst9|altrom:srom|altsyncram:rom_block|altsyncram_6471:auto_generated|ram_block1a187" File: C:/Users/Omer/Documents/GitHub/ECELab1-GoldMiner/GoldMiner_Local/db/altsyncram_6471.tdf Line: 3969
        Warning (14320): Synthesized away node "lpm_rom:inst9|altrom:srom|altsyncram:rom_block|altsyncram_6471:auto_generated|ram_block1a195" File: C:/Users/Omer/Documents/GitHub/ECELab1-GoldMiner/GoldMiner_Local/db/altsyncram_6471.tdf Line: 4137
        Warning (14320): Synthesized away node "lpm_rom:inst9|altrom:srom|altsyncram:rom_block|altsyncram_6471:auto_generated|ram_block1a203" File: C:/Users/Omer/Documents/GitHub/ECELab1-GoldMiner/GoldMiner_Local/db/altsyncram_6471.tdf Line: 4305
        Warning (14320): Synthesized away node "lpm_rom:inst9|altrom:srom|altsyncram:rom_block|altsyncram_6471:auto_generated|ram_block1a211" File: C:/Users/Omer/Documents/GitHub/ECELab1-GoldMiner/GoldMiner_Local/db/altsyncram_6471.tdf Line: 4473
        Warning (14320): Synthesized away node "lpm_rom:inst9|altrom:srom|altsyncram:rom_block|altsyncram_6471:auto_generated|ram_block1a219" File: C:/Users/Omer/Documents/GitHub/ECELab1-GoldMiner/GoldMiner_Local/db/altsyncram_6471.tdf Line: 4641
        Warning (14320): Synthesized away node "lpm_rom:inst9|altrom:srom|altsyncram:rom_block|altsyncram_6471:auto_generated|ram_block1a227" File: C:/Users/Omer/Documents/GitHub/ECELab1-GoldMiner/GoldMiner_Local/db/altsyncram_6471.tdf Line: 4809
        Warning (14320): Synthesized away node "lpm_rom:inst9|altrom:srom|altsyncram:rom_block|altsyncram_6471:auto_generated|ram_block1a235" File: C:/Users/Omer/Documents/GitHub/ECELab1-GoldMiner/GoldMiner_Local/db/altsyncram_6471.tdf Line: 4977
        Warning (14320): Synthesized away node "lpm_rom:inst9|altrom:srom|altsyncram:rom_block|altsyncram_6471:auto_generated|ram_block1a243" File: C:/Users/Omer/Documents/GitHub/ECELab1-GoldMiner/GoldMiner_Local/db/altsyncram_6471.tdf Line: 5145
        Warning (14320): Synthesized away node "lpm_rom:inst9|altrom:srom|altsyncram:rom_block|altsyncram_6471:auto_generated|ram_block1a251" File: C:/Users/Omer/Documents/GitHub/ECELab1-GoldMiner/GoldMiner_Local/db/altsyncram_6471.tdf Line: 5313
        Warning (14320): Synthesized away node "lpm_rom:inst9|altrom:srom|altsyncram:rom_block|altsyncram_6471:auto_generated|ram_block1a259" File: C:/Users/Omer/Documents/GitHub/ECELab1-GoldMiner/GoldMiner_Local/db/altsyncram_6471.tdf Line: 5481
        Warning (14320): Synthesized away node "lpm_rom:inst9|altrom:srom|altsyncram:rom_block|altsyncram_6471:auto_generated|ram_block1a267" File: C:/Users/Omer/Documents/GitHub/ECELab1-GoldMiner/GoldMiner_Local/db/altsyncram_6471.tdf Line: 5649
        Warning (14320): Synthesized away node "lpm_rom:inst9|altrom:srom|altsyncram:rom_block|altsyncram_6471:auto_generated|ram_block1a275" File: C:/Users/Omer/Documents/GitHub/ECELab1-GoldMiner/GoldMiner_Local/db/altsyncram_6471.tdf Line: 5817
        Warning (14320): Synthesized away node "lpm_rom:inst9|altrom:srom|altsyncram:rom_block|altsyncram_6471:auto_generated|ram_block1a283" File: C:/Users/Omer/Documents/GitHub/ECELab1-GoldMiner/GoldMiner_Local/db/altsyncram_6471.tdf Line: 5985
        Warning (14320): Synthesized away node "lpm_rom:inst9|altrom:srom|altsyncram:rom_block|altsyncram_6471:auto_generated|ram_block1a291" File: C:/Users/Omer/Documents/GitHub/ECELab1-GoldMiner/GoldMiner_Local/db/altsyncram_6471.tdf Line: 6153
        Warning (14320): Synthesized away node "lpm_rom:inst9|altrom:srom|altsyncram:rom_block|altsyncram_6471:auto_generated|ram_block1a299" File: C:/Users/Omer/Documents/GitHub/ECELab1-GoldMiner/GoldMiner_Local/db/altsyncram_6471.tdf Line: 6321
        Warning (14320): Synthesized away node "lpm_rom:inst9|altrom:srom|altsyncram:rom_block|altsyncram_6471:auto_generated|ram_block1a34" File: C:/Users/Omer/Documents/GitHub/ECELab1-GoldMiner/GoldMiner_Local/db/altsyncram_6471.tdf Line: 756
        Warning (14320): Synthesized away node "lpm_rom:inst9|altrom:srom|altsyncram:rom_block|altsyncram_6471:auto_generated|ram_block1a42" File: C:/Users/Omer/Documents/GitHub/ECELab1-GoldMiner/GoldMiner_Local/db/altsyncram_6471.tdf Line: 924
        Warning (14320): Synthesized away node "lpm_rom:inst9|altrom:srom|altsyncram:rom_block|altsyncram_6471:auto_generated|ram_block1a50" File: C:/Users/Omer/Documents/GitHub/ECELab1-GoldMiner/GoldMiner_Local/db/altsyncram_6471.tdf Line: 1092
        Warning (14320): Synthesized away node "lpm_rom:inst9|altrom:srom|altsyncram:rom_block|altsyncram_6471:auto_generated|ram_block1a58" File: C:/Users/Omer/Documents/GitHub/ECELab1-GoldMiner/GoldMiner_Local/db/altsyncram_6471.tdf Line: 1260
        Warning (14320): Synthesized away node "lpm_rom:inst9|altrom:srom|altsyncram:rom_block|altsyncram_6471:auto_generated|ram_block1a66" File: C:/Users/Omer/Documents/GitHub/ECELab1-GoldMiner/GoldMiner_Local/db/altsyncram_6471.tdf Line: 1428
        Warning (14320): Synthesized away node "lpm_rom:inst9|altrom:srom|altsyncram:rom_block|altsyncram_6471:auto_generated|ram_block1a74" File: C:/Users/Omer/Documents/GitHub/ECELab1-GoldMiner/GoldMiner_Local/db/altsyncram_6471.tdf Line: 1596
        Warning (14320): Synthesized away node "lpm_rom:inst9|altrom:srom|altsyncram:rom_block|altsyncram_6471:auto_generated|ram_block1a82" File: C:/Users/Omer/Documents/GitHub/ECELab1-GoldMiner/GoldMiner_Local/db/altsyncram_6471.tdf Line: 1764
        Warning (14320): Synthesized away node "lpm_rom:inst9|altrom:srom|altsyncram:rom_block|altsyncram_6471:auto_generated|ram_block1a90" File: C:/Users/Omer/Documents/GitHub/ECELab1-GoldMiner/GoldMiner_Local/db/altsyncram_6471.tdf Line: 1932
        Warning (14320): Synthesized away node "lpm_rom:inst9|altrom:srom|altsyncram:rom_block|altsyncram_6471:auto_generated|ram_block1a98" File: C:/Users/Omer/Documents/GitHub/ECELab1-GoldMiner/GoldMiner_Local/db/altsyncram_6471.tdf Line: 2100
        Warning (14320): Synthesized away node "lpm_rom:inst9|altrom:srom|altsyncram:rom_block|altsyncram_6471:auto_generated|ram_block1a106" File: C:/Users/Omer/Documents/GitHub/ECELab1-GoldMiner/GoldMiner_Local/db/altsyncram_6471.tdf Line: 2268
        Warning (14320): Synthesized away node "lpm_rom:inst9|altrom:srom|altsyncram:rom_block|altsyncram_6471:auto_generated|ram_block1a114" File: C:/Users/Omer/Documents/GitHub/ECELab1-GoldMiner/GoldMiner_Local/db/altsyncram_6471.tdf Line: 2436
        Warning (14320): Synthesized away node "lpm_rom:inst9|altrom:srom|altsyncram:rom_block|altsyncram_6471:auto_generated|ram_block1a122" File: C:/Users/Omer/Documents/GitHub/ECELab1-GoldMiner/GoldMiner_Local/db/altsyncram_6471.tdf Line: 2604
        Warning (14320): Synthesized away node "lpm_rom:inst9|altrom:srom|altsyncram:rom_block|altsyncram_6471:auto_generated|ram_block1a130" File: C:/Users/Omer/Documents/GitHub/ECELab1-GoldMiner/GoldMiner_Local/db/altsyncram_6471.tdf Line: 2772
        Warning (14320): Synthesized away node "lpm_rom:inst9|altrom:srom|altsyncram:rom_block|altsyncram_6471:auto_generated|ram_block1a138" File: C:/Users/Omer/Documents/GitHub/ECELab1-GoldMiner/GoldMiner_Local/db/altsyncram_6471.tdf Line: 2940
        Warning (14320): Synthesized away node "lpm_rom:inst9|altrom:srom|altsyncram:rom_block|altsyncram_6471:auto_generated|ram_block1a146" File: C:/Users/Omer/Documents/GitHub/ECELab1-GoldMiner/GoldMiner_Local/db/altsyncram_6471.tdf Line: 3108
        Warning (14320): Synthesized away node "lpm_rom:inst9|altrom:srom|altsyncram:rom_block|altsyncram_6471:auto_generated|ram_block1a154" File: C:/Users/Omer/Documents/GitHub/ECELab1-GoldMiner/GoldMiner_Local/db/altsyncram_6471.tdf Line: 3276
        Warning (14320): Synthesized away node "lpm_rom:inst9|altrom:srom|altsyncram:rom_block|altsyncram_6471:auto_generated|ram_block1a162" File: C:/Users/Omer/Documents/GitHub/ECELab1-GoldMiner/GoldMiner_Local/db/altsyncram_6471.tdf Line: 3444
        Warning (14320): Synthesized away node "lpm_rom:inst9|altrom:srom|altsyncram:rom_block|altsyncram_6471:auto_generated|ram_block1a170" File: C:/Users/Omer/Documents/GitHub/ECELab1-GoldMiner/GoldMiner_Local/db/altsyncram_6471.tdf Line: 3612
        Warning (14320): Synthesized away node "lpm_rom:inst9|altrom:srom|altsyncram:rom_block|altsyncram_6471:auto_generated|ram_block1a178" File: C:/Users/Omer/Documents/GitHub/ECELab1-GoldMiner/GoldMiner_Local/db/altsyncram_6471.tdf Line: 3780
        Warning (14320): Synthesized away node "lpm_rom:inst9|altrom:srom|altsyncram:rom_block|altsyncram_6471:auto_generated|ram_block1a186" File: C:/Users/Omer/Documents/GitHub/ECELab1-GoldMiner/GoldMiner_Local/db/altsyncram_6471.tdf Line: 3948
        Warning (14320): Synthesized away node "lpm_rom:inst9|altrom:srom|altsyncram:rom_block|altsyncram_6471:auto_generated|ram_block1a194" File: C:/Users/Omer/Documents/GitHub/ECELab1-GoldMiner/GoldMiner_Local/db/altsyncram_6471.tdf Line: 4116
        Warning (14320): Synthesized away node "lpm_rom:inst9|altrom:srom|altsyncram:rom_block|altsyncram_6471:auto_generated|ram_block1a202" File: C:/Users/Omer/Documents/GitHub/ECELab1-GoldMiner/GoldMiner_Local/db/altsyncram_6471.tdf Line: 4284
        Warning (14320): Synthesized away node "lpm_rom:inst9|altrom:srom|altsyncram:rom_block|altsyncram_6471:auto_generated|ram_block1a210" File: C:/Users/Omer/Documents/GitHub/ECELab1-GoldMiner/GoldMiner_Local/db/altsyncram_6471.tdf Line: 4452
        Warning (14320): Synthesized away node "lpm_rom:inst9|altrom:srom|altsyncram:rom_block|altsyncram_6471:auto_generated|ram_block1a218" File: C:/Users/Omer/Documents/GitHub/ECELab1-GoldMiner/GoldMiner_Local/db/altsyncram_6471.tdf Line: 4620
        Warning (14320): Synthesized away node "lpm_rom:inst9|altrom:srom|altsyncram:rom_block|altsyncram_6471:auto_generated|ram_block1a226" File: C:/Users/Omer/Documents/GitHub/ECELab1-GoldMiner/GoldMiner_Local/db/altsyncram_6471.tdf Line: 4788
        Warning (14320): Synthesized away node "lpm_rom:inst9|altrom:srom|altsyncram:rom_block|altsyncram_6471:auto_generated|ram_block1a234" File: C:/Users/Omer/Documents/GitHub/ECELab1-GoldMiner/GoldMiner_Local/db/altsyncram_6471.tdf Line: 4956
        Warning (14320): Synthesized away node "lpm_rom:inst9|altrom:srom|altsyncram:rom_block|altsyncram_6471:auto_generated|ram_block1a242" File: C:/Users/Omer/Documents/GitHub/ECELab1-GoldMiner/GoldMiner_Local/db/altsyncram_6471.tdf Line: 5124
        Warning (14320): Synthesized away node "lpm_rom:inst9|altrom:srom|altsyncram:rom_block|altsyncram_6471:auto_generated|ram_block1a250" File: C:/Users/Omer/Documents/GitHub/ECELab1-GoldMiner/GoldMiner_Local/db/altsyncram_6471.tdf Line: 5292
        Warning (14320): Synthesized away node "lpm_rom:inst9|altrom:srom|altsyncram:rom_block|altsyncram_6471:auto_generated|ram_block1a258" File: C:/Users/Omer/Documents/GitHub/ECELab1-GoldMiner/GoldMiner_Local/db/altsyncram_6471.tdf Line: 5460
        Warning (14320): Synthesized away node "lpm_rom:inst9|altrom:srom|altsyncram:rom_block|altsyncram_6471:auto_generated|ram_block1a266" File: C:/Users/Omer/Documents/GitHub/ECELab1-GoldMiner/GoldMiner_Local/db/altsyncram_6471.tdf Line: 5628
        Warning (14320): Synthesized away node "lpm_rom:inst9|altrom:srom|altsyncram:rom_block|altsyncram_6471:auto_generated|ram_block1a274" File: C:/Users/Omer/Documents/GitHub/ECELab1-GoldMiner/GoldMiner_Local/db/altsyncram_6471.tdf Line: 5796
        Warning (14320): Synthesized away node "lpm_rom:inst9|altrom:srom|altsyncram:rom_block|altsyncram_6471:auto_generated|ram_block1a282" File: C:/Users/Omer/Documents/GitHub/ECELab1-GoldMiner/GoldMiner_Local/db/altsyncram_6471.tdf Line: 5964
        Warning (14320): Synthesized away node "lpm_rom:inst9|altrom:srom|altsyncram:rom_block|altsyncram_6471:auto_generated|ram_block1a290" File: C:/Users/Omer/Documents/GitHub/ECELab1-GoldMiner/GoldMiner_Local/db/altsyncram_6471.tdf Line: 6132
        Warning (14320): Synthesized away node "lpm_rom:inst9|altrom:srom|altsyncram:rom_block|altsyncram_6471:auto_generated|ram_block1a298" File: C:/Users/Omer/Documents/GitHub/ECELab1-GoldMiner/GoldMiner_Local/db/altsyncram_6471.tdf Line: 6300
        Warning (14320): Synthesized away node "lpm_rom:inst9|altrom:srom|altsyncram:rom_block|altsyncram_6471:auto_generated|ram_block1a39" File: C:/Users/Omer/Documents/GitHub/ECELab1-GoldMiner/GoldMiner_Local/db/altsyncram_6471.tdf Line: 861
        Warning (14320): Synthesized away node "lpm_rom:inst9|altrom:srom|altsyncram:rom_block|altsyncram_6471:auto_generated|ram_block1a47" File: C:/Users/Omer/Documents/GitHub/ECELab1-GoldMiner/GoldMiner_Local/db/altsyncram_6471.tdf Line: 1029
        Warning (14320): Synthesized away node "lpm_rom:inst9|altrom:srom|altsyncram:rom_block|altsyncram_6471:auto_generated|ram_block1a55" File: C:/Users/Omer/Documents/GitHub/ECELab1-GoldMiner/GoldMiner_Local/db/altsyncram_6471.tdf Line: 1197
        Warning (14320): Synthesized away node "lpm_rom:inst9|altrom:srom|altsyncram:rom_block|altsyncram_6471:auto_generated|ram_block1a63" File: C:/Users/Omer/Documents/GitHub/ECELab1-GoldMiner/GoldMiner_Local/db/altsyncram_6471.tdf Line: 1365
        Warning (14320): Synthesized away node "lpm_rom:inst9|altrom:srom|altsyncram:rom_block|altsyncram_6471:auto_generated|ram_block1a71" File: C:/Users/Omer/Documents/GitHub/ECELab1-GoldMiner/GoldMiner_Local/db/altsyncram_6471.tdf Line: 1533
        Warning (14320): Synthesized away node "lpm_rom:inst9|altrom:srom|altsyncram:rom_block|altsyncram_6471:auto_generated|ram_block1a79" File: C:/Users/Omer/Documents/GitHub/ECELab1-GoldMiner/GoldMiner_Local/db/altsyncram_6471.tdf Line: 1701
        Warning (14320): Synthesized away node "lpm_rom:inst9|altrom:srom|altsyncram:rom_block|altsyncram_6471:auto_generated|ram_block1a87" File: C:/Users/Omer/Documents/GitHub/ECELab1-GoldMiner/GoldMiner_Local/db/altsyncram_6471.tdf Line: 1869
        Warning (14320): Synthesized away node "lpm_rom:inst9|altrom:srom|altsyncram:rom_block|altsyncram_6471:auto_generated|ram_block1a95" File: C:/Users/Omer/Documents/GitHub/ECELab1-GoldMiner/GoldMiner_Local/db/altsyncram_6471.tdf Line: 2037
        Warning (14320): Synthesized away node "lpm_rom:inst9|altrom:srom|altsyncram:rom_block|altsyncram_6471:auto_generated|ram_block1a103" File: C:/Users/Omer/Documents/GitHub/ECELab1-GoldMiner/GoldMiner_Local/db/altsyncram_6471.tdf Line: 2205
        Warning (14320): Synthesized away node "lpm_rom:inst9|altrom:srom|altsyncram:rom_block|altsyncram_6471:auto_generated|ram_block1a111" File: C:/Users/Omer/Documents/GitHub/ECELab1-GoldMiner/GoldMiner_Local/db/altsyncram_6471.tdf Line: 2373
        Warning (14320): Synthesized away node "lpm_rom:inst9|altrom:srom|altsyncram:rom_block|altsyncram_6471:auto_generated|ram_block1a119" File: C:/Users/Omer/Documents/GitHub/ECELab1-GoldMiner/GoldMiner_Local/db/altsyncram_6471.tdf Line: 2541
        Warning (14320): Synthesized away node "lpm_rom:inst9|altrom:srom|altsyncram:rom_block|altsyncram_6471:auto_generated|ram_block1a127" File: C:/Users/Omer/Documents/GitHub/ECELab1-GoldMiner/GoldMiner_Local/db/altsyncram_6471.tdf Line: 2709
        Warning (14320): Synthesized away node "lpm_rom:inst9|altrom:srom|altsyncram:rom_block|altsyncram_6471:auto_generated|ram_block1a135" File: C:/Users/Omer/Documents/GitHub/ECELab1-GoldMiner/GoldMiner_Local/db/altsyncram_6471.tdf Line: 2877
        Warning (14320): Synthesized away node "lpm_rom:inst9|altrom:srom|altsyncram:rom_block|altsyncram_6471:auto_generated|ram_block1a143" File: C:/Users/Omer/Documents/GitHub/ECELab1-GoldMiner/GoldMiner_Local/db/altsyncram_6471.tdf Line: 3045
        Warning (14320): Synthesized away node "lpm_rom:inst9|altrom:srom|altsyncram:rom_block|altsyncram_6471:auto_generated|ram_block1a151" File: C:/Users/Omer/Documents/GitHub/ECELab1-GoldMiner/GoldMiner_Local/db/altsyncram_6471.tdf Line: 3213
        Warning (14320): Synthesized away node "lpm_rom:inst9|altrom:srom|altsyncram:rom_block|altsyncram_6471:auto_generated|ram_block1a159" File: C:/Users/Omer/Documents/GitHub/ECELab1-GoldMiner/GoldMiner_Local/db/altsyncram_6471.tdf Line: 3381
        Warning (14320): Synthesized away node "lpm_rom:inst9|altrom:srom|altsyncram:rom_block|altsyncram_6471:auto_generated|ram_block1a167" File: C:/Users/Omer/Documents/GitHub/ECELab1-GoldMiner/GoldMiner_Local/db/altsyncram_6471.tdf Line: 3549
        Warning (14320): Synthesized away node "lpm_rom:inst9|altrom:srom|altsyncram:rom_block|altsyncram_6471:auto_generated|ram_block1a175" File: C:/Users/Omer/Documents/GitHub/ECELab1-GoldMiner/GoldMiner_Local/db/altsyncram_6471.tdf Line: 3717
        Warning (14320): Synthesized away node "lpm_rom:inst9|altrom:srom|altsyncram:rom_block|altsyncram_6471:auto_generated|ram_block1a183" File: C:/Users/Omer/Documents/GitHub/ECELab1-GoldMiner/GoldMiner_Local/db/altsyncram_6471.tdf Line: 3885
        Warning (14320): Synthesized away node "lpm_rom:inst9|altrom:srom|altsyncram:rom_block|altsyncram_6471:auto_generated|ram_block1a191" File: C:/Users/Omer/Documents/GitHub/ECELab1-GoldMiner/GoldMiner_Local/db/altsyncram_6471.tdf Line: 4053
        Warning (14320): Synthesized away node "lpm_rom:inst9|altrom:srom|altsyncram:rom_block|altsyncram_6471:auto_generated|ram_block1a199" File: C:/Users/Omer/Documents/GitHub/ECELab1-GoldMiner/GoldMiner_Local/db/altsyncram_6471.tdf Line: 4221
        Warning (14320): Synthesized away node "lpm_rom:inst9|altrom:srom|altsyncram:rom_block|altsyncram_6471:auto_generated|ram_block1a207" File: C:/Users/Omer/Documents/GitHub/ECELab1-GoldMiner/GoldMiner_Local/db/altsyncram_6471.tdf Line: 4389
        Warning (14320): Synthesized away node "lpm_rom:inst9|altrom:srom|altsyncram:rom_block|altsyncram_6471:auto_generated|ram_block1a215" File: C:/Users/Omer/Documents/GitHub/ECELab1-GoldMiner/GoldMiner_Local/db/altsyncram_6471.tdf Line: 4557
        Warning (14320): Synthesized away node "lpm_rom:inst9|altrom:srom|altsyncram:rom_block|altsyncram_6471:auto_generated|ram_block1a223" File: C:/Users/Omer/Documents/GitHub/ECELab1-GoldMiner/GoldMiner_Local/db/altsyncram_6471.tdf Line: 4725
        Warning (14320): Synthesized away node "lpm_rom:inst9|altrom:srom|altsyncram:rom_block|altsyncram_6471:auto_generated|ram_block1a231" File: C:/Users/Omer/Documents/GitHub/ECELab1-GoldMiner/GoldMiner_Local/db/altsyncram_6471.tdf Line: 4893
        Warning (14320): Synthesized away node "lpm_rom:inst9|altrom:srom|altsyncram:rom_block|altsyncram_6471:auto_generated|ram_block1a239" File: C:/Users/Omer/Documents/GitHub/ECELab1-GoldMiner/GoldMiner_Local/db/altsyncram_6471.tdf Line: 5061
        Warning (14320): Synthesized away node "lpm_rom:inst9|altrom:srom|altsyncram:rom_block|altsyncram_6471:auto_generated|ram_block1a247" File: C:/Users/Omer/Documents/GitHub/ECELab1-GoldMiner/GoldMiner_Local/db/altsyncram_6471.tdf Line: 5229
        Warning (14320): Synthesized away node "lpm_rom:inst9|altrom:srom|altsyncram:rom_block|altsyncram_6471:auto_generated|ram_block1a255" File: C:/Users/Omer/Documents/GitHub/ECELab1-GoldMiner/GoldMiner_Local/db/altsyncram_6471.tdf Line: 5397
        Warning (14320): Synthesized away node "lpm_rom:inst9|altrom:srom|altsyncram:rom_block|altsyncram_6471:auto_generated|ram_block1a263" File: C:/Users/Omer/Documents/GitHub/ECELab1-GoldMiner/GoldMiner_Local/db/altsyncram_6471.tdf Line: 5565
        Warning (14320): Synthesized away node "lpm_rom:inst9|altrom:srom|altsyncram:rom_block|altsyncram_6471:auto_generated|ram_block1a271" File: C:/Users/Omer/Documents/GitHub/ECELab1-GoldMiner/GoldMiner_Local/db/altsyncram_6471.tdf Line: 5733
        Warning (14320): Synthesized away node "lpm_rom:inst9|altrom:srom|altsyncram:rom_block|altsyncram_6471:auto_generated|ram_block1a279" File: C:/Users/Omer/Documents/GitHub/ECELab1-GoldMiner/GoldMiner_Local/db/altsyncram_6471.tdf Line: 5901
        Warning (14320): Synthesized away node "lpm_rom:inst9|altrom:srom|altsyncram:rom_block|altsyncram_6471:auto_generated|ram_block1a287" File: C:/Users/Omer/Documents/GitHub/ECELab1-GoldMiner/GoldMiner_Local/db/altsyncram_6471.tdf Line: 6069
        Warning (14320): Synthesized away node "lpm_rom:inst9|altrom:srom|altsyncram:rom_block|altsyncram_6471:auto_generated|ram_block1a295" File: C:/Users/Omer/Documents/GitHub/ECELab1-GoldMiner/GoldMiner_Local/db/altsyncram_6471.tdf Line: 6237
        Warning (14320): Synthesized away node "lpm_rom:inst9|altrom:srom|altsyncram:rom_block|altsyncram_6471:auto_generated|ram_block1a303" File: C:/Users/Omer/Documents/GitHub/ECELab1-GoldMiner/GoldMiner_Local/db/altsyncram_6471.tdf Line: 6405
        Warning (14320): Synthesized away node "lpm_rom:inst9|altrom:srom|altsyncram:rom_block|altsyncram_6471:auto_generated|ram_block1a38" File: C:/Users/Omer/Documents/GitHub/ECELab1-GoldMiner/GoldMiner_Local/db/altsyncram_6471.tdf Line: 840
        Warning (14320): Synthesized away node "lpm_rom:inst9|altrom:srom|altsyncram:rom_block|altsyncram_6471:auto_generated|ram_block1a46" File: C:/Users/Omer/Documents/GitHub/ECELab1-GoldMiner/GoldMiner_Local/db/altsyncram_6471.tdf Line: 1008
        Warning (14320): Synthesized away node "lpm_rom:inst9|altrom:srom|altsyncram:rom_block|altsyncram_6471:auto_generated|ram_block1a54" File: C:/Users/Omer/Documents/GitHub/ECELab1-GoldMiner/GoldMiner_Local/db/altsyncram_6471.tdf Line: 1176
        Warning (14320): Synthesized away node "lpm_rom:inst9|altrom:srom|altsyncram:rom_block|altsyncram_6471:auto_generated|ram_block1a62" File: C:/Users/Omer/Documents/GitHub/ECELab1-GoldMiner/GoldMiner_Local/db/altsyncram_6471.tdf Line: 1344
        Warning (14320): Synthesized away node "lpm_rom:inst9|altrom:srom|altsyncram:rom_block|altsyncram_6471:auto_generated|ram_block1a70" File: C:/Users/Omer/Documents/GitHub/ECELab1-GoldMiner/GoldMiner_Local/db/altsyncram_6471.tdf Line: 1512
        Warning (14320): Synthesized away node "lpm_rom:inst9|altrom:srom|altsyncram:rom_block|altsyncram_6471:auto_generated|ram_block1a78" File: C:/Users/Omer/Documents/GitHub/ECELab1-GoldMiner/GoldMiner_Local/db/altsyncram_6471.tdf Line: 1680
        Warning (14320): Synthesized away node "lpm_rom:inst9|altrom:srom|altsyncram:rom_block|altsyncram_6471:auto_generated|ram_block1a86" File: C:/Users/Omer/Documents/GitHub/ECELab1-GoldMiner/GoldMiner_Local/db/altsyncram_6471.tdf Line: 1848
        Warning (14320): Synthesized away node "lpm_rom:inst9|altrom:srom|altsyncram:rom_block|altsyncram_6471:auto_generated|ram_block1a94" File: C:/Users/Omer/Documents/GitHub/ECELab1-GoldMiner/GoldMiner_Local/db/altsyncram_6471.tdf Line: 2016
        Warning (14320): Synthesized away node "lpm_rom:inst9|altrom:srom|altsyncram:rom_block|altsyncram_6471:auto_generated|ram_block1a102" File: C:/Users/Omer/Documents/GitHub/ECELab1-GoldMiner/GoldMiner_Local/db/altsyncram_6471.tdf Line: 2184
        Warning (14320): Synthesized away node "lpm_rom:inst9|altrom:srom|altsyncram:rom_block|altsyncram_6471:auto_generated|ram_block1a110" File: C:/Users/Omer/Documents/GitHub/ECELab1-GoldMiner/GoldMiner_Local/db/altsyncram_6471.tdf Line: 2352
        Warning (14320): Synthesized away node "lpm_rom:inst9|altrom:srom|altsyncram:rom_block|altsyncram_6471:auto_generated|ram_block1a118" File: C:/Users/Omer/Documents/GitHub/ECELab1-GoldMiner/GoldMiner_Local/db/altsyncram_6471.tdf Line: 2520
        Warning (14320): Synthesized away node "lpm_rom:inst9|altrom:srom|altsyncram:rom_block|altsyncram_6471:auto_generated|ram_block1a126" File: C:/Users/Omer/Documents/GitHub/ECELab1-GoldMiner/GoldMiner_Local/db/altsyncram_6471.tdf Line: 2688
        Warning (14320): Synthesized away node "lpm_rom:inst9|altrom:srom|altsyncram:rom_block|altsyncram_6471:auto_generated|ram_block1a134" File: C:/Users/Omer/Documents/GitHub/ECELab1-GoldMiner/GoldMiner_Local/db/altsyncram_6471.tdf Line: 2856
        Warning (14320): Synthesized away node "lpm_rom:inst9|altrom:srom|altsyncram:rom_block|altsyncram_6471:auto_generated|ram_block1a142" File: C:/Users/Omer/Documents/GitHub/ECELab1-GoldMiner/GoldMiner_Local/db/altsyncram_6471.tdf Line: 3024
        Warning (14320): Synthesized away node "lpm_rom:inst9|altrom:srom|altsyncram:rom_block|altsyncram_6471:auto_generated|ram_block1a150" File: C:/Users/Omer/Documents/GitHub/ECELab1-GoldMiner/GoldMiner_Local/db/altsyncram_6471.tdf Line: 3192
        Warning (14320): Synthesized away node "lpm_rom:inst9|altrom:srom|altsyncram:rom_block|altsyncram_6471:auto_generated|ram_block1a158" File: C:/Users/Omer/Documents/GitHub/ECELab1-GoldMiner/GoldMiner_Local/db/altsyncram_6471.tdf Line: 3360
        Warning (14320): Synthesized away node "lpm_rom:inst9|altrom:srom|altsyncram:rom_block|altsyncram_6471:auto_generated|ram_block1a166" File: C:/Users/Omer/Documents/GitHub/ECELab1-GoldMiner/GoldMiner_Local/db/altsyncram_6471.tdf Line: 3528
        Warning (14320): Synthesized away node "lpm_rom:inst9|altrom:srom|altsyncram:rom_block|altsyncram_6471:auto_generated|ram_block1a174" File: C:/Users/Omer/Documents/GitHub/ECELab1-GoldMiner/GoldMiner_Local/db/altsyncram_6471.tdf Line: 3696
        Warning (14320): Synthesized away node "lpm_rom:inst9|altrom:srom|altsyncram:rom_block|altsyncram_6471:auto_generated|ram_block1a182" File: C:/Users/Omer/Documents/GitHub/ECELab1-GoldMiner/GoldMiner_Local/db/altsyncram_6471.tdf Line: 3864
        Warning (14320): Synthesized away node "lpm_rom:inst9|altrom:srom|altsyncram:rom_block|altsyncram_6471:auto_generated|ram_block1a190" File: C:/Users/Omer/Documents/GitHub/ECELab1-GoldMiner/GoldMiner_Local/db/altsyncram_6471.tdf Line: 4032
        Warning (14320): Synthesized away node "lpm_rom:inst9|altrom:srom|altsyncram:rom_block|altsyncram_6471:auto_generated|ram_block1a198" File: C:/Users/Omer/Documents/GitHub/ECELab1-GoldMiner/GoldMiner_Local/db/altsyncram_6471.tdf Line: 4200
        Warning (14320): Synthesized away node "lpm_rom:inst9|altrom:srom|altsyncram:rom_block|altsyncram_6471:auto_generated|ram_block1a206" File: C:/Users/Omer/Documents/GitHub/ECELab1-GoldMiner/GoldMiner_Local/db/altsyncram_6471.tdf Line: 4368
        Warning (14320): Synthesized away node "lpm_rom:inst9|altrom:srom|altsyncram:rom_block|altsyncram_6471:auto_generated|ram_block1a214" File: C:/Users/Omer/Documents/GitHub/ECELab1-GoldMiner/GoldMiner_Local/db/altsyncram_6471.tdf Line: 4536
        Warning (14320): Synthesized away node "lpm_rom:inst9|altrom:srom|altsyncram:rom_block|altsyncram_6471:auto_generated|ram_block1a222" File: C:/Users/Omer/Documents/GitHub/ECELab1-GoldMiner/GoldMiner_Local/db/altsyncram_6471.tdf Line: 4704
        Warning (14320): Synthesized away node "lpm_rom:inst9|altrom:srom|altsyncram:rom_block|altsyncram_6471:auto_generated|ram_block1a230" File: C:/Users/Omer/Documents/GitHub/ECELab1-GoldMiner/GoldMiner_Local/db/altsyncram_6471.tdf Line: 4872
        Warning (14320): Synthesized away node "lpm_rom:inst9|altrom:srom|altsyncram:rom_block|altsyncram_6471:auto_generated|ram_block1a238" File: C:/Users/Omer/Documents/GitHub/ECELab1-GoldMiner/GoldMiner_Local/db/altsyncram_6471.tdf Line: 5040
        Warning (14320): Synthesized away node "lpm_rom:inst9|altrom:srom|altsyncram:rom_block|altsyncram_6471:auto_generated|ram_block1a246" File: C:/Users/Omer/Documents/GitHub/ECELab1-GoldMiner/GoldMiner_Local/db/altsyncram_6471.tdf Line: 5208
        Warning (14320): Synthesized away node "lpm_rom:inst9|altrom:srom|altsyncram:rom_block|altsyncram_6471:auto_generated|ram_block1a254" File: C:/Users/Omer/Documents/GitHub/ECELab1-GoldMiner/GoldMiner_Local/db/altsyncram_6471.tdf Line: 5376
        Warning (14320): Synthesized away node "lpm_rom:inst9|altrom:srom|altsyncram:rom_block|altsyncram_6471:auto_generated|ram_block1a262" File: C:/Users/Omer/Documents/GitHub/ECELab1-GoldMiner/GoldMiner_Local/db/altsyncram_6471.tdf Line: 5544
        Warning (14320): Synthesized away node "lpm_rom:inst9|altrom:srom|altsyncram:rom_block|altsyncram_6471:auto_generated|ram_block1a270" File: C:/Users/Omer/Documents/GitHub/ECELab1-GoldMiner/GoldMiner_Local/db/altsyncram_6471.tdf Line: 5712
        Warning (14320): Synthesized away node "lpm_rom:inst9|altrom:srom|altsyncram:rom_block|altsyncram_6471:auto_generated|ram_block1a278" File: C:/Users/Omer/Documents/GitHub/ECELab1-GoldMiner/GoldMiner_Local/db/altsyncram_6471.tdf Line: 5880
        Warning (14320): Synthesized away node "lpm_rom:inst9|altrom:srom|altsyncram:rom_block|altsyncram_6471:auto_generated|ram_block1a286" File: C:/Users/Omer/Documents/GitHub/ECELab1-GoldMiner/GoldMiner_Local/db/altsyncram_6471.tdf Line: 6048
        Warning (14320): Synthesized away node "lpm_rom:inst9|altrom:srom|altsyncram:rom_block|altsyncram_6471:auto_generated|ram_block1a294" File: C:/Users/Omer/Documents/GitHub/ECELab1-GoldMiner/GoldMiner_Local/db/altsyncram_6471.tdf Line: 6216
        Warning (14320): Synthesized away node "lpm_rom:inst9|altrom:srom|altsyncram:rom_block|altsyncram_6471:auto_generated|ram_block1a302" File: C:/Users/Omer/Documents/GitHub/ECELab1-GoldMiner/GoldMiner_Local/db/altsyncram_6471.tdf Line: 6384
        Warning (14320): Synthesized away node "lpm_rom:inst9|altrom:srom|altsyncram:rom_block|altsyncram_6471:auto_generated|ram_block1a37" File: C:/Users/Omer/Documents/GitHub/ECELab1-GoldMiner/GoldMiner_Local/db/altsyncram_6471.tdf Line: 819
        Warning (14320): Synthesized away node "lpm_rom:inst9|altrom:srom|altsyncram:rom_block|altsyncram_6471:auto_generated|ram_block1a45" File: C:/Users/Omer/Documents/GitHub/ECELab1-GoldMiner/GoldMiner_Local/db/altsyncram_6471.tdf Line: 987
        Warning (14320): Synthesized away node "lpm_rom:inst9|altrom:srom|altsyncram:rom_block|altsyncram_6471:auto_generated|ram_block1a53" File: C:/Users/Omer/Documents/GitHub/ECELab1-GoldMiner/GoldMiner_Local/db/altsyncram_6471.tdf Line: 1155
        Warning (14320): Synthesized away node "lpm_rom:inst9|altrom:srom|altsyncram:rom_block|altsyncram_6471:auto_generated|ram_block1a61" File: C:/Users/Omer/Documents/GitHub/ECELab1-GoldMiner/GoldMiner_Local/db/altsyncram_6471.tdf Line: 1323
        Warning (14320): Synthesized away node "lpm_rom:inst9|altrom:srom|altsyncram:rom_block|altsyncram_6471:auto_generated|ram_block1a69" File: C:/Users/Omer/Documents/GitHub/ECELab1-GoldMiner/GoldMiner_Local/db/altsyncram_6471.tdf Line: 1491
        Warning (14320): Synthesized away node "lpm_rom:inst9|altrom:srom|altsyncram:rom_block|altsyncram_6471:auto_generated|ram_block1a77" File: C:/Users/Omer/Documents/GitHub/ECELab1-GoldMiner/GoldMiner_Local/db/altsyncram_6471.tdf Line: 1659
        Warning (14320): Synthesized away node "lpm_rom:inst9|altrom:srom|altsyncram:rom_block|altsyncram_6471:auto_generated|ram_block1a85" File: C:/Users/Omer/Documents/GitHub/ECELab1-GoldMiner/GoldMiner_Local/db/altsyncram_6471.tdf Line: 1827
        Warning (14320): Synthesized away node "lpm_rom:inst9|altrom:srom|altsyncram:rom_block|altsyncram_6471:auto_generated|ram_block1a93" File: C:/Users/Omer/Documents/GitHub/ECELab1-GoldMiner/GoldMiner_Local/db/altsyncram_6471.tdf Line: 1995
        Warning (14320): Synthesized away node "lpm_rom:inst9|altrom:srom|altsyncram:rom_block|altsyncram_6471:auto_generated|ram_block1a101" File: C:/Users/Omer/Documents/GitHub/ECELab1-GoldMiner/GoldMiner_Local/db/altsyncram_6471.tdf Line: 2163
        Warning (14320): Synthesized away node "lpm_rom:inst9|altrom:srom|altsyncram:rom_block|altsyncram_6471:auto_generated|ram_block1a109" File: C:/Users/Omer/Documents/GitHub/ECELab1-GoldMiner/GoldMiner_Local/db/altsyncram_6471.tdf Line: 2331
        Warning (14320): Synthesized away node "lpm_rom:inst9|altrom:srom|altsyncram:rom_block|altsyncram_6471:auto_generated|ram_block1a117" File: C:/Users/Omer/Documents/GitHub/ECELab1-GoldMiner/GoldMiner_Local/db/altsyncram_6471.tdf Line: 2499
        Warning (14320): Synthesized away node "lpm_rom:inst9|altrom:srom|altsyncram:rom_block|altsyncram_6471:auto_generated|ram_block1a125" File: C:/Users/Omer/Documents/GitHub/ECELab1-GoldMiner/GoldMiner_Local/db/altsyncram_6471.tdf Line: 2667
        Warning (14320): Synthesized away node "lpm_rom:inst9|altrom:srom|altsyncram:rom_block|altsyncram_6471:auto_generated|ram_block1a133" File: C:/Users/Omer/Documents/GitHub/ECELab1-GoldMiner/GoldMiner_Local/db/altsyncram_6471.tdf Line: 2835
        Warning (14320): Synthesized away node "lpm_rom:inst9|altrom:srom|altsyncram:rom_block|altsyncram_6471:auto_generated|ram_block1a141" File: C:/Users/Omer/Documents/GitHub/ECELab1-GoldMiner/GoldMiner_Local/db/altsyncram_6471.tdf Line: 3003
        Warning (14320): Synthesized away node "lpm_rom:inst9|altrom:srom|altsyncram:rom_block|altsyncram_6471:auto_generated|ram_block1a149" File: C:/Users/Omer/Documents/GitHub/ECELab1-GoldMiner/GoldMiner_Local/db/altsyncram_6471.tdf Line: 3171
        Warning (14320): Synthesized away node "lpm_rom:inst9|altrom:srom|altsyncram:rom_block|altsyncram_6471:auto_generated|ram_block1a157" File: C:/Users/Omer/Documents/GitHub/ECELab1-GoldMiner/GoldMiner_Local/db/altsyncram_6471.tdf Line: 3339
        Warning (14320): Synthesized away node "lpm_rom:inst9|altrom:srom|altsyncram:rom_block|altsyncram_6471:auto_generated|ram_block1a165" File: C:/Users/Omer/Documents/GitHub/ECELab1-GoldMiner/GoldMiner_Local/db/altsyncram_6471.tdf Line: 3507
        Warning (14320): Synthesized away node "lpm_rom:inst9|altrom:srom|altsyncram:rom_block|altsyncram_6471:auto_generated|ram_block1a173" File: C:/Users/Omer/Documents/GitHub/ECELab1-GoldMiner/GoldMiner_Local/db/altsyncram_6471.tdf Line: 3675
        Warning (14320): Synthesized away node "lpm_rom:inst9|altrom:srom|altsyncram:rom_block|altsyncram_6471:auto_generated|ram_block1a181" File: C:/Users/Omer/Documents/GitHub/ECELab1-GoldMiner/GoldMiner_Local/db/altsyncram_6471.tdf Line: 3843
        Warning (14320): Synthesized away node "lpm_rom:inst9|altrom:srom|altsyncram:rom_block|altsyncram_6471:auto_generated|ram_block1a189" File: C:/Users/Omer/Documents/GitHub/ECELab1-GoldMiner/GoldMiner_Local/db/altsyncram_6471.tdf Line: 4011
        Warning (14320): Synthesized away node "lpm_rom:inst9|altrom:srom|altsyncram:rom_block|altsyncram_6471:auto_generated|ram_block1a197" File: C:/Users/Omer/Documents/GitHub/ECELab1-GoldMiner/GoldMiner_Local/db/altsyncram_6471.tdf Line: 4179
        Warning (14320): Synthesized away node "lpm_rom:inst9|altrom:srom|altsyncram:rom_block|altsyncram_6471:auto_generated|ram_block1a205" File: C:/Users/Omer/Documents/GitHub/ECELab1-GoldMiner/GoldMiner_Local/db/altsyncram_6471.tdf Line: 4347
        Warning (14320): Synthesized away node "lpm_rom:inst9|altrom:srom|altsyncram:rom_block|altsyncram_6471:auto_generated|ram_block1a213" File: C:/Users/Omer/Documents/GitHub/ECELab1-GoldMiner/GoldMiner_Local/db/altsyncram_6471.tdf Line: 4515
        Warning (14320): Synthesized away node "lpm_rom:inst9|altrom:srom|altsyncram:rom_block|altsyncram_6471:auto_generated|ram_block1a221" File: C:/Users/Omer/Documents/GitHub/ECELab1-GoldMiner/GoldMiner_Local/db/altsyncram_6471.tdf Line: 4683
        Warning (14320): Synthesized away node "lpm_rom:inst9|altrom:srom|altsyncram:rom_block|altsyncram_6471:auto_generated|ram_block1a229" File: C:/Users/Omer/Documents/GitHub/ECELab1-GoldMiner/GoldMiner_Local/db/altsyncram_6471.tdf Line: 4851
        Warning (14320): Synthesized away node "lpm_rom:inst9|altrom:srom|altsyncram:rom_block|altsyncram_6471:auto_generated|ram_block1a237" File: C:/Users/Omer/Documents/GitHub/ECELab1-GoldMiner/GoldMiner_Local/db/altsyncram_6471.tdf Line: 5019
        Warning (14320): Synthesized away node "lpm_rom:inst9|altrom:srom|altsyncram:rom_block|altsyncram_6471:auto_generated|ram_block1a245" File: C:/Users/Omer/Documents/GitHub/ECELab1-GoldMiner/GoldMiner_Local/db/altsyncram_6471.tdf Line: 5187
        Warning (14320): Synthesized away node "lpm_rom:inst9|altrom:srom|altsyncram:rom_block|altsyncram_6471:auto_generated|ram_block1a253" File: C:/Users/Omer/Documents/GitHub/ECELab1-GoldMiner/GoldMiner_Local/db/altsyncram_6471.tdf Line: 5355
        Warning (14320): Synthesized away node "lpm_rom:inst9|altrom:srom|altsyncram:rom_block|altsyncram_6471:auto_generated|ram_block1a261" File: C:/Users/Omer/Documents/GitHub/ECELab1-GoldMiner/GoldMiner_Local/db/altsyncram_6471.tdf Line: 5523
        Warning (14320): Synthesized away node "lpm_rom:inst9|altrom:srom|altsyncram:rom_block|altsyncram_6471:auto_generated|ram_block1a269" File: C:/Users/Omer/Documents/GitHub/ECELab1-GoldMiner/GoldMiner_Local/db/altsyncram_6471.tdf Line: 5691
        Warning (14320): Synthesized away node "lpm_rom:inst9|altrom:srom|altsyncram:rom_block|altsyncram_6471:auto_generated|ram_block1a277" File: C:/Users/Omer/Documents/GitHub/ECELab1-GoldMiner/GoldMiner_Local/db/altsyncram_6471.tdf Line: 5859
        Warning (14320): Synthesized away node "lpm_rom:inst9|altrom:srom|altsyncram:rom_block|altsyncram_6471:auto_generated|ram_block1a285" File: C:/Users/Omer/Documents/GitHub/ECELab1-GoldMiner/GoldMiner_Local/db/altsyncram_6471.tdf Line: 6027
        Warning (14320): Synthesized away node "lpm_rom:inst9|altrom:srom|altsyncram:rom_block|altsyncram_6471:auto_generated|ram_block1a293" File: C:/Users/Omer/Documents/GitHub/ECELab1-GoldMiner/GoldMiner_Local/db/altsyncram_6471.tdf Line: 6195
        Warning (14320): Synthesized away node "lpm_rom:inst9|altrom:srom|altsyncram:rom_block|altsyncram_6471:auto_generated|ram_block1a301" File: C:/Users/Omer/Documents/GitHub/ECELab1-GoldMiner/GoldMiner_Local/db/altsyncram_6471.tdf Line: 6363
Info (19000): Inferred 1 megafunctions from design logic
    Info (276029): Inferred altsyncram megafunction from the following design logic: "LevelController:inst2|SpriteRom:sharedROM|rom_rtl_0" 
        Info (286033): Parameter OPERATION_MODE set to ROM
        Info (286033): Parameter WIDTH_A set to 8
        Info (286033): Parameter WIDTHAD_A set to 14
        Info (286033): Parameter NUMWORDS_A set to 16384
        Info (286033): Parameter OUTDATA_REG_A set to UNREGISTERED
        Info (286033): Parameter ADDRESS_ACLR_A set to NONE
        Info (286033): Parameter OUTDATA_ACLR_A set to NONE
        Info (286033): Parameter INDATA_ACLR_A set to NONE
        Info (286033): Parameter WRCONTROL_ACLR_A set to NONE
        Info (286033): Parameter INIT_FILE set to db/Lab1Demo.ram0_SpriteRom_e88de24b.hdl.mif
Info (278001): Inferred 20 megafunctions from design logic
    Info (278004): Inferred divider/modulo megafunction ("lpm_divide") from the following logic: "LevelController:inst2|TimeDisplay:timeDisplay|Mod2" File: C:/Users/Omer/Documents/GitHub/ECELab1-GoldMiner/GoldMiner_Local/Graphics/TimeDisplay.sv Line: 26
    Info (278004): Inferred divider/modulo megafunction ("lpm_divide") from the following logic: "LevelController:inst2|TimeDisplay:timeDisplay|Mod3" File: C:/Users/Omer/Documents/GitHub/ECELab1-GoldMiner/GoldMiner_Local/Graphics/TimeDisplay.sv Line: 26
    Info (278004): Inferred divider/modulo megafunction ("lpm_divide") from the following logic: "LevelController:inst2|TimeDisplay:timeDisplay|Div2" File: C:/Users/Omer/Documents/GitHub/ECELab1-GoldMiner/GoldMiner_Local/Graphics/TimeDisplay.sv Line: 23
    Info (278004): Inferred divider/modulo megafunction ("lpm_divide") from the following logic: "LevelController:inst2|TimeDisplay:timeDisplay|Mod0" File: C:/Users/Omer/Documents/GitHub/ECELab1-GoldMiner/GoldMiner_Local/Graphics/TimeDisplay.sv Line: 23
    Info (278004): Inferred divider/modulo megafunction ("lpm_divide") from the following logic: "LevelController:inst2|TimeDisplay:timeDisplay|Div3" File: C:/Users/Omer/Documents/GitHub/ECELab1-GoldMiner/GoldMiner_Local/Graphics/TimeDisplay.sv Line: 25
    Info (278004): Inferred divider/modulo megafunction ("lpm_divide") from the following logic: "LevelController:inst2|FiveDigitNumberDisplay:scoreDisplay|Div1" File: C:/Users/Omer/Documents/GitHub/ECELab1-GoldMiner/GoldMiner_Local/Graphics/FiveDigitNumberDisplay.sv Line: 28
    Info (278004): Inferred divider/modulo megafunction ("lpm_divide") from the following logic: "LevelController:inst2|FiveDigitNumberDisplay:scoreDisplay|Mod1" File: C:/Users/Omer/Documents/GitHub/ECELab1-GoldMiner/GoldMiner_Local/Graphics/FiveDigitNumberDisplay.sv Line: 28
    Info (278004): Inferred divider/modulo megafunction ("lpm_divide") from the following logic: "LevelController:inst2|FiveDigitNumberDisplay:scoreDisplay|Div2" File: C:/Users/Omer/Documents/GitHub/ECELab1-GoldMiner/GoldMiner_Local/Graphics/FiveDigitNumberDisplay.sv Line: 29
    Info (278004): Inferred divider/modulo megafunction ("lpm_divide") from the following logic: "LevelController:inst2|FiveDigitNumberDisplay:scoreDisplay|Mod2" File: C:/Users/Omer/Documents/GitHub/ECELab1-GoldMiner/GoldMiner_Local/Graphics/FiveDigitNumberDisplay.sv Line: 29
    Info (278004): Inferred divider/modulo megafunction ("lpm_divide") from the following logic: "LevelController:inst2|FiveDigitNumberDisplay:scoreDisplay|Div3" File: C:/Users/Omer/Documents/GitHub/ECELab1-GoldMiner/GoldMiner_Local/Graphics/FiveDigitNumberDisplay.sv Line: 30
    Info (278004): Inferred divider/modulo megafunction ("lpm_divide") from the following logic: "LevelController:inst2|FiveDigitNumberDisplay:scoreDisplay|Mod3" File: C:/Users/Omer/Documents/GitHub/ECELab1-GoldMiner/GoldMiner_Local/Graphics/FiveDigitNumberDisplay.sv Line: 30
    Info (278004): Inferred divider/modulo megafunction ("lpm_divide") from the following logic: "LevelController:inst2|FiveDigitNumberDisplay:scoreDisplay|Mod4" File: C:/Users/Omer/Documents/GitHub/ECELab1-GoldMiner/GoldMiner_Local/Graphics/FiveDigitNumberDisplay.sv Line: 31
    Info (278004): Inferred divider/modulo megafunction ("lpm_divide") from the following logic: "LevelController:inst2|FiveDigitNumberDisplay:moneyDisplay|Div1" File: C:/Users/Omer/Documents/GitHub/ECELab1-GoldMiner/GoldMiner_Local/Graphics/FiveDigitNumberDisplay.sv Line: 28
    Info (278004): Inferred divider/modulo megafunction ("lpm_divide") from the following logic: "LevelController:inst2|FiveDigitNumberDisplay:moneyDisplay|Mod1" File: C:/Users/Omer/Documents/GitHub/ECELab1-GoldMiner/GoldMiner_Local/Graphics/FiveDigitNumberDisplay.sv Line: 28
    Info (278004): Inferred divider/modulo megafunction ("lpm_divide") from the following logic: "LevelController:inst2|FiveDigitNumberDisplay:moneyDisplay|Div2" File: C:/Users/Omer/Documents/GitHub/ECELab1-GoldMiner/GoldMiner_Local/Graphics/FiveDigitNumberDisplay.sv Line: 29
    Info (278004): Inferred divider/modulo megafunction ("lpm_divide") from the following logic: "LevelController:inst2|FiveDigitNumberDisplay:moneyDisplay|Mod2" File: C:/Users/Omer/Documents/GitHub/ECELab1-GoldMiner/GoldMiner_Local/Graphics/FiveDigitNumberDisplay.sv Line: 29
    Info (278004): Inferred divider/modulo megafunction ("lpm_divide") from the following logic: "LevelController:inst2|FiveDigitNumberDisplay:moneyDisplay|Div3" File: C:/Users/Omer/Documents/GitHub/ECELab1-GoldMiner/GoldMiner_Local/Graphics/FiveDigitNumberDisplay.sv Line: 30
    Info (278004): Inferred divider/modulo megafunction ("lpm_divide") from the following logic: "LevelController:inst2|FiveDigitNumberDisplay:moneyDisplay|Mod3" File: C:/Users/Omer/Documents/GitHub/ECELab1-GoldMiner/GoldMiner_Local/Graphics/FiveDigitNumberDisplay.sv Line: 30
    Info (278004): Inferred divider/modulo megafunction ("lpm_divide") from the following logic: "LevelController:inst2|FiveDigitNumberDisplay:moneyDisplay|Mod4" File: C:/Users/Omer/Documents/GitHub/ECELab1-GoldMiner/GoldMiner_Local/Graphics/FiveDigitNumberDisplay.sv Line: 31
    Info (278004): Inferred divider/modulo megafunction ("lpm_divide") from the following logic: "LevelController:inst2|LevelMaker:levelMaker|Mod0" File: C:/Users/Omer/Documents/GitHub/ECELab1-GoldMiner/GoldMiner_Local/GameControl/LevelMaker.sv Line: 25
Info (12130): Elaborated megafunction instantiation "LevelController:inst2|SpriteRom:sharedROM|altsyncram:rom_rtl_0"
Info (12133): Instantiated megafunction "LevelController:inst2|SpriteRom:sharedROM|altsyncram:rom_rtl_0" with the following parameter:
    Info (12134): Parameter "OPERATION_MODE" = "ROM"
    Info (12134): Parameter "WIDTH_A" = "8"
    Info (12134): Parameter "WIDTHAD_A" = "14"
    Info (12134): Parameter "NUMWORDS_A" = "16384"
    Info (12134): Parameter "OUTDATA_REG_A" = "UNREGISTERED"
    Info (12134): Parameter "ADDRESS_ACLR_A" = "NONE"
    Info (12134): Parameter "OUTDATA_ACLR_A" = "NONE"
    Info (12134): Parameter "INDATA_ACLR_A" = "NONE"
    Info (12134): Parameter "WRCONTROL_ACLR_A" = "NONE"
    Info (12134): Parameter "INIT_FILE" = "db/Lab1Demo.ram0_SpriteRom_e88de24b.hdl.mif"
Info (12021): Found 1 design units, including 1 entities, in source file db/altsyncram_sjd1.tdf
    Info (12023): Found entity 1: altsyncram_sjd1 File: C:/Users/Omer/Documents/GitHub/ECELab1-GoldMiner/GoldMiner_Local/db/altsyncram_sjd1.tdf Line: 32
Info (12021): Found 1 design units, including 1 entities, in source file db/decode_u0a.tdf
    Info (12023): Found entity 1: decode_u0a File: C:/Users/Omer/Documents/GitHub/ECELab1-GoldMiner/GoldMiner_Local/db/decode_u0a.tdf Line: 23
Info (12021): Found 1 design units, including 1 entities, in source file db/mux_lfb.tdf
    Info (12023): Found entity 1: mux_lfb File: C:/Users/Omer/Documents/GitHub/ECELab1-GoldMiner/GoldMiner_Local/db/mux_lfb.tdf Line: 23
Info (12130): Elaborated megafunction instantiation "LevelController:inst2|TimeDisplay:timeDisplay|lpm_divide:Mod2" File: C:/Users/Omer/Documents/GitHub/ECELab1-GoldMiner/GoldMiner_Local/Graphics/TimeDisplay.sv Line: 26
Info (12133): Instantiated megafunction "LevelController:inst2|TimeDisplay:timeDisplay|lpm_divide:Mod2" with the following parameter: File: C:/Users/Omer/Documents/GitHub/ECELab1-GoldMiner/GoldMiner_Local/Graphics/TimeDisplay.sv Line: 26
    Info (12134): Parameter "LPM_WIDTHN" = "11"
    Info (12134): Parameter "LPM_WIDTHD" = "6"
    Info (12134): Parameter "LPM_NREPRESENTATION" = "UNSIGNED"
    Info (12134): Parameter "LPM_DREPRESENTATION" = "UNSIGNED"
Info (12021): Found 1 design units, including 1 entities, in source file db/lpm_divide_k3m.tdf
    Info (12023): Found entity 1: lpm_divide_k3m File: C:/Users/Omer/Documents/GitHub/ECELab1-GoldMiner/GoldMiner_Local/db/lpm_divide_k3m.tdf Line: 25
Info (12021): Found 1 design units, including 1 entities, in source file db/sign_div_unsign_nlh.tdf
    Info (12023): Found entity 1: sign_div_unsign_nlh File: C:/Users/Omer/Documents/GitHub/ECELab1-GoldMiner/GoldMiner_Local/db/sign_div_unsign_nlh.tdf Line: 25
Info (12021): Found 1 design units, including 1 entities, in source file db/alt_u_div_kve.tdf
    Info (12023): Found entity 1: alt_u_div_kve File: C:/Users/Omer/Documents/GitHub/ECELab1-GoldMiner/GoldMiner_Local/db/alt_u_div_kve.tdf Line: 23
Info (12130): Elaborated megafunction instantiation "LevelController:inst2|TimeDisplay:timeDisplay|lpm_divide:Mod3" File: C:/Users/Omer/Documents/GitHub/ECELab1-GoldMiner/GoldMiner_Local/Graphics/TimeDisplay.sv Line: 26
Info (12133): Instantiated megafunction "LevelController:inst2|TimeDisplay:timeDisplay|lpm_divide:Mod3" with the following parameter: File: C:/Users/Omer/Documents/GitHub/ECELab1-GoldMiner/GoldMiner_Local/Graphics/TimeDisplay.sv Line: 26
    Info (12134): Parameter "LPM_WIDTHN" = "6"
    Info (12134): Parameter "LPM_WIDTHD" = "4"
    Info (12134): Parameter "LPM_NREPRESENTATION" = "UNSIGNED"
    Info (12134): Parameter "LPM_DREPRESENTATION" = "UNSIGNED"
Info (12021): Found 1 design units, including 1 entities, in source file db/lpm_divide_62m.tdf
    Info (12023): Found entity 1: lpm_divide_62m File: C:/Users/Omer/Documents/GitHub/ECELab1-GoldMiner/GoldMiner_Local/db/lpm_divide_62m.tdf Line: 25
Info (12021): Found 1 design units, including 1 entities, in source file db/sign_div_unsign_9kh.tdf
    Info (12023): Found entity 1: sign_div_unsign_9kh File: C:/Users/Omer/Documents/GitHub/ECELab1-GoldMiner/GoldMiner_Local/db/sign_div_unsign_9kh.tdf Line: 25
Info (12021): Found 1 design units, including 1 entities, in source file db/alt_u_div_ose.tdf
    Info (12023): Found entity 1: alt_u_div_ose File: C:/Users/Omer/Documents/GitHub/ECELab1-GoldMiner/GoldMiner_Local/db/alt_u_div_ose.tdf Line: 23
Info (12130): Elaborated megafunction instantiation "LevelController:inst2|TimeDisplay:timeDisplay|lpm_divide:Div2" File: C:/Users/Omer/Documents/GitHub/ECELab1-GoldMiner/GoldMiner_Local/Graphics/TimeDisplay.sv Line: 23
Info (12133): Instantiated megafunction "LevelController:inst2|TimeDisplay:timeDisplay|lpm_divide:Div2" with the following parameter: File: C:/Users/Omer/Documents/GitHub/ECELab1-GoldMiner/GoldMiner_Local/Graphics/TimeDisplay.sv Line: 23
    Info (12134): Parameter "LPM_WIDTHN" = "11"
    Info (12134): Parameter "LPM_WIDTHD" = "6"
    Info (12134): Parameter "LPM_NREPRESENTATION" = "UNSIGNED"
    Info (12134): Parameter "LPM_DREPRESENTATION" = "UNSIGNED"
Info (12021): Found 1 design units, including 1 entities, in source file db/lpm_divide_hbm.tdf
    Info (12023): Found entity 1: lpm_divide_hbm File: C:/Users/Omer/Documents/GitHub/ECELab1-GoldMiner/GoldMiner_Local/db/lpm_divide_hbm.tdf Line: 25
Info (12130): Elaborated megafunction instantiation "LevelController:inst2|TimeDisplay:timeDisplay|lpm_divide:Mod0" File: C:/Users/Omer/Documents/GitHub/ECELab1-GoldMiner/GoldMiner_Local/Graphics/TimeDisplay.sv Line: 23
Info (12133): Instantiated megafunction "LevelController:inst2|TimeDisplay:timeDisplay|lpm_divide:Mod0" with the following parameter: File: C:/Users/Omer/Documents/GitHub/ECELab1-GoldMiner/GoldMiner_Local/Graphics/TimeDisplay.sv Line: 23
    Info (12134): Parameter "LPM_WIDTHN" = "11"
    Info (12134): Parameter "LPM_WIDTHD" = "4"
    Info (12134): Parameter "LPM_NREPRESENTATION" = "UNSIGNED"
    Info (12134): Parameter "LPM_DREPRESENTATION" = "UNSIGNED"
Info (12021): Found 1 design units, including 1 entities, in source file db/lpm_divide_i3m.tdf
    Info (12023): Found entity 1: lpm_divide_i3m File: C:/Users/Omer/Documents/GitHub/ECELab1-GoldMiner/GoldMiner_Local/db/lpm_divide_i3m.tdf Line: 25
Info (12021): Found 1 design units, including 1 entities, in source file db/sign_div_unsign_llh.tdf
    Info (12023): Found entity 1: sign_div_unsign_llh File: C:/Users/Omer/Documents/GitHub/ECELab1-GoldMiner/GoldMiner_Local/db/sign_div_unsign_llh.tdf Line: 25
Info (12021): Found 1 design units, including 1 entities, in source file db/alt_u_div_gve.tdf
    Info (12023): Found entity 1: alt_u_div_gve File: C:/Users/Omer/Documents/GitHub/ECELab1-GoldMiner/GoldMiner_Local/db/alt_u_div_gve.tdf Line: 23
Info (12130): Elaborated megafunction instantiation "LevelController:inst2|TimeDisplay:timeDisplay|lpm_divide:Div3" File: C:/Users/Omer/Documents/GitHub/ECELab1-GoldMiner/GoldMiner_Local/Graphics/TimeDisplay.sv Line: 25
Info (12133): Instantiated megafunction "LevelController:inst2|TimeDisplay:timeDisplay|lpm_divide:Div3" with the following parameter: File: C:/Users/Omer/Documents/GitHub/ECELab1-GoldMiner/GoldMiner_Local/Graphics/TimeDisplay.sv Line: 25
    Info (12134): Parameter "LPM_WIDTHN" = "6"
    Info (12134): Parameter "LPM_WIDTHD" = "4"
    Info (12134): Parameter "LPM_NREPRESENTATION" = "UNSIGNED"
    Info (12134): Parameter "LPM_DREPRESENTATION" = "UNSIGNED"
Info (12021): Found 1 design units, including 1 entities, in source file db/lpm_divide_3am.tdf
    Info (12023): Found entity 1: lpm_divide_3am File: C:/Users/Omer/Documents/GitHub/ECELab1-GoldMiner/GoldMiner_Local/db/lpm_divide_3am.tdf Line: 25
Info (12130): Elaborated megafunction instantiation "LevelController:inst2|FiveDigitNumberDisplay:scoreDisplay|lpm_divide:Div1" File: C:/Users/Omer/Documents/GitHub/ECELab1-GoldMiner/GoldMiner_Local/Graphics/FiveDigitNumberDisplay.sv Line: 28
Info (12133): Instantiated megafunction "LevelController:inst2|FiveDigitNumberDisplay:scoreDisplay|lpm_divide:Div1" with the following parameter: File: C:/Users/Omer/Documents/GitHub/ECELab1-GoldMiner/GoldMiner_Local/Graphics/FiveDigitNumberDisplay.sv Line: 28
    Info (12134): Parameter "LPM_WIDTHN" = "11"
    Info (12134): Parameter "LPM_WIDTHD" = "10"
    Info (12134): Parameter "LPM_NREPRESENTATION" = "UNSIGNED"
    Info (12134): Parameter "LPM_DREPRESENTATION" = "UNSIGNED"
Info (12021): Found 1 design units, including 1 entities, in source file db/lpm_divide_scm.tdf
    Info (12023): Found entity 1: lpm_divide_scm File: C:/Users/Omer/Documents/GitHub/ECELab1-GoldMiner/GoldMiner_Local/db/lpm_divide_scm.tdf Line: 25
Info (12021): Found 1 design units, including 1 entities, in source file db/sign_div_unsign_2nh.tdf
    Info (12023): Found entity 1: sign_div_unsign_2nh File: C:/Users/Omer/Documents/GitHub/ECELab1-GoldMiner/GoldMiner_Local/db/sign_div_unsign_2nh.tdf Line: 25
Info (12021): Found 1 design units, including 1 entities, in source file db/alt_u_div_a2f.tdf
    Info (12023): Found entity 1: alt_u_div_a2f File: C:/Users/Omer/Documents/GitHub/ECELab1-GoldMiner/GoldMiner_Local/db/alt_u_div_a2f.tdf Line: 23
Info (12130): Elaborated megafunction instantiation "LevelController:inst2|FiveDigitNumberDisplay:scoreDisplay|lpm_divide:Div2" File: C:/Users/Omer/Documents/GitHub/ECELab1-GoldMiner/GoldMiner_Local/Graphics/FiveDigitNumberDisplay.sv Line: 29
Info (12133): Instantiated megafunction "LevelController:inst2|FiveDigitNumberDisplay:scoreDisplay|lpm_divide:Div2" with the following parameter: File: C:/Users/Omer/Documents/GitHub/ECELab1-GoldMiner/GoldMiner_Local/Graphics/FiveDigitNumberDisplay.sv Line: 29
    Info (12134): Parameter "LPM_WIDTHN" = "11"
    Info (12134): Parameter "LPM_WIDTHD" = "7"
    Info (12134): Parameter "LPM_NREPRESENTATION" = "UNSIGNED"
    Info (12134): Parameter "LPM_DREPRESENTATION" = "UNSIGNED"
Info (12021): Found 1 design units, including 1 entities, in source file db/lpm_divide_ibm.tdf
    Info (12023): Found entity 1: lpm_divide_ibm File: C:/Users/Omer/Documents/GitHub/ECELab1-GoldMiner/GoldMiner_Local/db/lpm_divide_ibm.tdf Line: 25
Info (12021): Found 1 design units, including 1 entities, in source file db/sign_div_unsign_olh.tdf
    Info (12023): Found entity 1: sign_div_unsign_olh File: C:/Users/Omer/Documents/GitHub/ECELab1-GoldMiner/GoldMiner_Local/db/sign_div_unsign_olh.tdf Line: 25
Info (12021): Found 1 design units, including 1 entities, in source file db/alt_u_div_mve.tdf
    Info (12023): Found entity 1: alt_u_div_mve File: C:/Users/Omer/Documents/GitHub/ECELab1-GoldMiner/GoldMiner_Local/db/alt_u_div_mve.tdf Line: 23
Info (12130): Elaborated megafunction instantiation "LevelController:inst2|FiveDigitNumberDisplay:scoreDisplay|lpm_divide:Div3" File: C:/Users/Omer/Documents/GitHub/ECELab1-GoldMiner/GoldMiner_Local/Graphics/FiveDigitNumberDisplay.sv Line: 30
Info (12133): Instantiated megafunction "LevelController:inst2|FiveDigitNumberDisplay:scoreDisplay|lpm_divide:Div3" with the following parameter: File: C:/Users/Omer/Documents/GitHub/ECELab1-GoldMiner/GoldMiner_Local/Graphics/FiveDigitNumberDisplay.sv Line: 30
    Info (12134): Parameter "LPM_WIDTHN" = "11"
    Info (12134): Parameter "LPM_WIDTHD" = "4"
    Info (12134): Parameter "LPM_NREPRESENTATION" = "UNSIGNED"
    Info (12134): Parameter "LPM_DREPRESENTATION" = "UNSIGNED"
Info (12021): Found 1 design units, including 1 entities, in source file db/lpm_divide_fbm.tdf
    Info (12023): Found entity 1: lpm_divide_fbm File: C:/Users/Omer/Documents/GitHub/ECELab1-GoldMiner/GoldMiner_Local/db/lpm_divide_fbm.tdf Line: 25
Info (12130): Elaborated megafunction instantiation "LevelController:inst2|LevelMaker:levelMaker|lpm_divide:Mod0" File: C:/Users/Omer/Documents/GitHub/ECELab1-GoldMiner/GoldMiner_Local/GameControl/LevelMaker.sv Line: 25
Info (12133): Instantiated megafunction "LevelController:inst2|LevelMaker:levelMaker|lpm_divide:Mod0" with the following parameter: File: C:/Users/Omer/Documents/GitHub/ECELab1-GoldMiner/GoldMiner_Local/GameControl/LevelMaker.sv Line: 25
    Info (12134): Parameter "LPM_WIDTHN" = "10"
    Info (12134): Parameter "LPM_WIDTHD" = "5"
    Info (12134): Parameter "LPM_NREPRESENTATION" = "UNSIGNED"
    Info (12134): Parameter "LPM_DREPRESENTATION" = "UNSIGNED"
Info (12021): Found 1 design units, including 1 entities, in source file db/lpm_divide_j3m.tdf
    Info (12023): Found entity 1: lpm_divide_j3m File: C:/Users/Omer/Documents/GitHub/ECELab1-GoldMiner/GoldMiner_Local/db/lpm_divide_j3m.tdf Line: 25
Info (12021): Found 1 design units, including 1 entities, in source file db/sign_div_unsign_mlh.tdf
    Info (12023): Found entity 1: sign_div_unsign_mlh File: C:/Users/Omer/Documents/GitHub/ECELab1-GoldMiner/GoldMiner_Local/db/sign_div_unsign_mlh.tdf Line: 25
Info (12021): Found 1 design units, including 1 entities, in source file db/alt_u_div_hve.tdf
    Info (12023): Found entity 1: alt_u_div_hve File: C:/Users/Omer/Documents/GitHub/ECELab1-GoldMiner/GoldMiner_Local/db/alt_u_div_hve.tdf Line: 23
Warning (14284): Synthesized away the following node(s):
    Warning (14285): Synthesized away the following RAM node(s):
        Warning (14320): Synthesized away node "LevelController:inst2|SpriteRom:sharedROM|altsyncram:rom_rtl_0|altsyncram_sjd1:auto_generated|ram_block1a8" File: C:/Users/Omer/Documents/GitHub/ECELab1-GoldMiner/GoldMiner_Local/db/altsyncram_sjd1.tdf Line: 210
        Warning (14320): Synthesized away node "LevelController:inst2|SpriteRom:sharedROM|altsyncram:rom_rtl_0|altsyncram_sjd1:auto_generated|ram_block1a9" File: C:/Users/Omer/Documents/GitHub/ECELab1-GoldMiner/GoldMiner_Local/db/altsyncram_sjd1.tdf Line: 231
        Warning (14320): Synthesized away node "LevelController:inst2|SpriteRom:sharedROM|altsyncram:rom_rtl_0|altsyncram_sjd1:auto_generated|ram_block1a10" File: C:/Users/Omer/Documents/GitHub/ECELab1-GoldMiner/GoldMiner_Local/db/altsyncram_sjd1.tdf Line: 252
        Warning (14320): Synthesized away node "LevelController:inst2|SpriteRom:sharedROM|altsyncram:rom_rtl_0|altsyncram_sjd1:auto_generated|ram_block1a11" File: C:/Users/Omer/Documents/GitHub/ECELab1-GoldMiner/GoldMiner_Local/db/altsyncram_sjd1.tdf Line: 273
        Warning (14320): Synthesized away node "LevelController:inst2|SpriteRom:sharedROM|altsyncram:rom_rtl_0|altsyncram_sjd1:auto_generated|ram_block1a12" File: C:/Users/Omer/Documents/GitHub/ECELab1-GoldMiner/GoldMiner_Local/db/altsyncram_sjd1.tdf Line: 294
        Warning (14320): Synthesized away node "LevelController:inst2|SpriteRom:sharedROM|altsyncram:rom_rtl_0|altsyncram_sjd1:auto_generated|ram_block1a13" File: C:/Users/Omer/Documents/GitHub/ECELab1-GoldMiner/GoldMiner_Local/db/altsyncram_sjd1.tdf Line: 315
        Warning (14320): Synthesized away node "LevelController:inst2|SpriteRom:sharedROM|altsyncram:rom_rtl_0|altsyncram_sjd1:auto_generated|ram_block1a14" File: C:/Users/Omer/Documents/GitHub/ECELab1-GoldMiner/GoldMiner_Local/db/altsyncram_sjd1.tdf Line: 336
        Warning (14320): Synthesized away node "LevelController:inst2|SpriteRom:sharedROM|altsyncram:rom_rtl_0|altsyncram_sjd1:auto_generated|ram_block1a15" File: C:/Users/Omer/Documents/GitHub/ECELab1-GoldMiner/GoldMiner_Local/db/altsyncram_sjd1.tdf Line: 357
Warning (13004): Presettable and clearable registers converted to equivalent circuits with latches. Registers power-up to an undefined state, and DEVCLRn places the registers in an undefined state.
    Warning (13310): Register "LevelController:inst2|NewGrabbableObject:GrabbableObject_GEN[2].obj_inst|state.STATE_DESTROYED" is converted into an equivalent circuit using register "LevelController:inst2|NewGrabbableObject:GrabbableObject_GEN[2].obj_inst|state.STATE_DESTROYED~_emulated" and latch "LevelController:inst2|NewGrabbableObject:GrabbableObject_GEN[2].obj_inst|state.STATE_DESTROYED~1" File: C:/Users/Omer/Documents/GitHub/ECELab1-GoldMiner/GoldMiner_Local/GameControl/NewGrabbableObject.sv Line: 23
    Warning (13310): Register "LevelController:inst2|NewGrabbableObject:GrabbableObject_GEN[3].obj_inst|state.STATE_DESTROYED" is converted into an equivalent circuit using register "LevelController:inst2|NewGrabbableObject:GrabbableObject_GEN[3].obj_inst|state.STATE_DESTROYED~_emulated" and latch "LevelController:inst2|NewGrabbableObject:GrabbableObject_GEN[3].obj_inst|state.STATE_DESTROYED~1" File: C:/Users/Omer/Documents/GitHub/ECELab1-GoldMiner/GoldMiner_Local/GameControl/NewGrabbableObject.sv Line: 23
    Warning (13310): Register "LevelController:inst2|NewGrabbableObject:GrabbableObject_GEN[4].obj_inst|state.STATE_DESTROYED" is converted into an equivalent circuit using register "LevelController:inst2|NewGrabbableObject:GrabbableObject_GEN[4].obj_inst|state.STATE_DESTROYED~_emulated" and latch "LevelController:inst2|NewGrabbableObject:GrabbableObject_GEN[4].obj_inst|state.STATE_DESTROYED~1" File: C:/Users/Omer/Documents/GitHub/ECELab1-GoldMiner/GoldMiner_Local/GameControl/NewGrabbableObject.sv Line: 23
    Warning (13310): Register "LevelController:inst2|NewGrabbableObject:GrabbableObject_GEN[5].obj_inst|state.STATE_DESTROYED" is converted into an equivalent circuit using register "LevelController:inst2|NewGrabbableObject:GrabbableObject_GEN[5].obj_inst|state.STATE_DESTROYED~_emulated" and latch "LevelController:inst2|NewGrabbableObject:GrabbableObject_GEN[5].obj_inst|state.STATE_DESTROYED~1" File: C:/Users/Omer/Documents/GitHub/ECELab1-GoldMiner/GoldMiner_Local/GameControl/NewGrabbableObject.sv Line: 23
    Warning (13310): Register "LevelController:inst2|NewGrabbableObject:GrabbableObject_GEN[6].obj_inst|state.STATE_DESTROYED" is converted into an equivalent circuit using register "LevelController:inst2|NewGrabbableObject:GrabbableObject_GEN[6].obj_inst|state.STATE_DESTROYED~_emulated" and latch "LevelController:inst2|NewGrabbableObject:GrabbableObject_GEN[6].obj_inst|state.STATE_DESTROYED~1" File: C:/Users/Omer/Documents/GitHub/ECELab1-GoldMiner/GoldMiner_Local/GameControl/NewGrabbableObject.sv Line: 23
    Warning (13310): Register "LevelController:inst2|NewGrabbableObject:GrabbableObject_GEN[7].obj_inst|state.STATE_DESTROYED" is converted into an equivalent circuit using register "LevelController:inst2|NewGrabbableObject:GrabbableObject_GEN[7].obj_inst|state.STATE_DESTROYED~_emulated" and latch "LevelController:inst2|NewGrabbableObject:GrabbableObject_GEN[7].obj_inst|state.STATE_DESTROYED~1" File: C:/Users/Omer/Documents/GitHub/ECELab1-GoldMiner/GoldMiner_Local/GameControl/NewGrabbableObject.sv Line: 23
    Warning (13310): Register "LevelController:inst2|NewGrabbableObject:GrabbableObject_GEN[8].obj_inst|state.STATE_DESTROYED" is converted into an equivalent circuit using register "LevelController:inst2|NewGrabbableObject:GrabbableObject_GEN[8].obj_inst|state.STATE_DESTROYED~_emulated" and latch "LevelController:inst2|NewGrabbableObject:GrabbableObject_GEN[8].obj_inst|state.STATE_DESTROYED~1" File: C:/Users/Omer/Documents/GitHub/ECELab1-GoldMiner/GoldMiner_Local/GameControl/NewGrabbableObject.sv Line: 23
    Warning (13310): Register "LevelController:inst2|NewGrabbableObject:GrabbableObject_GEN[9].obj_inst|state.STATE_DESTROYED" is converted into an equivalent circuit using register "LevelController:inst2|NewGrabbableObject:GrabbableObject_GEN[9].obj_inst|state.STATE_DESTROYED~_emulated" and latch "LevelController:inst2|NewGrabbableObject:GrabbableObject_GEN[9].obj_inst|state.STATE_DESTROYED~1" File: C:/Users/Omer/Documents/GitHub/ECELab1-GoldMiner/GoldMiner_Local/GameControl/NewGrabbableObject.sv Line: 23
    Warning (13310): Register "LevelController:inst2|NewGrabbableObject:GrabbableObject_GEN[10].obj_inst|state.STATE_DESTROYED" is converted into an equivalent circuit using register "LevelController:inst2|NewGrabbableObject:GrabbableObject_GEN[10].obj_inst|state.STATE_DESTROYED~_emulated" and latch "LevelController:inst2|NewGrabbableObject:GrabbableObject_GEN[10].obj_inst|state.STATE_DESTROYED~1" File: C:/Users/Omer/Documents/GitHub/ECELab1-GoldMiner/GoldMiner_Local/GameControl/NewGrabbableObject.sv Line: 23
    Warning (13310): Register "LevelController:inst2|NewGrabbableObject:GrabbableObject_GEN[11].obj_inst|state.STATE_DESTROYED" is converted into an equivalent circuit using register "LevelController:inst2|NewGrabbableObject:GrabbableObject_GEN[11].obj_inst|state.STATE_DESTROYED~_emulated" and latch "LevelController:inst2|NewGrabbableObject:GrabbableObject_GEN[11].obj_inst|state.STATE_DESTROYED~1" File: C:/Users/Omer/Documents/GitHub/ECELab1-GoldMiner/GoldMiner_Local/GameControl/NewGrabbableObject.sv Line: 23
    Warning (13310): Register "LevelController:inst2|NewGrabbableObject:GrabbableObject_GEN[12].obj_inst|state.STATE_DESTROYED" is converted into an equivalent circuit using register "LevelController:inst2|NewGrabbableObject:GrabbableObject_GEN[12].obj_inst|state.STATE_DESTROYED~_emulated" and latch "LevelController:inst2|NewGrabbableObject:GrabbableObject_GEN[12].obj_inst|state.STATE_DESTROYED~1" File: C:/Users/Omer/Documents/GitHub/ECELab1-GoldMiner/GoldMiner_Local/GameControl/NewGrabbableObject.sv Line: 23
    Warning (13310): Register "LevelController:inst2|NewGrabbableObject:GrabbableObject_GEN[13].obj_inst|state.STATE_DESTROYED" is converted into an equivalent circuit using register "LevelController:inst2|NewGrabbableObject:GrabbableObject_GEN[13].obj_inst|state.STATE_DESTROYED~_emulated" and latch "LevelController:inst2|NewGrabbableObject:GrabbableObject_GEN[13].obj_inst|state.STATE_DESTROYED~1" File: C:/Users/Omer/Documents/GitHub/ECELab1-GoldMiner/GoldMiner_Local/GameControl/NewGrabbableObject.sv Line: 23
    Warning (13310): Register "LevelController:inst2|NewGrabbableObject:GrabbableObject_GEN[14].obj_inst|state.STATE_DESTROYED" is converted into an equivalent circuit using register "LevelController:inst2|NewGrabbableObject:GrabbableObject_GEN[14].obj_inst|state.STATE_DESTROYED~_emulated" and latch "LevelController:inst2|NewGrabbableObject:GrabbableObject_GEN[14].obj_inst|state.STATE_DESTROYED~1" File: C:/Users/Omer/Documents/GitHub/ECELab1-GoldMiner/GoldMiner_Local/GameControl/NewGrabbableObject.sv Line: 23
    Warning (13310): Register "LevelController:inst2|NewGrabbableObject:GrabbableObject_GEN[15].obj_inst|state.STATE_DESTROYED" is converted into an equivalent circuit using register "LevelController:inst2|NewGrabbableObject:GrabbableObject_GEN[15].obj_inst|state.STATE_DESTROYED~_emulated" and latch "LevelController:inst2|NewGrabbableObject:GrabbableObject_GEN[15].obj_inst|state.STATE_DESTROYED~1" File: C:/Users/Omer/Documents/GitHub/ECELab1-GoldMiner/GoldMiner_Local/GameControl/NewGrabbableObject.sv Line: 23
    Warning (13310): Register "LevelController:inst2|NewGrabbableObject:GrabbableObject_GEN[16].obj_inst|state.STATE_DESTROYED" is converted into an equivalent circuit using register "LevelController:inst2|NewGrabbableObject:GrabbableObject_GEN[16].obj_inst|state.STATE_DESTROYED~_emulated" and latch "LevelController:inst2|NewGrabbableObject:GrabbableObject_GEN[16].obj_inst|state.STATE_DESTROYED~1" File: C:/Users/Omer/Documents/GitHub/ECELab1-GoldMiner/GoldMiner_Local/GameControl/NewGrabbableObject.sv Line: 23
    Warning (13310): Register "LevelController:inst2|NewGrabbableObject:GrabbableObject_GEN[17].obj_inst|state.STATE_DESTROYED" is converted into an equivalent circuit using register "LevelController:inst2|NewGrabbableObject:GrabbableObject_GEN[17].obj_inst|state.STATE_DESTROYED~_emulated" and latch "LevelController:inst2|NewGrabbableObject:GrabbableObject_GEN[17].obj_inst|state.STATE_DESTROYED~1" File: C:/Users/Omer/Documents/GitHub/ECELab1-GoldMiner/GoldMiner_Local/GameControl/NewGrabbableObject.sv Line: 23
    Warning (13310): Register "LevelController:inst2|NewGrabbableObject:GrabbableObject_GEN[18].obj_inst|state.STATE_DESTROYED" is converted into an equivalent circuit using register "LevelController:inst2|NewGrabbableObject:GrabbableObject_GEN[18].obj_inst|state.STATE_DESTROYED~_emulated" and latch "LevelController:inst2|NewGrabbableObject:GrabbableObject_GEN[18].obj_inst|state.STATE_DESTROYED~1" File: C:/Users/Omer/Documents/GitHub/ECELab1-GoldMiner/GoldMiner_Local/GameControl/NewGrabbableObject.sv Line: 23
    Warning (13310): Register "LevelController:inst2|NewGrabbableObject:GrabbableObject_GEN[19].obj_inst|state.STATE_DESTROYED" is converted into an equivalent circuit using register "LevelController:inst2|NewGrabbableObject:GrabbableObject_GEN[19].obj_inst|state.STATE_DESTROYED~_emulated" and latch "LevelController:inst2|NewGrabbableObject:GrabbableObject_GEN[19].obj_inst|state.STATE_DESTROYED~1" File: C:/Users/Omer/Documents/GitHub/ECELab1-GoldMiner/GoldMiner_Local/GameControl/NewGrabbableObject.sv Line: 23
    Warning (13310): Register "LevelController:inst2|NewGrabbableObject:GrabbableObject_GEN[0].obj_inst|state.STATE_DESTROYED" is converted into an equivalent circuit using register "LevelController:inst2|NewGrabbableObject:GrabbableObject_GEN[0].obj_inst|state.STATE_DESTROYED~_emulated" and latch "LevelController:inst2|NewGrabbableObject:GrabbableObject_GEN[0].obj_inst|state.STATE_DESTROYED~1" File: C:/Users/Omer/Documents/GitHub/ECELab1-GoldMiner/GoldMiner_Local/GameControl/NewGrabbableObject.sv Line: 23
    Warning (13310): Register "LevelController:inst2|NewGrabbableObject:GrabbableObject_GEN[1].obj_inst|state.STATE_DESTROYED" is converted into an equivalent circuit using register "LevelController:inst2|NewGrabbableObject:GrabbableObject_GEN[1].obj_inst|state.STATE_DESTROYED~_emulated" and latch "LevelController:inst2|NewGrabbableObject:GrabbableObject_GEN[1].obj_inst|state.STATE_DESTROYED~1" File: C:/Users/Omer/Documents/GitHub/ECELab1-GoldMiner/GoldMiner_Local/GameControl/NewGrabbableObject.sv Line: 23
    Warning (13310): Register "LevelController:inst2|timer[3]" is converted into an equivalent circuit using register "LevelController:inst2|timer[3]~_emulated" and latch "LevelController:inst2|timer[3]~1" File: C:/Users/Omer/Documents/GitHub/ECELab1-GoldMiner/GoldMiner_Local/Stages/LevelController.sv Line: 360
    Warning (13310): Register "LevelController:inst2|timer[1]" is converted into an equivalent circuit using register "LevelController:inst2|timer[1]~_emulated" and latch "LevelController:inst2|timer[1]~5" File: C:/Users/Omer/Documents/GitHub/ECELab1-GoldMiner/GoldMiner_Local/Stages/LevelController.sv Line: 360
    Warning (13310): Register "LevelController:inst2|timer[2]" is converted into an equivalent circuit using register "LevelController:inst2|timer[2]~_emulated" and latch "LevelController:inst2|timer[2]~9" File: C:/Users/Omer/Documents/GitHub/ECELab1-GoldMiner/GoldMiner_Local/Stages/LevelController.sv Line: 360
    Warning (13310): Register "LevelController:inst2|NewGrabbableObject:GrabbableObject_GEN[2].obj_inst|state.STATE_IDLE" is converted into an equivalent circuit using register "LevelController:inst2|NewGrabbableObject:GrabbableObject_GEN[2].obj_inst|state.STATE_IDLE~_emulated" and latch "LevelController:inst2|NewGrabbableObject:GrabbableObject_GEN[2].obj_inst|state.STATE_IDLE~1" File: C:/Users/Omer/Documents/GitHub/ECELab1-GoldMiner/GoldMiner_Local/GameControl/NewGrabbableObject.sv Line: 23
    Warning (13310): Register "LevelController:inst2|NewGrabbableObject:GrabbableObject_GEN[3].obj_inst|state.STATE_IDLE" is converted into an equivalent circuit using register "LevelController:inst2|NewGrabbableObject:GrabbableObject_GEN[3].obj_inst|state.STATE_IDLE~_emulated" and latch "LevelController:inst2|NewGrabbableObject:GrabbableObject_GEN[3].obj_inst|state.STATE_IDLE~1" File: C:/Users/Omer/Documents/GitHub/ECELab1-GoldMiner/GoldMiner_Local/GameControl/NewGrabbableObject.sv Line: 23
    Warning (13310): Register "LevelController:inst2|NewGrabbableObject:GrabbableObject_GEN[4].obj_inst|state.STATE_IDLE" is converted into an equivalent circuit using register "LevelController:inst2|NewGrabbableObject:GrabbableObject_GEN[4].obj_inst|state.STATE_IDLE~_emulated" and latch "LevelController:inst2|NewGrabbableObject:GrabbableObject_GEN[4].obj_inst|state.STATE_IDLE~1" File: C:/Users/Omer/Documents/GitHub/ECELab1-GoldMiner/GoldMiner_Local/GameControl/NewGrabbableObject.sv Line: 23
    Warning (13310): Register "LevelController:inst2|NewGrabbableObject:GrabbableObject_GEN[5].obj_inst|state.STATE_IDLE" is converted into an equivalent circuit using register "LevelController:inst2|NewGrabbableObject:GrabbableObject_GEN[5].obj_inst|state.STATE_IDLE~_emulated" and latch "LevelController:inst2|NewGrabbableObject:GrabbableObject_GEN[5].obj_inst|state.STATE_IDLE~1" File: C:/Users/Omer/Documents/GitHub/ECELab1-GoldMiner/GoldMiner_Local/GameControl/NewGrabbableObject.sv Line: 23
    Warning (13310): Register "LevelController:inst2|NewGrabbableObject:GrabbableObject_GEN[6].obj_inst|state.STATE_IDLE" is converted into an equivalent circuit using register "LevelController:inst2|NewGrabbableObject:GrabbableObject_GEN[6].obj_inst|state.STATE_IDLE~_emulated" and latch "LevelController:inst2|NewGrabbableObject:GrabbableObject_GEN[6].obj_inst|state.STATE_IDLE~1" File: C:/Users/Omer/Documents/GitHub/ECELab1-GoldMiner/GoldMiner_Local/GameControl/NewGrabbableObject.sv Line: 23
    Warning (13310): Register "LevelController:inst2|NewGrabbableObject:GrabbableObject_GEN[7].obj_inst|state.STATE_IDLE" is converted into an equivalent circuit using register "LevelController:inst2|NewGrabbableObject:GrabbableObject_GEN[7].obj_inst|state.STATE_IDLE~_emulated" and latch "LevelController:inst2|NewGrabbableObject:GrabbableObject_GEN[7].obj_inst|state.STATE_IDLE~1" File: C:/Users/Omer/Documents/GitHub/ECELab1-GoldMiner/GoldMiner_Local/GameControl/NewGrabbableObject.sv Line: 23
    Warning (13310): Register "LevelController:inst2|NewGrabbableObject:GrabbableObject_GEN[8].obj_inst|state.STATE_IDLE" is converted into an equivalent circuit using register "LevelController:inst2|NewGrabbableObject:GrabbableObject_GEN[8].obj_inst|state.STATE_IDLE~_emulated" and latch "LevelController:inst2|NewGrabbableObject:GrabbableObject_GEN[8].obj_inst|state.STATE_IDLE~1" File: C:/Users/Omer/Documents/GitHub/ECELab1-GoldMiner/GoldMiner_Local/GameControl/NewGrabbableObject.sv Line: 23
    Warning (13310): Register "LevelController:inst2|NewGrabbableObject:GrabbableObject_GEN[9].obj_inst|state.STATE_IDLE" is converted into an equivalent circuit using register "LevelController:inst2|NewGrabbableObject:GrabbableObject_GEN[9].obj_inst|state.STATE_IDLE~_emulated" and latch "LevelController:inst2|NewGrabbableObject:GrabbableObject_GEN[9].obj_inst|state.STATE_IDLE~1" File: C:/Users/Omer/Documents/GitHub/ECELab1-GoldMiner/GoldMiner_Local/GameControl/NewGrabbableObject.sv Line: 23
    Warning (13310): Register "LevelController:inst2|NewGrabbableObject:GrabbableObject_GEN[10].obj_inst|state.STATE_IDLE" is converted into an equivalent circuit using register "LevelController:inst2|NewGrabbableObject:GrabbableObject_GEN[10].obj_inst|state.STATE_IDLE~_emulated" and latch "LevelController:inst2|NewGrabbableObject:GrabbableObject_GEN[10].obj_inst|state.STATE_IDLE~1" File: C:/Users/Omer/Documents/GitHub/ECELab1-GoldMiner/GoldMiner_Local/GameControl/NewGrabbableObject.sv Line: 23
    Warning (13310): Register "LevelController:inst2|NewGrabbableObject:GrabbableObject_GEN[11].obj_inst|state.STATE_IDLE" is converted into an equivalent circuit using register "LevelController:inst2|NewGrabbableObject:GrabbableObject_GEN[11].obj_inst|state.STATE_IDLE~_emulated" and latch "LevelController:inst2|NewGrabbableObject:GrabbableObject_GEN[11].obj_inst|state.STATE_IDLE~1" File: C:/Users/Omer/Documents/GitHub/ECELab1-GoldMiner/GoldMiner_Local/GameControl/NewGrabbableObject.sv Line: 23
    Warning (13310): Register "LevelController:inst2|NewGrabbableObject:GrabbableObject_GEN[12].obj_inst|state.STATE_IDLE" is converted into an equivalent circuit using register "LevelController:inst2|NewGrabbableObject:GrabbableObject_GEN[12].obj_inst|state.STATE_IDLE~_emulated" and latch "LevelController:inst2|NewGrabbableObject:GrabbableObject_GEN[12].obj_inst|state.STATE_IDLE~1" File: C:/Users/Omer/Documents/GitHub/ECELab1-GoldMiner/GoldMiner_Local/GameControl/NewGrabbableObject.sv Line: 23
    Warning (13310): Register "LevelController:inst2|NewGrabbableObject:GrabbableObject_GEN[13].obj_inst|state.STATE_IDLE" is converted into an equivalent circuit using register "LevelController:inst2|NewGrabbableObject:GrabbableObject_GEN[13].obj_inst|state.STATE_IDLE~_emulated" and latch "LevelController:inst2|NewGrabbableObject:GrabbableObject_GEN[13].obj_inst|state.STATE_IDLE~1" File: C:/Users/Omer/Documents/GitHub/ECELab1-GoldMiner/GoldMiner_Local/GameControl/NewGrabbableObject.sv Line: 23
    Warning (13310): Register "LevelController:inst2|NewGrabbableObject:GrabbableObject_GEN[14].obj_inst|state.STATE_IDLE" is converted into an equivalent circuit using register "LevelController:inst2|NewGrabbableObject:GrabbableObject_GEN[14].obj_inst|state.STATE_IDLE~_emulated" and latch "LevelController:inst2|NewGrabbableObject:GrabbableObject_GEN[14].obj_inst|state.STATE_IDLE~1" File: C:/Users/Omer/Documents/GitHub/ECELab1-GoldMiner/GoldMiner_Local/GameControl/NewGrabbableObject.sv Line: 23
    Warning (13310): Register "LevelController:inst2|NewGrabbableObject:GrabbableObject_GEN[15].obj_inst|state.STATE_IDLE" is converted into an equivalent circuit using register "LevelController:inst2|NewGrabbableObject:GrabbableObject_GEN[15].obj_inst|state.STATE_IDLE~_emulated" and latch "LevelController:inst2|NewGrabbableObject:GrabbableObject_GEN[15].obj_inst|state.STATE_IDLE~1" File: C:/Users/Omer/Documents/GitHub/ECELab1-GoldMiner/GoldMiner_Local/GameControl/NewGrabbableObject.sv Line: 23
    Warning (13310): Register "LevelController:inst2|NewGrabbableObject:GrabbableObject_GEN[16].obj_inst|state.STATE_IDLE" is converted into an equivalent circuit using register "LevelController:inst2|NewGrabbableObject:GrabbableObject_GEN[16].obj_inst|state.STATE_IDLE~_emulated" and latch "LevelController:inst2|NewGrabbableObject:GrabbableObject_GEN[16].obj_inst|state.STATE_IDLE~1" File: C:/Users/Omer/Documents/GitHub/ECELab1-GoldMiner/GoldMiner_Local/GameControl/NewGrabbableObject.sv Line: 23
    Warning (13310): Register "LevelController:inst2|NewGrabbableObject:GrabbableObject_GEN[17].obj_inst|state.STATE_IDLE" is converted into an equivalent circuit using register "LevelController:inst2|NewGrabbableObject:GrabbableObject_GEN[17].obj_inst|state.STATE_IDLE~_emulated" and latch "LevelController:inst2|NewGrabbableObject:GrabbableObject_GEN[17].obj_inst|state.STATE_IDLE~1" File: C:/Users/Omer/Documents/GitHub/ECELab1-GoldMiner/GoldMiner_Local/GameControl/NewGrabbableObject.sv Line: 23
    Warning (13310): Register "LevelController:inst2|NewGrabbableObject:GrabbableObject_GEN[18].obj_inst|state.STATE_IDLE" is converted into an equivalent circuit using register "LevelController:inst2|NewGrabbableObject:GrabbableObject_GEN[18].obj_inst|state.STATE_IDLE~_emulated" and latch "LevelController:inst2|NewGrabbableObject:GrabbableObject_GEN[18].obj_inst|state.STATE_IDLE~1" File: C:/Users/Omer/Documents/GitHub/ECELab1-GoldMiner/GoldMiner_Local/GameControl/NewGrabbableObject.sv Line: 23
    Warning (13310): Register "LevelController:inst2|NewGrabbableObject:GrabbableObject_GEN[19].obj_inst|state.STATE_IDLE" is converted into an equivalent circuit using register "LevelController:inst2|NewGrabbableObject:GrabbableObject_GEN[19].obj_inst|state.STATE_IDLE~_emulated" and latch "LevelController:inst2|NewGrabbableObject:GrabbableObject_GEN[19].obj_inst|state.STATE_IDLE~1" File: C:/Users/Omer/Documents/GitHub/ECELab1-GoldMiner/GoldMiner_Local/GameControl/NewGrabbableObject.sv Line: 23
    Warning (13310): Register "LevelController:inst2|NewGrabbableObject:GrabbableObject_GEN[0].obj_inst|state.STATE_IDLE" is converted into an equivalent circuit using register "LevelController:inst2|NewGrabbableObject:GrabbableObject_GEN[0].obj_inst|state.STATE_IDLE~_emulated" and latch "LevelController:inst2|NewGrabbableObject:GrabbableObject_GEN[0].obj_inst|state.STATE_IDLE~1" File: C:/Users/Omer/Documents/GitHub/ECELab1-GoldMiner/GoldMiner_Local/GameControl/NewGrabbableObject.sv Line: 23
    Warning (13310): Register "LevelController:inst2|NewGrabbableObject:GrabbableObject_GEN[1].obj_inst|state.STATE_IDLE" is converted into an equivalent circuit using register "LevelController:inst2|NewGrabbableObject:GrabbableObject_GEN[1].obj_inst|state.STATE_IDLE~_emulated" and latch "LevelController:inst2|NewGrabbableObject:GrabbableObject_GEN[1].obj_inst|state.STATE_IDLE~1" File: C:/Users/Omer/Documents/GitHub/ECELab1-GoldMiner/GoldMiner_Local/GameControl/NewGrabbableObject.sv Line: 23
    Warning (13310): Register "LevelController:inst2|timer[7]" is converted into an equivalent circuit using register "LevelController:inst2|timer[7]~_emulated" and latch "LevelController:inst2|timer[7]~13" File: C:/Users/Omer/Documents/GitHub/ECELab1-GoldMiner/GoldMiner_Local/Stages/LevelController.sv Line: 360
    Warning (13310): Register "LevelController:inst2|timer[6]" is converted into an equivalent circuit using register "LevelController:inst2|timer[6]~_emulated" and latch "LevelController:inst2|timer[6]~17" File: C:/Users/Omer/Documents/GitHub/ECELab1-GoldMiner/GoldMiner_Local/Stages/LevelController.sv Line: 360
    Warning (13310): Register "LevelController:inst2|timer[5]" is converted into an equivalent circuit using register "LevelController:inst2|timer[5]~_emulated" and latch "LevelController:inst2|timer[5]~21" File: C:/Users/Omer/Documents/GitHub/ECELab1-GoldMiner/GoldMiner_Local/Stages/LevelController.sv Line: 360
    Warning (13310): Register "LevelController:inst2|timer[4]" is converted into an equivalent circuit using register "LevelController:inst2|timer[4]~_emulated" and latch "LevelController:inst2|timer[4]~25" File: C:/Users/Omer/Documents/GitHub/ECELab1-GoldMiner/GoldMiner_Local/Stages/LevelController.sv Line: 360
Warning (13024): Output pins are stuck at VCC or GND
    Warning (13410): Pin "OVGA[26]" is stuck at VCC
Info (286031): Timing-Driven Synthesis is running on partition "Top"
Info (17049): 16 registers lost all their fanouts during netlist optimizations.
Info (35026): Attempting to remove 26 I/O cell(s) that do not connect to top-level pins or have illegal connectivity
    Info (35027): Removed I/O cell "TOP_KBD:inst5|KBDINTF:inst|make~output"
    Info (35027): Removed I/O cell "TOP_KBD:inst5|KBDINTF:inst|make"
    Info (35027): Removed I/O cell "TOP_KBD:inst5|KBDINTF:inst|break~output"
    Info (35027): Removed I/O cell "TOP_KBD:inst5|KBDINTF:inst|break"
    Info (35027): Removed I/O cell "TOP_KBD:inst5|KBDINTF:inst|keyCode[8]~output"
    Info (35027): Removed I/O cell "TOP_KBD:inst5|KBDINTF:inst|keyCode[8]"
    Info (35027): Removed I/O cell "TOP_KBD:inst5|KBDINTF:inst|keyCode[7]~output"
    Info (35027): Removed I/O cell "TOP_KBD:inst5|KBDINTF:inst|keyCode[7]"
    Info (35027): Removed I/O cell "TOP_KBD:inst5|KBDINTF:inst|keyCode[6]~output"
    Info (35027): Removed I/O cell "TOP_KBD:inst5|KBDINTF:inst|keyCode[6]"
    Info (35027): Removed I/O cell "TOP_KBD:inst5|KBDINTF:inst|keyCode[5]~output"
    Info (35027): Removed I/O cell "TOP_KBD:inst5|KBDINTF:inst|keyCode[5]"
    Info (35027): Removed I/O cell "TOP_KBD:inst5|KBDINTF:inst|keyCode[4]~output"
    Info (35027): Removed I/O cell "TOP_KBD:inst5|KBDINTF:inst|keyCode[4]"
    Info (35027): Removed I/O cell "TOP_KBD:inst5|KBDINTF:inst|keyCode[3]~output"
    Info (35027): Removed I/O cell "TOP_KBD:inst5|KBDINTF:inst|keyCode[3]"
    Info (35027): Removed I/O cell "TOP_KBD:inst5|KBDINTF:inst|keyCode[2]~output"
    Info (35027): Removed I/O cell "TOP_KBD:inst5|KBDINTF:inst|keyCode[2]"
    Info (35027): Removed I/O cell "TOP_KBD:inst5|KBDINTF:inst|keyCode[1]~output"
    Info (35027): Removed I/O cell "TOP_KBD:inst5|KBDINTF:inst|keyCode[1]"
    Info (35027): Removed I/O cell "TOP_KBD:inst5|KBDINTF:inst|keyCode[0]~output"
    Info (35027): Removed I/O cell "TOP_KBD:inst5|KBDINTF:inst|keyCode[0]"
    Info (35027): Removed I/O cell "TOP_KBD:inst5|KBDINTF:inst|CLOCK_50~input"
    Info (35027): Removed I/O cell "TOP_KBD:inst5|KBDINTF:inst|CLOCK_50"
    Info (35027): Removed I/O cell "TOP_KBD:inst5|KBDINTF:inst|resetN~input"
    Info (35027): Removed I/O cell "TOP_KBD:inst5|KBDINTF:inst|resetN"
Info (16010): Generating hard_block partition "hard_block:auto_generated_inst"
    Info (16011): Adding 7 node(s), including 0 DDIO, 1 PLL, 0 transceiver and 0 LCELL
Info (21057): Implemented 5843 device resources after synthesis - the final resource count might be different
    Info (21058): Implemented 7 input pins
    Info (21059): Implemented 29 output pins
    Info (21061): Implemented 5757 logic cells
    Info (21064): Implemented 40 RAM segments
    Info (21065): Implemented 1 PLLs
    Info (21062): Implemented 9 DSP elements
Info: Quartus Prime Analysis & Synthesis was successful. 0 errors, 445 warnings
    Info: Peak virtual memory: 5033 megabytes
    Info: Processing ended: Thu Jan 08 21:07:56 2026
    Info: Elapsed time: 00:00:31
    Info: Total CPU time (on all processors): 00:00:40


