DEPTH = 245760;
WIDTH = 8;
ADDRESS_RADIX = HEX;
DATA_RADIX = HEX;

CONTENT BEGIN
00000 : DA;
00001 : DA;
00002 : DA;
00003 : DA;
00004 : DA;
00005 : DA;
00006 : DA;
00007 : DA;
00008 : DA;
00009 : DA;
0000A : DA;
0000B : DA;
0000C : DA;
0000D : DA;
0000E : DA;
0000F : DA;
00010 : DA;
00011 : DA;
00012 : DA;
00013 : DA;
00014 : DA;
00015 : DA;
00016 : DA;
00017 : DA;
00018 : DA;
00019 : DA;
0001A : DA;
0001B : DA;
0001C : DA;
0001D : DA;
0001E : DA;
0001F : DA;
00020 : 7A;
00021 : 7A;
00022 : DA;
00023 : 9A;
00024 : 7A;
00025 : 7A;
00026 : 7A;
00027 : 7A;
00028 : 7A;
00029 : 7A;
0002A : 7A;
0002B : 7A;
0002C : 7A;
0002D : DA;
0002E : DA;
0002F : DA;
00030 : 7A;
00031 : 09;
00032 : 7A;
00033 : 7A;
00034 : 7A;
00035 : 7A;
00036 : 7A;
00037 : DA;
00038 : DA;
00039 : DA;
0003A : 9A;
0003B : 7A;
0003C : 7A;
0003D : 7A;
0003E : 7A;
0003F : 7A;
00040 : 7A;
00041 : 9A;
00042 : DA;
00043 : 9A;
00044 : 7A;
00045 : 7A;
00046 : 7A;
00047 : 7A;
00048 : 7A;
00049 : 5A;
0004A : 5A;
0004B : 5A;
0004C : 5A;
0004D : DA;
0004E : DA;
0004F : DA;
00050 : 7A;
00051 : 09;
00052 : 5A;
00053 : 7A;
00054 : 7A;
00055 : 7A;
00056 : 7A;
00057 : 9A;
00058 : DA;
00059 : BA;
0005A : 7A;
0005B : 7A;
0005C : 7A;
0005D : 7A;
0005E : 7A;
0005F : 7A;
00060 : BA;
00061 : DA;
00062 : 9A;
00063 : 7A;
00064 : 5A;
00065 : 7A;
00066 : 7A;
00067 : 7A;
00068 : 7A;
00069 : 7A;
0006A : 5A;
0006B : 7A;
0006C : 9A;
0006D : DA;
0006E : BA;
0006F : 7A;
00070 : 7A;
00071 : 36;
00072 : 7A;
00073 : 56;
00074 : 56;
00075 : 7A;
00076 : 9A;
00077 : DA;
00078 : DA;
00079 : 7A;
0007A : 7A;
0007B : 7A;
0007C : 7A;
0007D : 7A;
0007E : 7A;
0007F : 7A;
00080 : DA;
00081 : DA;
00082 : 7A;
00083 : 7A;
00084 : 7A;
00085 : 7A;
00086 : 7A;
00087 : 7A;
00088 : 7A;
00089 : 7A;
0008A : 7A;
0008B : 9A;
0008C : DA;
0008D : DA;
0008E : 9A;
0008F : 7A;
00090 : 7A;
00091 : 7A;
00092 : 7A;
00093 : 2D;
00094 : 56;
00095 : 7A;
00096 : BA;
00097 : DA;
00098 : 9A;
00099 : 7A;
0009A : 7A;
0009B : 7A;
0009C : 7A;
0009D : 7A;
0009E : 7A;
0009F : 7A;
000A0 : DA;
000A1 : 7A;
000A2 : 7A;
000A3 : 7A;
000A4 : 7A;
000A5 : 7A;
000A6 : 7A;
000A7 : 7A;
000A8 : 7A;
000A9 : 7A;
000AA : 7A;
000AB : DA;
000AC : DA;
000AD : 9A;
000AE : 7A;
000AF : 7A;
000B0 : 7A;
000B1 : 7A;
000B2 : 7A;
000B3 : 5A;
000B4 : 31;
000B5 : DA;
000B6 : DA;
000B7 : 9A;
000B8 : 9A;
000B9 : 7A;
000BA : 7A;
000BB : 7A;
000BC : 7A;
000BD : 7A;
000BE : 7A;
000BF : 7A;
000C0 : BA;
000C1 : 7A;
000C2 : 7A;
000C3 : 7A;
000C4 : 7A;
000C5 : 7A;
000C6 : 7A;
000C7 : 7A;
000C8 : 7A;
000C9 : 7A;
000CA : 9A;
000CB : DA;
000CC : DA;
000CD : 7A;
000CE : 7A;
000CF : 7A;
000D0 : 7A;
000D1 : 7A;
000D2 : 7A;
000D3 : 7A;
000D4 : 7A;
000D5 : 29;
000D6 : 76;
000D7 : 7A;
000D8 : 7A;
000D9 : 7A;
000DA : 7A;
000DB : 7A;
000DC : 7A;
000DD : 7A;
000DE : 7A;
000DF : 7A;
000E0 : 7A;
000E1 : 7A;
000E2 : 7A;
000E3 : 7A;
000E4 : 7A;
000E5 : 7A;
000E6 : 7A;
000E7 : 7A;
000E8 : 7A;
000E9 : 7A;
000EA : DA;
000EB : BA;
000EC : 7A;
000ED : 7A;
000EE : 7A;
000EF : 7A;
000F0 : 7A;
000F1 : 7A;
000F2 : 7A;
000F3 : 7A;
000F4 : 7A;
000F5 : 9A;
000F6 : 7A;
000F7 : 31;
000F8 : 31;
000F9 : 31;
000FA : 7A;
000FB : 7A;
000FC : 7A;
000FD : 7A;
000FE : 7A;
000FF : 7A;
00100 : 9A;
00101 : 7A;
00102 : 5A;
00103 : 5A;
00104 : 5A;
00105 : 7A;
00106 : 7A;
00107 : 7A;
00108 : 7A;
00109 : BA;
0010A : DA;
0010B : 7A;
0010C : 7A;
0010D : 7A;
0010E : 7A;
0010F : 7A;
00110 : 7A;
00111 : 7A;
00112 : 7A;
00113 : 7A;
00114 : 7A;
00115 : 7A;
00116 : 7A;
00117 : 2D;
00118 : 2D;
00119 : 2D;
0011A : 7A;
0011B : 7A;
0011C : 7A;
0011D : 5A;
0011E : 5A;
0011F : DA;
00120 : 29;
00121 : 9A;
00122 : 7A;
00123 : 7A;
00124 : 7A;
00125 : 7A;
00126 : 7A;
00127 : 7A;
00128 : BA;
00129 : DA;
0012A : DA;
0012B : 7A;
0012C : 7A;
0012D : 7A;
0012E : 7A;
0012F : 7A;
00130 : 7A;
00131 : 7A;
00132 : 7A;
00133 : DA;
00134 : 9A;
00135 : 7A;
00136 : 7A;
00137 : 71;
00138 : 05;
00139 : 7A;
0013A : 7A;
0013B : 5A;
0013C : 7A;
0013D : 5A;
0013E : 7A;
0013F : DA;
00140 : 29;
00141 : 09;
00142 : DA;
00143 : DA;
00144 : 9A;
00145 : 7A;
00146 : 7A;
00147 : 9A;
00148 : DA;
00149 : DA;
0014A : 7A;
0014B : 7A;
0014C : 7A;
0014D : 7A;
0014E : 7A;
0014F : 7A;
00150 : 7A;
00151 : 7A;
00152 : 9A;
00153 : 7A;
00154 : 7A;
00155 : 7A;
00156 : BA;
00157 : 71;
00158 : 00;
00159 : 7A;
0015A : 5A;
0015B : 7A;
0015C : 7A;
0015D : 7A;
0015E : BA;
0015F : DA;
00160 : 05;
00161 : 9A;
00162 : 24;
00163 : 04;
00164 : DA;
00165 : DA;
00166 : DA;
00167 : DA;
00168 : DA;
00169 : 9A;
0016A : 7A;
0016B : 7A;
0016C : 7A;
0016D : 7A;
0016E : 7A;
0016F : 7A;
00170 : 7A;
00171 : BA;
00172 : BA;
00173 : 7A;
00174 : 7A;
00175 : BA;
00176 : BA;
00177 : 25;
00178 : 05;
00179 : 7A;
0017A : 5A;
0017B : 7A;
0017C : 7A;
0017D : BA;
0017E : DA;
0017F : BA;
00180 : 04;
00181 : 9A;
00182 : 29;
00183 : 05;
00184 : DA;
00185 : BA;
00186 : DA;
00187 : DA;
00188 : DA;
00189 : 7A;
0018A : 7A;
0018B : 7A;
0018C : 7A;
0018D : 7A;
0018E : 7A;
0018F : 7A;
00190 : 7A;
00191 : DA;
00192 : DA;
00193 : 9A;
00194 : 9A;
00195 : BA;
00196 : BA;
00197 : 4D;
00198 : 09;
00199 : 7A;
0019A : 7A;
0019B : 7A;
0019C : 7A;
0019D : DA;
0019E : DA;
0019F : 9A;
001A0 : 00;
001A1 : 9A;
001A2 : 9A;
001A3 : 2D;
001A4 : 4D;
001A5 : 4D;
001A6 : 71;
001A7 : DA;
001A8 : 9A;
001A9 : 7A;
001AA : 7A;
001AB : 7A;
001AC : 7A;
001AD : 7A;
001AE : 7A;
001AF : BA;
001B0 : BA;
001B1 : DA;
001B2 : DA;
001B3 : DA;
001B4 : DA;
001B5 : 4D;
001B6 : 29;
001B7 : 76;
001B8 : 7A;
001B9 : 7A;
001BA : 7A;
001BB : 7A;
001BC : BA;
001BD : DA;
001BE : DA;
001BF : 9A;
001C0 : 00;
001C1 : BA;
001C2 : 7A;
001C3 : 29;
001C4 : 4D;
001C5 : 4D;
001C6 : 4D;
001C7 : DA;
001C8 : 9A;
001C9 : 7A;
001CA : 7A;
001CB : 7A;
001CC : 7A;
001CD : 7A;
001CE : 7A;
001CF : BA;
001D0 : DA;
001D1 : DA;
001D2 : DA;
001D3 : DA;
001D4 : DA;
001D5 : 2D;
001D6 : 09;
001D7 : 76;
001D8 : 7A;
001D9 : 7A;
001DA : 7A;
001DB : 7A;
001DC : 7A;
001DD : DA;
001DE : DA;
001DF : 9A;
001E0 : 00;
001E1 : 9A;
001E2 : 29;
001E3 : 2D;
001E4 : 4D;
001E5 : 4D;
001E6 : 4D;
001E7 : 4D;
001E8 : 75;
001E9 : DA;
001EA : 7A;
001EB : 9A;
001EC : 9A;
001ED : DA;
001EE : DA;
001EF : 29;
001F0 : 29;
001F1 : 29;
001F2 : 29;
001F3 : 29;
001F4 : 2D;
001F5 : 09;
001F6 : 29;
001F7 : 75;
001F8 : 7A;
001F9 : 7A;
001FA : 7A;
001FB : 7A;
001FC : 7A;
001FD : 7A;
001FE : 7A;
001FF : DA;
00200 : 00;
00201 : 75;
00202 : 4D;
00203 : 29;
00204 : 29;
00205 : 29;
00206 : 4D;
00207 : 4D;
00208 : 4D;
00209 : 4D;
0020A : DA;
0020B : DA;
0020C : DA;
0020D : 29;
0020E : 49;
0020F : 49;
00210 : 49;
00211 : 29;
00212 : 49;
00213 : 29;
00214 : 29;
00215 : 51;
00216 : 29;
00217 : 71;
00218 : 7A;
00219 : 7A;
0021A : 7A;
0021B : 7A;
0021C : 7A;
0021D : 7A;
0021E : DA;
0021F : 56;
00220 : 00;
00221 : 75;
00222 : 4D;
00223 : 29;
00224 : 29;
00225 : 29;
00226 : 4D;
00227 : 4D;
00228 : 4D;
00229 : 4D;
0022A : 71;
0022B : 29;
0022C : 29;
0022D : 49;
0022E : 49;
0022F : 49;
00230 : 49;
00231 : 49;
00232 : 49;
00233 : 29;
00234 : 29;
00235 : 55;
00236 : 29;
00237 : 71;
00238 : 7A;
00239 : 7A;
0023A : 7A;
0023B : 7A;
0023C : 7A;
0023D : 9A;
0023E : DA;
0023F : 55;
00240 : 00;
00241 : 75;
00242 : 29;
00243 : 29;
00244 : 29;
00245 : 29;
00246 : 29;
00247 : 29;
00248 : 6D;
00249 : 4D;
0024A : 2D;
0024B : 29;
0024C : 29;
0024D : 29;
0024E : 29;
0024F : 29;
00250 : 29;
00251 : 29;
00252 : 49;
00253 : 29;
00254 : 2D;
00255 : 55;
00256 : 09;
00257 : 71;
00258 : DA;
00259 : 7A;
0025A : 7A;
0025B : 7A;
0025C : 7A;
0025D : DA;
0025E : BA;
0025F : 4D;
00260 : 00;
00261 : 76;
00262 : 2D;
00263 : 29;
00264 : 29;
00265 : 29;
00266 : 29;
00267 : 29;
00268 : 71;
00269 : 29;
0026A : 2D;
0026B : 29;
0026C : 49;
0026D : 29;
0026E : 29;
0026F : 29;
00270 : 29;
00271 : 29;
00272 : 4D;
00273 : 2D;
00274 : 2D;
00275 : 76;
00276 : 29;
00277 : 6D;
00278 : BA;
00279 : 7A;
0027A : 7A;
0027B : 7A;
0027C : BA;
0027D : BA;
0027E : 7A;
0027F : 4D;
00280 : 00;
00281 : 00;
00282 : 04;
00283 : 00;
00284 : 29;
00285 : 29;
00286 : 29;
00287 : 29;
00288 : 29;
00289 : 04;
0028A : 05;
0028B : 29;
0028C : 25;
0028D : 25;
0028E : 04;
0028F : 4D;
00290 : 4D;
00291 : 2D;
00292 : 51;
00293 : 31;
00294 : 51;
00295 : 04;
00296 : 00;
00297 : 00;
00298 : 00;
00299 : 09;
0029A : 09;
0029B : 9A;
0029C : DA;
0029D : 4D;
0029E : 2D;
0029F : 4D;
002A0 : 00;
002A1 : 00;
002A2 : 00;
002A3 : 00;
002A4 : 29;
002A5 : 29;
002A6 : 29;
002A7 : 29;
002A8 : 29;
002A9 : 00;
002AA : 05;
002AB : 29;
002AC : 00;
002AD : 00;
002AE : 00;
002AF : 4D;
002B0 : 4D;
002B1 : 76;
002B2 : 55;
002B3 : 51;
002B4 : 00;
002B5 : 00;
002B6 : 00;
002B7 : 00;
002B8 : 00;
002B9 : 29;
002BA : 05;
002BB : 56;
002BC : BA;
002BD : 2D;
002BE : 2D;
002BF : 4D;
002C0 : 00;
002C1 : 25;
002C2 : 4D;
002C3 : 4D;
002C4 : 00;
002C5 : 04;
002C6 : 29;
002C7 : 29;
002C8 : 00;
002C9 : 00;
002CA : 56;
002CB : 56;
002CC : 31;
002CD : 00;
002CE : 00;
002CF : 00;
002D0 : 04;
002D1 : BA;
002D2 : 29;
002D3 : 00;
002D4 : 00;
002D5 : 4D;
002D6 : 4D;
002D7 : 4D;
002D8 : 91;
002D9 : 00;
002DA : 00;
002DB : 09;
002DC : DA;
002DD : 2D;
002DE : 4D;
002DF : 4D;
002E0 : 29;
002E1 : 4D;
002E2 : 4D;
002E3 : 4D;
002E4 : 29;
002E5 : 51;
002E6 : 00;
002E7 : 00;
002E8 : 00;
002E9 : 51;
002EA : 29;
002EB : 2D;
002EC : 2D;
002ED : 4D;
002EE : 95;
002EF : 95;
002F0 : 04;
002F1 : 04;
002F2 : 04;
002F3 : 4D;
002F4 : 4D;
002F5 : 4D;
002F6 : 4D;
002F7 : 4D;
002F8 : 49;
002F9 : 4D;
002FA : 05;
002FB : 00;
002FC : 29;
002FD : 2D;
002FE : 4D;
002FF : 25;
00300 : 25;
00301 : 4D;
00302 : 4D;
00303 : 4D;
00304 : 4D;
00305 : 4D;
00306 : 00;
00307 : 00;
00308 : 04;
00309 : 05;
0030A : 4D;
0030B : 49;
0030C : 49;
0030D : 4D;
0030E : 4D;
0030F : 4D;
00310 : 4D;
00311 : 4D;
00312 : 4D;
00313 : 4D;
00314 : 4D;
00315 : 4D;
00316 : 49;
00317 : 49;
00318 : 4D;
00319 : 29;
0031A : 29;
0031B : 00;
0031C : 00;
0031D : 05;
0031E : 05;
0031F : 2D;
00320 : 25;
00321 : 4D;
00322 : 4D;
00323 : 4D;
00324 : 4D;
00325 : 4D;
00326 : 00;
00327 : 00;
00328 : 00;
00329 : 29;
0032A : 4D;
0032B : 49;
0032C : 4D;
0032D : 4D;
0032E : 4D;
0032F : 4D;
00330 : 4D;
00331 : 4D;
00332 : 4D;
00333 : 4D;
00334 : 4D;
00335 : 4D;
00336 : 4D;
00337 : 4D;
00338 : 49;
00339 : 49;
0033A : 25;
0033B : 00;
0033C : 49;
0033D : 05;
0033E : 05;
0033F : 2D;
00340 : 25;
00341 : 29;
00342 : 29;
00343 : 29;
00344 : 49;
00345 : 4D;
00346 : 29;
00347 : 29;
00348 : 49;
00349 : 4D;
0034A : 49;
0034B : 4D;
0034C : 4D;
0034D : 4D;
0034E : 4D;
0034F : 49;
00350 : 49;
00351 : 4D;
00352 : 49;
00353 : 4D;
00354 : 49;
00355 : 4D;
00356 : 49;
00357 : 4D;
00358 : 29;
00359 : 25;
0035A : 25;
0035B : 00;
0035C : 00;
0035D : 71;
0035E : 51;
0035F : 29;
00360 : 25;
00361 : 29;
00362 : 29;
00363 : 25;
00364 : 4D;
00365 : 49;
00366 : 29;
00367 : 29;
00368 : 00;
00369 : 25;
0036A : 4D;
0036B : 4D;
0036C : 4D;
0036D : 4D;
0036E : 29;
0036F : 29;
00370 : 49;
00371 : 4D;
00372 : 49;
00373 : 4D;
00374 : 49;
00375 : 49;
00376 : 49;
00377 : 4D;
00378 : 25;
00379 : 25;
0037A : 04;
0037B : 00;
0037C : 05;
0037D : 7A;
0037E : 29;
0037F : 49;
00380 : 25;
00381 : 25;
00382 : 25;
00383 : 25;
00384 : 25;
00385 : 25;
00386 : 25;
00387 : 71;
00388 : 00;
00389 : 00;
0038A : 4D;
0038B : 4D;
0038C : 29;
0038D : 25;
0038E : 05;
0038F : 29;
00390 : 25;
00391 : 49;
00392 : 49;
00393 : 49;
00394 : 49;
00395 : 49;
00396 : 25;
00397 : 25;
00398 : 25;
00399 : 25;
0039A : 24;
0039B : 09;
0039C : 7A;
0039D : 4D;
0039E : 49;
0039F : 49;
003A0 : 25;
003A1 : 25;
003A2 : 25;
003A3 : 25;
003A4 : 25;
003A5 : 25;
003A6 : 25;
003A7 : 4D;
003A8 : 75;
003A9 : 00;
003AA : 29;
003AB : 25;
003AC : 25;
003AD : 25;
003AE : 25;
003AF : 05;
003B0 : 25;
003B1 : 49;
003B2 : 49;
003B3 : 49;
003B4 : 49;
003B5 : 05;
003B6 : 25;
003B7 : 25;
003B8 : 25;
003B9 : 25;
003BA : 00;
003BB : 55;
003BC : 29;
003BD : 49;
003BE : 49;
003BF : 49;
003C0 : 25;
003C1 : 25;
003C2 : 25;
003C3 : 25;
003C4 : 25;
003C5 : 25;
003C6 : 25;
003C7 : 29;
003C8 : 51;
003C9 : 00;
003CA : 25;
003CB : 25;
003CC : 25;
003CD : 25;
003CE : 25;
003CF : 25;
003D0 : 49;
003D1 : 49;
003D2 : 49;
003D3 : 49;
003D4 : 25;
003D5 : 25;
003D6 : 25;
003D7 : 25;
003D8 : 29;
003D9 : 00;
003DA : 49;
003DB : 29;
003DC : 49;
003DD : 49;
003DE : 49;
003DF : 49;
003E0 : 25;
003E1 : 25;
003E2 : 25;
003E3 : 25;
003E4 : 25;
003E5 : 25;
003E6 : 25;
003E7 : 25;
003E8 : 51;
003E9 : 00;
003EA : 25;
003EB : 25;
003EC : 25;
003ED : 25;
003EE : 25;
003EF : 25;
003F0 : 49;
003F1 : 49;
003F2 : 49;
003F3 : 49;
003F4 : 25;
003F5 : 25;
003F6 : 25;
003F7 : 25;
003F8 : 29;
003F9 : 00;
003FA : 49;
003FB : 49;
003FC : 49;
003FD : 49;
003FE : 49;
003FF : 49;
00400 : DA;
00401 : DA;
00402 : DA;
00403 : DA;
00404 : DA;
00405 : DA;
00406 : DA;
00407 : DA;
00408 : DA;
00409 : DA;
0040A : DA;
0040B : DA;
0040C : DA;
0040D : DA;
0040E : DA;
0040F : DA;
00410 : DA;
00411 : DA;
00412 : DA;
00413 : DA;
00414 : DA;
00415 : DA;
00416 : DA;
00417 : DA;
00418 : DA;
00419 : DA;
0041A : DA;
0041B : DA;
0041C : DA;
0041D : DA;
0041E : DA;
0041F : DA;
00420 : 7A;
00421 : 7A;
00422 : 7A;
00423 : 7A;
00424 : DA;
00425 : DA;
00426 : 9A;
00427 : BA;
00428 : 7A;
00429 : 7A;
0042A : 7A;
0042B : 7A;
0042C : 7A;
0042D : 7A;
0042E : DA;
0042F : DA;
00430 : DA;
00431 : BA;
00432 : 7A;
00433 : 7A;
00434 : 7A;
00435 : 7A;
00436 : 9A;
00437 : DA;
00438 : BA;
00439 : 7A;
0043A : 7A;
0043B : 7A;
0043C : 7A;
0043D : 7A;
0043E : 9A;
0043F : 9A;
00440 : 7A;
00441 : 7A;
00442 : 5A;
00443 : 7A;
00444 : DA;
00445 : DA;
00446 : 9A;
00447 : BA;
00448 : 7A;
00449 : 7A;
0044A : 5A;
0044B : 5A;
0044C : 7A;
0044D : 7A;
0044E : DA;
0044F : DA;
00450 : DA;
00451 : 9A;
00452 : 7A;
00453 : 7A;
00454 : 7A;
00455 : 7A;
00456 : 7A;
00457 : BA;
00458 : BA;
00459 : 5A;
0045A : 5A;
0045B : 5A;
0045C : 5A;
0045D : 7A;
0045E : 7A;
0045F : 7A;
00460 : 7A;
00461 : 7A;
00462 : 5A;
00463 : DA;
00464 : DA;
00465 : BA;
00466 : BA;
00467 : BA;
00468 : 5A;
00469 : 7A;
0046A : 5A;
0046B : 5A;
0046C : 7A;
0046D : 9A;
0046E : 49;
0046F : 95;
00470 : 7A;
00471 : 7A;
00472 : 7A;
00473 : 7A;
00474 : 7A;
00475 : 7A;
00476 : 7A;
00477 : 9A;
00478 : 2D;
00479 : 7A;
0047A : 5A;
0047B : 5A;
0047C : 7A;
0047D : BA;
0047E : 7A;
0047F : 7A;
00480 : 7A;
00481 : 7A;
00482 : 7A;
00483 : DA;
00484 : DA;
00485 : 7A;
00486 : 9A;
00487 : 7A;
00488 : 7A;
00489 : 7A;
0048A : 5A;
0048B : 5A;
0048C : 7A;
0048D : 9A;
0048E : DA;
0048F : BA;
00490 : 7A;
00491 : 7A;
00492 : 7A;
00493 : 7A;
00494 : 7A;
00495 : 7A;
00496 : 7A;
00497 : 9A;
00498 : 09;
00499 : 7A;
0049A : 7A;
0049B : 7A;
0049C : BA;
0049D : 9A;
0049E : 7A;
0049F : 7A;
004A0 : 7A;
004A1 : BA;
004A2 : DA;
004A3 : DA;
004A4 : 9A;
004A5 : BA;
004A6 : 7A;
004A7 : 7A;
004A8 : 7A;
004A9 : 7A;
004AA : 7A;
004AB : 7A;
004AC : DA;
004AD : DA;
004AE : 7A;
004AF : 56;
004B0 : 7A;
004B1 : 5A;
004B2 : 5A;
004B3 : 7A;
004B4 : 7A;
004B5 : 7A;
004B6 : 9A;
004B7 : 9A;
004B8 : 7A;
004B9 : 7A;
004BA : 7A;
004BB : 9A;
004BC : 7A;
004BD : 7A;
004BE : 5A;
004BF : 5A;
004C0 : 7A;
004C1 : DA;
004C2 : DA;
004C3 : BA;
004C4 : 9A;
004C5 : BA;
004C6 : 7A;
004C7 : 7A;
004C8 : 7A;
004C9 : 7A;
004CA : 7A;
004CB : 7A;
004CC : DA;
004CD : DA;
004CE : 7A;
004CF : 56;
004D0 : 56;
004D1 : 5A;
004D2 : 9A;
004D3 : 9A;
004D4 : 9A;
004D5 : 7A;
004D6 : 7A;
004D7 : 31;
004D8 : 7A;
004D9 : 7A;
004DA : 7A;
004DB : BA;
004DC : 7A;
004DD : 7A;
004DE : 7A;
004DF : 7A;
004E0 : BA;
004E1 : DA;
004E2 : DA;
004E3 : 9A;
004E4 : 9A;
004E5 : 7A;
004E6 : 7A;
004E7 : 7A;
004E8 : 7A;
004E9 : 7A;
004EA : BA;
004EB : DA;
004EC : BA;
004ED : 9A;
004EE : 7A;
004EF : 7A;
004F0 : 7A;
004F1 : 51;
004F2 : 2D;
004F3 : 05;
004F4 : BA;
004F5 : BA;
004F6 : 7A;
004F7 : 7A;
004F8 : 7A;
004F9 : 7A;
004FA : BA;
004FB : 7A;
004FC : 7A;
004FD : 7A;
004FE : 7A;
004FF : 5A;
00500 : DA;
00501 : DA;
00502 : BA;
00503 : BA;
00504 : 9A;
00505 : 7A;
00506 : 7A;
00507 : 7A;
00508 : 7A;
00509 : 7A;
0050A : DA;
0050B : DA;
0050C : 9A;
0050D : 7A;
0050E : 7A;
0050F : 7A;
00510 : 7A;
00511 : 0D;
00512 : 31;
00513 : 05;
00514 : BA;
00515 : BA;
00516 : 7A;
00517 : 7A;
00518 : 7A;
00519 : BA;
0051A : 7A;
0051B : 7A;
0051C : 7A;
0051D : 7A;
0051E : 7A;
0051F : 5A;
00520 : DA;
00521 : 7A;
00522 : 9A;
00523 : 7A;
00524 : 7A;
00525 : 7A;
00526 : 7A;
00527 : 7A;
00528 : 7A;
00529 : 9A;
0052A : DA;
0052B : DA;
0052C : 7A;
0052D : 7A;
0052E : 7A;
0052F : 7A;
00530 : 5A;
00531 : 7A;
00532 : 7A;
00533 : 2D;
00534 : 51;
00535 : 0D;
00536 : 7A;
00537 : 7A;
00538 : 9A;
00539 : 9A;
0053A : 7A;
0053B : 7A;
0053C : 7A;
0053D : 7A;
0053E : 7A;
0053F : 7A;
00540 : DA;
00541 : BA;
00542 : BA;
00543 : 7A;
00544 : 7A;
00545 : 7A;
00546 : 7A;
00547 : 7A;
00548 : 7A;
00549 : DA;
0054A : DA;
0054B : 7A;
0054C : 7A;
0054D : 7A;
0054E : 7A;
0054F : 7A;
00550 : 7A;
00551 : 7A;
00552 : 7A;
00553 : 7A;
00554 : 75;
00555 : 0D;
00556 : 7A;
00557 : 7A;
00558 : 9A;
00559 : 7A;
0055A : 7A;
0055B : 7A;
0055C : 7A;
0055D : 7A;
0055E : 7A;
0055F : 7A;
00560 : 7A;
00561 : 9A;
00562 : 7A;
00563 : 7A;
00564 : 7A;
00565 : 7A;
00566 : 7A;
00567 : DA;
00568 : DA;
00569 : DA;
0056A : 7A;
0056B : 7A;
0056C : 7A;
0056D : 7A;
0056E : 7A;
0056F : 7A;
00570 : 7A;
00571 : 7A;
00572 : 7A;
00573 : 7A;
00574 : 2D;
00575 : BA;
00576 : BA;
00577 : BA;
00578 : 7A;
00579 : 7A;
0057A : 7A;
0057B : 7A;
0057C : 7A;
0057D : 7A;
0057E : 7A;
0057F : 7A;
00580 : 7A;
00581 : 7A;
00582 : 7A;
00583 : 7A;
00584 : 7A;
00585 : 7A;
00586 : 9A;
00587 : DA;
00588 : DA;
00589 : DA;
0058A : 7A;
0058B : 7A;
0058C : 7A;
0058D : 7A;
0058E : 7A;
0058F : 7A;
00590 : 7A;
00591 : 7A;
00592 : 7A;
00593 : 7A;
00594 : 2D;
00595 : 29;
00596 : BA;
00597 : BA;
00598 : 7A;
00599 : 7A;
0059A : 5A;
0059B : 7A;
0059C : 5A;
0059D : 7A;
0059E : 7A;
0059F : 7A;
005A0 : 9A;
005A1 : 7A;
005A2 : 7A;
005A3 : 7A;
005A4 : 7A;
005A5 : 7A;
005A6 : DA;
005A7 : 96;
005A8 : 9A;
005A9 : 7A;
005AA : 7A;
005AB : 7A;
005AC : 7A;
005AD : 7A;
005AE : 7A;
005AF : 7A;
005B0 : 7A;
005B1 : 7A;
005B2 : 7A;
005B3 : DA;
005B4 : 7A;
005B5 : 9A;
005B6 : 2D;
005B7 : 5A;
005B8 : 7A;
005B9 : 5A;
005BA : 5A;
005BB : 5A;
005BC : 5A;
005BD : 7A;
005BE : DA;
005BF : BA;
005C0 : 7A;
005C1 : 7A;
005C2 : 7A;
005C3 : 5A;
005C4 : 7A;
005C5 : 7A;
005C6 : BA;
005C7 : 51;
005C8 : 7A;
005C9 : 7A;
005CA : 7A;
005CB : 7A;
005CC : 7A;
005CD : 7A;
005CE : 7A;
005CF : 7A;
005D0 : 7A;
005D1 : 7A;
005D2 : DA;
005D3 : 9A;
005D4 : 7A;
005D5 : 9A;
005D6 : 4D;
005D7 : 55;
005D8 : 5A;
005D9 : 5A;
005DA : 5A;
005DB : 5A;
005DC : 7A;
005DD : 7A;
005DE : DA;
005DF : BA;
005E0 : DA;
005E1 : 7A;
005E2 : 7A;
005E3 : 7A;
005E4 : 7A;
005E5 : BA;
005E6 : 5A;
005E7 : 5A;
005E8 : 7A;
005E9 : 7A;
005EA : 7A;
005EB : 7A;
005EC : 7A;
005ED : 7A;
005EE : 7A;
005EF : 7A;
005F0 : 7A;
005F1 : BA;
005F2 : 7A;
005F3 : 7A;
005F4 : 7A;
005F5 : 7A;
005F6 : 00;
005F7 : 71;
005F8 : 7A;
005F9 : 7A;
005FA : 7A;
005FB : 9A;
005FC : DA;
005FD : DA;
005FE : 29;
005FF : 29;
00600 : 55;
00601 : BA;
00602 : DA;
00603 : 55;
00604 : DA;
00605 : 51;
00606 : 2D;
00607 : 51;
00608 : 9A;
00609 : 9A;
0060A : 7A;
0060B : 7A;
0060C : 7A;
0060D : 7A;
0060E : 7A;
0060F : 7A;
00610 : 9A;
00611 : 7A;
00612 : 7A;
00613 : 7A;
00614 : 7A;
00615 : 7A;
00616 : 95;
00617 : 91;
00618 : DA;
00619 : DA;
0061A : DA;
0061B : DA;
0061C : 29;
0061D : 29;
0061E : 29;
0061F : 25;
00620 : 51;
00621 : 51;
00622 : 51;
00623 : 56;
00624 : 05;
00625 : 05;
00626 : DA;
00627 : DA;
00628 : DA;
00629 : DA;
0062A : BA;
0062B : 7A;
0062C : 7A;
0062D : 7A;
0062E : 7A;
0062F : 7A;
00630 : 9A;
00631 : 7A;
00632 : 7A;
00633 : 7A;
00634 : 7A;
00635 : 9A;
00636 : DA;
00637 : 95;
00638 : DA;
00639 : 29;
0063A : 29;
0063B : 29;
0063C : 29;
0063D : 29;
0063E : 29;
0063F : 29;
00640 : 4D;
00641 : 4D;
00642 : 2D;
00643 : 7A;
00644 : 51;
00645 : DA;
00646 : 75;
00647 : 2D;
00648 : 4D;
00649 : 4D;
0064A : 76;
0064B : DA;
0064C : 7A;
0064D : 7A;
0064E : 7A;
0064F : 7A;
00650 : 7A;
00651 : 7A;
00652 : 7A;
00653 : 7A;
00654 : DA;
00655 : DA;
00656 : 29;
00657 : 49;
00658 : 05;
00659 : 29;
0065A : 29;
0065B : 29;
0065C : 25;
0065D : 29;
0065E : 25;
0065F : 25;
00660 : 4D;
00661 : 4D;
00662 : 2D;
00663 : 76;
00664 : 51;
00665 : BA;
00666 : 51;
00667 : 2D;
00668 : 4D;
00669 : 4D;
0066A : 9A;
0066B : DA;
0066C : 9A;
0066D : 9A;
0066E : 9A;
0066F : 9A;
00670 : 7A;
00671 : 7A;
00672 : 7A;
00673 : 7A;
00674 : DA;
00675 : DA;
00676 : 49;
00677 : 29;
00678 : 25;
00679 : 29;
0067A : 29;
0067B : 25;
0067C : 29;
0067D : 25;
0067E : 29;
0067F : 25;
00680 : 4D;
00681 : 4D;
00682 : 2D;
00683 : 29;
00684 : 4D;
00685 : 71;
00686 : 4D;
00687 : 4D;
00688 : 4D;
00689 : 4D;
0068A : 49;
0068B : 95;
0068C : BA;
0068D : BA;
0068E : BA;
0068F : BA;
00690 : DA;
00691 : BA;
00692 : BA;
00693 : DA;
00694 : 95;
00695 : 95;
00696 : 29;
00697 : 29;
00698 : 05;
00699 : 00;
0069A : 04;
0069B : 04;
0069C : 49;
0069D : 49;
0069E : 4D;
0069F : 29;
006A0 : 4D;
006A1 : 4D;
006A2 : 29;
006A3 : 29;
006A4 : 49;
006A5 : 4D;
006A6 : 4D;
006A7 : 4D;
006A8 : 4D;
006A9 : 4D;
006AA : 29;
006AB : 00;
006AC : 4D;
006AD : 4D;
006AE : 2D;
006AF : 4D;
006B0 : DA;
006B1 : DA;
006B2 : DA;
006B3 : DA;
006B4 : 2D;
006B5 : 4D;
006B6 : 49;
006B7 : 25;
006B8 : 05;
006B9 : 00;
006BA : 00;
006BB : 00;
006BC : 49;
006BD : 49;
006BE : 4D;
006BF : 4D;
006C0 : 49;
006C1 : BA;
006C2 : BA;
006C3 : 29;
006C4 : 4D;
006C5 : 4D;
006C6 : 4D;
006C7 : 4D;
006C8 : 4D;
006C9 : 4D;
006CA : 4D;
006CB : 00;
006CC : 29;
006CD : 29;
006CE : 29;
006CF : 29;
006D0 : 29;
006D1 : 2D;
006D2 : 7A;
006D3 : DA;
006D4 : 29;
006D5 : 29;
006D6 : 29;
006D7 : 00;
006D8 : 00;
006D9 : 2D;
006DA : 56;
006DB : 75;
006DC : 00;
006DD : 04;
006DE : 25;
006DF : 4D;
006E0 : 05;
006E1 : 00;
006E2 : 04;
006E3 : 05;
006E4 : 4D;
006E5 : 4D;
006E6 : 4D;
006E7 : 4D;
006E8 : 4D;
006E9 : 4D;
006EA : 4D;
006EB : 00;
006EC : 25;
006ED : 25;
006EE : 29;
006EF : 29;
006F0 : 29;
006F1 : 29;
006F2 : 2D;
006F3 : DA;
006F4 : 25;
006F5 : 25;
006F6 : 00;
006F7 : 25;
006F8 : 4D;
006F9 : 4D;
006FA : 2D;
006FB : 29;
006FC : 76;
006FD : 9A;
006FE : 00;
006FF : 29;
00700 : 31;
00701 : 00;
00702 : 05;
00703 : 05;
00704 : 05;
00705 : 4D;
00706 : 4D;
00707 : 4D;
00708 : 4D;
00709 : 4D;
0070A : 00;
0070B : 00;
0070C : 00;
0070D : 29;
0070E : 29;
0070F : 29;
00710 : 29;
00711 : 29;
00712 : 51;
00713 : DA;
00714 : 4D;
00715 : 29;
00716 : 00;
00717 : 71;
00718 : 4D;
00719 : 4D;
0071A : 4D;
0071B : 29;
0071C : 09;
0071D : 09;
0071E : 76;
0071F : 29;
00720 : 2D;
00721 : 00;
00722 : 05;
00723 : 09;
00724 : 29;
00725 : 4D;
00726 : 4D;
00727 : 4D;
00728 : 4D;
00729 : 71;
0072A : 00;
0072B : 00;
0072C : 00;
0072D : 05;
0072E : 25;
0072F : 29;
00730 : 29;
00731 : 29;
00732 : 51;
00733 : DA;
00734 : 4D;
00735 : 29;
00736 : 24;
00737 : 75;
00738 : 4D;
00739 : 4D;
0073A : 4D;
0073B : 29;
0073C : 29;
0073D : 29;
0073E : 76;
0073F : 29;
00740 : 49;
00741 : 04;
00742 : 4D;
00743 : 4D;
00744 : 76;
00745 : 09;
00746 : 29;
00747 : 29;
00748 : 25;
00749 : 00;
0074A : 49;
0074B : 49;
0074C : 2D;
0074D : 71;
0074E : 29;
0074F : 29;
00750 : 00;
00751 : 25;
00752 : 29;
00753 : DA;
00754 : 24;
00755 : 00;
00756 : 51;
00757 : 4D;
00758 : 49;
00759 : 25;
0075A : 29;
0075B : 25;
0075C : 29;
0075D : 29;
0075E : 25;
0075F : 29;
00760 : 4D;
00761 : 00;
00762 : 00;
00763 : 00;
00764 : 29;
00765 : 4D;
00766 : 05;
00767 : 29;
00768 : 00;
00769 : 00;
0076A : 4D;
0076B : 49;
0076C : 4D;
0076D : 49;
0076E : 9A;
0076F : 9A;
00770 : 00;
00771 : 00;
00772 : 04;
00773 : 6D;
00774 : 25;
00775 : 00;
00776 : 4D;
00777 : 4D;
00778 : 49;
00779 : 25;
0077A : 29;
0077B : 25;
0077C : 49;
0077D : 49;
0077E : 29;
0077F : 4D;
00780 : 49;
00781 : 49;
00782 : 49;
00783 : 00;
00784 : 00;
00785 : 04;
00786 : 76;
00787 : 76;
00788 : 49;
00789 : 29;
0078A : 49;
0078B : 4D;
0078C : 4D;
0078D : 4D;
0078E : 4D;
0078F : 49;
00790 : 75;
00791 : 04;
00792 : 00;
00793 : 00;
00794 : 75;
00795 : 75;
00796 : 4D;
00797 : 4D;
00798 : 25;
00799 : 25;
0079A : 29;
0079B : 49;
0079C : 4D;
0079D : 4D;
0079E : 49;
0079F : 49;
007A0 : 49;
007A1 : 49;
007A2 : 49;
007A3 : 4D;
007A4 : 00;
007A5 : 00;
007A6 : 09;
007A7 : 04;
007A8 : 49;
007A9 : 49;
007AA : 49;
007AB : 4D;
007AC : 4D;
007AD : 4D;
007AE : 49;
007AF : 4D;
007B0 : 2D;
007B1 : 71;
007B2 : 00;
007B3 : 00;
007B4 : 29;
007B5 : 4D;
007B6 : 4D;
007B7 : 29;
007B8 : 29;
007B9 : 25;
007BA : 25;
007BB : 49;
007BC : 4D;
007BD : 4D;
007BE : 29;
007BF : 29;
007C0 : 29;
007C1 : 29;
007C2 : 49;
007C3 : 49;
007C4 : 29;
007C5 : 00;
007C6 : 00;
007C7 : 4D;
007C8 : 49;
007C9 : 29;
007CA : 49;
007CB : 49;
007CC : 49;
007CD : 4D;
007CE : 49;
007CF : 4D;
007D0 : 4D;
007D1 : 49;
007D2 : 29;
007D3 : 00;
007D4 : 4D;
007D5 : 4D;
007D6 : 25;
007D7 : 25;
007D8 : 25;
007D9 : 25;
007DA : 25;
007DB : 25;
007DC : 25;
007DD : 25;
007DE : 29;
007DF : 29;
007E0 : 49;
007E1 : 49;
007E2 : 29;
007E3 : 29;
007E4 : 29;
007E5 : 00;
007E6 : 00;
007E7 : 2D;
007E8 : 29;
007E9 : 49;
007EA : 49;
007EB : 49;
007EC : 4D;
007ED : 4D;
007EE : 4D;
007EF : 4D;
007F0 : 4D;
007F1 : 4D;
007F2 : 49;
007F3 : 00;
007F4 : 49;
007F5 : 4D;
007F6 : 25;
007F7 : 25;
007F8 : 25;
007F9 : 25;
007FA : 25;
007FB : 29;
007FC : 29;
007FD : 25;
007FE : 25;
007FF : 29;
00800 : DA;
00801 : DA;
00802 : DA;
00803 : DA;
00804 : DA;
00805 : DA;
00806 : DA;
00807 : DA;
00808 : DA;
00809 : DA;
0080A : DA;
0080B : DA;
0080C : DA;
0080D : DA;
0080E : DA;
0080F : DA;
00810 : DA;
00811 : DA;
00812 : DA;
00813 : DA;
00814 : DA;
00815 : DA;
00816 : DA;
00817 : DA;
00818 : DA;
00819 : DA;
0081A : DA;
0081B : DA;
0081C : DA;
0081D : DA;
0081E : DA;
0081F : DA;
00820 : 7A;
00821 : 7A;
00822 : 7A;
00823 : 7A;
00824 : 7A;
00825 : 7A;
00826 : 7A;
00827 : 09;
00828 : 71;
00829 : DA;
0082A : DA;
0082B : DA;
0082C : 7A;
0082D : 7A;
0082E : 7A;
0082F : 7A;
00830 : 9A;
00831 : DA;
00832 : 7A;
00833 : 7A;
00834 : 7A;
00835 : 7A;
00836 : 7A;
00837 : 7A;
00838 : 9A;
00839 : 7A;
0083A : 09;
0083B : 29;
0083C : 7A;
0083D : 7A;
0083E : 7A;
0083F : 7A;
00840 : 7A;
00841 : 7A;
00842 : 7A;
00843 : 7A;
00844 : 7A;
00845 : 7A;
00846 : 7A;
00847 : 05;
00848 : 71;
00849 : DA;
0084A : DA;
0084B : 9A;
0084C : 7A;
0084D : 5A;
0084E : 5A;
0084F : 5A;
00850 : 7A;
00851 : DA;
00852 : 7A;
00853 : 7A;
00854 : 5A;
00855 : 5A;
00856 : 7A;
00857 : 7A;
00858 : 7A;
00859 : 7A;
0085A : 09;
0085B : 05;
0085C : 7A;
0085D : 7A;
0085E : 7A;
0085F : 7A;
00860 : 7A;
00861 : 7A;
00862 : 7A;
00863 : 7A;
00864 : 7A;
00865 : 7A;
00866 : 7A;
00867 : DA;
00868 : BA;
00869 : DA;
0086A : 9A;
0086B : 7A;
0086C : 7A;
0086D : 7A;
0086E : 7A;
0086F : 5A;
00870 : 7A;
00871 : DA;
00872 : 56;
00873 : 5A;
00874 : 5A;
00875 : 5A;
00876 : 9A;
00877 : 7A;
00878 : 7A;
00879 : 7A;
0087A : 7A;
0087B : 7A;
0087C : 7A;
0087D : 76;
0087E : 7A;
0087F : 7A;
00880 : 7A;
00881 : 7A;
00882 : 7A;
00883 : 7A;
00884 : 7A;
00885 : 7A;
00886 : 7A;
00887 : DA;
00888 : DA;
00889 : BA;
0088A : 7A;
0088B : 7A;
0088C : 7A;
0088D : 7A;
0088E : 5A;
0088F : 5A;
00890 : 7A;
00891 : DA;
00892 : 56;
00893 : 5A;
00894 : 5A;
00895 : 7A;
00896 : BA;
00897 : 7A;
00898 : 7A;
00899 : 7A;
0089A : 7A;
0089B : 5A;
0089C : 09;
0089D : 51;
0089E : 7A;
0089F : 7A;
008A0 : 7A;
008A1 : 7A;
008A2 : 7A;
008A3 : 7A;
008A4 : 7A;
008A5 : 7A;
008A6 : 9A;
008A7 : DA;
008A8 : DA;
008A9 : 56;
008AA : BA;
008AB : 7A;
008AC : 7A;
008AD : 5A;
008AE : 7A;
008AF : 5A;
008B0 : 7A;
008B1 : 7A;
008B2 : 5A;
008B3 : 5A;
008B4 : 7A;
008B5 : BA;
008B6 : 7A;
008B7 : 7A;
008B8 : 7A;
008B9 : 7A;
008BA : 7A;
008BB : 7A;
008BC : 05;
008BD : 05;
008BE : 9A;
008BF : DA;
008C0 : 7A;
008C1 : 7A;
008C2 : 7A;
008C3 : 7A;
008C4 : 7A;
008C5 : 9A;
008C6 : DA;
008C7 : BA;
008C8 : 9A;
008C9 : 2D;
008CA : 51;
008CB : 56;
008CC : 9A;
008CD : 9A;
008CE : 9A;
008CF : 7A;
008D0 : 31;
008D1 : 5A;
008D2 : 5A;
008D3 : 5A;
008D4 : BA;
008D5 : BA;
008D6 : 7A;
008D7 : 7A;
008D8 : 7A;
008D9 : 7A;
008DA : 7A;
008DB : 7A;
008DC : 51;
008DD : 09;
008DE : DA;
008DF : DA;
008E0 : 7A;
008E1 : 7A;
008E2 : 7A;
008E3 : 7A;
008E4 : 7A;
008E5 : DA;
008E6 : DA;
008E7 : 7A;
008E8 : 7A;
008E9 : 7A;
008EA : 7A;
008EB : 0D;
008EC : 0D;
008ED : 4D;
008EE : DA;
008EF : 2D;
008F0 : 7A;
008F1 : 5A;
008F2 : 5A;
008F3 : 7A;
008F4 : 7A;
008F5 : 7A;
008F6 : 7A;
008F7 : 7A;
008F8 : 7A;
008F9 : 7A;
008FA : 7A;
008FB : 7A;
008FC : 7A;
008FD : 7A;
008FE : 29;
008FF : 4D;
00900 : 7A;
00901 : 7A;
00902 : 7A;
00903 : 9A;
00904 : BA;
00905 : DA;
00906 : DA;
00907 : 7A;
00908 : 7A;
00909 : 7A;
0090A : 7A;
0090B : 31;
0090C : 31;
0090D : 51;
0090E : DA;
0090F : 2D;
00910 : 5A;
00911 : 5A;
00912 : 9A;
00913 : 9A;
00914 : 7A;
00915 : 7A;
00916 : 7A;
00917 : 7A;
00918 : 7A;
00919 : 7A;
0091A : 7A;
0091B : 7A;
0091C : 7A;
0091D : 7A;
0091E : 2D;
0091F : 51;
00920 : 7A;
00921 : 5A;
00922 : 5A;
00923 : DA;
00924 : DA;
00925 : BA;
00926 : 7A;
00927 : 7A;
00928 : 7A;
00929 : 7A;
0092A : 7A;
0092B : 7A;
0092C : 7A;
0092D : 09;
0092E : 00;
0092F : 7A;
00930 : 7A;
00931 : 7A;
00932 : 7A;
00933 : 7A;
00934 : 7A;
00935 : 7A;
00936 : 7A;
00937 : 7A;
00938 : 7A;
00939 : 7A;
0093A : 5A;
0093B : 7A;
0093C : 7A;
0093D : 7A;
0093E : 7A;
0093F : 31;
00940 : 5A;
00941 : 5A;
00942 : 5A;
00943 : DA;
00944 : DA;
00945 : 7A;
00946 : 7A;
00947 : 7A;
00948 : 7A;
00949 : 7A;
0094A : 7A;
0094B : 7A;
0094C : 7A;
0094D : 2D;
0094E : 05;
0094F : 7A;
00950 : 7A;
00951 : BA;
00952 : 7A;
00953 : 7A;
00954 : 7A;
00955 : 7A;
00956 : 7A;
00957 : 7A;
00958 : 7A;
00959 : 7A;
0095A : 7A;
0095B : 7A;
0095C : 7A;
0095D : 7A;
0095E : 9A;
0095F : DA;
00960 : 5A;
00961 : 5A;
00962 : DA;
00963 : DA;
00964 : 9A;
00965 : 7A;
00966 : 7A;
00967 : 7A;
00968 : 7A;
00969 : 7A;
0096A : 7A;
0096B : 7A;
0096C : 7A;
0096D : 7A;
0096E : 7A;
0096F : 7A;
00970 : DA;
00971 : 9A;
00972 : 7A;
00973 : 7A;
00974 : 7A;
00975 : 7A;
00976 : 7A;
00977 : 7A;
00978 : 7A;
00979 : 7A;
0097A : 7A;
0097B : 7A;
0097C : 7A;
0097D : 7A;
0097E : DA;
0097F : 75;
00980 : 5A;
00981 : DA;
00982 : DA;
00983 : DA;
00984 : 9A;
00985 : 7A;
00986 : 7A;
00987 : 7A;
00988 : 7A;
00989 : 7A;
0098A : 7A;
0098B : 7A;
0098C : 7A;
0098D : 7A;
0098E : 9A;
0098F : BA;
00990 : DA;
00991 : 9A;
00992 : 7A;
00993 : 7A;
00994 : 7A;
00995 : 7A;
00996 : 7A;
00997 : 7A;
00998 : 7A;
00999 : 7A;
0099A : 7A;
0099B : 7A;
0099C : 7A;
0099D : 7A;
0099E : DA;
0099F : 76;
009A0 : DA;
009A1 : DA;
009A2 : 9A;
009A3 : 7A;
009A4 : 7A;
009A5 : 7A;
009A6 : 7A;
009A7 : 7A;
009A8 : 7A;
009A9 : 7A;
009AA : 7A;
009AB : 7A;
009AC : 7A;
009AD : BA;
009AE : 9A;
009AF : 04;
009B0 : 7A;
009B1 : 7A;
009B2 : 7A;
009B3 : 7A;
009B4 : 7A;
009B5 : 7A;
009B6 : 7A;
009B7 : 7A;
009B8 : BA;
009B9 : BA;
009BA : 9A;
009BB : 9A;
009BC : 9A;
009BD : 9A;
009BE : 9A;
009BF : 2D;
009C0 : DA;
009C1 : 00;
009C2 : 7A;
009C3 : 7A;
009C4 : 7A;
009C5 : 7A;
009C6 : 7A;
009C7 : 5A;
009C8 : 7A;
009C9 : 7A;
009CA : 7A;
009CB : 7A;
009CC : BA;
009CD : 7A;
009CE : 7A;
009CF : 05;
009D0 : 9A;
009D1 : 7A;
009D2 : 7A;
009D3 : 7A;
009D4 : 7A;
009D5 : 7A;
009D6 : 7A;
009D7 : 7A;
009D8 : DA;
009D9 : BA;
009DA : BA;
009DB : BA;
009DC : 7A;
009DD : 9A;
009DE : 75;
009DF : 29;
009E0 : 29;
009E1 : 29;
009E2 : 7A;
009E3 : 7A;
009E4 : 7A;
009E5 : 7A;
009E6 : 7A;
009E7 : 7A;
009E8 : 7A;
009E9 : 7A;
009EA : 7A;
009EB : 9A;
009EC : 9A;
009ED : 7A;
009EE : 7A;
009EF : 7A;
009F0 : 24;
009F1 : DA;
009F2 : 7A;
009F3 : 7A;
009F4 : 7A;
009F5 : 9A;
009F6 : DA;
009F7 : 29;
009F8 : 29;
009F9 : 29;
009FA : BA;
009FB : DA;
009FC : DA;
009FD : DA;
009FE : 29;
009FF : 29;
00A00 : 29;
00A01 : 29;
00A02 : 29;
00A03 : 9A;
00A04 : 9A;
00A05 : 7A;
00A06 : 7A;
00A07 : 7A;
00A08 : 7A;
00A09 : 7A;
00A0A : BA;
00A0B : 7A;
00A0C : 7A;
00A0D : 7A;
00A0E : 7A;
00A0F : BA;
00A10 : DA;
00A11 : 00;
00A12 : DA;
00A13 : DA;
00A14 : DA;
00A15 : DA;
00A16 : 49;
00A17 : 29;
00A18 : 29;
00A19 : 29;
00A1A : 29;
00A1B : 29;
00A1C : 29;
00A1D : 49;
00A1E : 29;
00A1F : 29;
00A20 : 4D;
00A21 : 29;
00A22 : 29;
00A23 : 29;
00A24 : DA;
00A25 : 7A;
00A26 : 7A;
00A27 : 7A;
00A28 : 7A;
00A29 : 7A;
00A2A : 9A;
00A2B : 7A;
00A2C : 7A;
00A2D : 7A;
00A2E : 7A;
00A2F : DA;
00A30 : DA;
00A31 : 00;
00A32 : 29;
00A33 : 29;
00A34 : 29;
00A35 : 29;
00A36 : 29;
00A37 : 29;
00A38 : 29;
00A39 : 29;
00A3A : 29;
00A3B : 29;
00A3C : 49;
00A3D : 29;
00A3E : 29;
00A3F : 29;
00A40 : 4D;
00A41 : 4D;
00A42 : 4D;
00A43 : 29;
00A44 : 55;
00A45 : 9A;
00A46 : 7A;
00A47 : 7A;
00A48 : 7A;
00A49 : DA;
00A4A : 9A;
00A4B : 7A;
00A4C : 7A;
00A4D : 7A;
00A4E : 7A;
00A4F : DA;
00A50 : 4D;
00A51 : 00;
00A52 : 29;
00A53 : 29;
00A54 : 29;
00A55 : 29;
00A56 : 25;
00A57 : 25;
00A58 : 29;
00A59 : 25;
00A5A : 29;
00A5B : 29;
00A5C : 25;
00A5D : 29;
00A5E : 29;
00A5F : 29;
00A60 : 4D;
00A61 : 4D;
00A62 : 4D;
00A63 : 4D;
00A64 : 29;
00A65 : 9A;
00A66 : 9A;
00A67 : 9A;
00A68 : 9A;
00A69 : BA;
00A6A : 9A;
00A6B : 7A;
00A6C : 7A;
00A6D : 9A;
00A6E : DA;
00A6F : BA;
00A70 : 4D;
00A71 : 00;
00A72 : 29;
00A73 : 29;
00A74 : 29;
00A75 : 29;
00A76 : 29;
00A77 : 29;
00A78 : 29;
00A79 : 29;
00A7A : 29;
00A7B : 25;
00A7C : 29;
00A7D : 29;
00A7E : 29;
00A7F : 25;
00A80 : 4D;
00A81 : 4D;
00A82 : 4D;
00A83 : 4D;
00A84 : 4D;
00A85 : 96;
00A86 : 96;
00A87 : 95;
00A88 : 95;
00A89 : 71;
00A8A : DA;
00A8B : BA;
00A8C : BA;
00A8D : DA;
00A8E : DA;
00A8F : 29;
00A90 : 49;
00A91 : 00;
00A92 : 00;
00A93 : 00;
00A94 : 04;
00A95 : 25;
00A96 : 4D;
00A97 : 29;
00A98 : 49;
00A99 : 29;
00A9A : 25;
00A9B : 29;
00A9C : 29;
00A9D : 29;
00A9E : 29;
00A9F : 25;
00AA0 : 4D;
00AA1 : 4D;
00AA2 : 4D;
00AA3 : 4D;
00AA4 : 29;
00AA5 : 29;
00AA6 : 71;
00AA7 : 51;
00AA8 : 51;
00AA9 : 4D;
00AAA : DA;
00AAB : DA;
00AAC : DA;
00AAD : DA;
00AAE : DA;
00AAF : 29;
00AB0 : 49;
00AB1 : 00;
00AB2 : 00;
00AB3 : 00;
00AB4 : 00;
00AB5 : 04;
00AB6 : 49;
00AB7 : 4D;
00AB8 : 4D;
00AB9 : 4D;
00ABA : 49;
00ABB : 4D;
00ABC : 25;
00ABD : 29;
00ABE : 29;
00ABF : 00;
00AC0 : 4D;
00AC1 : 4D;
00AC2 : 4D;
00AC3 : 4D;
00AC4 : 4D;
00AC5 : 00;
00AC6 : 29;
00AC7 : 29;
00AC8 : 29;
00AC9 : 29;
00ACA : 29;
00ACB : 2D;
00ACC : 9A;
00ACD : 51;
00ACE : 51;
00ACF : 49;
00AD0 : 29;
00AD1 : 00;
00AD2 : 4D;
00AD3 : 51;
00AD4 : 56;
00AD5 : 71;
00AD6 : 00;
00AD7 : 29;
00AD8 : 05;
00AD9 : 4D;
00ADA : 4D;
00ADB : 4D;
00ADC : 29;
00ADD : 25;
00ADE : 00;
00ADF : 00;
00AE0 : 4D;
00AE1 : 4D;
00AE2 : 4D;
00AE3 : 4D;
00AE4 : 4D;
00AE5 : 00;
00AE6 : 00;
00AE7 : 25;
00AE8 : 29;
00AE9 : 29;
00AEA : 29;
00AEB : 29;
00AEC : 2D;
00AED : 05;
00AEE : 05;
00AEF : 25;
00AF0 : 00;
00AF1 : 49;
00AF2 : 4D;
00AF3 : 2D;
00AF4 : 2D;
00AF5 : 2D;
00AF6 : 7A;
00AF7 : 00;
00AF8 : 00;
00AF9 : 49;
00AFA : 4D;
00AFB : 4D;
00AFC : 00;
00AFD : 00;
00AFE : 00;
00AFF : 24;
00B00 : 4D;
00B01 : 4D;
00B02 : 4D;
00B03 : 29;
00B04 : 4D;
00B05 : 00;
00B06 : 00;
00B07 : 05;
00B08 : 05;
00B09 : 00;
00B0A : 29;
00B0B : 29;
00B0C : 2D;
00B0D : 05;
00B0E : 05;
00B0F : 00;
00B10 : 29;
00B11 : 75;
00B12 : 4D;
00B13 : 4D;
00B14 : 25;
00B15 : 29;
00B16 : 09;
00B17 : 76;
00B18 : 76;
00B19 : 29;
00B1A : 00;
00B1B : 00;
00B1C : 00;
00B1D : 00;
00B1E : 25;
00B1F : 6D;
00B20 : 4D;
00B21 : 4D;
00B22 : 4D;
00B23 : 96;
00B24 : 00;
00B25 : 00;
00B26 : 00;
00B27 : 05;
00B28 : 25;
00B29 : 00;
00B2A : 49;
00B2B : 29;
00B2C : 2D;
00B2D : 05;
00B2E : 05;
00B2F : 00;
00B30 : 29;
00B31 : 75;
00B32 : 4D;
00B33 : 4D;
00B34 : 29;
00B35 : 25;
00B36 : 29;
00B37 : 76;
00B38 : 76;
00B39 : 25;
00B3A : 00;
00B3B : 00;
00B3C : 00;
00B3D : 00;
00B3E : 25;
00B3F : 6D;
00B40 : 4D;
00B41 : 25;
00B42 : 25;
00B43 : 24;
00B44 : 00;
00B45 : 29;
00B46 : 29;
00B47 : 2D;
00B48 : 71;
00B49 : 4D;
00B4A : 00;
00B4B : 05;
00B4C : 25;
00B4D : 00;
00B4E : 04;
00B4F : 29;
00B50 : 51;
00B51 : 4D;
00B52 : 4D;
00B53 : 49;
00B54 : 29;
00B55 : 25;
00B56 : 29;
00B57 : 49;
00B58 : 29;
00B59 : 4D;
00B5A : 4D;
00B5B : 4D;
00B5C : 51;
00B5D : 51;
00B5E : 00;
00B5F : 25;
00B60 : 25;
00B61 : 25;
00B62 : 00;
00B63 : 25;
00B64 : 29;
00B65 : 49;
00B66 : 49;
00B67 : 4D;
00B68 : 75;
00B69 : 51;
00B6A : 00;
00B6B : 00;
00B6C : 25;
00B6D : 00;
00B6E : 00;
00B6F : 95;
00B70 : 4D;
00B71 : 4D;
00B72 : 29;
00B73 : 29;
00B74 : 29;
00B75 : 25;
00B76 : 4D;
00B77 : 4D;
00B78 : 4D;
00B79 : 4D;
00B7A : 4D;
00B7B : 4D;
00B7C : 55;
00B7D : 51;
00B7E : 00;
00B7F : 25;
00B80 : 25;
00B81 : 25;
00B82 : 25;
00B83 : 49;
00B84 : 29;
00B85 : 29;
00B86 : 29;
00B87 : 29;
00B88 : 29;
00B89 : 49;
00B8A : 9A;
00B8B : 00;
00B8C : 00;
00B8D : 00;
00B8E : 04;
00B8F : 4D;
00B90 : 49;
00B91 : 49;
00B92 : 25;
00B93 : 25;
00B94 : 4D;
00B95 : 4D;
00B96 : 4D;
00B97 : 4D;
00B98 : 4D;
00B99 : 29;
00B9A : 29;
00B9B : 29;
00B9C : 4D;
00B9D : 29;
00B9E : 04;
00B9F : 00;
00BA0 : 25;
00BA1 : 25;
00BA2 : 49;
00BA3 : 29;
00BA4 : 29;
00BA5 : 29;
00BA6 : 29;
00BA7 : 49;
00BA8 : 4D;
00BA9 : 4D;
00BAA : 29;
00BAB : 4D;
00BAC : 00;
00BAD : 71;
00BAE : 4D;
00BAF : 49;
00BB0 : 49;
00BB1 : 29;
00BB2 : 25;
00BB3 : 25;
00BB4 : 49;
00BB5 : 4D;
00BB6 : 4D;
00BB7 : 4D;
00BB8 : 49;
00BB9 : 29;
00BBA : 29;
00BBB : 29;
00BBC : 29;
00BBD : 29;
00BBE : 00;
00BBF : 00;
00BC0 : 25;
00BC1 : 49;
00BC2 : 49;
00BC3 : 29;
00BC4 : 49;
00BC5 : 29;
00BC6 : 29;
00BC7 : 29;
00BC8 : 4D;
00BC9 : 49;
00BCA : 4D;
00BCB : 29;
00BCC : 49;
00BCD : 49;
00BCE : 29;
00BCF : 49;
00BD0 : 25;
00BD1 : 25;
00BD2 : 25;
00BD3 : 25;
00BD4 : 25;
00BD5 : 29;
00BD6 : 29;
00BD7 : 29;
00BD8 : 29;
00BD9 : 29;
00BDA : 29;
00BDB : 29;
00BDC : 29;
00BDD : 29;
00BDE : 04;
00BDF : 00;
00BE0 : 25;
00BE1 : 49;
00BE2 : 49;
00BE3 : 29;
00BE4 : 49;
00BE5 : 49;
00BE6 : 49;
00BE7 : 49;
00BE8 : 29;
00BE9 : 29;
00BEA : 49;
00BEB : 49;
00BEC : 49;
00BED : 49;
00BEE : 49;
00BEF : 49;
00BF0 : 25;
00BF1 : 25;
00BF2 : 25;
00BF3 : 25;
00BF4 : 25;
00BF5 : 29;
00BF6 : 29;
00BF7 : 29;
00BF8 : 29;
00BF9 : 29;
00BFA : 29;
00BFB : 29;
00BFC : 29;
00BFD : 49;
00BFE : 25;
00BFF : 00;
00C00 : 2D;
00C01 : 2D;
00C02 : 2D;
00C03 : 2D;
00C04 : 2D;
00C05 : 2D;
00C06 : 2D;
00C07 : 2D;
00C08 : 2D;
00C09 : 2D;
00C0A : 2D;
00C0B : 2D;
00C0C : 2D;
00C0D : 2D;
00C0E : 2D;
00C0F : 2D;
00C10 : 2D;
00C11 : 2D;
00C12 : 2D;
00C13 : 2D;
00C14 : 2D;
00C15 : 2D;
00C16 : 2D;
00C17 : 2D;
00C18 : 2D;
00C19 : 2D;
00C1A : 2D;
00C1B : 2D;
00C1C : 2D;
00C1D : 2D;
00C1E : 2D;
00C1F : 2D;
00C20 : 5A;
00C21 : 5A;
00C22 : 5A;
00C23 : 2D;
00C24 : 2D;
00C25 : 2D;
00C26 : 2D;
00C27 : 2D;
00C28 : 2D;
00C29 : 2D;
00C2A : 2D;
00C2B : 2D;
00C2C : 2D;
00C2D : 2D;
00C2E : 2D;
00C2F : 2D;
00C30 : 2D;
00C31 : 2D;
00C32 : 2D;
00C33 : 2D;
00C34 : 2D;
00C35 : 2D;
00C36 : 2D;
00C37 : 2D;
00C38 : 2D;
00C39 : 2D;
00C3A : 2D;
00C3B : 2D;
00C3C : 2D;
00C3D : 2D;
00C3E : 2D;
00C3F : 2D;
00C40 : 25;
00C41 : BA;
00C42 : BA;
00C43 : 56;
00C44 : 31;
00C45 : 31;
00C46 : 31;
00C47 : 2D;
00C48 : 2D;
00C49 : 2D;
00C4A : 2D;
00C4B : 2D;
00C4C : 2D;
00C4D : 2D;
00C4E : 2D;
00C4F : 2D;
00C50 : 2D;
00C51 : 2D;
00C52 : 2D;
00C53 : 2D;
00C54 : 2D;
00C55 : 2D;
00C56 : 0D;
00C57 : 0D;
00C58 : 31;
00C59 : 7A;
00C5A : 7A;
00C5B : 36;
00C5C : 36;
00C5D : 2D;
00C5E : 0D;
00C5F : 25;
00C60 : 25;
00C61 : BA;
00C62 : BA;
00C63 : 5A;
00C64 : 5A;
00C65 : 5A;
00C66 : 56;
00C67 : 0D;
00C68 : 2D;
00C69 : 2D;
00C6A : 2D;
00C6B : 0D;
00C6C : 0D;
00C6D : 2D;
00C6E : 2D;
00C6F : 2D;
00C70 : 2D;
00C71 : 2D;
00C72 : 2D;
00C73 : 2D;
00C74 : 2D;
00C75 : 2D;
00C76 : 0D;
00C77 : 0D;
00C78 : 56;
00C79 : 9A;
00C7A : 9A;
00C7B : 36;
00C7C : 36;
00C7D : 2D;
00C7E : 0D;
00C7F : 25;
00C80 : 25;
00C81 : 25;
00C82 : BA;
00C83 : 5A;
00C84 : 7A;
00C85 : 9A;
00C86 : 9A;
00C87 : 31;
00C88 : 0D;
00C89 : 2D;
00C8A : 2D;
00C8B : 0D;
00C8C : 0D;
00C8D : 2D;
00C8E : 2D;
00C8F : 2D;
00C90 : 2D;
00C91 : 0D;
00C92 : 0D;
00C93 : 2D;
00C94 : 2D;
00C95 : 2D;
00C96 : 0D;
00C97 : 56;
00C98 : 56;
00C99 : 9A;
00C9A : 9A;
00C9B : 36;
00C9C : 2D;
00C9D : 0D;
00C9E : 25;
00C9F : 25;
00CA0 : 25;
00CA1 : 25;
00CA2 : BA;
00CA3 : 5A;
00CA4 : 5A;
00CA5 : 7A;
00CA6 : 7A;
00CA7 : 5A;
00CA8 : 5A;
00CA9 : 56;
00CAA : 31;
00CAB : 0D;
00CAC : 56;
00CAD : 56;
00CAE : 2D;
00CAF : 2D;
00CB0 : 2D;
00CB1 : 0D;
00CB2 : 0D;
00CB3 : 2D;
00CB4 : 2D;
00CB5 : 2D;
00CB6 : 0D;
00CB7 : 5A;
00CB8 : 9A;
00CB9 : 7A;
00CBA : 9A;
00CBB : 36;
00CBC : 2D;
00CBD : 0D;
00CBE : 25;
00CBF : 25;
00CC0 : 25;
00CC1 : 25;
00CC2 : BA;
00CC3 : 5A;
00CC4 : 5A;
00CC5 : 5A;
00CC6 : 5A;
00CC7 : 7A;
00CC8 : 5A;
00CC9 : 36;
00CCA : 31;
00CCB : 0D;
00CCC : 36;
00CCD : 56;
00CCE : 2D;
00CCF : 2D;
00CD0 : 0D;
00CD1 : 2D;
00CD2 : 0D;
00CD3 : 2D;
00CD4 : 2D;
00CD5 : 2D;
00CD6 : 2D;
00CD7 : 5A;
00CD8 : 9A;
00CD9 : 7A;
00CDA : 36;
00CDB : 36;
00CDC : 0D;
00CDD : 25;
00CDE : 25;
00CDF : 25;
00CE0 : 25;
00CE1 : 25;
00CE2 : BA;
00CE3 : 5A;
00CE4 : 5A;
00CE5 : 5A;
00CE6 : 5A;
00CE7 : BA;
00CE8 : 7A;
00CE9 : 56;
00CEA : 36;
00CEB : 36;
00CEC : 5A;
00CED : 5A;
00CEE : 5A;
00CEF : 0D;
00CF0 : 0D;
00CF1 : 0D;
00CF2 : 2D;
00CF3 : 0D;
00CF4 : 2D;
00CF5 : 31;
00CF6 : 0D;
00CF7 : 5A;
00CF8 : 9A;
00CF9 : 7A;
00CFA : 36;
00CFB : 2D;
00CFC : 0D;
00CFD : 25;
00CFE : 25;
00CFF : 25;
00D00 : 25;
00D01 : 25;
00D02 : 25;
00D03 : BA;
00D04 : 5A;
00D05 : 5A;
00D06 : 5A;
00D07 : BA;
00D08 : 7A;
00D09 : 5A;
00D0A : 5A;
00D0B : 5A;
00D0C : 5A;
00D0D : 5A;
00D0E : 5A;
00D0F : 0D;
00D10 : 2D;
00D11 : 2D;
00D12 : 0D;
00D13 : 2D;
00D14 : 2D;
00D15 : 2D;
00D16 : 0D;
00D17 : 7A;
00D18 : 9A;
00D19 : 9A;
00D1A : 36;
00D1B : 2D;
00D1C : 0D;
00D1D : 25;
00D1E : 25;
00D1F : 25;
00D20 : 25;
00D21 : 25;
00D22 : 25;
00D23 : BA;
00D24 : 5A;
00D25 : 5A;
00D26 : 5A;
00D27 : BA;
00D28 : 9A;
00D29 : 5A;
00D2A : 5A;
00D2B : 5A;
00D2C : 5A;
00D2D : 5A;
00D2E : 5A;
00D2F : 0D;
00D30 : 2D;
00D31 : 2D;
00D32 : 0D;
00D33 : 2D;
00D34 : 2D;
00D35 : 0D;
00D36 : 7A;
00D37 : 2D;
00D38 : 9A;
00D39 : 36;
00D3A : 2D;
00D3B : 2D;
00D3C : 25;
00D3D : 25;
00D3E : 25;
00D3F : 25;
00D40 : 25;
00D41 : 25;
00D42 : 25;
00D43 : 29;
00D44 : BA;
00D45 : 5A;
00D46 : 5A;
00D47 : BA;
00D48 : 7A;
00D49 : 5A;
00D4A : 5A;
00D4B : 5A;
00D4C : 5A;
00D4D : 5A;
00D4E : 5A;
00D4F : 2D;
00D50 : 2D;
00D51 : 2D;
00D52 : 2D;
00D53 : 2D;
00D54 : 2D;
00D55 : 0D;
00D56 : 7A;
00D57 : 05;
00D58 : 7A;
00D59 : 36;
00D5A : 2D;
00D5B : 2D;
00D5C : 25;
00D5D : 25;
00D5E : 25;
00D5F : 25;
00D60 : 25;
00D61 : 25;
00D62 : 25;
00D63 : 00;
00D64 : 00;
00D65 : 31;
00D66 : 5A;
00D67 : BA;
00D68 : 7A;
00D69 : 5A;
00D6A : 5A;
00D6B : 5A;
00D6C : 5A;
00D6D : 5A;
00D6E : 5A;
00D6F : 5A;
00D70 : 0D;
00D71 : 2D;
00D72 : 2D;
00D73 : 2D;
00D74 : 0D;
00D75 : 0D;
00D76 : 7A;
00D77 : 25;
00D78 : 25;
00D79 : 2D;
00D7A : 2D;
00D7B : 25;
00D7C : 25;
00D7D : 25;
00D7E : 25;
00D7F : 25;
00D80 : 25;
00D81 : 25;
00D82 : 25;
00D83 : 25;
00D84 : 00;
00D85 : 51;
00D86 : 7A;
00D87 : BA;
00D88 : 7A;
00D89 : 7A;
00D8A : 5A;
00D8B : 5A;
00D8C : 36;
00D8D : 31;
00D8E : 11;
00D8F : 5A;
00D90 : 11;
00D91 : 31;
00D92 : 31;
00D93 : 31;
00D94 : 0D;
00D95 : 0D;
00D96 : 7A;
00D97 : 25;
00D98 : 25;
00D99 : 2D;
00D9A : 2D;
00D9B : 25;
00D9C : 25;
00D9D : 25;
00D9E : 25;
00D9F : 25;
00DA0 : 25;
00DA1 : 25;
00DA2 : 25;
00DA3 : 25;
00DA4 : 04;
00DA5 : 4D;
00DA6 : 76;
00DA7 : BA;
00DA8 : BA;
00DA9 : BA;
00DAA : BA;
00DAB : BA;
00DAC : 32;
00DAD : 32;
00DAE : 36;
00DAF : 7A;
00DB0 : 56;
00DB1 : 32;
00DB2 : 31;
00DB3 : 2D;
00DB4 : 0D;
00DB5 : 0D;
00DB6 : 7A;
00DB7 : 25;
00DB8 : 25;
00DB9 : 25;
00DBA : 2D;
00DBB : 25;
00DBC : 25;
00DBD : 25;
00DBE : 25;
00DBF : 25;
00DC0 : 25;
00DC1 : 25;
00DC2 : 25;
00DC3 : 25;
00DC4 : 04;
00DC5 : 04;
00DC6 : 29;
00DC7 : DA;
00DC8 : BA;
00DC9 : BA;
00DCA : BA;
00DCB : BA;
00DCC : 32;
00DCD : 32;
00DCE : 51;
00DCF : DA;
00DD0 : 9A;
00DD1 : 36;
00DD2 : 0D;
00DD3 : 2D;
00DD4 : 56;
00DD5 : 36;
00DD6 : 7A;
00DD7 : 25;
00DD8 : 25;
00DD9 : 25;
00DDA : 25;
00DDB : 25;
00DDC : 25;
00DDD : 25;
00DDE : 25;
00DDF : 25;
00DE0 : 25;
00DE1 : 25;
00DE2 : 25;
00DE3 : 25;
00DE4 : 25;
00DE5 : 25;
00DE6 : 00;
00DE7 : BA;
00DE8 : BA;
00DE9 : BA;
00DEA : BA;
00DEB : 9A;
00DEC : 32;
00DED : 32;
00DEE : 55;
00DEF : DA;
00DF0 : 7A;
00DF1 : 32;
00DF2 : 0D;
00DF3 : 2D;
00DF4 : 56;
00DF5 : 5A;
00DF6 : 5A;
00DF7 : 25;
00DF8 : 25;
00DF9 : 25;
00DFA : 25;
00DFB : 25;
00DFC : 25;
00DFD : 25;
00DFE : 25;
00DFF : 25;
00E00 : 25;
00E01 : 25;
00E02 : 25;
00E03 : 25;
00E04 : 25;
00E05 : 25;
00E06 : 00;
00E07 : BA;
00E08 : BA;
00E09 : BA;
00E0A : 7A;
00E0B : 56;
00E0C : 32;
00E0D : 32;
00E0E : 51;
00E0F : DA;
00E10 : 7A;
00E11 : 32;
00E12 : 31;
00E13 : 0D;
00E14 : 56;
00E15 : 36;
00E16 : 5A;
00E17 : 25;
00E18 : 25;
00E19 : 25;
00E1A : 25;
00E1B : 25;
00E1C : 25;
00E1D : 25;
00E1E : 25;
00E1F : 25;
00E20 : 25;
00E21 : 25;
00E22 : 25;
00E23 : 25;
00E24 : 25;
00E25 : 25;
00E26 : 00;
00E27 : BA;
00E28 : BA;
00E29 : BA;
00E2A : 9A;
00E2B : 5A;
00E2C : 32;
00E2D : 56;
00E2E : 9A;
00E2F : BA;
00E30 : 7A;
00E31 : 32;
00E32 : 2D;
00E33 : 0D;
00E34 : 9A;
00E35 : BA;
00E36 : 00;
00E37 : 25;
00E38 : 25;
00E39 : 25;
00E3A : 25;
00E3B : 25;
00E3C : 25;
00E3D : 25;
00E3E : 25;
00E3F : 25;
00E40 : 25;
00E41 : 25;
00E42 : 25;
00E43 : 25;
00E44 : 25;
00E45 : 25;
00E46 : 00;
00E47 : 9A;
00E48 : DA;
00E49 : 9A;
00E4A : 9A;
00E4B : 7A;
00E4C : 32;
00E4D : 56;
00E4E : 9A;
00E4F : BA;
00E50 : 7A;
00E51 : 32;
00E52 : 2D;
00E53 : 2D;
00E54 : 7A;
00E55 : 9A;
00E56 : 00;
00E57 : 25;
00E58 : 25;
00E59 : 25;
00E5A : 25;
00E5B : 25;
00E5C : 25;
00E5D : 25;
00E5E : 25;
00E5F : 25;
00E60 : 25;
00E61 : 25;
00E62 : 25;
00E63 : 25;
00E64 : 25;
00E65 : 25;
00E66 : 04;
00E67 : BA;
00E68 : DA;
00E69 : 9A;
00E6A : 7A;
00E6B : 7A;
00E6C : 31;
00E6D : 76;
00E6E : BA;
00E6F : DA;
00E70 : 7A;
00E71 : 32;
00E72 : 0D;
00E73 : 0D;
00E74 : 56;
00E75 : 51;
00E76 : 00;
00E77 : 25;
00E78 : 25;
00E79 : 25;
00E7A : 25;
00E7B : 25;
00E7C : 25;
00E7D : 25;
00E7E : 25;
00E7F : 25;
00E80 : 25;
00E81 : 25;
00E82 : 25;
00E83 : 25;
00E84 : 25;
00E85 : 25;
00E86 : 25;
00E87 : 25;
00E88 : DA;
00E89 : 9A;
00E8A : 7A;
00E8B : 7A;
00E8C : 32;
00E8D : 7A;
00E8E : DA;
00E8F : DA;
00E90 : 7A;
00E91 : 32;
00E92 : 0D;
00E93 : 36;
00E94 : 9A;
00E95 : 75;
00E96 : 00;
00E97 : 25;
00E98 : 25;
00E99 : 25;
00E9A : 25;
00E9B : 25;
00E9C : 25;
00E9D : 25;
00E9E : 25;
00E9F : 25;
00EA0 : 25;
00EA1 : 25;
00EA2 : 25;
00EA3 : 25;
00EA4 : 25;
00EA5 : 25;
00EA6 : 25;
00EA7 : 25;
00EA8 : DA;
00EA9 : 9A;
00EAA : 7A;
00EAB : 7A;
00EAC : 5A;
00EAD : 7A;
00EAE : BA;
00EAF : BA;
00EB0 : 5A;
00EB1 : 36;
00EB2 : 0D;
00EB3 : 56;
00EB4 : 9A;
00EB5 : 75;
00EB6 : 00;
00EB7 : 25;
00EB8 : 25;
00EB9 : 25;
00EBA : 25;
00EBB : 25;
00EBC : 25;
00EBD : 25;
00EBE : 25;
00EBF : 25;
00EC0 : 25;
00EC1 : 25;
00EC2 : 25;
00EC3 : 25;
00EC4 : 25;
00EC5 : 25;
00EC6 : 25;
00EC7 : 25;
00EC8 : DA;
00EC9 : 7A;
00ECA : 7A;
00ECB : 7A;
00ECC : 7A;
00ECD : 9A;
00ECE : BA;
00ECF : BA;
00ED0 : 5A;
00ED1 : 36;
00ED2 : 0D;
00ED3 : 5A;
00ED4 : 9A;
00ED5 : 75;
00ED6 : 25;
00ED7 : 25;
00ED8 : 25;
00ED9 : 25;
00EDA : 25;
00EDB : 25;
00EDC : 25;
00EDD : 25;
00EDE : 25;
00EDF : 25;
00EE0 : 25;
00EE1 : 25;
00EE2 : 25;
00EE3 : 25;
00EE4 : 25;
00EE5 : 25;
00EE6 : 25;
00EE7 : 25;
00EE8 : DA;
00EE9 : 7A;
00EEA : 5A;
00EEB : 5A;
00EEC : 9A;
00EED : BA;
00EEE : BA;
00EEF : 7A;
00EF0 : 56;
00EF1 : 36;
00EF2 : 0D;
00EF3 : 5A;
00EF4 : 2D;
00EF5 : 29;
00EF6 : 25;
00EF7 : 25;
00EF8 : 25;
00EF9 : 25;
00EFA : 25;
00EFB : 25;
00EFC : 25;
00EFD : 25;
00EFE : 25;
00EFF : 25;
00F00 : 25;
00F01 : 25;
00F02 : 25;
00F03 : 25;
00F04 : 25;
00F05 : 25;
00F06 : 25;
00F07 : 25;
00F08 : DA;
00F09 : 7A;
00F0A : 5A;
00F0B : 5A;
00F0C : BA;
00F0D : BA;
00F0E : BA;
00F0F : 5A;
00F10 : 5A;
00F11 : 32;
00F12 : 0D;
00F13 : 56;
00F14 : 05;
00F15 : 04;
00F16 : 25;
00F17 : 25;
00F18 : 25;
00F19 : 25;
00F1A : 25;
00F1B : 25;
00F1C : 25;
00F1D : 25;
00F1E : 25;
00F1F : 25;
00F20 : 25;
00F21 : 25;
00F22 : 25;
00F23 : 25;
00F24 : 25;
00F25 : 25;
00F26 : 25;
00F27 : 25;
00F28 : DA;
00F29 : 7A;
00F2A : 5A;
00F2B : 5A;
00F2C : BA;
00F2D : BA;
00F2E : BA;
00F2F : 5A;
00F30 : 5A;
00F31 : 31;
00F32 : 0D;
00F33 : 56;
00F34 : 04;
00F35 : 25;
00F36 : 25;
00F37 : 25;
00F38 : 25;
00F39 : 25;
00F3A : 25;
00F3B : 25;
00F3C : 25;
00F3D : 25;
00F3E : 25;
00F3F : 25;
00F40 : 25;
00F41 : 25;
00F42 : 25;
00F43 : 25;
00F44 : 25;
00F45 : 25;
00F46 : 25;
00F47 : 25;
00F48 : DA;
00F49 : 7A;
00F4A : 9A;
00F4B : 5A;
00F4C : BA;
00F4D : BA;
00F4E : BA;
00F4F : 5A;
00F50 : 5A;
00F51 : 32;
00F52 : 0D;
00F53 : 56;
00F54 : 04;
00F55 : 25;
00F56 : 25;
00F57 : 25;
00F58 : 25;
00F59 : 25;
00F5A : 25;
00F5B : 25;
00F5C : 25;
00F5D : 25;
00F5E : 25;
00F5F : 25;
00F60 : 25;
00F61 : 25;
00F62 : 25;
00F63 : 25;
00F64 : 25;
00F65 : 25;
00F66 : 25;
00F67 : 25;
00F68 : DA;
00F69 : BA;
00F6A : 9A;
00F6B : 5A;
00F6C : BA;
00F6D : BA;
00F6E : BA;
00F6F : 7A;
00F70 : 5A;
00F71 : 32;
00F72 : 0D;
00F73 : 56;
00F74 : 25;
00F75 : 25;
00F76 : 25;
00F77 : 25;
00F78 : 25;
00F79 : 25;
00F7A : 25;
00F7B : 25;
00F7C : 25;
00F7D : 25;
00F7E : 25;
00F7F : 25;
00F80 : 25;
00F81 : 25;
00F82 : 25;
00F83 : 25;
00F84 : 25;
00F85 : 25;
00F86 : 25;
00F87 : 25;
00F88 : DA;
00F89 : BA;
00F8A : BA;
00F8B : 5A;
00F8C : BA;
00F8D : BA;
00F8E : BA;
00F8F : 7A;
00F90 : 5A;
00F91 : 36;
00F92 : 0D;
00F93 : 56;
00F94 : 25;
00F95 : 25;
00F96 : 25;
00F97 : 25;
00F98 : 25;
00F99 : 25;
00F9A : 25;
00F9B : 25;
00F9C : 25;
00F9D : 25;
00F9E : 25;
00F9F : 25;
00FA0 : 25;
00FA1 : 25;
00FA2 : 25;
00FA3 : 25;
00FA4 : 25;
00FA5 : 25;
00FA6 : 25;
00FA7 : 25;
00FA8 : 25;
00FA9 : BA;
00FAA : BA;
00FAB : 5A;
00FAC : BA;
00FAD : BA;
00FAE : BA;
00FAF : 7A;
00FB0 : 5A;
00FB1 : 32;
00FB2 : 0D;
00FB3 : 5A;
00FB4 : 25;
00FB5 : 25;
00FB6 : 25;
00FB7 : 25;
00FB8 : 25;
00FB9 : 25;
00FBA : 25;
00FBB : 25;
00FBC : 25;
00FBD : 25;
00FBE : 25;
00FBF : 25;
00FC0 : 25;
00FC1 : 25;
00FC2 : 25;
00FC3 : 25;
00FC4 : 25;
00FC5 : 25;
00FC6 : 25;
00FC7 : 25;
00FC8 : 25;
00FC9 : 9A;
00FCA : BA;
00FCB : 7A;
00FCC : BA;
00FCD : BA;
00FCE : BA;
00FCF : 7A;
00FD0 : 5A;
00FD1 : 56;
00FD2 : 56;
00FD3 : 5A;
00FD4 : 25;
00FD5 : 25;
00FD6 : 25;
00FD7 : 25;
00FD8 : 25;
00FD9 : 25;
00FDA : 25;
00FDB : 25;
00FDC : 25;
00FDD : 25;
00FDE : 25;
00FDF : 25;
00FE0 : 25;
00FE1 : 25;
00FE2 : 25;
00FE3 : 25;
00FE4 : 25;
00FE5 : 25;
00FE6 : 25;
00FE7 : 25;
00FE8 : 25;
00FE9 : 95;
00FEA : BA;
00FEB : BA;
00FEC : 7A;
00FED : BA;
00FEE : BA;
00FEF : 5A;
00FF0 : 5A;
00FF1 : 56;
00FF2 : 31;
00FF3 : 5A;
00FF4 : 25;
00FF5 : 25;
00FF6 : 25;
00FF7 : 25;
00FF8 : 25;
00FF9 : 25;
00FFA : 25;
00FFB : 25;
00FFC : 25;
00FFD : 25;
00FFE : 25;
00FFF : 25;
01000 : 25;
01001 : 25;
01002 : 25;
01003 : 25;
01004 : 25;
01005 : 25;
01006 : 25;
01007 : 25;
01008 : 25;
01009 : 25;
0100A : 25;
0100B : 25;
0100C : 25;
0100D : 25;
0100E : 25;
0100F : 25;
01010 : 25;
01011 : 25;
01012 : 25;
01013 : 25;
01014 : 25;
01015 : 25;
01016 : 25;
01017 : 25;
01018 : 25;
01019 : 25;
0101A : 25;
0101B : 25;
0101C : 25;
0101D : 25;
0101E : 25;
0101F : 25;
01020 : 25;
01021 : 25;
01022 : 25;
01023 : 25;
01024 : 25;
01025 : 25;
01026 : 25;
01027 : 25;
01028 : 25;
01029 : 25;
0102A : 25;
0102B : 25;
0102C : 25;
0102D : 25;
0102E : 25;
0102F : 25;
01030 : 25;
01031 : 25;
01032 : 25;
01033 : 25;
01034 : 25;
01035 : 25;
01036 : 25;
01037 : 25;
01038 : 25;
01039 : 25;
0103A : 25;
0103B : 25;
0103C : 25;
0103D : 25;
0103E : 25;
0103F : 25;
01040 : 25;
01041 : 25;
01042 : 25;
01043 : 25;
01044 : 25;
01045 : 25;
01046 : 25;
01047 : 25;
01048 : 25;
01049 : 25;
0104A : 25;
0104B : 25;
0104C : 25;
0104D : 25;
0104E : 25;
0104F : 25;
01050 : 25;
01051 : 25;
01052 : 25;
01053 : 25;
01054 : 25;
01055 : 25;
01056 : 25;
01057 : 25;
01058 : 25;
01059 : 25;
0105A : 25;
0105B : 25;
0105C : 25;
0105D : 25;
0105E : 25;
0105F : 25;
01060 : 25;
01061 : 25;
01062 : 25;
01063 : 25;
01064 : 25;
01065 : 25;
01066 : 25;
01067 : 25;
01068 : 25;
01069 : 25;
0106A : 25;
0106B : 25;
0106C : 25;
0106D : 25;
0106E : 25;
0106F : 25;
01070 : 25;
01071 : 25;
01072 : 25;
01073 : 25;
01074 : 25;
01075 : 25;
01076 : 25;
01077 : 25;
01078 : 25;
01079 : 25;
0107A : 25;
0107B : 25;
0107C : 25;
0107D : 25;
0107E : 25;
0107F : 25;
01080 : 25;
01081 : 25;
01082 : 25;
01083 : 25;
01084 : 25;
01085 : 25;
01086 : 25;
01087 : 25;
01088 : 25;
01089 : 25;
0108A : 25;
0108B : 25;
0108C : 25;
0108D : 25;
0108E : 25;
0108F : 25;
01090 : 25;
01091 : 25;
01092 : 25;
01093 : 25;
01094 : 25;
01095 : 25;
01096 : 25;
01097 : 25;
01098 : 25;
01099 : 25;
0109A : 25;
0109B : 25;
0109C : 25;
0109D : 25;
0109E : 25;
0109F : 25;
010A0 : 25;
010A1 : 25;
010A2 : 25;
010A3 : 25;
010A4 : 25;
010A5 : 25;
010A6 : 25;
010A7 : 25;
010A8 : 25;
010A9 : 25;
010AA : 25;
010AB : 25;
010AC : 25;
010AD : 25;
010AE : 25;
010AF : 25;
010B0 : 25;
010B1 : 25;
010B2 : 25;
010B3 : 25;
010B4 : 25;
010B5 : 25;
010B6 : 25;
010B7 : 25;
010B8 : 25;
010B9 : 25;
010BA : 25;
010BB : 25;
010BC : 25;
010BD : 25;
010BE : 25;
010BF : 25;
010C0 : 25;
010C1 : 25;
010C2 : 25;
010C3 : 25;
010C4 : 25;
010C5 : 25;
010C6 : 25;
010C7 : 25;
010C8 : 25;
010C9 : 25;
010CA : 25;
010CB : 25;
010CC : 25;
010CD : 25;
010CE : 25;
010CF : 25;
010D0 : 25;
010D1 : 25;
010D2 : 25;
010D3 : 25;
010D4 : 25;
010D5 : 25;
010D6 : 25;
010D7 : 25;
010D8 : 25;
010D9 : 25;
010DA : 25;
010DB : 25;
010DC : 25;
010DD : 25;
010DE : 25;
010DF : 25;
010E0 : 25;
010E1 : 25;
010E2 : 25;
010E3 : 25;
010E4 : 25;
010E5 : 25;
010E6 : 25;
010E7 : 25;
010E8 : 25;
010E9 : 25;
010EA : 25;
010EB : 25;
010EC : 25;
010ED : 25;
010EE : 25;
010EF : 25;
010F0 : 25;
010F1 : 25;
010F2 : 25;
010F3 : 25;
010F4 : 25;
010F5 : 25;
010F6 : 25;
010F7 : 25;
010F8 : 25;
010F9 : 25;
010FA : 25;
010FB : 25;
010FC : 25;
010FD : 25;
010FE : 25;
010FF : 25;
01100 : 25;
01101 : 25;
01102 : 25;
01103 : 25;
01104 : 25;
01105 : 25;
01106 : 25;
01107 : 25;
01108 : 25;
01109 : 25;
0110A : 25;
0110B : 25;
0110C : 25;
0110D : 25;
0110E : 25;
0110F : 25;
01110 : 25;
01111 : 25;
01112 : 25;
01113 : 25;
01114 : 25;
01115 : 25;
01116 : 25;
01117 : 25;
01118 : 25;
01119 : 25;
0111A : 25;
0111B : 25;
0111C : 25;
0111D : 25;
0111E : 25;
0111F : 25;
01120 : 25;
01121 : 25;
01122 : 25;
01123 : 25;
01124 : 25;
01125 : 25;
01126 : 25;
01127 : 25;
01128 : 25;
01129 : 25;
0112A : 25;
0112B : 25;
0112C : 25;
0112D : 25;
0112E : 25;
0112F : 25;
01130 : 25;
01131 : 25;
01132 : 25;
01133 : 25;
01134 : 25;
01135 : 25;
01136 : 25;
01137 : 25;
01138 : 25;
01139 : 25;
0113A : 25;
0113B : 25;
0113C : 25;
0113D : 25;
0113E : 25;
0113F : 25;
01140 : 25;
01141 : 25;
01142 : 25;
01143 : 25;
01144 : 25;
01145 : 25;
01146 : 25;
01147 : 25;
01148 : 25;
01149 : 25;
0114A : 25;
0114B : 25;
0114C : 25;
0114D : 25;
0114E : 25;
0114F : 25;
01150 : 25;
01151 : 25;
01152 : 25;
01153 : 25;
01154 : 25;
01155 : 25;
01156 : 25;
01157 : 25;
01158 : 25;
01159 : 25;
0115A : 25;
0115B : 25;
0115C : 25;
0115D : 25;
0115E : 25;
0115F : 25;
01160 : 25;
01161 : 25;
01162 : 25;
01163 : 25;
01164 : 25;
01165 : 25;
01166 : 25;
01167 : 25;
01168 : 25;
01169 : 25;
0116A : 25;
0116B : 25;
0116C : 25;
0116D : 25;
0116E : 25;
0116F : 25;
01170 : 25;
01171 : 25;
01172 : 25;
01173 : 25;
01174 : 25;
01175 : 25;
01176 : 25;
01177 : 25;
01178 : 25;
01179 : 25;
0117A : 25;
0117B : 25;
0117C : 25;
0117D : 25;
0117E : 25;
0117F : 25;
01180 : 25;
01181 : 25;
01182 : 25;
01183 : 25;
01184 : 25;
01185 : 25;
01186 : 25;
01187 : 25;
01188 : 25;
01189 : 25;
0118A : 25;
0118B : 25;
0118C : 25;
0118D : 25;
0118E : 25;
0118F : 25;
01190 : 25;
01191 : 25;
01192 : 25;
01193 : 25;
01194 : 25;
01195 : 25;
01196 : 25;
01197 : 25;
01198 : 25;
01199 : 25;
0119A : 25;
0119B : 25;
0119C : 25;
0119D : 25;
0119E : 25;
0119F : 25;
011A0 : 25;
011A1 : 25;
011A2 : 25;
011A3 : 25;
011A4 : 25;
011A5 : 25;
011A6 : 25;
011A7 : 25;
011A8 : 25;
011A9 : 25;
011AA : 25;
011AB : 25;
011AC : 25;
011AD : 25;
011AE : 25;
011AF : 25;
011B0 : 25;
011B1 : 25;
011B2 : 25;
011B3 : 25;
011B4 : 25;
011B5 : 25;
011B6 : 25;
011B7 : 25;
011B8 : 25;
011B9 : 25;
011BA : 25;
011BB : 25;
011BC : 25;
011BD : 25;
011BE : 25;
011BF : 25;
011C0 : 25;
011C1 : 25;
011C2 : 25;
011C3 : 25;
011C4 : 25;
011C5 : 25;
011C6 : 25;
011C7 : 25;
011C8 : 25;
011C9 : 25;
011CA : 25;
011CB : 25;
011CC : 25;
011CD : 25;
011CE : 25;
011CF : 25;
011D0 : 25;
011D1 : 25;
011D2 : 25;
011D3 : 25;
011D4 : 25;
011D5 : 25;
011D6 : 25;
011D7 : 25;
011D8 : 25;
011D9 : 25;
011DA : 25;
011DB : 25;
011DC : 25;
011DD : 25;
011DE : 25;
011DF : 25;
011E0 : 25;
011E1 : 25;
011E2 : 25;
011E3 : 25;
011E4 : 25;
011E5 : 25;
011E6 : 25;
011E7 : 25;
011E8 : 25;
011E9 : 25;
011EA : 25;
011EB : 25;
011EC : 25;
011ED : 25;
011EE : 25;
011EF : 25;
011F0 : 25;
011F1 : 25;
011F2 : 25;
011F3 : 25;
011F4 : 25;
011F5 : 25;
011F6 : 25;
011F7 : 25;
011F8 : 25;
011F9 : 25;
011FA : 25;
011FB : 25;
011FC : 25;
011FD : 25;
011FE : 25;
011FF : 25;
01200 : 25;
01201 : 25;
01202 : 25;
01203 : 25;
01204 : 25;
01205 : 25;
01206 : 25;
01207 : 25;
01208 : 25;
01209 : 25;
0120A : 25;
0120B : 25;
0120C : 25;
0120D : 25;
0120E : 25;
0120F : 25;
01210 : 25;
01211 : 25;
01212 : 25;
01213 : 25;
01214 : 25;
01215 : 25;
01216 : 25;
01217 : 25;
01218 : 25;
01219 : 25;
0121A : 25;
0121B : 25;
0121C : 25;
0121D : 25;
0121E : 25;
0121F : 25;
01220 : 25;
01221 : 25;
01222 : 25;
01223 : 25;
01224 : 25;
01225 : 25;
01226 : 25;
01227 : 25;
01228 : 25;
01229 : 25;
0122A : 25;
0122B : 25;
0122C : 25;
0122D : 25;
0122E : 25;
0122F : 25;
01230 : 25;
01231 : 25;
01232 : 25;
01233 : 25;
01234 : 25;
01235 : 25;
01236 : 25;
01237 : 25;
01238 : 25;
01239 : 25;
0123A : 25;
0123B : 25;
0123C : 25;
0123D : 25;
0123E : 25;
0123F : 25;
01240 : 25;
01241 : 25;
01242 : 25;
01243 : 25;
01244 : 25;
01245 : 25;
01246 : 25;
01247 : 25;
01248 : 25;
01249 : 25;
0124A : 25;
0124B : 25;
0124C : 25;
0124D : 25;
0124E : 25;
0124F : 25;
01250 : 25;
01251 : 25;
01252 : 25;
01253 : 25;
01254 : 25;
01255 : 25;
01256 : 25;
01257 : 25;
01258 : 25;
01259 : 25;
0125A : 25;
0125B : 25;
0125C : 25;
0125D : 25;
0125E : 25;
0125F : 25;
01260 : 25;
01261 : 25;
01262 : 25;
01263 : 25;
01264 : 25;
01265 : 25;
01266 : 25;
01267 : 25;
01268 : 25;
01269 : 25;
0126A : 25;
0126B : 25;
0126C : 25;
0126D : 25;
0126E : 25;
0126F : 25;
01270 : 25;
01271 : 25;
01272 : 25;
01273 : 25;
01274 : 25;
01275 : 25;
01276 : 25;
01277 : 25;
01278 : 25;
01279 : 25;
0127A : 25;
0127B : 25;
0127C : 25;
0127D : 25;
0127E : 25;
0127F : 25;
01280 : 25;
01281 : 25;
01282 : 25;
01283 : 25;
01284 : 25;
01285 : 25;
01286 : 25;
01287 : 25;
01288 : 25;
01289 : 25;
0128A : 25;
0128B : 25;
0128C : 25;
0128D : 25;
0128E : 25;
0128F : 25;
01290 : 25;
01291 : 25;
01292 : 25;
01293 : 25;
01294 : 25;
01295 : 25;
01296 : 25;
01297 : 25;
01298 : 25;
01299 : 25;
0129A : 25;
0129B : 25;
0129C : 25;
0129D : 25;
0129E : 25;
0129F : 25;
012A0 : 25;
012A1 : 25;
012A2 : 25;
012A3 : 25;
012A4 : 25;
012A5 : 25;
012A6 : 25;
012A7 : 25;
012A8 : 25;
012A9 : 25;
012AA : 25;
012AB : 25;
012AC : 25;
012AD : 25;
012AE : 25;
012AF : 25;
012B0 : 25;
012B1 : 25;
012B2 : 25;
012B3 : 25;
012B4 : 25;
012B5 : 25;
012B6 : 25;
012B7 : 25;
012B8 : 25;
012B9 : 25;
012BA : 25;
012BB : 25;
012BC : 25;
012BD : 25;
012BE : 25;
012BF : 25;
012C0 : 25;
012C1 : 25;
012C2 : 25;
012C3 : 25;
012C4 : 25;
012C5 : 25;
012C6 : 25;
012C7 : 25;
012C8 : 25;
012C9 : 25;
012CA : 25;
012CB : 25;
012CC : 25;
012CD : 25;
012CE : 25;
012CF : 25;
012D0 : 25;
012D1 : 25;
012D2 : 25;
012D3 : 25;
012D4 : 25;
012D5 : 25;
012D6 : 25;
012D7 : 25;
012D8 : 25;
012D9 : 25;
012DA : 25;
012DB : 25;
012DC : 25;
012DD : 25;
012DE : 25;
012DF : 25;
012E0 : 25;
012E1 : 25;
012E2 : 25;
012E3 : 25;
012E4 : 25;
012E5 : 25;
012E6 : 25;
012E7 : 25;
012E8 : 25;
012E9 : 25;
012EA : 25;
012EB : 25;
012EC : 25;
012ED : 25;
012EE : 25;
012EF : 25;
012F0 : 25;
012F1 : 25;
012F2 : 25;
012F3 : 25;
012F4 : 25;
012F5 : 25;
012F6 : 25;
012F7 : 25;
012F8 : 25;
012F9 : 25;
012FA : 25;
012FB : 25;
012FC : 25;
012FD : 25;
012FE : 25;
012FF : 25;
01300 : 25;
01301 : 25;
01302 : 25;
01303 : 25;
01304 : 25;
01305 : 25;
01306 : 25;
01307 : 25;
01308 : 25;
01309 : 25;
0130A : 25;
0130B : 25;
0130C : 25;
0130D : 25;
0130E : 25;
0130F : 25;
01310 : 25;
01311 : 25;
01312 : 25;
01313 : 25;
01314 : 25;
01315 : 25;
01316 : 25;
01317 : 25;
01318 : 25;
01319 : 25;
0131A : 25;
0131B : 25;
0131C : 25;
0131D : 25;
0131E : 25;
0131F : 25;
01320 : 25;
01321 : 25;
01322 : 25;
01323 : 25;
01324 : 25;
01325 : 25;
01326 : 25;
01327 : 25;
01328 : 25;
01329 : 25;
0132A : 25;
0132B : 25;
0132C : 25;
0132D : 25;
0132E : 25;
0132F : 25;
01330 : 25;
01331 : 25;
01332 : 25;
01333 : 25;
01334 : 25;
01335 : 25;
01336 : 25;
01337 : 25;
01338 : 25;
01339 : 25;
0133A : 25;
0133B : 25;
0133C : 25;
0133D : 25;
0133E : 25;
0133F : 25;
01340 : 25;
01341 : 25;
01342 : 25;
01343 : 25;
01344 : 25;
01345 : 25;
01346 : 25;
01347 : 25;
01348 : 25;
01349 : 25;
0134A : 25;
0134B : 25;
0134C : 25;
0134D : 25;
0134E : 25;
0134F : 25;
01350 : 25;
01351 : 25;
01352 : 25;
01353 : 25;
01354 : 25;
01355 : 25;
01356 : 25;
01357 : 25;
01358 : 25;
01359 : 25;
0135A : 25;
0135B : 25;
0135C : 25;
0135D : 25;
0135E : 25;
0135F : 25;
01360 : 25;
01361 : 25;
01362 : 25;
01363 : 25;
01364 : 25;
01365 : 25;
01366 : 25;
01367 : 25;
01368 : 25;
01369 : 25;
0136A : 25;
0136B : 25;
0136C : 25;
0136D : 25;
0136E : 25;
0136F : 25;
01370 : 25;
01371 : 25;
01372 : 25;
01373 : 25;
01374 : 25;
01375 : 25;
01376 : 25;
01377 : 25;
01378 : 25;
01379 : 25;
0137A : 25;
0137B : 25;
0137C : 25;
0137D : 25;
0137E : 25;
0137F : 25;
01380 : 25;
01381 : 25;
01382 : 25;
01383 : 25;
01384 : 25;
01385 : 25;
01386 : 25;
01387 : 25;
01388 : 25;
01389 : 25;
0138A : 25;
0138B : 25;
0138C : 25;
0138D : 25;
0138E : 25;
0138F : 25;
01390 : 25;
01391 : 25;
01392 : 25;
01393 : 25;
01394 : 25;
01395 : 25;
01396 : 25;
01397 : 25;
01398 : 25;
01399 : 25;
0139A : 25;
0139B : 25;
0139C : 25;
0139D : 25;
0139E : 25;
0139F : 25;
013A0 : 25;
013A1 : 25;
013A2 : 25;
013A3 : 25;
013A4 : 25;
013A5 : 25;
013A6 : 25;
013A7 : 25;
013A8 : 25;
013A9 : 25;
013AA : 25;
013AB : 25;
013AC : 25;
013AD : 25;
013AE : 25;
013AF : 25;
013B0 : 25;
013B1 : 25;
013B2 : 25;
013B3 : 25;
013B4 : 25;
013B5 : 25;
013B6 : 25;
013B7 : 25;
013B8 : 25;
013B9 : 25;
013BA : 25;
013BB : 25;
013BC : 25;
013BD : 25;
013BE : 25;
013BF : 25;
013C0 : 25;
013C1 : 25;
013C2 : 25;
013C3 : 25;
013C4 : 25;
013C5 : 25;
013C6 : 25;
013C7 : 25;
013C8 : 25;
013C9 : 25;
013CA : 25;
013CB : 25;
013CC : 25;
013CD : 25;
013CE : 25;
013CF : 25;
013D0 : 25;
013D1 : 25;
013D2 : 25;
013D3 : 25;
013D4 : 25;
013D5 : 25;
013D6 : 25;
013D7 : 25;
013D8 : 25;
013D9 : 25;
013DA : 25;
013DB : 25;
013DC : 25;
013DD : 25;
013DE : 25;
013DF : 25;
013E0 : 25;
013E1 : 25;
013E2 : 25;
013E3 : 25;
013E4 : 25;
013E5 : 25;
013E6 : 25;
013E7 : 25;
013E8 : 25;
013E9 : 25;
013EA : 25;
013EB : 25;
013EC : 25;
013ED : 25;
013EE : 25;
013EF : 25;
013F0 : 25;
013F1 : 25;
013F2 : 25;
013F3 : 25;
013F4 : 25;
013F5 : 25;
013F6 : 25;
013F7 : 25;
013F8 : 25;
013F9 : 25;
013FA : 25;
013FB : 25;
013FC : 25;
013FD : 25;
013FE : 25;
013FF : 25;
01400 : 25;
01401 : 25;
01402 : 9A;
01403 : 9A;
01404 : 9A;
01405 : 2D;
01406 : 2D;
01407 : 2D;
01408 : 2D;
01409 : 2D;
0140A : 2D;
0140B : 2D;
0140C : 2D;
0140D : 2D;
0140E : 2D;
0140F : 2D;
01410 : 2D;
01411 : 2D;
01412 : 2D;
01413 : 2D;
01414 : 2D;
01415 : 2D;
01416 : 2D;
01417 : 2D;
01418 : 2D;
01419 : 2D;
0141A : 2D;
0141B : 2D;
0141C : 2D;
0141D : 2D;
0141E : 2D;
0141F : 2D;
01420 : 25;
01421 : 25;
01422 : 25;
01423 : 9A;
01424 : 9A;
01425 : 9A;
01426 : 9A;
01427 : 2D;
01428 : 2D;
01429 : 2D;
0142A : 2D;
0142B : 2D;
0142C : 2D;
0142D : 2D;
0142E : 2D;
0142F : 2D;
01430 : 2D;
01431 : 2D;
01432 : 2D;
01433 : 2D;
01434 : 2D;
01435 : 2D;
01436 : 2D;
01437 : 2D;
01438 : 2D;
01439 : 2D;
0143A : 2D;
0143B : 2D;
0143C : 2D;
0143D : 2D;
0143E : 2D;
0143F : 2D;
01440 : 25;
01441 : 25;
01442 : 25;
01443 : 25;
01444 : 25;
01445 : 9A;
01446 : 7A;
01447 : 9A;
01448 : 2D;
01449 : 2D;
0144A : 2D;
0144B : 2D;
0144C : 2D;
0144D : 2D;
0144E : 2D;
0144F : 2D;
01450 : 2D;
01451 : 2D;
01452 : 2D;
01453 : 2D;
01454 : 2D;
01455 : 2D;
01456 : 2D;
01457 : 2D;
01458 : 2D;
01459 : 2D;
0145A : 2D;
0145B : 2D;
0145C : 2D;
0145D : 2D;
0145E : 2D;
0145F : 2D;
01460 : 25;
01461 : 25;
01462 : 25;
01463 : 25;
01464 : 25;
01465 : 5A;
01466 : 7A;
01467 : 9A;
01468 : 36;
01469 : 0D;
0146A : 2D;
0146B : 2D;
0146C : 2D;
0146D : 0D;
0146E : 2D;
0146F : 0D;
01470 : 0D;
01471 : 0D;
01472 : 2D;
01473 : 2D;
01474 : 0D;
01475 : 2D;
01476 : 2D;
01477 : 0D;
01478 : 2D;
01479 : 2D;
0147A : 0D;
0147B : 2D;
0147C : 2D;
0147D : 2D;
0147E : 2D;
0147F : 2D;
01480 : 25;
01481 : 25;
01482 : 25;
01483 : 25;
01484 : 25;
01485 : 25;
01486 : 9A;
01487 : 9A;
01488 : 5A;
01489 : 0D;
0148A : 2D;
0148B : 2D;
0148C : 2D;
0148D : 2D;
0148E : 2D;
0148F : 0D;
01490 : 0D;
01491 : 0D;
01492 : 0D;
01493 : 0D;
01494 : 0D;
01495 : 0D;
01496 : 0D;
01497 : 0D;
01498 : 0D;
01499 : 0D;
0149A : 0D;
0149B : 0D;
0149C : 2D;
0149D : 2D;
0149E : 2D;
0149F : 2D;
014A0 : 25;
014A1 : 25;
014A2 : 25;
014A3 : 25;
014A4 : 25;
014A5 : 25;
014A6 : 25;
014A7 : 9A;
014A8 : 9A;
014A9 : 36;
014AA : 5A;
014AB : 2D;
014AC : 2D;
014AD : 0D;
014AE : 0D;
014AF : 0D;
014B0 : 0D;
014B1 : 0D;
014B2 : 31;
014B3 : 0D;
014B4 : 2D;
014B5 : 2D;
014B6 : 2D;
014B7 : 0D;
014B8 : 2D;
014B9 : 0D;
014BA : 0D;
014BB : 2D;
014BC : 0D;
014BD : 2D;
014BE : 2D;
014BF : 2D;
014C0 : 25;
014C1 : 25;
014C2 : 25;
014C3 : 25;
014C4 : 25;
014C5 : 25;
014C6 : 25;
014C7 : 25;
014C8 : 9A;
014C9 : 36;
014CA : 5A;
014CB : 56;
014CC : 0D;
014CD : 2D;
014CE : 0D;
014CF : 0D;
014D0 : 0D;
014D1 : 0D;
014D2 : 11;
014D3 : 32;
014D4 : 31;
014D5 : 0D;
014D6 : 2D;
014D7 : 0D;
014D8 : 0D;
014D9 : 0D;
014DA : 0D;
014DB : 2D;
014DC : 0D;
014DD : 0D;
014DE : 0D;
014DF : 2D;
014E0 : 25;
014E1 : 25;
014E2 : 25;
014E3 : 25;
014E4 : 25;
014E5 : 25;
014E6 : 25;
014E7 : 25;
014E8 : 4D;
014E9 : 9A;
014EA : 5A;
014EB : 5A;
014EC : 31;
014ED : 0D;
014EE : 0D;
014EF : 2D;
014F0 : 0D;
014F1 : 0D;
014F2 : 31;
014F3 : 36;
014F4 : 36;
014F5 : 0D;
014F6 : 2D;
014F7 : 0D;
014F8 : 2D;
014F9 : 2D;
014FA : 0D;
014FB : 0D;
014FC : 56;
014FD : 0D;
014FE : 2D;
014FF : 0D;
01500 : 25;
01501 : 25;
01502 : 25;
01503 : 25;
01504 : 25;
01505 : 25;
01506 : 25;
01507 : 25;
01508 : 25;
01509 : 7A;
0150A : 5A;
0150B : 5A;
0150C : 31;
0150D : 56;
0150E : 56;
0150F : 2D;
01510 : 2D;
01511 : 0D;
01512 : 31;
01513 : 5A;
01514 : 5A;
01515 : 11;
01516 : 2D;
01517 : 2D;
01518 : 2D;
01519 : 2D;
0151A : 0D;
0151B : 11;
0151C : 5A;
0151D : 0D;
0151E : 2D;
0151F : 0D;
01520 : 25;
01521 : 25;
01522 : 25;
01523 : 25;
01524 : 25;
01525 : 25;
01526 : 25;
01527 : 25;
01528 : 25;
01529 : BA;
0152A : 7A;
0152B : BA;
0152C : 36;
0152D : 36;
0152E : 56;
0152F : 0D;
01530 : 11;
01531 : 5A;
01532 : 5A;
01533 : 5A;
01534 : 5A;
01535 : 0D;
01536 : 2D;
01537 : 2D;
01538 : 2D;
01539 : 0D;
0153A : 36;
0153B : 5A;
0153C : 5A;
0153D : 31;
0153E : 0D;
0153F : 0D;
01540 : 25;
01541 : 25;
01542 : 25;
01543 : 25;
01544 : 25;
01545 : 25;
01546 : 25;
01547 : 25;
01548 : 25;
01549 : BA;
0154A : 9A;
0154B : 9A;
0154C : 5A;
0154D : 36;
0154E : 36;
0154F : 56;
01550 : 36;
01551 : 7A;
01552 : 5A;
01553 : 5A;
01554 : 5A;
01555 : 36;
01556 : 2D;
01557 : 0D;
01558 : 0D;
01559 : 5A;
0155A : 5A;
0155B : 5A;
0155C : 5A;
0155D : 31;
0155E : 0D;
0155F : 56;
01560 : 25;
01561 : 25;
01562 : 25;
01563 : 25;
01564 : 25;
01565 : 25;
01566 : 25;
01567 : 25;
01568 : 25;
01569 : DA;
0156A : BA;
0156B : BA;
0156C : 5A;
0156D : 05;
0156E : 05;
0156F : 5A;
01570 : 7A;
01571 : 5A;
01572 : 5A;
01573 : 5A;
01574 : 5A;
01575 : 36;
01576 : 31;
01577 : 0D;
01578 : 0D;
01579 : 5A;
0157A : 5A;
0157B : 5A;
0157C : 5A;
0157D : 31;
0157E : 0D;
0157F : 5A;
01580 : 25;
01581 : 25;
01582 : 25;
01583 : 25;
01584 : 25;
01585 : 25;
01586 : 25;
01587 : 25;
01588 : 25;
01589 : BA;
0158A : BA;
0158B : BA;
0158C : 5A;
0158D : 04;
0158E : 04;
0158F : 5A;
01590 : 7A;
01591 : 5A;
01592 : 5A;
01593 : 5A;
01594 : 5A;
01595 : 36;
01596 : 36;
01597 : 31;
01598 : 31;
01599 : 5A;
0159A : 5A;
0159B : 5A;
0159C : 5A;
0159D : 11;
0159E : 0D;
0159F : 56;
015A0 : 25;
015A1 : 25;
015A2 : 25;
015A3 : 25;
015A4 : 25;
015A5 : 25;
015A6 : 25;
015A7 : 25;
015A8 : 25;
015A9 : B6;
015AA : 71;
015AB : BA;
015AC : 56;
015AD : 25;
015AE : 04;
015AF : 5A;
015B0 : 9A;
015B1 : 5A;
015B2 : 5A;
015B3 : 5A;
015B4 : 5A;
015B5 : 9A;
015B6 : 9A;
015B7 : 5A;
015B8 : 5A;
015B9 : 5A;
015BA : 5A;
015BB : 5A;
015BC : 5A;
015BD : 31;
015BE : 0D;
015BF : 7A;
015C0 : 25;
015C1 : 25;
015C2 : 25;
015C3 : 25;
015C4 : 25;
015C5 : 25;
015C6 : 25;
015C7 : 25;
015C8 : 25;
015C9 : 00;
015CA : 00;
015CB : BA;
015CC : 56;
015CD : 25;
015CE : 04;
015CF : 5A;
015D0 : 9A;
015D1 : 5A;
015D2 : 5A;
015D3 : 5A;
015D4 : 5A;
015D5 : 9A;
015D6 : 9A;
015D7 : 5A;
015D8 : 5A;
015D9 : 5A;
015DA : 5A;
015DB : 5A;
015DC : 5A;
015DD : 11;
015DE : 0D;
015DF : 7A;
015E0 : 25;
015E1 : 25;
015E2 : 25;
015E3 : 25;
015E4 : 25;
015E5 : 25;
015E6 : 25;
015E7 : 25;
015E8 : 25;
015E9 : 25;
015EA : 00;
015EB : 9A;
015EC : 7A;
015ED : 25;
015EE : 04;
015EF : 5A;
015F0 : 9A;
015F1 : 5A;
015F2 : 5A;
015F3 : 5A;
015F4 : 5A;
015F5 : BA;
015F6 : BA;
015F7 : 5A;
015F8 : 5A;
015F9 : 5A;
015FA : 5A;
015FB : 5A;
015FC : 0D;
015FD : 0D;
015FE : 0D;
015FF : 7A;
01600 : 25;
01601 : 25;
01602 : 25;
01603 : 25;
01604 : 25;
01605 : 25;
01606 : 25;
01607 : 25;
01608 : 25;
01609 : 25;
0160A : 00;
0160B : 9A;
0160C : 05;
0160D : 25;
0160E : 04;
0160F : 7A;
01610 : BA;
01611 : 5A;
01612 : 5A;
01613 : 5A;
01614 : 5A;
01615 : BA;
01616 : BA;
01617 : 5A;
01618 : 5A;
01619 : 5A;
0161A : 5A;
0161B : 5A;
0161C : 0D;
0161D : 0D;
0161E : 0D;
0161F : 7A;
01620 : 25;
01621 : 25;
01622 : 25;
01623 : 25;
01624 : 25;
01625 : 25;
01626 : 25;
01627 : 25;
01628 : 25;
01629 : 25;
0162A : 00;
0162B : 9A;
0162C : 25;
0162D : 25;
0162E : 04;
0162F : 7A;
01630 : BA;
01631 : 7A;
01632 : 7A;
01633 : 5A;
01634 : 5A;
01635 : BA;
01636 : BA;
01637 : BA;
01638 : 5A;
01639 : 5A;
0163A : 5A;
0163B : 5A;
0163C : 0D;
0163D : 0D;
0163E : 0D;
0163F : 7A;
01640 : 25;
01641 : 25;
01642 : 25;
01643 : 25;
01644 : 25;
01645 : 25;
01646 : 25;
01647 : 25;
01648 : 25;
01649 : 25;
0164A : 00;
0164B : 9A;
0164C : 25;
0164D : 25;
0164E : 04;
0164F : 9A;
01650 : BA;
01651 : 7A;
01652 : 7A;
01653 : 5A;
01654 : 5A;
01655 : BA;
01656 : BA;
01657 : BA;
01658 : 5A;
01659 : 5A;
0165A : 5A;
0165B : 5A;
0165C : 0D;
0165D : 0D;
0165E : 0D;
0165F : 9A;
01660 : 25;
01661 : 25;
01662 : 25;
01663 : 25;
01664 : 25;
01665 : 25;
01666 : 25;
01667 : 25;
01668 : 25;
01669 : 25;
0166A : 05;
0166B : 04;
0166C : 25;
0166D : 25;
0166E : 04;
0166F : 9A;
01670 : DA;
01671 : 9A;
01672 : 7A;
01673 : 5A;
01674 : 5A;
01675 : BA;
01676 : DA;
01677 : BA;
01678 : 5A;
01679 : 5A;
0167A : 5A;
0167B : 5A;
0167C : 0D;
0167D : 2D;
0167E : 0D;
0167F : 9A;
01680 : 25;
01681 : 25;
01682 : 25;
01683 : 25;
01684 : 25;
01685 : 25;
01686 : 25;
01687 : 25;
01688 : 25;
01689 : 25;
0168A : 25;
0168B : 25;
0168C : 25;
0168D : 25;
0168E : 00;
0168F : 9A;
01690 : DA;
01691 : DA;
01692 : BA;
01693 : 5A;
01694 : 5A;
01695 : BA;
01696 : DA;
01697 : BA;
01698 : 5A;
01699 : 5A;
0169A : 5A;
0169B : 5A;
0169C : 0D;
0169D : 0D;
0169E : 0D;
0169F : 9A;
016A0 : 25;
016A1 : 25;
016A2 : 25;
016A3 : 25;
016A4 : 25;
016A5 : 25;
016A6 : 25;
016A7 : 25;
016A8 : 25;
016A9 : 25;
016AA : 25;
016AB : 25;
016AC : 25;
016AD : 25;
016AE : 25;
016AF : 25;
016B0 : DA;
016B1 : DA;
016B2 : BA;
016B3 : 5A;
016B4 : 5A;
016B5 : BA;
016B6 : DA;
016B7 : DA;
016B8 : 5A;
016B9 : 7A;
016BA : 56;
016BB : 2D;
016BC : 0D;
016BD : 5A;
016BE : 7A;
016BF : 25;
016C0 : 25;
016C1 : 25;
016C2 : 25;
016C3 : 25;
016C4 : 25;
016C5 : 25;
016C6 : 25;
016C7 : 25;
016C8 : 25;
016C9 : 25;
016CA : 25;
016CB : 25;
016CC : 25;
016CD : 25;
016CE : 25;
016CF : 25;
016D0 : DA;
016D1 : DA;
016D2 : BA;
016D3 : 9A;
016D4 : 5A;
016D5 : BA;
016D6 : DA;
016D7 : DA;
016D8 : 5A;
016D9 : 5A;
016DA : 56;
016DB : 2D;
016DC : 0D;
016DD : 5A;
016DE : 9A;
016DF : 25;
016E0 : 25;
016E1 : 25;
016E2 : 25;
016E3 : 25;
016E4 : 25;
016E5 : 25;
016E6 : 25;
016E7 : 25;
016E8 : 25;
016E9 : 25;
016EA : 25;
016EB : 25;
016EC : 25;
016ED : 25;
016EE : 25;
016EF : 25;
016F0 : DA;
016F1 : DA;
016F2 : BA;
016F3 : 9A;
016F4 : 5A;
016F5 : BA;
016F6 : BA;
016F7 : BA;
016F8 : 5A;
016F9 : 5A;
016FA : 56;
016FB : 2D;
016FC : 2D;
016FD : 56;
016FE : 9A;
016FF : 25;
01700 : 25;
01701 : 25;
01702 : 25;
01703 : 25;
01704 : 25;
01705 : 25;
01706 : 25;
01707 : 25;
01708 : 25;
01709 : 25;
0170A : 25;
0170B : 25;
0170C : 25;
0170D : 25;
0170E : 25;
0170F : 25;
01710 : DA;
01711 : BA;
01712 : BA;
01713 : 9A;
01714 : 5A;
01715 : BA;
01716 : BA;
01717 : BA;
01718 : 5A;
01719 : 5A;
0171A : 56;
0171B : 2D;
0171C : 0D;
0171D : 5A;
0171E : 9A;
0171F : 25;
01720 : 25;
01721 : 25;
01722 : 25;
01723 : 25;
01724 : 25;
01725 : 25;
01726 : 25;
01727 : 25;
01728 : 25;
01729 : 25;
0172A : 25;
0172B : 25;
0172C : 25;
0172D : 25;
0172E : 25;
0172F : 25;
01730 : BA;
01731 : BA;
01732 : BA;
01733 : 9A;
01734 : 5A;
01735 : BA;
01736 : BA;
01737 : BA;
01738 : 5A;
01739 : 5A;
0173A : 56;
0173B : 2D;
0173C : 2D;
0173D : 56;
0173E : 9A;
0173F : 25;
01740 : 25;
01741 : 25;
01742 : 25;
01743 : 25;
01744 : 25;
01745 : 25;
01746 : 25;
01747 : 25;
01748 : 25;
01749 : 25;
0174A : 25;
0174B : 25;
0174C : 25;
0174D : 25;
0174E : 25;
0174F : 25;
01750 : 2D;
01751 : 9A;
01752 : BA;
01753 : 9A;
01754 : 56;
01755 : 9A;
01756 : 9A;
01757 : BA;
01758 : 5A;
01759 : 5A;
0175A : 56;
0175B : 2D;
0175C : 2D;
0175D : 5A;
0175E : 7A;
0175F : 25;
01760 : 25;
01761 : 25;
01762 : 25;
01763 : 25;
01764 : 25;
01765 : 25;
01766 : 25;
01767 : 25;
01768 : 25;
01769 : 25;
0176A : 25;
0176B : 25;
0176C : 25;
0176D : 25;
0176E : 25;
0176F : 25;
01770 : 2D;
01771 : 9A;
01772 : BA;
01773 : 9A;
01774 : 5A;
01775 : 7A;
01776 : 7A;
01777 : 9A;
01778 : 5A;
01779 : 5A;
0177A : 56;
0177B : 2D;
0177C : 2D;
0177D : 5A;
0177E : 7A;
0177F : 25;
01780 : 25;
01781 : 25;
01782 : 25;
01783 : 25;
01784 : 25;
01785 : 25;
01786 : 25;
01787 : 25;
01788 : 25;
01789 : 25;
0178A : 25;
0178B : 25;
0178C : 25;
0178D : 25;
0178E : 25;
0178F : 25;
01790 : 25;
01791 : 9A;
01792 : BA;
01793 : BA;
01794 : 56;
01795 : 56;
01796 : 7A;
01797 : 9A;
01798 : 5A;
01799 : 56;
0179A : 7A;
0179B : 2D;
0179C : 2D;
0179D : 5A;
0179E : 9A;
0179F : 25;
017A0 : 25;
017A1 : 25;
017A2 : 25;
017A3 : 25;
017A4 : 25;
017A5 : 25;
017A6 : 25;
017A7 : 25;
017A8 : 25;
017A9 : 25;
017AA : 25;
017AB : 25;
017AC : 25;
017AD : 25;
017AE : 25;
017AF : 25;
017B0 : 25;
017B1 : 9A;
017B2 : BA;
017B3 : 7A;
017B4 : 9A;
017B5 : 35;
017B6 : 56;
017B7 : 36;
017B8 : 5A;
017B9 : 0D;
017BA : 2D;
017BB : 2D;
017BC : 2D;
017BD : 5A;
017BE : 9A;
017BF : 25;
017C0 : 25;
017C1 : 25;
017C2 : 25;
017C3 : 25;
017C4 : 25;
017C5 : 25;
017C6 : 25;
017C7 : 25;
017C8 : 25;
017C9 : 25;
017CA : 25;
017CB : 25;
017CC : 25;
017CD : 25;
017CE : 25;
017CF : 25;
017D0 : 25;
017D1 : 75;
017D2 : 9A;
017D3 : 56;
017D4 : BA;
017D5 : 35;
017D6 : 36;
017D7 : 36;
017D8 : 5A;
017D9 : 0D;
017DA : 2D;
017DB : 2D;
017DC : 2D;
017DD : 56;
017DE : 9A;
017DF : 25;
017E0 : 25;
017E1 : 25;
017E2 : 25;
017E3 : 25;
017E4 : 25;
017E5 : 25;
017E6 : 25;
017E7 : 25;
017E8 : 25;
017E9 : 25;
017EA : 25;
017EB : 25;
017EC : 25;
017ED : 25;
017EE : 25;
017EF : 25;
017F0 : 25;
017F1 : 75;
017F2 : 9A;
017F3 : 56;
017F4 : BA;
017F5 : 35;
017F6 : 36;
017F7 : 36;
017F8 : 5A;
017F9 : 0D;
017FA : 2D;
017FB : 2D;
017FC : 2D;
017FD : 56;
017FE : 9A;
017FF : 25;
01800 : 2D;
01801 : 2D;
01802 : 2D;
01803 : 2D;
01804 : 2D;
01805 : 2D;
01806 : 2D;
01807 : 2D;
01808 : 2D;
01809 : 2D;
0180A : 2D;
0180B : 2D;
0180C : 2D;
0180D : 2D;
0180E : 2D;
0180F : 2D;
01810 : 2D;
01811 : 2D;
01812 : 2D;
01813 : 2D;
01814 : 2D;
01815 : 2D;
01816 : 2D;
01817 : 2D;
01818 : 2D;
01819 : 2D;
0181A : 2D;
0181B : 2D;
0181C : 0D;
0181D : 0D;
0181E : 0D;
0181F : 0D;
01820 : 2D;
01821 : 2D;
01822 : 2D;
01823 : 2D;
01824 : 2D;
01825 : 2D;
01826 : 2D;
01827 : 2D;
01828 : 2D;
01829 : 2D;
0182A : 2D;
0182B : 2D;
0182C : 2D;
0182D : 2D;
0182E : 2D;
0182F : 2D;
01830 : 2D;
01831 : 2D;
01832 : 2D;
01833 : 2D;
01834 : 2D;
01835 : 2D;
01836 : 2D;
01837 : 2D;
01838 : 2D;
01839 : 2D;
0183A : 2D;
0183B : 2D;
0183C : 2D;
0183D : 2D;
0183E : 0D;
0183F : 25;
01840 : 2D;
01841 : 2D;
01842 : 2D;
01843 : 2D;
01844 : 2D;
01845 : 2D;
01846 : 2D;
01847 : 0D;
01848 : 2D;
01849 : 51;
0184A : 71;
0184B : 36;
0184C : 56;
0184D : 11;
0184E : 31;
0184F : 2D;
01850 : 2D;
01851 : 2D;
01852 : 2D;
01853 : 2D;
01854 : 31;
01855 : 2D;
01856 : 2D;
01857 : 2D;
01858 : 2D;
01859 : 2D;
0185A : 2D;
0185B : 0D;
0185C : 0D;
0185D : 0D;
0185E : 25;
0185F : 25;
01860 : 2D;
01861 : 2D;
01862 : 2D;
01863 : 2D;
01864 : 0D;
01865 : 2D;
01866 : 2D;
01867 : 0D;
01868 : 7A;
01869 : 2D;
0186A : 00;
0186B : 9A;
0186C : 5A;
0186D : 7A;
0186E : 7A;
0186F : 11;
01870 : 11;
01871 : 11;
01872 : 32;
01873 : 31;
01874 : 31;
01875 : 31;
01876 : 0D;
01877 : 31;
01878 : 0D;
01879 : 0D;
0187A : 0D;
0187B : 0D;
0187C : 0D;
0187D : 0D;
0187E : 25;
0187F : 25;
01880 : 2D;
01881 : 2D;
01882 : 2D;
01883 : 2D;
01884 : 0D;
01885 : 2D;
01886 : 2D;
01887 : 2D;
01888 : 7A;
01889 : 29;
0188A : 04;
0188B : 9A;
0188C : 5A;
0188D : 5A;
0188E : 5A;
0188F : 31;
01890 : 32;
01891 : 31;
01892 : 11;
01893 : 5A;
01894 : 31;
01895 : 31;
01896 : 0D;
01897 : 11;
01898 : 0D;
01899 : 0D;
0189A : 0D;
0189B : 0D;
0189C : 0D;
0189D : 0D;
0189E : 25;
0189F : 25;
018A0 : 2D;
018A1 : 0D;
018A2 : 2D;
018A3 : 0D;
018A4 : 0D;
018A5 : 0D;
018A6 : 0D;
018A7 : 36;
018A8 : 7A;
018A9 : 2D;
018AA : 04;
018AB : 04;
018AC : 31;
018AD : 5A;
018AE : 7A;
018AF : 5A;
018B0 : 36;
018B1 : 36;
018B2 : 0D;
018B3 : 5A;
018B4 : 5A;
018B5 : 36;
018B6 : 2D;
018B7 : 11;
018B8 : 31;
018B9 : 0D;
018BA : 31;
018BB : 0D;
018BC : 0D;
018BD : 25;
018BE : 25;
018BF : 25;
018C0 : 0D;
018C1 : 5A;
018C2 : 32;
018C3 : 2D;
018C4 : 2D;
018C5 : 2D;
018C6 : 0D;
018C7 : 56;
018C8 : 7A;
018C9 : 2D;
018CA : 04;
018CB : 00;
018CC : 2D;
018CD : 2D;
018CE : 7A;
018CF : 5A;
018D0 : 36;
018D1 : 0D;
018D2 : 31;
018D3 : 5A;
018D4 : 5A;
018D5 : 36;
018D6 : 31;
018D7 : 11;
018D8 : 56;
018D9 : 5A;
018DA : 11;
018DB : 0D;
018DC : 0D;
018DD : 25;
018DE : 25;
018DF : 25;
018E0 : 5A;
018E1 : 5A;
018E2 : 5A;
018E3 : 5A;
018E4 : 0D;
018E5 : 2D;
018E6 : 0D;
018E7 : 7A;
018E8 : 05;
018E9 : 05;
018EA : 05;
018EB : 25;
018EC : 04;
018ED : 00;
018EE : BA;
018EF : 9A;
018F0 : 7A;
018F1 : 7A;
018F2 : 11;
018F3 : 5A;
018F4 : 5A;
018F5 : 36;
018F6 : 11;
018F7 : 0D;
018F8 : 5A;
018F9 : 7A;
018FA : 31;
018FB : 0D;
018FC : 0D;
018FD : 25;
018FE : 25;
018FF : 25;
01900 : 5A;
01901 : 5A;
01902 : 5A;
01903 : 5A;
01904 : 0D;
01905 : 0D;
01906 : 0D;
01907 : 7A;
01908 : 00;
01909 : 25;
0190A : 25;
0190B : 25;
0190C : 25;
0190D : 00;
0190E : 9A;
0190F : 9A;
01910 : 7A;
01911 : 7A;
01912 : 31;
01913 : 5A;
01914 : 5A;
01915 : 36;
01916 : 31;
01917 : 31;
01918 : 5A;
01919 : 7A;
0191A : 31;
0191B : 0D;
0191C : 0D;
0191D : 25;
0191E : 25;
0191F : 25;
01920 : 5A;
01921 : BA;
01922 : BA;
01923 : 5A;
01924 : 5A;
01925 : 11;
01926 : 0D;
01927 : 7A;
01928 : 00;
01929 : 25;
0192A : 25;
0192B : 25;
0192C : 25;
0192D : 24;
0192E : 00;
0192F : BA;
01930 : 9A;
01931 : 9A;
01932 : 11;
01933 : 5A;
01934 : 5A;
01935 : 31;
01936 : 0D;
01937 : 5A;
01938 : 0D;
01939 : 0D;
0193A : 2D;
0193B : 0D;
0193C : 0D;
0193D : 25;
0193E : 25;
0193F : 25;
01940 : 5A;
01941 : BA;
01942 : 9A;
01943 : 9A;
01944 : 56;
01945 : 11;
01946 : 0D;
01947 : 7A;
01948 : 25;
01949 : 25;
0194A : 25;
0194B : 25;
0194C : 25;
0194D : 24;
0194E : 00;
0194F : BA;
01950 : BA;
01951 : 9A;
01952 : 36;
01953 : 5A;
01954 : 3A;
01955 : 7A;
01956 : 7A;
01957 : 7A;
01958 : 0D;
01959 : 2D;
0195A : 2D;
0195B : 0D;
0195C : 0D;
0195D : 25;
0195E : 25;
0195F : 25;
01960 : 7A;
01961 : BA;
01962 : 9A;
01963 : BA;
01964 : 36;
01965 : 5A;
01966 : 55;
01967 : 04;
01968 : 25;
01969 : 25;
0196A : 25;
0196B : 25;
0196C : 25;
0196D : 25;
0196E : 24;
0196F : 00;
01970 : DA;
01971 : BA;
01972 : BA;
01973 : 5A;
01974 : 5A;
01975 : 9A;
01976 : BA;
01977 : 5A;
01978 : 0D;
01979 : 0D;
0197A : 0D;
0197B : 0D;
0197C : 25;
0197D : 25;
0197E : 25;
0197F : 25;
01980 : 05;
01981 : BA;
01982 : 9A;
01983 : BA;
01984 : 36;
01985 : 7A;
01986 : 76;
01987 : 00;
01988 : 25;
01989 : 25;
0198A : 25;
0198B : 25;
0198C : 25;
0198D : 25;
0198E : 25;
0198F : 00;
01990 : DA;
01991 : BA;
01992 : BA;
01993 : 5A;
01994 : 5A;
01995 : 9A;
01996 : BA;
01997 : 5A;
01998 : 0D;
01999 : 0D;
0199A : 2D;
0199B : 0D;
0199C : 25;
0199D : 25;
0199E : 25;
0199F : 25;
019A0 : 00;
019A1 : BA;
019A2 : 9A;
019A3 : BA;
019A4 : 36;
019A5 : 7A;
019A6 : 9A;
019A7 : 00;
019A8 : 25;
019A9 : 25;
019AA : 25;
019AB : 25;
019AC : 25;
019AD : 25;
019AE : 25;
019AF : 00;
019B0 : DA;
019B1 : BA;
019B2 : BA;
019B3 : 5A;
019B4 : 5A;
019B5 : 9A;
019B6 : BA;
019B7 : 5A;
019B8 : 0D;
019B9 : 2D;
019BA : 0D;
019BB : 0D;
019BC : 25;
019BD : 25;
019BE : 25;
019BF : 25;
019C0 : 00;
019C1 : BA;
019C2 : 9A;
019C3 : BA;
019C4 : 56;
019C5 : 7A;
019C6 : 9A;
019C7 : 24;
019C8 : 25;
019C9 : 25;
019CA : 25;
019CB : 25;
019CC : 25;
019CD : 25;
019CE : 25;
019CF : 00;
019D0 : DA;
019D1 : BA;
019D2 : BA;
019D3 : 5A;
019D4 : 5A;
019D5 : 9A;
019D6 : BA;
019D7 : 5A;
019D8 : 0D;
019D9 : 0D;
019DA : 0D;
019DB : 0D;
019DC : 25;
019DD : 25;
019DE : 25;
019DF : 25;
019E0 : 00;
019E1 : 9A;
019E2 : 7A;
019E3 : BA;
019E4 : 56;
019E5 : 7A;
019E6 : BA;
019E7 : 24;
019E8 : 25;
019E9 : 25;
019EA : 25;
019EB : 25;
019EC : 25;
019ED : 25;
019EE : 25;
019EF : 00;
019F0 : BA;
019F1 : 7A;
019F2 : BA;
019F3 : 5A;
019F4 : 5A;
019F5 : 9A;
019F6 : BA;
019F7 : 7A;
019F8 : 56;
019F9 : 2D;
019FA : 0D;
019FB : 0D;
019FC : 25;
019FD : 25;
019FE : 25;
019FF : 25;
01A00 : 00;
01A01 : 29;
01A02 : 51;
01A03 : 9A;
01A04 : BA;
01A05 : 5A;
01A06 : BA;
01A07 : 24;
01A08 : 25;
01A09 : 25;
01A0A : 25;
01A0B : 25;
01A0C : 25;
01A0D : 25;
01A0E : 25;
01A0F : 25;
01A10 : 00;
01A11 : 51;
01A12 : DA;
01A13 : 5A;
01A14 : 5A;
01A15 : BA;
01A16 : BA;
01A17 : 7A;
01A18 : 36;
01A19 : 76;
01A1A : 2D;
01A1B : 0D;
01A1C : 25;
01A1D : 25;
01A1E : 25;
01A1F : 25;
01A20 : 00;
01A21 : 00;
01A22 : 09;
01A23 : 7A;
01A24 : BA;
01A25 : 05;
01A26 : 4D;
01A27 : 24;
01A28 : 25;
01A29 : 25;
01A2A : 25;
01A2B : 25;
01A2C : 25;
01A2D : 25;
01A2E : 25;
01A2F : 25;
01A30 : 00;
01A31 : 71;
01A32 : DA;
01A33 : 7A;
01A34 : BA;
01A35 : BA;
01A36 : BA;
01A37 : 7A;
01A38 : 5A;
01A39 : 7A;
01A3A : 0D;
01A3B : 0D;
01A3C : 25;
01A3D : 25;
01A3E : 25;
01A3F : 25;
01A40 : 25;
01A41 : 00;
01A42 : 09;
01A43 : 5A;
01A44 : BA;
01A45 : 00;
01A46 : 25;
01A47 : 24;
01A48 : 25;
01A49 : 25;
01A4A : 25;
01A4B : 25;
01A4C : 25;
01A4D : 25;
01A4E : 25;
01A4F : 25;
01A50 : 00;
01A51 : 71;
01A52 : DA;
01A53 : 7A;
01A54 : BA;
01A55 : BA;
01A56 : BA;
01A57 : 7A;
01A58 : 7A;
01A59 : 7A;
01A5A : 0D;
01A5B : 0D;
01A5C : 25;
01A5D : 25;
01A5E : 25;
01A5F : 25;
01A60 : 25;
01A61 : 00;
01A62 : 09;
01A63 : 5A;
01A64 : BA;
01A65 : 00;
01A66 : 25;
01A67 : 25;
01A68 : 25;
01A69 : 25;
01A6A : 25;
01A6B : 25;
01A6C : 25;
01A6D : 25;
01A6E : 25;
01A6F : 25;
01A70 : 00;
01A71 : 4D;
01A72 : BA;
01A73 : 7A;
01A74 : BA;
01A75 : DA;
01A76 : BA;
01A77 : 7A;
01A78 : 7A;
01A79 : 9A;
01A7A : 31;
01A7B : 0D;
01A7C : 25;
01A7D : 25;
01A7E : 25;
01A7F : 25;
01A80 : 25;
01A81 : 00;
01A82 : 09;
01A83 : 5A;
01A84 : BA;
01A85 : 00;
01A86 : 25;
01A87 : 25;
01A88 : 25;
01A89 : 25;
01A8A : 25;
01A8B : 25;
01A8C : 25;
01A8D : 25;
01A8E : 25;
01A8F : 25;
01A90 : 00;
01A91 : 2D;
01A92 : BA;
01A93 : 7A;
01A94 : BA;
01A95 : DA;
01A96 : DA;
01A97 : 7A;
01A98 : 7A;
01A99 : 7A;
01A9A : 0D;
01A9B : 25;
01A9C : 25;
01A9D : 25;
01A9E : 25;
01A9F : 25;
01AA0 : 25;
01AA1 : 04;
01AA2 : 09;
01AA3 : 09;
01AA4 : BA;
01AA5 : 00;
01AA6 : 25;
01AA7 : 25;
01AA8 : 25;
01AA9 : 25;
01AAA : 25;
01AAB : 25;
01AAC : 25;
01AAD : 25;
01AAE : 25;
01AAF : 05;
01AB0 : 00;
01AB1 : 29;
01AB2 : 9A;
01AB3 : BA;
01AB4 : DA;
01AB5 : BA;
01AB6 : 9A;
01AB7 : 7A;
01AB8 : 7A;
01AB9 : 32;
01ABA : 31;
01ABB : 25;
01ABC : 25;
01ABD : 25;
01ABE : 25;
01ABF : 25;
01AC0 : 25;
01AC1 : 25;
01AC2 : 25;
01AC3 : 25;
01AC4 : BA;
01AC5 : 00;
01AC6 : 25;
01AC7 : 25;
01AC8 : 25;
01AC9 : 25;
01ACA : 25;
01ACB : 25;
01ACC : 25;
01ACD : 25;
01ACE : 25;
01ACF : 25;
01AD0 : 00;
01AD1 : 2D;
01AD2 : BA;
01AD3 : BA;
01AD4 : BA;
01AD5 : BA;
01AD6 : 9A;
01AD7 : 7A;
01AD8 : 7A;
01AD9 : 32;
01ADA : 31;
01ADB : 25;
01ADC : 25;
01ADD : 25;
01ADE : 25;
01ADF : 25;
01AE0 : 25;
01AE1 : 25;
01AE2 : 25;
01AE3 : 25;
01AE4 : BA;
01AE5 : 00;
01AE6 : 25;
01AE7 : 25;
01AE8 : 25;
01AE9 : 25;
01AEA : 25;
01AEB : 25;
01AEC : 25;
01AED : 25;
01AEE : 25;
01AEF : 25;
01AF0 : 25;
01AF1 : 29;
01AF2 : 9A;
01AF3 : BA;
01AF4 : DA;
01AF5 : DA;
01AF6 : BA;
01AF7 : 7A;
01AF8 : 7A;
01AF9 : 32;
01AFA : 11;
01AFB : 25;
01AFC : 25;
01AFD : 25;
01AFE : 25;
01AFF : 25;
01B00 : 25;
01B01 : 25;
01B02 : 25;
01B03 : 25;
01B04 : BA;
01B05 : 00;
01B06 : 25;
01B07 : 25;
01B08 : 25;
01B09 : 25;
01B0A : 25;
01B0B : 25;
01B0C : 25;
01B0D : 25;
01B0E : 25;
01B0F : 25;
01B10 : 25;
01B11 : 29;
01B12 : 9A;
01B13 : BA;
01B14 : DA;
01B15 : DA;
01B16 : DA;
01B17 : 7A;
01B18 : 7A;
01B19 : 32;
01B1A : 0D;
01B1B : 25;
01B1C : 25;
01B1D : 25;
01B1E : 25;
01B1F : 25;
01B20 : 25;
01B21 : 25;
01B22 : 25;
01B23 : 25;
01B24 : BA;
01B25 : 04;
01B26 : 25;
01B27 : 25;
01B28 : 25;
01B29 : 25;
01B2A : 25;
01B2B : 25;
01B2C : 25;
01B2D : 25;
01B2E : 25;
01B2F : 25;
01B30 : 25;
01B31 : 05;
01B32 : 04;
01B33 : 9A;
01B34 : 9A;
01B35 : DA;
01B36 : DA;
01B37 : 7A;
01B38 : 0D;
01B39 : 11;
01B3A : 56;
01B3B : 25;
01B3C : 25;
01B3D : 25;
01B3E : 25;
01B3F : 25;
01B40 : 25;
01B41 : 25;
01B42 : 25;
01B43 : 04;
01B44 : 29;
01B45 : 25;
01B46 : 25;
01B47 : 25;
01B48 : 25;
01B49 : 25;
01B4A : 25;
01B4B : 25;
01B4C : 25;
01B4D : 25;
01B4E : 25;
01B4F : 25;
01B50 : 25;
01B51 : 25;
01B52 : 00;
01B53 : 56;
01B54 : BA;
01B55 : BA;
01B56 : BA;
01B57 : 9A;
01B58 : 0D;
01B59 : 11;
01B5A : 56;
01B5B : 25;
01B5C : 25;
01B5D : 25;
01B5E : 25;
01B5F : 25;
01B60 : 25;
01B61 : 25;
01B62 : 25;
01B63 : 25;
01B64 : 25;
01B65 : 25;
01B66 : 25;
01B67 : 25;
01B68 : 25;
01B69 : 25;
01B6A : 25;
01B6B : 25;
01B6C : 25;
01B6D : 25;
01B6E : 25;
01B6F : 25;
01B70 : 25;
01B71 : 25;
01B72 : 00;
01B73 : 5A;
01B74 : 9A;
01B75 : BA;
01B76 : BA;
01B77 : 7A;
01B78 : 0D;
01B79 : 11;
01B7A : 5A;
01B7B : 25;
01B7C : 25;
01B7D : 25;
01B7E : 25;
01B7F : 25;
01B80 : 25;
01B81 : 25;
01B82 : 25;
01B83 : 25;
01B84 : 25;
01B85 : 25;
01B86 : 25;
01B87 : 25;
01B88 : 25;
01B89 : 25;
01B8A : 25;
01B8B : 25;
01B8C : 25;
01B8D : 25;
01B8E : 25;
01B8F : 25;
01B90 : 25;
01B91 : 25;
01B92 : 00;
01B93 : 56;
01B94 : 9A;
01B95 : BA;
01B96 : BA;
01B97 : 9A;
01B98 : 0D;
01B99 : 0D;
01B9A : 25;
01B9B : 25;
01B9C : 25;
01B9D : 25;
01B9E : 25;
01B9F : 25;
01BA0 : 25;
01BA1 : 25;
01BA2 : 25;
01BA3 : 25;
01BA4 : 25;
01BA5 : 25;
01BA6 : 25;
01BA7 : 25;
01BA8 : 25;
01BA9 : 25;
01BAA : 25;
01BAB : 25;
01BAC : 25;
01BAD : 25;
01BAE : 25;
01BAF : 25;
01BB0 : 25;
01BB1 : 25;
01BB2 : 00;
01BB3 : 56;
01BB4 : 9A;
01BB5 : BA;
01BB6 : BA;
01BB7 : 9A;
01BB8 : 0D;
01BB9 : 0D;
01BBA : 25;
01BBB : 25;
01BBC : 25;
01BBD : 25;
01BBE : 25;
01BBF : 25;
01BC0 : 25;
01BC1 : 25;
01BC2 : 25;
01BC3 : 25;
01BC4 : 25;
01BC5 : 25;
01BC6 : 25;
01BC7 : 25;
01BC8 : 25;
01BC9 : 25;
01BCA : 25;
01BCB : 25;
01BCC : 25;
01BCD : 25;
01BCE : 25;
01BCF : 25;
01BD0 : 25;
01BD1 : 25;
01BD2 : 00;
01BD3 : 56;
01BD4 : 7A;
01BD5 : BA;
01BD6 : BA;
01BD7 : 31;
01BD8 : 0D;
01BD9 : 0D;
01BDA : 25;
01BDB : 25;
01BDC : 25;
01BDD : 25;
01BDE : 25;
01BDF : 25;
01BE0 : 25;
01BE1 : 25;
01BE2 : 25;
01BE3 : 25;
01BE4 : 25;
01BE5 : 25;
01BE6 : 25;
01BE7 : 25;
01BE8 : 25;
01BE9 : 25;
01BEA : 25;
01BEB : 25;
01BEC : 25;
01BED : 25;
01BEE : 25;
01BEF : 25;
01BF0 : 25;
01BF1 : 25;
01BF2 : 00;
01BF3 : 56;
01BF4 : 7A;
01BF5 : BA;
01BF6 : BA;
01BF7 : 31;
01BF8 : 0D;
01BF9 : 0D;
01BFA : 25;
01BFB : 25;
01BFC : 25;
01BFD : 25;
01BFE : 25;
01BFF : 25;
01C00 : 00;
01C01 : 5A;
01C02 : 5A;
01C03 : 5A;
01C04 : 5A;
01C05 : 5A;
01C06 : 5A;
01C07 : 5A;
01C08 : 5A;
01C09 : 2D;
01C0A : 2D;
01C0B : 2D;
01C0C : 2D;
01C0D : 2D;
01C0E : 2D;
01C0F : 2D;
01C10 : 2D;
01C11 : 2D;
01C12 : 2D;
01C13 : 2D;
01C14 : 2D;
01C15 : 2D;
01C16 : 2D;
01C17 : 2D;
01C18 : 2D;
01C19 : 2D;
01C1A : 0D;
01C1B : 0D;
01C1C : 51;
01C1D : 51;
01C1E : 25;
01C1F : 25;
01C20 : 25;
01C21 : 5A;
01C22 : 5A;
01C23 : 5A;
01C24 : 5A;
01C25 : 31;
01C26 : 36;
01C27 : 36;
01C28 : 36;
01C29 : 55;
01C2A : 55;
01C2B : 2D;
01C2C : 2D;
01C2D : 2D;
01C2E : 0D;
01C2F : 2D;
01C30 : 2D;
01C31 : 2D;
01C32 : 2D;
01C33 : 2D;
01C34 : 2D;
01C35 : 2D;
01C36 : 2D;
01C37 : 2D;
01C38 : 31;
01C39 : 56;
01C3A : 2D;
01C3B : 51;
01C3C : 51;
01C3D : 25;
01C3E : 25;
01C3F : 25;
01C40 : 25;
01C41 : 25;
01C42 : 5A;
01C43 : 31;
01C44 : 2D;
01C45 : 31;
01C46 : 36;
01C47 : 36;
01C48 : 36;
01C49 : 55;
01C4A : 55;
01C4B : 2D;
01C4C : 2D;
01C4D : 2D;
01C4E : 0D;
01C4F : 2D;
01C50 : 2D;
01C51 : 2D;
01C52 : 2D;
01C53 : 2D;
01C54 : 2D;
01C55 : 2D;
01C56 : 2D;
01C57 : 2D;
01C58 : 31;
01C59 : 56;
01C5A : 2D;
01C5B : 51;
01C5C : 25;
01C5D : 25;
01C5E : 25;
01C5F : 25;
01C60 : 25;
01C61 : 25;
01C62 : 25;
01C63 : 5A;
01C64 : 5A;
01C65 : 5A;
01C66 : 5A;
01C67 : 5A;
01C68 : 7A;
01C69 : 7A;
01C6A : 7A;
01C6B : 31;
01C6C : 2D;
01C6D : 0D;
01C6E : 2D;
01C6F : 2D;
01C70 : 2D;
01C71 : 2D;
01C72 : 2D;
01C73 : 2D;
01C74 : 0D;
01C75 : 0D;
01C76 : 0D;
01C77 : 31;
01C78 : 51;
01C79 : 7A;
01C7A : 4D;
01C7B : 25;
01C7C : 25;
01C7D : 25;
01C7E : 25;
01C7F : 25;
01C80 : 25;
01C81 : 25;
01C82 : 25;
01C83 : 25;
01C84 : 25;
01C85 : 5A;
01C86 : 76;
01C87 : 56;
01C88 : 5A;
01C89 : 5A;
01C8A : 5A;
01C8B : 31;
01C8C : 32;
01C8D : 2D;
01C8E : 0D;
01C8F : 0D;
01C90 : 56;
01C91 : 0D;
01C92 : 0D;
01C93 : 56;
01C94 : 0D;
01C95 : 0D;
01C96 : 0D;
01C97 : 5A;
01C98 : 00;
01C99 : 00;
01C9A : 25;
01C9B : 25;
01C9C : 25;
01C9D : 25;
01C9E : 25;
01C9F : 25;
01CA0 : 25;
01CA1 : 25;
01CA2 : 25;
01CA3 : 25;
01CA4 : 25;
01CA5 : 25;
01CA6 : 25;
01CA7 : 5A;
01CA8 : 5A;
01CA9 : 5A;
01CAA : 7A;
01CAB : 9A;
01CAC : 32;
01CAD : 36;
01CAE : 31;
01CAF : 0D;
01CB0 : 56;
01CB1 : 0D;
01CB2 : 2D;
01CB3 : 56;
01CB4 : 0D;
01CB5 : 56;
01CB6 : 56;
01CB7 : 7A;
01CB8 : 04;
01CB9 : 25;
01CBA : 25;
01CBB : 25;
01CBC : 25;
01CBD : 25;
01CBE : 25;
01CBF : 25;
01CC0 : 25;
01CC1 : 25;
01CC2 : 25;
01CC3 : 25;
01CC4 : 25;
01CC5 : 25;
01CC6 : 25;
01CC7 : 25;
01CC8 : 56;
01CC9 : 7A;
01CCA : 9A;
01CCB : 7A;
01CCC : 36;
01CCD : 36;
01CCE : 32;
01CCF : 0D;
01CD0 : 56;
01CD1 : 0D;
01CD2 : 2D;
01CD3 : 56;
01CD4 : 0D;
01CD5 : 36;
01CD6 : 36;
01CD7 : 7A;
01CD8 : 04;
01CD9 : 25;
01CDA : 25;
01CDB : 25;
01CDC : 25;
01CDD : 25;
01CDE : 25;
01CDF : 25;
01CE0 : 25;
01CE1 : 25;
01CE2 : 25;
01CE3 : 25;
01CE4 : 25;
01CE5 : 25;
01CE6 : 25;
01CE7 : 25;
01CE8 : 00;
01CE9 : BA;
01CEA : 9A;
01CEB : 7A;
01CEC : 36;
01CED : 36;
01CEE : 32;
01CEF : 0D;
01CF0 : 56;
01CF1 : 36;
01CF2 : 56;
01CF3 : 2D;
01CF4 : 0D;
01CF5 : 56;
01CF6 : 56;
01CF7 : 51;
01CF8 : 25;
01CF9 : 25;
01CFA : 25;
01CFB : 25;
01CFC : 25;
01CFD : 25;
01CFE : 25;
01CFF : 25;
01D00 : 25;
01D01 : 25;
01D02 : 25;
01D03 : 25;
01D04 : 25;
01D05 : 25;
01D06 : 25;
01D07 : 25;
01D08 : 00;
01D09 : BA;
01D0A : 7A;
01D0B : 5A;
01D0C : 36;
01D0D : 36;
01D0E : 32;
01D0F : 0D;
01D10 : 56;
01D11 : 56;
01D12 : 56;
01D13 : 2D;
01D14 : 0D;
01D15 : 5A;
01D16 : 51;
01D17 : 00;
01D18 : 25;
01D19 : 25;
01D1A : 25;
01D1B : 25;
01D1C : 25;
01D1D : 25;
01D1E : 25;
01D1F : 25;
01D20 : 25;
01D21 : 25;
01D22 : 25;
01D23 : 25;
01D24 : 25;
01D25 : 25;
01D26 : 25;
01D27 : 25;
01D28 : 00;
01D29 : BA;
01D2A : 9A;
01D2B : BA;
01D2C : BA;
01D2D : 7A;
01D2E : 7A;
01D2F : 36;
01D30 : 56;
01D31 : 56;
01D32 : 56;
01D33 : 0D;
01D34 : 0D;
01D35 : 7A;
01D36 : 75;
01D37 : 25;
01D38 : 25;
01D39 : 25;
01D3A : 25;
01D3B : 25;
01D3C : 25;
01D3D : 25;
01D3E : 25;
01D3F : 25;
01D40 : 25;
01D41 : 25;
01D42 : 25;
01D43 : 25;
01D44 : 25;
01D45 : 25;
01D46 : 25;
01D47 : 25;
01D48 : 00;
01D49 : BA;
01D4A : 9A;
01D4B : BA;
01D4C : BA;
01D4D : 7A;
01D4E : 5A;
01D4F : 56;
01D50 : 56;
01D51 : 56;
01D52 : 56;
01D53 : 0D;
01D54 : 31;
01D55 : 7A;
01D56 : 75;
01D57 : 25;
01D58 : 25;
01D59 : 25;
01D5A : 25;
01D5B : 25;
01D5C : 25;
01D5D : 25;
01D5E : 25;
01D5F : 25;
01D60 : 25;
01D61 : 25;
01D62 : 25;
01D63 : 25;
01D64 : 25;
01D65 : 25;
01D66 : 25;
01D67 : 25;
01D68 : 25;
01D69 : 25;
01D6A : BA;
01D6B : BA;
01D6C : BA;
01D6D : 5A;
01D6E : 5A;
01D6F : 56;
01D70 : 56;
01D71 : 56;
01D72 : 0D;
01D73 : 0D;
01D74 : 5A;
01D75 : 5A;
01D76 : 25;
01D77 : 25;
01D78 : 25;
01D79 : 25;
01D7A : 25;
01D7B : 25;
01D7C : 25;
01D7D : 25;
01D7E : 25;
01D7F : 25;
01D80 : 25;
01D81 : 25;
01D82 : 25;
01D83 : 25;
01D84 : 25;
01D85 : 25;
01D86 : 25;
01D87 : 25;
01D88 : 25;
01D89 : 25;
01D8A : 00;
01D8B : 05;
01D8C : BA;
01D8D : 7A;
01D8E : 56;
01D8F : 56;
01D90 : 0D;
01D91 : 0D;
01D92 : 0D;
01D93 : 56;
01D94 : 75;
01D95 : 25;
01D96 : 25;
01D97 : 25;
01D98 : 25;
01D99 : 25;
01D9A : 25;
01D9B : 25;
01D9C : 25;
01D9D : 25;
01D9E : 25;
01D9F : 25;
01DA0 : 25;
01DA1 : 25;
01DA2 : 25;
01DA3 : 25;
01DA4 : 25;
01DA5 : 25;
01DA6 : 25;
01DA7 : 25;
01DA8 : 25;
01DA9 : 25;
01DAA : 00;
01DAB : 29;
01DAC : BA;
01DAD : 9A;
01DAE : 5A;
01DAF : 7A;
01DB0 : 31;
01DB1 : 2E;
01DB2 : 0D;
01DB3 : 31;
01DB4 : 71;
01DB5 : 25;
01DB6 : 25;
01DB7 : 25;
01DB8 : 25;
01DB9 : 25;
01DBA : 25;
01DBB : 25;
01DBC : 25;
01DBD : 25;
01DBE : 25;
01DBF : 25;
01DC0 : 25;
01DC1 : 25;
01DC2 : 25;
01DC3 : 25;
01DC4 : 25;
01DC5 : 25;
01DC6 : 25;
01DC7 : 25;
01DC8 : 25;
01DC9 : 25;
01DCA : 00;
01DCB : 29;
01DCC : DA;
01DCD : DA;
01DCE : BA;
01DCF : 7A;
01DD0 : 7A;
01DD1 : 2D;
01DD2 : 0D;
01DD3 : 7A;
01DD4 : 25;
01DD5 : 25;
01DD6 : 25;
01DD7 : 25;
01DD8 : 25;
01DD9 : 25;
01DDA : 25;
01DDB : 25;
01DDC : 25;
01DDD : 25;
01DDE : 25;
01DDF : 25;
01DE0 : 25;
01DE1 : 25;
01DE2 : 25;
01DE3 : 25;
01DE4 : 25;
01DE5 : 25;
01DE6 : 25;
01DE7 : 25;
01DE8 : 25;
01DE9 : 25;
01DEA : 00;
01DEB : 04;
01DEC : 75;
01DED : DA;
01DEE : BA;
01DEF : 7A;
01DF0 : 7A;
01DF1 : 0D;
01DF2 : 32;
01DF3 : 7A;
01DF4 : 25;
01DF5 : 25;
01DF6 : 25;
01DF7 : 25;
01DF8 : 25;
01DF9 : 25;
01DFA : 25;
01DFB : 25;
01DFC : 25;
01DFD : 25;
01DFE : 25;
01DFF : 25;
01E00 : 25;
01E01 : 25;
01E02 : 25;
01E03 : 25;
01E04 : 25;
01E05 : 25;
01E06 : 25;
01E07 : 25;
01E08 : 25;
01E09 : 25;
01E0A : 25;
01E0B : 04;
01E0C : 04;
01E0D : DA;
01E0E : BA;
01E0F : 9A;
01E10 : 7A;
01E11 : 0D;
01E12 : 5A;
01E13 : 7A;
01E14 : 25;
01E15 : 25;
01E16 : 25;
01E17 : 25;
01E18 : 25;
01E19 : 25;
01E1A : 25;
01E1B : 25;
01E1C : 25;
01E1D : 25;
01E1E : 25;
01E1F : 25;
01E20 : 25;
01E21 : 25;
01E22 : 25;
01E23 : 25;
01E24 : 25;
01E25 : 25;
01E26 : 25;
01E27 : 25;
01E28 : 25;
01E29 : 25;
01E2A : 25;
01E2B : 25;
01E2C : 00;
01E2D : DA;
01E2E : DA;
01E2F : DA;
01E30 : 7A;
01E31 : 0D;
01E32 : 32;
01E33 : 7A;
01E34 : 25;
01E35 : 25;
01E36 : 25;
01E37 : 25;
01E38 : 25;
01E39 : 25;
01E3A : 25;
01E3B : 25;
01E3C : 25;
01E3D : 25;
01E3E : 25;
01E3F : 25;
01E40 : 25;
01E41 : 25;
01E42 : 25;
01E43 : 25;
01E44 : 25;
01E45 : 25;
01E46 : 25;
01E47 : 25;
01E48 : 25;
01E49 : 25;
01E4A : 25;
01E4B : 25;
01E4C : 00;
01E4D : BA;
01E4E : DA;
01E4F : BA;
01E50 : 7A;
01E51 : 31;
01E52 : 56;
01E53 : 7A;
01E54 : 25;
01E55 : 25;
01E56 : 25;
01E57 : 25;
01E58 : 25;
01E59 : 25;
01E5A : 25;
01E5B : 25;
01E5C : 25;
01E5D : 25;
01E5E : 25;
01E5F : 25;
01E60 : 25;
01E61 : 25;
01E62 : 25;
01E63 : 25;
01E64 : 25;
01E65 : 25;
01E66 : 25;
01E67 : 25;
01E68 : 25;
01E69 : 25;
01E6A : 25;
01E6B : 25;
01E6C : 04;
01E6D : BA;
01E6E : BA;
01E6F : BA;
01E70 : 7A;
01E71 : 31;
01E72 : 56;
01E73 : 7A;
01E74 : 25;
01E75 : 25;
01E76 : 25;
01E77 : 25;
01E78 : 25;
01E79 : 25;
01E7A : 25;
01E7B : 25;
01E7C : 25;
01E7D : 25;
01E7E : 25;
01E7F : 25;
01E80 : 25;
01E81 : 25;
01E82 : 25;
01E83 : 25;
01E84 : 25;
01E85 : 25;
01E86 : 25;
01E87 : 25;
01E88 : 25;
01E89 : 25;
01E8A : 25;
01E8B : 25;
01E8C : 25;
01E8D : 51;
01E8E : 9A;
01E8F : BA;
01E90 : 7A;
01E91 : 5A;
01E92 : 7A;
01E93 : 00;
01E94 : 25;
01E95 : 25;
01E96 : 25;
01E97 : 25;
01E98 : 25;
01E99 : 25;
01E9A : 25;
01E9B : 25;
01E9C : 25;
01E9D : 25;
01E9E : 25;
01E9F : 25;
01EA0 : 25;
01EA1 : 25;
01EA2 : 25;
01EA3 : 25;
01EA4 : 25;
01EA5 : 25;
01EA6 : 25;
01EA7 : 25;
01EA8 : 25;
01EA9 : 25;
01EAA : 25;
01EAB : 25;
01EAC : 25;
01EAD : 51;
01EAE : 7A;
01EAF : BA;
01EB0 : BA;
01EB1 : 5A;
01EB2 : 7A;
01EB3 : 00;
01EB4 : 25;
01EB5 : 25;
01EB6 : 25;
01EB7 : 25;
01EB8 : 25;
01EB9 : 25;
01EBA : 25;
01EBB : 25;
01EBC : 25;
01EBD : 25;
01EBE : 25;
01EBF : 25;
01EC0 : 25;
01EC1 : 25;
01EC2 : 25;
01EC3 : 25;
01EC4 : 25;
01EC5 : 25;
01EC6 : 25;
01EC7 : 25;
01EC8 : 25;
01EC9 : 25;
01ECA : 25;
01ECB : 25;
01ECC : 25;
01ECD : 51;
01ECE : 7A;
01ECF : BA;
01ED0 : DA;
01ED1 : 5A;
01ED2 : 7A;
01ED3 : 00;
01ED4 : 25;
01ED5 : 25;
01ED6 : 25;
01ED7 : 25;
01ED8 : 25;
01ED9 : 25;
01EDA : 25;
01EDB : 25;
01EDC : 25;
01EDD : 25;
01EDE : 25;
01EDF : 25;
01EE0 : 25;
01EE1 : 25;
01EE2 : 25;
01EE3 : 25;
01EE4 : 25;
01EE5 : 25;
01EE6 : 25;
01EE7 : 25;
01EE8 : 25;
01EE9 : 25;
01EEA : 25;
01EEB : 25;
01EEC : 25;
01EED : 00;
01EEE : 5A;
01EEF : 7A;
01EF0 : BA;
01EF1 : 7A;
01EF2 : 7A;
01EF3 : 25;
01EF4 : 25;
01EF5 : 25;
01EF6 : 25;
01EF7 : 25;
01EF8 : 25;
01EF9 : 25;
01EFA : 25;
01EFB : 25;
01EFC : 25;
01EFD : 25;
01EFE : 25;
01EFF : 25;
01F00 : 25;
01F01 : 25;
01F02 : 25;
01F03 : 25;
01F04 : 25;
01F05 : 25;
01F06 : 25;
01F07 : 25;
01F08 : 25;
01F09 : 25;
01F0A : 25;
01F0B : 25;
01F0C : 25;
01F0D : 00;
01F0E : 5A;
01F0F : 7A;
01F10 : BA;
01F11 : 9A;
01F12 : 7A;
01F13 : 25;
01F14 : 25;
01F15 : 25;
01F16 : 25;
01F17 : 25;
01F18 : 25;
01F19 : 25;
01F1A : 25;
01F1B : 25;
01F1C : 25;
01F1D : 25;
01F1E : 25;
01F1F : 25;
01F20 : 25;
01F21 : 25;
01F22 : 25;
01F23 : 25;
01F24 : 25;
01F25 : 25;
01F26 : 25;
01F27 : 25;
01F28 : 25;
01F29 : 25;
01F2A : 25;
01F2B : 25;
01F2C : 25;
01F2D : 00;
01F2E : 5A;
01F2F : 7A;
01F30 : BA;
01F31 : 9A;
01F32 : 00;
01F33 : 25;
01F34 : 25;
01F35 : 25;
01F36 : 25;
01F37 : 25;
01F38 : 25;
01F39 : 25;
01F3A : 25;
01F3B : 25;
01F3C : 25;
01F3D : 25;
01F3E : 25;
01F3F : 25;
01F40 : 25;
01F41 : 25;
01F42 : 25;
01F43 : 25;
01F44 : 25;
01F45 : 25;
01F46 : 25;
01F47 : 25;
01F48 : 25;
01F49 : 25;
01F4A : 25;
01F4B : 25;
01F4C : 25;
01F4D : 25;
01F4E : 5A;
01F4F : 7A;
01F50 : 7A;
01F51 : 76;
01F52 : 04;
01F53 : 25;
01F54 : 25;
01F55 : 25;
01F56 : 25;
01F57 : 25;
01F58 : 25;
01F59 : 25;
01F5A : 25;
01F5B : 25;
01F5C : 25;
01F5D : 25;
01F5E : 25;
01F5F : 25;
01F60 : 25;
01F61 : 25;
01F62 : 25;
01F63 : 25;
01F64 : 25;
01F65 : 25;
01F66 : 25;
01F67 : 25;
01F68 : 25;
01F69 : 25;
01F6A : 25;
01F6B : 25;
01F6C : 25;
01F6D : 25;
01F6E : 05;
01F6F : 7A;
01F70 : 7A;
01F71 : 7A;
01F72 : 00;
01F73 : 25;
01F74 : 25;
01F75 : 25;
01F76 : 25;
01F77 : 25;
01F78 : 25;
01F79 : 25;
01F7A : 25;
01F7B : 25;
01F7C : 25;
01F7D : 25;
01F7E : 25;
01F7F : 25;
01F80 : 25;
01F81 : 25;
01F82 : 25;
01F83 : 25;
01F84 : 25;
01F85 : 25;
01F86 : 25;
01F87 : 25;
01F88 : 25;
01F89 : 25;
01F8A : 25;
01F8B : 25;
01F8C : 25;
01F8D : 25;
01F8E : 25;
01F8F : 7A;
01F90 : 7A;
01F91 : 7A;
01F92 : 25;
01F93 : 25;
01F94 : 25;
01F95 : 25;
01F96 : 25;
01F97 : 25;
01F98 : 25;
01F99 : 25;
01F9A : 25;
01F9B : 25;
01F9C : 25;
01F9D : 25;
01F9E : 25;
01F9F : 25;
01FA0 : 25;
01FA1 : 25;
01FA2 : 25;
01FA3 : 25;
01FA4 : 25;
01FA5 : 25;
01FA6 : 25;
01FA7 : 25;
01FA8 : 25;
01FA9 : 25;
01FAA : 25;
01FAB : 25;
01FAC : 25;
01FAD : 25;
01FAE : 25;
01FAF : 25;
01FB0 : 7A;
01FB1 : 7A;
01FB2 : 25;
01FB3 : 25;
01FB4 : 25;
01FB5 : 25;
01FB6 : 25;
01FB7 : 25;
01FB8 : 25;
01FB9 : 25;
01FBA : 25;
01FBB : 25;
01FBC : 25;
01FBD : 25;
01FBE : 25;
01FBF : 25;
01FC0 : 25;
01FC1 : 25;
01FC2 : 25;
01FC3 : 25;
01FC4 : 25;
01FC5 : 25;
01FC6 : 25;
01FC7 : 25;
01FC8 : 25;
01FC9 : 25;
01FCA : 25;
01FCB : 25;
01FCC : 25;
01FCD : 25;
01FCE : 25;
01FCF : 25;
01FD0 : 25;
01FD1 : 7A;
01FD2 : 25;
01FD3 : 25;
01FD4 : 25;
01FD5 : 25;
01FD6 : 25;
01FD7 : 25;
01FD8 : 25;
01FD9 : 25;
01FDA : 25;
01FDB : 25;
01FDC : 25;
01FDD : 25;
01FDE : 25;
01FDF : 25;
01FE0 : 25;
01FE1 : 25;
01FE2 : 25;
01FE3 : 25;
01FE4 : 25;
01FE5 : 25;
01FE6 : 25;
01FE7 : 25;
01FE8 : 25;
01FE9 : 25;
01FEA : 25;
01FEB : 25;
01FEC : 25;
01FED : 25;
01FEE : 25;
01FEF : 25;
01FF0 : 25;
01FF1 : 25;
01FF2 : 25;
01FF3 : 25;
01FF4 : 25;
01FF5 : 25;
01FF6 : 25;
01FF7 : 25;
01FF8 : 25;
01FF9 : 25;
01FFA : 25;
01FFB : 25;
01FFC : 25;
01FFD : 25;
01FFE : 25;
01FFF : 25;
02000 : 25;
02001 : BA;
02002 : 5A;
02003 : 0D;
02004 : 0D;
02005 : 0D;
02006 : 0D;
02007 : 0D;
02008 : 0D;
02009 : 0D;
0200A : 0D;
0200B : 0D;
0200C : 0D;
0200D : 0D;
0200E : 0D;
0200F : 0D;
02010 : 0D;
02011 : 0D;
02012 : 0D;
02013 : 0D;
02014 : 0D;
02015 : 0D;
02016 : 0D;
02017 : 0D;
02018 : 0D;
02019 : 0D;
0201A : 0D;
0201B : 0D;
0201C : 0D;
0201D : 0D;
0201E : 0D;
0201F : 0D;
02020 : 25;
02021 : 25;
02022 : BA;
02023 : 5A;
02024 : 2D;
02025 : 2D;
02026 : 2D;
02027 : 2D;
02028 : 2D;
02029 : 2D;
0202A : 2D;
0202B : 2D;
0202C : 2D;
0202D : 2D;
0202E : 2D;
0202F : 2D;
02030 : 2D;
02031 : 2D;
02032 : 2D;
02033 : 2D;
02034 : 2D;
02035 : 2D;
02036 : 2D;
02037 : 2D;
02038 : 2D;
02039 : 2D;
0203A : 2D;
0203B : 2D;
0203C : 2D;
0203D : 0D;
0203E : 0D;
0203F : 0D;
02040 : 25;
02041 : 25;
02042 : BA;
02043 : 5A;
02044 : 5A;
02045 : 0D;
02046 : 31;
02047 : 5A;
02048 : 31;
02049 : 36;
0204A : 56;
0204B : 2D;
0204C : 2D;
0204D : 2D;
0204E : 2D;
0204F : 2D;
02050 : 2D;
02051 : 2D;
02052 : 2D;
02053 : 2D;
02054 : 2D;
02055 : 2D;
02056 : 2D;
02057 : 2D;
02058 : 31;
02059 : 52;
0205A : 56;
0205B : 0D;
0205C : 0D;
0205D : 0D;
0205E : 0D;
0205F : 25;
02060 : 25;
02061 : 25;
02062 : 25;
02063 : BA;
02064 : 5A;
02065 : 56;
02066 : 5A;
02067 : 7A;
02068 : 36;
02069 : 36;
0206A : 56;
0206B : 2D;
0206C : 0D;
0206D : 2D;
0206E : 2D;
0206F : 31;
02070 : 5A;
02071 : 31;
02072 : 0D;
02073 : 2D;
02074 : 2D;
02075 : 2D;
02076 : 2D;
02077 : 0D;
02078 : 0D;
02079 : 31;
0207A : 56;
0207B : 0D;
0207C : 2D;
0207D : 0D;
0207E : 0D;
0207F : 25;
02080 : 25;
02081 : 25;
02082 : 25;
02083 : 25;
02084 : BA;
02085 : 5A;
02086 : 7A;
02087 : BA;
02088 : 7A;
02089 : 5A;
0208A : 56;
0208B : 2D;
0208C : 2D;
0208D : 2D;
0208E : 2D;
0208F : 56;
02090 : 5A;
02091 : 5A;
02092 : 7A;
02093 : 2D;
02094 : 2D;
02095 : 2D;
02096 : 2D;
02097 : 0D;
02098 : 56;
02099 : 56;
0209A : 56;
0209B : 0D;
0209C : 2D;
0209D : 0D;
0209E : 25;
0209F : 25;
020A0 : 25;
020A1 : 25;
020A2 : 25;
020A3 : 25;
020A4 : BA;
020A5 : BA;
020A6 : BA;
020A7 : BA;
020A8 : BA;
020A9 : 56;
020AA : 5A;
020AB : 5A;
020AC : 11;
020AD : 0D;
020AE : 0D;
020AF : 5A;
020B0 : 9A;
020B1 : 7A;
020B2 : 7A;
020B3 : 31;
020B4 : 2D;
020B5 : 2D;
020B6 : 2D;
020B7 : 0D;
020B8 : 56;
020B9 : 0D;
020BA : 2D;
020BB : 2D;
020BC : 2D;
020BD : 0D;
020BE : 25;
020BF : 25;
020C0 : 25;
020C1 : 25;
020C2 : 25;
020C3 : 25;
020C4 : 25;
020C5 : BA;
020C6 : DA;
020C7 : BA;
020C8 : BA;
020C9 : 56;
020CA : 5A;
020CB : 5A;
020CC : 11;
020CD : 32;
020CE : 7A;
020CF : 5A;
020D0 : 9A;
020D1 : 7A;
020D2 : 5A;
020D3 : 2D;
020D4 : 2D;
020D5 : 2D;
020D6 : 2D;
020D7 : 0D;
020D8 : 56;
020D9 : 0D;
020DA : 2D;
020DB : 2D;
020DC : 2D;
020DD : 2D;
020DE : 25;
020DF : 25;
020E0 : 25;
020E1 : 25;
020E2 : 25;
020E3 : 25;
020E4 : 25;
020E5 : 04;
020E6 : BA;
020E7 : BA;
020E8 : BA;
020E9 : 7A;
020EA : 9A;
020EB : 5A;
020EC : 36;
020ED : 56;
020EE : 5A;
020EF : 5A;
020F0 : 9A;
020F1 : 7A;
020F2 : 5A;
020F3 : 7A;
020F4 : 2D;
020F5 : 2D;
020F6 : 0D;
020F7 : 31;
020F8 : 56;
020F9 : 0D;
020FA : 2D;
020FB : 2D;
020FC : 2D;
020FD : 0D;
020FE : 25;
020FF : 25;
02100 : 25;
02101 : 25;
02102 : 25;
02103 : 25;
02104 : 25;
02105 : 25;
02106 : 9A;
02107 : 7A;
02108 : BA;
02109 : 75;
0210A : 7A;
0210B : 5A;
0210C : 5A;
0210D : 5A;
0210E : 5A;
0210F : 7A;
02110 : 9A;
02111 : 7A;
02112 : 5A;
02113 : 7A;
02114 : 2D;
02115 : 2D;
02116 : 0D;
02117 : 56;
02118 : 56;
02119 : 0D;
0211A : 2D;
0211B : 2D;
0211C : 31;
0211D : 31;
0211E : 25;
0211F : 25;
02120 : 25;
02121 : 25;
02122 : 25;
02123 : 25;
02124 : 25;
02125 : 25;
02126 : 00;
02127 : DA;
02128 : DA;
02129 : DA;
0212A : BA;
0212B : 5A;
0212C : 5A;
0212D : 5A;
0212E : 5A;
0212F : 5A;
02130 : 9A;
02131 : BA;
02132 : BA;
02133 : 56;
02134 : 2D;
02135 : 2D;
02136 : 32;
02137 : 5A;
02138 : 56;
02139 : 0D;
0213A : 2D;
0213B : 2D;
0213C : 2D;
0213D : 31;
0213E : 25;
0213F : 25;
02140 : 25;
02141 : 25;
02142 : 25;
02143 : 25;
02144 : 25;
02145 : 25;
02146 : 25;
02147 : DA;
02148 : DA;
02149 : BA;
0214A : BA;
0214B : 5A;
0214C : 5A;
0214D : 56;
0214E : 56;
0214F : 31;
02150 : 9A;
02151 : BA;
02152 : BA;
02153 : 25;
02154 : 2D;
02155 : 2D;
02156 : 32;
02157 : 36;
02158 : 56;
02159 : 0D;
0215A : 2D;
0215B : 2D;
0215C : 31;
0215D : 31;
0215E : 25;
0215F : 25;
02160 : 25;
02161 : 25;
02162 : 25;
02163 : 25;
02164 : 25;
02165 : 25;
02166 : 25;
02167 : BA;
02168 : DA;
02169 : BA;
0216A : BA;
0216B : 5A;
0216C : 7A;
0216D : 2D;
0216E : 00;
0216F : 00;
02170 : 9A;
02171 : BA;
02172 : BA;
02173 : 25;
02174 : 5A;
02175 : 5A;
02176 : 5A;
02177 : 56;
02178 : 56;
02179 : 0D;
0217A : 31;
0217B : 31;
0217C : 2D;
0217D : 25;
0217E : 25;
0217F : 25;
02180 : 25;
02181 : 25;
02182 : 25;
02183 : 25;
02184 : 25;
02185 : 25;
02186 : 25;
02187 : BA;
02188 : DA;
02189 : BA;
0218A : BA;
0218B : 7A;
0218C : 7A;
0218D : 4D;
0218E : 25;
0218F : 25;
02190 : 7A;
02191 : BA;
02192 : BA;
02193 : 25;
02194 : 36;
02195 : 5A;
02196 : 5A;
02197 : 36;
02198 : 5A;
02199 : 0D;
0219A : 31;
0219B : 2D;
0219C : 31;
0219D : 25;
0219E : 25;
0219F : 25;
021A0 : 25;
021A1 : 25;
021A2 : 25;
021A3 : 25;
021A4 : 25;
021A5 : 25;
021A6 : 25;
021A7 : 51;
021A8 : 9A;
021A9 : BA;
021AA : BA;
021AB : 7A;
021AC : 51;
021AD : 4D;
021AE : 25;
021AF : 25;
021B0 : 7A;
021B1 : 9A;
021B2 : 25;
021B3 : 25;
021B4 : 56;
021B5 : 5A;
021B6 : 5A;
021B7 : 5A;
021B8 : 56;
021B9 : 31;
021BA : 2D;
021BB : 2D;
021BC : 9A;
021BD : 25;
021BE : 25;
021BF : 25;
021C0 : 25;
021C1 : 25;
021C2 : 25;
021C3 : 25;
021C4 : 25;
021C5 : 25;
021C6 : 25;
021C7 : 00;
021C8 : BA;
021C9 : BA;
021CA : BA;
021CB : 7A;
021CC : 04;
021CD : 00;
021CE : 25;
021CF : 25;
021D0 : 2D;
021D1 : 31;
021D2 : 25;
021D3 : 25;
021D4 : 56;
021D5 : 5A;
021D6 : 5A;
021D7 : 5A;
021D8 : 5A;
021D9 : 51;
021DA : 2D;
021DB : 2D;
021DC : BA;
021DD : 25;
021DE : 25;
021DF : 25;
021E0 : 25;
021E1 : 25;
021E2 : 25;
021E3 : 25;
021E4 : 25;
021E5 : 25;
021E6 : 25;
021E7 : 00;
021E8 : BA;
021E9 : BA;
021EA : BA;
021EB : 7A;
021EC : 00;
021ED : 25;
021EE : 25;
021EF : 25;
021F0 : 25;
021F1 : 25;
021F2 : 25;
021F3 : 25;
021F4 : 56;
021F5 : 5A;
021F6 : 56;
021F7 : 9A;
021F8 : 56;
021F9 : 0D;
021FA : 0D;
021FB : 32;
021FC : BA;
021FD : 25;
021FE : 25;
021FF : 25;
02200 : 25;
02201 : 25;
02202 : 25;
02203 : 25;
02204 : 25;
02205 : 25;
02206 : 25;
02207 : 25;
02208 : 76;
02209 : 9A;
0220A : 9A;
0220B : 52;
0220C : 25;
0220D : 25;
0220E : 25;
0220F : 25;
02210 : 25;
02211 : 25;
02212 : 25;
02213 : 25;
02214 : 25;
02215 : 5A;
02216 : 5A;
02217 : 9A;
02218 : 36;
02219 : 0D;
0221A : 0D;
0221B : 56;
0221C : 00;
0221D : 25;
0221E : 25;
0221F : 25;
02220 : 25;
02221 : 25;
02222 : 25;
02223 : 25;
02224 : 25;
02225 : 25;
02226 : 25;
02227 : 00;
02228 : 2D;
02229 : 31;
0222A : 52;
0222B : 51;
0222C : 25;
0222D : 25;
0222E : 25;
0222F : 25;
02230 : 25;
02231 : 25;
02232 : 25;
02233 : 25;
02234 : 25;
02235 : 5A;
02236 : 7A;
02237 : 9A;
02238 : 56;
02239 : 0D;
0223A : 31;
0223B : 9A;
0223C : 00;
0223D : 25;
0223E : 25;
0223F : 25;
02240 : 25;
02241 : 25;
02242 : 25;
02243 : 25;
02244 : 25;
02245 : 25;
02246 : 25;
02247 : 25;
02248 : 4D;
02249 : 31;
0224A : 7A;
0224B : 25;
0224C : 25;
0224D : 25;
0224E : 25;
0224F : 25;
02250 : 25;
02251 : 25;
02252 : 25;
02253 : 25;
02254 : 25;
02255 : 5A;
02256 : 7A;
02257 : 9A;
02258 : 56;
02259 : 0D;
0225A : 31;
0225B : 7A;
0225C : 00;
0225D : 25;
0225E : 25;
0225F : 25;
02260 : 25;
02261 : 25;
02262 : 25;
02263 : 25;
02264 : 25;
02265 : 25;
02266 : 25;
02267 : 25;
02268 : 00;
02269 : 09;
0226A : 49;
0226B : 25;
0226C : 25;
0226D : 25;
0226E : 25;
0226F : 25;
02270 : 25;
02271 : 25;
02272 : 25;
02273 : 25;
02274 : 25;
02275 : 9A;
02276 : 7A;
02277 : 2D;
02278 : 36;
02279 : 11;
0227A : 31;
0227B : 75;
0227C : 04;
0227D : 25;
0227E : 25;
0227F : 25;
02280 : 25;
02281 : 25;
02282 : 25;
02283 : 25;
02284 : 25;
02285 : 25;
02286 : 25;
02287 : 25;
02288 : 25;
02289 : 05;
0228A : 51;
0228B : 25;
0228C : 25;
0228D : 25;
0228E : 25;
0228F : 25;
02290 : 25;
02291 : 25;
02292 : 25;
02293 : 25;
02294 : 25;
02295 : BA;
02296 : 7A;
02297 : 0D;
02298 : 0D;
02299 : 7A;
0229A : 9A;
0229B : 00;
0229C : 25;
0229D : 25;
0229E : 25;
0229F : 25;
022A0 : 25;
022A1 : 25;
022A2 : 25;
022A3 : 25;
022A4 : 25;
022A5 : 25;
022A6 : 25;
022A7 : 25;
022A8 : 25;
022A9 : 25;
022AA : 25;
022AB : 25;
022AC : 25;
022AD : 25;
022AE : 25;
022AF : 25;
022B0 : 25;
022B1 : 25;
022B2 : 25;
022B3 : 25;
022B4 : 25;
022B5 : BA;
022B6 : 7A;
022B7 : 7A;
022B8 : 0D;
022B9 : 7A;
022BA : 76;
022BB : 00;
022BC : 25;
022BD : 25;
022BE : 25;
022BF : 25;
022C0 : 25;
022C1 : 25;
022C2 : 25;
022C3 : 25;
022C4 : 25;
022C5 : 25;
022C6 : 25;
022C7 : 25;
022C8 : 25;
022C9 : 25;
022CA : 25;
022CB : 25;
022CC : 25;
022CD : 25;
022CE : 25;
022CF : 25;
022D0 : 25;
022D1 : 25;
022D2 : 25;
022D3 : 25;
022D4 : 25;
022D5 : BA;
022D6 : 9A;
022D7 : 7A;
022D8 : 0D;
022D9 : 7A;
022DA : 00;
022DB : 25;
022DC : 25;
022DD : 25;
022DE : 25;
022DF : 25;
022E0 : 25;
022E1 : 25;
022E2 : 25;
022E3 : 25;
022E4 : 25;
022E5 : 25;
022E6 : 25;
022E7 : 25;
022E8 : 25;
022E9 : 25;
022EA : 25;
022EB : 25;
022EC : 25;
022ED : 25;
022EE : 25;
022EF : 25;
022F0 : 25;
022F1 : 25;
022F2 : 25;
022F3 : 25;
022F4 : 25;
022F5 : 25;
022F6 : BA;
022F7 : 5A;
022F8 : 0D;
022F9 : 7A;
022FA : 00;
022FB : 25;
022FC : 25;
022FD : 25;
022FE : 25;
022FF : 25;
02300 : 25;
02301 : 25;
02302 : 25;
02303 : 25;
02304 : 25;
02305 : 25;
02306 : 25;
02307 : 25;
02308 : 25;
02309 : 25;
0230A : 25;
0230B : 25;
0230C : 25;
0230D : 25;
0230E : 25;
0230F : 25;
02310 : 25;
02311 : 25;
02312 : 25;
02313 : 25;
02314 : 25;
02315 : 25;
02316 : BA;
02317 : 5A;
02318 : 0D;
02319 : 7A;
0231A : 00;
0231B : 25;
0231C : 25;
0231D : 25;
0231E : 25;
0231F : 25;
02320 : 25;
02321 : 25;
02322 : 25;
02323 : 25;
02324 : 25;
02325 : 25;
02326 : 25;
02327 : 25;
02328 : 25;
02329 : 25;
0232A : 25;
0232B : 25;
0232C : 25;
0232D : 25;
0232E : 25;
0232F : 25;
02330 : 25;
02331 : 25;
02332 : 25;
02333 : 25;
02334 : 25;
02335 : 25;
02336 : 9A;
02337 : 56;
02338 : 0D;
02339 : 9A;
0233A : 00;
0233B : 25;
0233C : 25;
0233D : 25;
0233E : 25;
0233F : 25;
02340 : 25;
02341 : 25;
02342 : 25;
02343 : 25;
02344 : 25;
02345 : 25;
02346 : 25;
02347 : 25;
02348 : 25;
02349 : 25;
0234A : 25;
0234B : 25;
0234C : 25;
0234D : 25;
0234E : 25;
0234F : 25;
02350 : 25;
02351 : 25;
02352 : 25;
02353 : 25;
02354 : 25;
02355 : 25;
02356 : BA;
02357 : 56;
02358 : 7A;
02359 : 00;
0235A : 25;
0235B : 25;
0235C : 25;
0235D : 25;
0235E : 25;
0235F : 25;
02360 : 25;
02361 : 25;
02362 : 25;
02363 : 25;
02364 : 25;
02365 : 25;
02366 : 25;
02367 : 25;
02368 : 25;
02369 : 25;
0236A : 25;
0236B : 25;
0236C : 25;
0236D : 25;
0236E : 25;
0236F : 25;
02370 : 25;
02371 : 25;
02372 : 25;
02373 : 25;
02374 : 25;
02375 : 25;
02376 : 9A;
02377 : 56;
02378 : 7A;
02379 : 00;
0237A : 25;
0237B : 25;
0237C : 25;
0237D : 25;
0237E : 25;
0237F : 25;
02380 : 25;
02381 : 25;
02382 : 25;
02383 : 25;
02384 : 25;
02385 : 25;
02386 : 25;
02387 : 25;
02388 : 25;
02389 : 25;
0238A : 25;
0238B : 25;
0238C : 25;
0238D : 25;
0238E : 25;
0238F : 25;
02390 : 25;
02391 : 25;
02392 : 25;
02393 : 25;
02394 : 25;
02395 : 25;
02396 : BA;
02397 : 56;
02398 : 7A;
02399 : 25;
0239A : 25;
0239B : 25;
0239C : 25;
0239D : 25;
0239E : 25;
0239F : 25;
023A0 : 25;
023A1 : 25;
023A2 : 25;
023A3 : 25;
023A4 : 25;
023A5 : 25;
023A6 : 25;
023A7 : 25;
023A8 : 25;
023A9 : 25;
023AA : 25;
023AB : 25;
023AC : 25;
023AD : 25;
023AE : 25;
023AF : 25;
023B0 : 25;
023B1 : 25;
023B2 : 25;
023B3 : 25;
023B4 : 25;
023B5 : 25;
023B6 : 25;
023B7 : 5A;
023B8 : 00;
023B9 : 25;
023BA : 25;
023BB : 25;
023BC : 25;
023BD : 25;
023BE : 25;
023BF : 25;
023C0 : 25;
023C1 : 25;
023C2 : 25;
023C3 : 25;
023C4 : 25;
023C5 : 25;
023C6 : 25;
023C7 : 25;
023C8 : 25;
023C9 : 25;
023CA : 25;
023CB : 25;
023CC : 25;
023CD : 25;
023CE : 25;
023CF : 25;
023D0 : 25;
023D1 : 25;
023D2 : 25;
023D3 : 25;
023D4 : 25;
023D5 : 25;
023D6 : 25;
023D7 : 36;
023D8 : 00;
023D9 : 25;
023DA : 25;
023DB : 25;
023DC : 25;
023DD : 25;
023DE : 25;
023DF : 25;
023E0 : 25;
023E1 : 25;
023E2 : 25;
023E3 : 25;
023E4 : 25;
023E5 : 25;
023E6 : 25;
023E7 : 25;
023E8 : 25;
023E9 : 25;
023EA : 25;
023EB : 25;
023EC : 25;
023ED : 25;
023EE : 25;
023EF : 25;
023F0 : 25;
023F1 : 25;
023F2 : 25;
023F3 : 25;
023F4 : 25;
023F5 : 25;
023F6 : 25;
023F7 : 25;
023F8 : 25;
023F9 : 25;
023FA : 25;
023FB : 25;
023FC : 25;
023FD : 25;
023FE : 25;
023FF : 25;
02400 : 0D;
02401 : 0D;
02402 : 0D;
02403 : 0D;
02404 : 2D;
02405 : 2D;
02406 : 0D;
02407 : 2D;
02408 : 2D;
02409 : 2D;
0240A : 2D;
0240B : 0D;
0240C : 0D;
0240D : 0D;
0240E : 2D;
0240F : 2D;
02410 : 0D;
02411 : 2D;
02412 : 2D;
02413 : 2D;
02414 : 2D;
02415 : 0D;
02416 : 0D;
02417 : 0D;
02418 : 0D;
02419 : 0D;
0241A : 2D;
0241B : 2D;
0241C : 2D;
0241D : 2D;
0241E : 2D;
0241F : 2D;
02420 : 0D;
02421 : 0D;
02422 : 0D;
02423 : 0D;
02424 : 0D;
02425 : 2D;
02426 : 2D;
02427 : 2D;
02428 : 2D;
02429 : 2D;
0242A : 2D;
0242B : 0D;
0242C : 0D;
0242D : 0D;
0242E : 0D;
0242F : 2D;
02430 : 2D;
02431 : 2D;
02432 : 2D;
02433 : 2D;
02434 : 2D;
02435 : 0D;
02436 : 0D;
02437 : 0D;
02438 : 0D;
02439 : 2D;
0243A : 2D;
0243B : 2D;
0243C : 0D;
0243D : 2D;
0243E : 0D;
0243F : 0D;
02440 : 25;
02441 : 71;
02442 : 2D;
02443 : 2D;
02444 : 2D;
02445 : 2D;
02446 : 2D;
02447 : 0D;
02448 : 2D;
02449 : 0D;
0244A : 0D;
0244B : 2D;
0244C : 2D;
0244D : 2D;
0244E : 2D;
0244F : 2D;
02450 : 2D;
02451 : 0D;
02452 : 2D;
02453 : 0D;
02454 : 0D;
02455 : 2D;
02456 : 2D;
02457 : 2D;
02458 : 2D;
02459 : 2D;
0245A : 2D;
0245B : 2D;
0245C : 2D;
0245D : 2D;
0245E : 0D;
0245F : 0D;
02460 : 25;
02461 : 51;
02462 : 32;
02463 : 0D;
02464 : 2D;
02465 : 2D;
02466 : 2D;
02467 : 2D;
02468 : 2D;
02469 : 0D;
0246A : 0D;
0246B : 2D;
0246C : 2D;
0246D : 0D;
0246E : 2D;
0246F : 2D;
02470 : 2D;
02471 : 2D;
02472 : 2D;
02473 : 0D;
02474 : 0D;
02475 : 0D;
02476 : 0D;
02477 : 0D;
02478 : 0D;
02479 : 0D;
0247A : 31;
0247B : 0D;
0247C : 2D;
0247D : 0D;
0247E : 2D;
0247F : 0D;
02480 : 25;
02481 : 51;
02482 : 32;
02483 : 0D;
02484 : 0D;
02485 : 0D;
02486 : 2D;
02487 : 2D;
02488 : 2D;
02489 : 2D;
0248A : 2D;
0248B : 2D;
0248C : 0D;
0248D : 0D;
0248E : 2D;
0248F : 2D;
02490 : 2D;
02491 : 2D;
02492 : 0D;
02493 : 0D;
02494 : 2D;
02495 : 2D;
02496 : 2D;
02497 : 0D;
02498 : 0D;
02499 : 0D;
0249A : 2D;
0249B : 2D;
0249C : 0D;
0249D : 2D;
0249E : 2D;
0249F : 25;
024A0 : 25;
024A1 : 51;
024A2 : 32;
024A3 : 0D;
024A4 : 2D;
024A5 : 2D;
024A6 : 2D;
024A7 : 2D;
024A8 : 0D;
024A9 : 2D;
024AA : 0D;
024AB : 0D;
024AC : 5A;
024AD : 5A;
024AE : 5A;
024AF : 0D;
024B0 : 2D;
024B1 : 0D;
024B2 : 0D;
024B3 : 0D;
024B4 : 2D;
024B5 : 0D;
024B6 : 0D;
024B7 : 5A;
024B8 : 0D;
024B9 : 2D;
024BA : 2D;
024BB : 0D;
024BC : 2D;
024BD : 2D;
024BE : 31;
024BF : 25;
024C0 : 25;
024C1 : 51;
024C2 : 56;
024C3 : 31;
024C4 : 0D;
024C5 : 2D;
024C6 : 2D;
024C7 : 2D;
024C8 : 2D;
024C9 : 2D;
024CA : 0D;
024CB : 0D;
024CC : 5A;
024CD : 3A;
024CE : 5A;
024CF : 0D;
024D0 : 2D;
024D1 : 0D;
024D2 : 2D;
024D3 : 0D;
024D4 : 0D;
024D5 : 0D;
024D6 : 0D;
024D7 : 5A;
024D8 : 36;
024D9 : 32;
024DA : 31;
024DB : 0D;
024DC : 2D;
024DD : 0D;
024DE : 2D;
024DF : 25;
024E0 : 25;
024E1 : 31;
024E2 : 9A;
024E3 : 31;
024E4 : 0D;
024E5 : 0D;
024E6 : 0D;
024E7 : 31;
024E8 : 31;
024E9 : 2D;
024EA : 0D;
024EB : 0D;
024EC : 5A;
024ED : 5A;
024EE : 5A;
024EF : 0D;
024F0 : 2D;
024F1 : 2D;
024F2 : 2D;
024F3 : 0D;
024F4 : 0D;
024F5 : 0D;
024F6 : 0D;
024F7 : 5A;
024F8 : 5A;
024F9 : 31;
024FA : 2D;
024FB : 2D;
024FC : 2D;
024FD : 0D;
024FE : 0D;
024FF : 25;
02500 : 25;
02501 : 2D;
02502 : 9A;
02503 : 31;
02504 : 32;
02505 : 0D;
02506 : 2D;
02507 : 0D;
02508 : 31;
02509 : 31;
0250A : 2D;
0250B : 0D;
0250C : 5A;
0250D : 5A;
0250E : 5A;
0250F : 0D;
02510 : 0D;
02511 : 2D;
02512 : 0D;
02513 : 0D;
02514 : 0D;
02515 : 0D;
02516 : 0D;
02517 : 5A;
02518 : 5A;
02519 : 31;
0251A : 2D;
0251B : 2D;
0251C : 2D;
0251D : 2D;
0251E : 2D;
0251F : 25;
02520 : 25;
02521 : 2D;
02522 : 7A;
02523 : 5A;
02524 : 5A;
02525 : 36;
02526 : 2D;
02527 : 0D;
02528 : 56;
02529 : 36;
0252A : 2D;
0252B : 7A;
0252C : 5A;
0252D : 5A;
0252E : 5A;
0252F : 0D;
02530 : 2D;
02531 : 0D;
02532 : 0D;
02533 : 2D;
02534 : 0D;
02535 : 0D;
02536 : 0D;
02537 : 5A;
02538 : 5A;
02539 : 0D;
0253A : 0D;
0253B : 5A;
0253C : 11;
0253D : 0D;
0253E : 25;
0253F : 25;
02540 : 25;
02541 : 09;
02542 : 7A;
02543 : 5A;
02544 : 5A;
02545 : 36;
02546 : 0D;
02547 : 9A;
02548 : 56;
02549 : 36;
0254A : 2D;
0254B : 32;
0254C : 5A;
0254D : 5A;
0254E : 5A;
0254F : 31;
02550 : 2D;
02551 : 2D;
02552 : 0D;
02553 : 0D;
02554 : 2D;
02555 : 31;
02556 : 56;
02557 : 3A;
02558 : 5A;
02559 : 36;
0255A : 56;
0255B : 5A;
0255C : 11;
0255D : 0D;
0255E : 25;
0255F : 25;
02560 : 25;
02561 : 09;
02562 : 7A;
02563 : 7A;
02564 : 5A;
02565 : 5A;
02566 : 56;
02567 : 9A;
02568 : 7A;
02569 : 56;
0256A : 2D;
0256B : 2D;
0256C : 5A;
0256D : 5A;
0256E : 5A;
0256F : 5A;
02570 : 0D;
02571 : 2D;
02572 : 0D;
02573 : 0D;
02574 : 2D;
02575 : 32;
02576 : 3A;
02577 : 3A;
02578 : 5A;
02579 : 5A;
0257A : 56;
0257B : BA;
0257C : 7A;
0257D : 56;
0257E : 25;
0257F : 25;
02580 : 25;
02581 : 25;
02582 : 7A;
02583 : 9A;
02584 : 56;
02585 : 5A;
02586 : 5A;
02587 : 9A;
02588 : 7A;
02589 : 56;
0258A : 31;
0258B : 0D;
0258C : 5A;
0258D : 5A;
0258E : 5A;
0258F : 36;
02590 : 0D;
02591 : 0D;
02592 : 2D;
02593 : 0D;
02594 : 2D;
02595 : 32;
02596 : 3A;
02597 : 3A;
02598 : 11;
02599 : 5A;
0259A : 5A;
0259B : BA;
0259C : 5A;
0259D : 25;
0259E : 25;
0259F : 25;
025A0 : 25;
025A1 : 25;
025A2 : 76;
025A3 : 9A;
025A4 : 5A;
025A5 : 5A;
025A6 : 5A;
025A7 : BA;
025A8 : BA;
025A9 : 9A;
025AA : 36;
025AB : 32;
025AC : 5A;
025AD : 5A;
025AE : 5A;
025AF : 5A;
025B0 : 31;
025B1 : 0D;
025B2 : 2D;
025B3 : 0D;
025B4 : 2D;
025B5 : 31;
025B6 : 5A;
025B7 : 5A;
025B8 : 11;
025B9 : 5A;
025BA : 5A;
025BB : BA;
025BC : 7A;
025BD : 25;
025BE : 25;
025BF : 25;
025C0 : 25;
025C1 : 25;
025C2 : 04;
025C3 : BA;
025C4 : 5A;
025C5 : 5A;
025C6 : 9A;
025C7 : 00;
025C8 : BA;
025C9 : 7A;
025CA : 36;
025CB : 31;
025CC : 5A;
025CD : 5A;
025CE : 5A;
025CF : 5A;
025D0 : 5A;
025D1 : 36;
025D2 : 0D;
025D3 : 0D;
025D4 : 2D;
025D5 : 11;
025D6 : 5A;
025D7 : 5A;
025D8 : 11;
025D9 : 5A;
025DA : 5A;
025DB : BA;
025DC : 7A;
025DD : 25;
025DE : 25;
025DF : 25;
025E0 : 25;
025E1 : 25;
025E2 : 25;
025E3 : BA;
025E4 : 9A;
025E5 : 56;
025E6 : 7A;
025E7 : 00;
025E8 : DA;
025E9 : 9A;
025EA : 7A;
025EB : 5A;
025EC : 5A;
025ED : 5A;
025EE : 5A;
025EF : 5A;
025F0 : 5A;
025F1 : 32;
025F2 : 0D;
025F3 : 0D;
025F4 : 5A;
025F5 : 5A;
025F6 : 5A;
025F7 : 5A;
025F8 : 0D;
025F9 : 56;
025FA : 9A;
025FB : BA;
025FC : BA;
025FD : 25;
025FE : 25;
025FF : 25;
02600 : 25;
02601 : 25;
02602 : 25;
02603 : BA;
02604 : 9A;
02605 : 5A;
02606 : 7A;
02607 : 00;
02608 : DA;
02609 : BA;
0260A : 9A;
0260B : 5A;
0260C : 5A;
0260D : 5A;
0260E : 5A;
0260F : 5A;
02610 : 5A;
02611 : 31;
02612 : 0D;
02613 : 0D;
02614 : 5A;
02615 : 5A;
02616 : 5A;
02617 : 11;
02618 : 0D;
02619 : 36;
0261A : 5A;
0261B : 31;
0261C : BA;
0261D : 25;
0261E : 25;
0261F : 25;
02620 : 25;
02621 : 25;
02622 : 25;
02623 : BA;
02624 : 9A;
02625 : 5A;
02626 : 7A;
02627 : 00;
02628 : DA;
02629 : BA;
0262A : 9A;
0262B : 5A;
0262C : 5A;
0262D : 7A;
0262E : 7A;
0262F : 5A;
02630 : 5A;
02631 : 0D;
02632 : 0D;
02633 : 0D;
02634 : 5A;
02635 : 5A;
02636 : 5A;
02637 : 0D;
02638 : 0D;
02639 : 32;
0263A : 31;
0263B : 04;
0263C : 9A;
0263D : 25;
0263E : 25;
0263F : 25;
02640 : 25;
02641 : 25;
02642 : 04;
02643 : BA;
02644 : 5A;
02645 : 56;
02646 : 7A;
02647 : 00;
02648 : DA;
02649 : BA;
0264A : 9A;
0264B : 5A;
0264C : 5A;
0264D : 7A;
0264E : 7A;
0264F : 3A;
02650 : 5A;
02651 : 0D;
02652 : 0D;
02653 : 0D;
02654 : 5A;
02655 : 5A;
02656 : 5A;
02657 : 0D;
02658 : 0D;
02659 : 36;
0265A : 56;
0265B : 00;
0265C : 25;
0265D : 25;
0265E : 25;
0265F : 25;
02660 : 25;
02661 : 25;
02662 : 29;
02663 : 75;
02664 : 5A;
02665 : 35;
02666 : 56;
02667 : 00;
02668 : BA;
02669 : BA;
0266A : BA;
0266B : 5A;
0266C : 5A;
0266D : 7A;
0266E : 7A;
0266F : 36;
02670 : 5A;
02671 : 0D;
02672 : 0D;
02673 : 0D;
02674 : 5A;
02675 : 5A;
02676 : 5A;
02677 : 11;
02678 : 56;
02679 : 0D;
0267A : 04;
0267B : 00;
0267C : 25;
0267D : 25;
0267E : 25;
0267F : 25;
02680 : 25;
02681 : 25;
02682 : 29;
02683 : 29;
02684 : 7A;
02685 : 31;
02686 : 55;
02687 : 00;
02688 : 95;
02689 : 9A;
0268A : BA;
0268B : 7A;
0268C : 5A;
0268D : 7A;
0268E : 5A;
0268F : 9A;
02690 : 56;
02691 : 0D;
02692 : 0D;
02693 : 32;
02694 : 5A;
02695 : 5A;
02696 : 5A;
02697 : 0D;
02698 : 56;
02699 : 09;
0269A : 00;
0269B : 00;
0269C : 25;
0269D : 25;
0269E : 25;
0269F : 25;
026A0 : 25;
026A1 : 25;
026A2 : 24;
026A3 : 00;
026A4 : BA;
026A5 : 09;
026A6 : 00;
026A7 : 04;
026A8 : 00;
026A9 : 29;
026AA : BA;
026AB : BA;
026AC : 5A;
026AD : 5A;
026AE : 5A;
026AF : 9A;
026B0 : 36;
026B1 : 0D;
026B2 : 31;
026B3 : 5A;
026B4 : 5A;
026B5 : 5A;
026B6 : 7A;
026B7 : 31;
026B8 : 5A;
026B9 : 29;
026BA : 00;
026BB : 25;
026BC : 25;
026BD : 25;
026BE : 25;
026BF : 25;
026C0 : 25;
026C1 : 25;
026C2 : 25;
026C3 : 25;
026C4 : BA;
026C5 : 04;
026C6 : 25;
026C7 : 25;
026C8 : 00;
026C9 : 29;
026CA : BA;
026CB : BA;
026CC : 5A;
026CD : 5A;
026CE : 5A;
026CF : 9A;
026D0 : 5A;
026D1 : 7A;
026D2 : 5A;
026D3 : 5A;
026D4 : 5A;
026D5 : 5A;
026D6 : 56;
026D7 : 2D;
026D8 : 5A;
026D9 : 09;
026DA : 00;
026DB : 24;
026DC : 25;
026DD : 25;
026DE : 25;
026DF : 25;
026E0 : 25;
026E1 : 25;
026E2 : 25;
026E3 : 25;
026E4 : BA;
026E5 : 04;
026E6 : 25;
026E7 : 25;
026E8 : 00;
026E9 : 49;
026EA : BA;
026EB : BA;
026EC : 5A;
026ED : 5A;
026EE : 5A;
026EF : 5A;
026F0 : BA;
026F1 : 35;
026F2 : 5A;
026F3 : 5A;
026F4 : 5A;
026F5 : 56;
026F6 : 56;
026F7 : 2D;
026F8 : 5A;
026F9 : 09;
026FA : 00;
026FB : 24;
026FC : 25;
026FD : 25;
026FE : 25;
026FF : 25;
02700 : 25;
02701 : 25;
02702 : 25;
02703 : 25;
02704 : BA;
02705 : 04;
02706 : 25;
02707 : 25;
02708 : 00;
02709 : 4D;
0270A : BA;
0270B : BA;
0270C : 7A;
0270D : 5A;
0270E : 5A;
0270F : 5A;
02710 : BA;
02711 : 56;
02712 : 5A;
02713 : 5A;
02714 : 5A;
02715 : 56;
02716 : 36;
02717 : 2D;
02718 : 7A;
02719 : 0D;
0271A : 00;
0271B : 25;
0271C : 25;
0271D : 25;
0271E : 25;
0271F : 25;
02720 : 25;
02721 : 25;
02722 : 25;
02723 : 25;
02724 : 96;
02725 : 05;
02726 : 25;
02727 : 25;
02728 : 00;
02729 : 4D;
0272A : 9A;
0272B : BA;
0272C : BA;
0272D : 5A;
0272E : 5A;
0272F : 5A;
02730 : BA;
02731 : 55;
02732 : 5A;
02733 : 5A;
02734 : 5A;
02735 : 56;
02736 : 2D;
02737 : 0D;
02738 : 56;
02739 : 29;
0273A : 00;
0273B : 25;
0273C : 25;
0273D : 25;
0273E : 25;
0273F : 25;
02740 : 25;
02741 : 25;
02742 : 25;
02743 : 25;
02744 : 00;
02745 : 25;
02746 : 25;
02747 : 25;
02748 : 00;
02749 : 4D;
0274A : 9A;
0274B : BA;
0274C : BA;
0274D : 56;
0274E : 5A;
0274F : 5A;
02750 : BA;
02751 : 55;
02752 : 5A;
02753 : 5A;
02754 : 5A;
02755 : 56;
02756 : 31;
02757 : 56;
02758 : 09;
02759 : 05;
0275A : 24;
0275B : 25;
0275C : 25;
0275D : 25;
0275E : 25;
0275F : 25;
02760 : 25;
02761 : 25;
02762 : 25;
02763 : 25;
02764 : 00;
02765 : 25;
02766 : 25;
02767 : 25;
02768 : 00;
02769 : 4D;
0276A : 9A;
0276B : BA;
0276C : BA;
0276D : 56;
0276E : 5A;
0276F : 5A;
02770 : BA;
02771 : 55;
02772 : 5A;
02773 : 5A;
02774 : 5A;
02775 : 56;
02776 : 31;
02777 : 5A;
02778 : 04;
02779 : 00;
0277A : 05;
0277B : 25;
0277C : 25;
0277D : 25;
0277E : 25;
0277F : 25;
02780 : 05;
02781 : 25;
02782 : 25;
02783 : 25;
02784 : 25;
02785 : 25;
02786 : 25;
02787 : 25;
02788 : 00;
02789 : 29;
0278A : BA;
0278B : BA;
0278C : BA;
0278D : 7A;
0278E : 5A;
0278F : 5A;
02790 : BA;
02791 : 55;
02792 : 5A;
02793 : 5A;
02794 : 5A;
02795 : 56;
02796 : 11;
02797 : 7A;
02798 : 04;
02799 : 25;
0279A : 25;
0279B : 25;
0279C : 25;
0279D : 25;
0279E : 25;
0279F : 25;
027A0 : 25;
027A1 : 25;
027A2 : 25;
027A3 : 25;
027A4 : 25;
027A5 : 25;
027A6 : 05;
027A7 : 05;
027A8 : 04;
027A9 : 05;
027AA : 09;
027AB : BA;
027AC : BA;
027AD : 9A;
027AE : 7A;
027AF : 5A;
027B0 : BA;
027B1 : 55;
027B2 : 5A;
027B3 : 5A;
027B4 : 56;
027B5 : 32;
027B6 : 31;
027B7 : 5A;
027B8 : 00;
027B9 : 25;
027BA : 25;
027BB : 25;
027BC : 25;
027BD : 25;
027BE : 25;
027BF : 25;
027C0 : 25;
027C1 : 25;
027C2 : 25;
027C3 : 25;
027C4 : 25;
027C5 : 25;
027C6 : 25;
027C7 : 25;
027C8 : 25;
027C9 : 24;
027CA : 00;
027CB : 56;
027CC : BA;
027CD : BA;
027CE : BA;
027CF : 5A;
027D0 : BA;
027D1 : 55;
027D2 : 5A;
027D3 : 5A;
027D4 : 0D;
027D5 : 2D;
027D6 : 2D;
027D7 : 7A;
027D8 : 00;
027D9 : 25;
027DA : 25;
027DB : 25;
027DC : 25;
027DD : 25;
027DE : 25;
027DF : 25;
027E0 : 25;
027E1 : 25;
027E2 : 25;
027E3 : 25;
027E4 : 25;
027E5 : 25;
027E6 : 25;
027E7 : 25;
027E8 : 25;
027E9 : 25;
027EA : 04;
027EB : 7A;
027EC : BA;
027ED : BA;
027EE : BA;
027EF : 5A;
027F0 : BA;
027F1 : 55;
027F2 : 5A;
027F3 : 5A;
027F4 : 2D;
027F5 : 2D;
027F6 : 2D;
027F7 : 7A;
027F8 : 00;
027F9 : 25;
027FA : 25;
027FB : 25;
027FC : 25;
027FD : 25;
027FE : 25;
027FF : 25;
02800 : 25;
02801 : 4D;
02802 : 29;
02803 : 49;
02804 : 49;
02805 : 29;
02806 : 29;
02807 : 49;
02808 : 4D;
02809 : 4D;
0280A : 25;
0280B : 29;
0280C : 29;
0280D : 25;
0280E : 25;
0280F : 25;
02810 : 25;
02811 : 25;
02812 : 49;
02813 : 29;
02814 : 25;
02815 : 25;
02816 : 25;
02817 : 29;
02818 : 29;
02819 : 29;
0281A : 29;
0281B : 49;
0281C : 49;
0281D : 49;
0281E : 49;
0281F : 25;
02820 : 4D;
02821 : 29;
02822 : 29;
02823 : 29;
02824 : 05;
02825 : 29;
02826 : 49;
02827 : 49;
02828 : 71;
02829 : 71;
0282A : 51;
0282B : 71;
0282C : 25;
0282D : 29;
0282E : 71;
0282F : 51;
02830 : 51;
02831 : 4D;
02832 : 4D;
02833 : 25;
02834 : 25;
02835 : 25;
02836 : 51;
02837 : 71;
02838 : 71;
02839 : 51;
0283A : 51;
0283B : 49;
0283C : 25;
0283D : 25;
0283E : 4D;
0283F : 4D;
02840 : 51;
02841 : 29;
02842 : 29;
02843 : 29;
02844 : 05;
02845 : 49;
02846 : 49;
02847 : 51;
02848 : 71;
02849 : 71;
0284A : 51;
0284B : 51;
0284C : 49;
0284D : 25;
0284E : 4D;
0284F : 71;
02850 : 51;
02851 : 4D;
02852 : 71;
02853 : 49;
02854 : 25;
02855 : 25;
02856 : 51;
02857 : 51;
02858 : 71;
02859 : 71;
0285A : 71;
0285B : 4D;
0285C : 49;
0285D : 6D;
0285E : 51;
0285F : 51;
02860 : 51;
02861 : 29;
02862 : 29;
02863 : 29;
02864 : 49;
02865 : 49;
02866 : 71;
02867 : 71;
02868 : 71;
02869 : 51;
0286A : 51;
0286B : 51;
0286C : 29;
0286D : 05;
0286E : 29;
0286F : 51;
02870 : 51;
02871 : 51;
02872 : 71;
02873 : 4D;
02874 : 25;
02875 : 25;
02876 : 51;
02877 : 51;
02878 : 51;
02879 : 71;
0287A : 6D;
0287B : 4D;
0287C : 49;
0287D : 51;
0287E : 4D;
0287F : 51;
02880 : 51;
02881 : 51;
02882 : 51;
02883 : 29;
02884 : 29;
02885 : 71;
02886 : 71;
02887 : 71;
02888 : 71;
02889 : 51;
0288A : 51;
0288B : 71;
0288C : 71;
0288D : 71;
0288E : 49;
0288F : 49;
02890 : 49;
02891 : 71;
02892 : 49;
02893 : 25;
02894 : 29;
02895 : 25;
02896 : 4D;
02897 : 51;
02898 : 4D;
02899 : 4D;
0289A : 49;
0289B : 29;
0289C : 49;
0289D : 6D;
0289E : 51;
0289F : 51;
028A0 : 71;
028A1 : 51;
028A2 : 71;
028A3 : 2D;
028A4 : 29;
028A5 : 71;
028A6 : 71;
028A7 : 51;
028A8 : 71;
028A9 : 51;
028AA : 51;
028AB : 51;
028AC : 51;
028AD : 51;
028AE : 49;
028AF : 49;
028B0 : 49;
028B1 : 71;
028B2 : 29;
028B3 : 05;
028B4 : 25;
028B5 : 25;
028B6 : 29;
028B7 : 4D;
028B8 : 49;
028B9 : 29;
028BA : 29;
028BB : 29;
028BC : 49;
028BD : 71;
028BE : 71;
028BF : 51;
028C0 : 51;
028C1 : 51;
028C2 : 51;
028C3 : 31;
028C4 : 2D;
028C5 : 51;
028C6 : 75;
028C7 : 75;
028C8 : 51;
028C9 : 51;
028CA : 51;
028CB : 51;
028CC : 51;
028CD : 76;
028CE : 49;
028CF : 49;
028D0 : 49;
028D1 : 49;
028D2 : 29;
028D3 : 00;
028D4 : 25;
028D5 : 25;
028D6 : 29;
028D7 : 4D;
028D8 : 49;
028D9 : 29;
028DA : 29;
028DB : 29;
028DC : 49;
028DD : 49;
028DE : 29;
028DF : 51;
028E0 : 75;
028E1 : 75;
028E2 : 75;
028E3 : 31;
028E4 : 4D;
028E5 : 51;
028E6 : 29;
028E7 : 29;
028E8 : 75;
028E9 : 75;
028EA : 75;
028EB : 75;
028EC : 71;
028ED : 4D;
028EE : 49;
028EF : 49;
028F0 : 49;
028F1 : 49;
028F2 : 29;
028F3 : 05;
028F4 : 05;
028F5 : 05;
028F6 : 49;
028F7 : 49;
028F8 : 29;
028F9 : 29;
028FA : 29;
028FB : 29;
028FC : 29;
028FD : 29;
028FE : 29;
028FF : 4D;
02900 : 76;
02901 : 7A;
02902 : 7A;
02903 : 4D;
02904 : 4D;
02905 : 51;
02906 : 29;
02907 : 29;
02908 : 4D;
02909 : 4D;
0290A : 51;
0290B : 51;
0290C : 4D;
0290D : 49;
0290E : 49;
0290F : 49;
02910 : 49;
02911 : 49;
02912 : 05;
02913 : 05;
02914 : 00;
02915 : 00;
02916 : 49;
02917 : 49;
02918 : 29;
02919 : 29;
0291A : 29;
0291B : 29;
0291C : 29;
0291D : 29;
0291E : 29;
0291F : 29;
02920 : 2D;
02921 : 2D;
02922 : 2D;
02923 : 4D;
02924 : 4D;
02925 : 29;
02926 : 29;
02927 : 29;
02928 : 6D;
02929 : 4D;
0292A : 4D;
0292B : 6D;
0292C : 49;
0292D : 49;
0292E : 49;
0292F : 49;
02930 : 49;
02931 : 49;
02932 : 05;
02933 : 04;
02934 : 00;
02935 : 04;
02936 : 49;
02937 : 49;
02938 : 29;
02939 : 29;
0293A : 29;
0293B : 05;
0293C : 29;
0293D : 29;
0293E : 29;
0293F : 29;
02940 : 4D;
02941 : 4D;
02942 : 4D;
02943 : 4D;
02944 : 4D;
02945 : 29;
02946 : 4D;
02947 : 4D;
02948 : 6D;
02949 : 49;
0294A : 49;
0294B : 4D;
0294C : 49;
0294D : 49;
0294E : 49;
0294F : 49;
02950 : 49;
02951 : 7A;
02952 : 29;
02953 : 25;
02954 : 00;
02955 : 00;
02956 : 29;
02957 : 29;
02958 : 29;
02959 : 29;
0295A : 05;
0295B : 00;
0295C : 05;
0295D : 05;
0295E : 29;
0295F : 29;
02960 : 00;
02961 : 4D;
02962 : 4D;
02963 : 4D;
02964 : 4D;
02965 : 05;
02966 : 4D;
02967 : 29;
02968 : 6D;
02969 : 49;
0296A : 49;
0296B : 49;
0296C : 49;
0296D : 49;
0296E : 49;
0296F : 49;
02970 : 29;
02971 : 7A;
02972 : 29;
02973 : 25;
02974 : 00;
02975 : 00;
02976 : 25;
02977 : 29;
02978 : 29;
02979 : 29;
0297A : 00;
0297B : 00;
0297C : 25;
0297D : 25;
0297E : 00;
0297F : 00;
02980 : 4D;
02981 : 4D;
02982 : 05;
02983 : 49;
02984 : 49;
02985 : 00;
02986 : 25;
02987 : 25;
02988 : 29;
02989 : 49;
0298A : 49;
0298B : 49;
0298C : 49;
0298D : 49;
0298E : 29;
0298F : 2D;
02990 : 7A;
02991 : 51;
02992 : 29;
02993 : 29;
02994 : 00;
02995 : 00;
02996 : 25;
02997 : 25;
02998 : 25;
02999 : 25;
0299A : 00;
0299B : 00;
0299C : 25;
0299D : 25;
0299E : 4D;
0299F : 4D;
029A0 : 4D;
029A1 : 29;
029A2 : 25;
029A3 : 25;
029A4 : 25;
029A5 : 00;
029A6 : 00;
029A7 : 25;
029A8 : 49;
029A9 : 29;
029AA : 49;
029AB : 49;
029AC : 49;
029AD : 49;
029AE : 51;
029AF : 51;
029B0 : 51;
029B1 : 51;
029B2 : 29;
029B3 : 29;
029B4 : 00;
029B5 : 00;
029B6 : 29;
029B7 : 29;
029B8 : 05;
029B9 : 05;
029BA : 00;
029BB : 00;
029BC : 25;
029BD : 25;
029BE : 4D;
029BF : 71;
029C0 : 4D;
029C1 : 71;
029C2 : 71;
029C3 : 05;
029C4 : 29;
029C5 : 29;
029C6 : 29;
029C7 : 29;
029C8 : 00;
029C9 : 00;
029CA : 00;
029CB : 04;
029CC : 05;
029CD : 05;
029CE : 51;
029CF : 4D;
029D0 : 4D;
029D1 : 4D;
029D2 : 29;
029D3 : 29;
029D4 : 04;
029D5 : 00;
029D6 : 71;
029D7 : 51;
029D8 : 51;
029D9 : 51;
029DA : 71;
029DB : 49;
029DC : 4D;
029DD : 4D;
029DE : 71;
029DF : 71;
029E0 : 71;
029E1 : 71;
029E2 : 71;
029E3 : 25;
029E4 : 25;
029E5 : 29;
029E6 : 25;
029E7 : 29;
029E8 : 00;
029E9 : 00;
029EA : 00;
029EB : 00;
029EC : 05;
029ED : 00;
029EE : 4D;
029EF : 49;
029F0 : 4D;
029F1 : 4D;
029F2 : 29;
029F3 : 29;
029F4 : 04;
029F5 : 00;
029F6 : 4D;
029F7 : 51;
029F8 : 51;
029F9 : 51;
029FA : 4D;
029FB : 49;
029FC : 4D;
029FD : 4D;
029FE : 71;
029FF : 51;
02A00 : 71;
02A01 : 71;
02A02 : 71;
02A03 : 71;
02A04 : 29;
02A05 : 4D;
02A06 : 4D;
02A07 : 4D;
02A08 : 4D;
02A09 : 4D;
02A0A : 6D;
02A0B : 29;
02A0C : 05;
02A0D : 29;
02A0E : 4D;
02A0F : 4D;
02A10 : 4D;
02A11 : 4D;
02A12 : 25;
02A13 : 25;
02A14 : 25;
02A15 : 25;
02A16 : 29;
02A17 : 4D;
02A18 : 71;
02A19 : 71;
02A1A : 71;
02A1B : 4D;
02A1C : 4D;
02A1D : 4D;
02A1E : 51;
02A1F : 71;
02A20 : 71;
02A21 : 71;
02A22 : 75;
02A23 : 91;
02A24 : 49;
02A25 : 4D;
02A26 : 4D;
02A27 : 4D;
02A28 : 6D;
02A29 : 4D;
02A2A : 6D;
02A2B : 71;
02A2C : 71;
02A2D : 71;
02A2E : 6D;
02A2F : 25;
02A30 : 4D;
02A31 : 4D;
02A32 : 25;
02A33 : 25;
02A34 : 25;
02A35 : 25;
02A36 : 29;
02A37 : 49;
02A38 : 6D;
02A39 : 4D;
02A3A : 4D;
02A3B : 4D;
02A3C : 4D;
02A3D : 4D;
02A3E : 51;
02A3F : 71;
02A40 : 71;
02A41 : 71;
02A42 : 75;
02A43 : 71;
02A44 : 49;
02A45 : 4D;
02A46 : 4D;
02A47 : 4D;
02A48 : 4D;
02A49 : 4D;
02A4A : 6D;
02A4B : 71;
02A4C : 71;
02A4D : 51;
02A4E : 51;
02A4F : 29;
02A50 : 4D;
02A51 : 4D;
02A52 : 25;
02A53 : 25;
02A54 : 25;
02A55 : 25;
02A56 : 29;
02A57 : 29;
02A58 : 6D;
02A59 : 4D;
02A5A : 4D;
02A5B : 4D;
02A5C : 51;
02A5D : 4D;
02A5E : 6D;
02A5F : 71;
02A60 : 71;
02A61 : 76;
02A62 : 9A;
02A63 : 4D;
02A64 : 29;
02A65 : 4D;
02A66 : 4D;
02A67 : 51;
02A68 : 4D;
02A69 : 4D;
02A6A : 51;
02A6B : 51;
02A6C : 51;
02A6D : 4D;
02A6E : 76;
02A6F : 76;
02A70 : 4D;
02A71 : 49;
02A72 : 00;
02A73 : 25;
02A74 : 05;
02A75 : 05;
02A76 : 2D;
02A77 : 56;
02A78 : 51;
02A79 : 4D;
02A7A : 4D;
02A7B : 4D;
02A7C : 4D;
02A7D : 51;
02A7E : 4D;
02A7F : 71;
02A80 : 51;
02A81 : 76;
02A82 : 29;
02A83 : 29;
02A84 : 29;
02A85 : 4D;
02A86 : 51;
02A87 : 51;
02A88 : 4D;
02A89 : 51;
02A8A : 56;
02A8B : 5A;
02A8C : 29;
02A8D : 29;
02A8E : 4D;
02A8F : 4D;
02A90 : 25;
02A91 : 25;
02A92 : 05;
02A93 : 05;
02A94 : 29;
02A95 : 51;
02A96 : 51;
02A97 : 51;
02A98 : 51;
02A99 : 51;
02A9A : 4D;
02A9B : 4D;
02A9C : 4D;
02A9D : 51;
02A9E : 71;
02A9F : 71;
02AA0 : 4D;
02AA1 : 29;
02AA2 : 29;
02AA3 : 29;
02AA4 : 29;
02AA5 : 49;
02AA6 : 75;
02AA7 : 55;
02AA8 : 4D;
02AA9 : 51;
02AAA : 51;
02AAB : 09;
02AAC : 05;
02AAD : 05;
02AAE : 25;
02AAF : 6D;
02AB0 : 25;
02AB1 : 25;
02AB2 : 05;
02AB3 : 29;
02AB4 : 55;
02AB5 : 51;
02AB6 : 71;
02AB7 : 71;
02AB8 : 51;
02AB9 : 51;
02ABA : 29;
02ABB : 29;
02ABC : 29;
02ABD : 29;
02ABE : 51;
02ABF : 4D;
02AC0 : 4D;
02AC1 : 4D;
02AC2 : 29;
02AC3 : 29;
02AC4 : 29;
02AC5 : 4D;
02AC6 : 75;
02AC7 : 75;
02AC8 : 4D;
02AC9 : 51;
02ACA : 6D;
02ACB : 4D;
02ACC : 25;
02ACD : 25;
02ACE : 25;
02ACF : 4D;
02AD0 : 25;
02AD1 : 25;
02AD2 : 04;
02AD3 : 29;
02AD4 : 71;
02AD5 : 71;
02AD6 : 4D;
02AD7 : 6D;
02AD8 : 29;
02AD9 : 29;
02ADA : 49;
02ADB : 29;
02ADC : 29;
02ADD : 51;
02ADE : 49;
02ADF : 4D;
02AE0 : 4D;
02AE1 : 49;
02AE2 : 49;
02AE3 : 29;
02AE4 : 29;
02AE5 : 4D;
02AE6 : 49;
02AE7 : 4D;
02AE8 : 71;
02AE9 : 29;
02AEA : 49;
02AEB : 4D;
02AEC : 05;
02AED : 05;
02AEE : 25;
02AEF : 05;
02AF0 : 05;
02AF1 : 25;
02AF2 : 29;
02AF3 : 4D;
02AF4 : 4D;
02AF5 : 4D;
02AF6 : 4D;
02AF7 : 4D;
02AF8 : 29;
02AF9 : 49;
02AFA : 29;
02AFB : 29;
02AFC : 51;
02AFD : 51;
02AFE : 4D;
02AFF : 51;
02B00 : 51;
02B01 : 4D;
02B02 : 51;
02B03 : 29;
02B04 : 29;
02B05 : 49;
02B06 : 49;
02B07 : 4D;
02B08 : 71;
02B09 : 49;
02B0A : 4D;
02B0B : 4D;
02B0C : 25;
02B0D : 25;
02B0E : 25;
02B0F : 25;
02B10 : 25;
02B11 : 04;
02B12 : 29;
02B13 : 29;
02B14 : 4D;
02B15 : 4D;
02B16 : 4D;
02B17 : 4D;
02B18 : 4D;
02B19 : 4D;
02B1A : 2D;
02B1B : 29;
02B1C : 51;
02B1D : 51;
02B1E : 4D;
02B1F : 4D;
02B20 : 4D;
02B21 : 51;
02B22 : 51;
02B23 : 49;
02B24 : 29;
02B25 : 49;
02B26 : 49;
02B27 : 4D;
02B28 : 49;
02B29 : 49;
02B2A : 49;
02B2B : 49;
02B2C : 25;
02B2D : 25;
02B2E : 25;
02B2F : 05;
02B30 : 00;
02B31 : 24;
02B32 : 49;
02B33 : 4D;
02B34 : 4D;
02B35 : 4D;
02B36 : 4D;
02B37 : 4D;
02B38 : 51;
02B39 : 4D;
02B3A : 49;
02B3B : 49;
02B3C : 51;
02B3D : 51;
02B3E : 4D;
02B3F : 4D;
02B40 : 51;
02B41 : 51;
02B42 : 51;
02B43 : 25;
02B44 : 25;
02B45 : 49;
02B46 : 49;
02B47 : 4D;
02B48 : 49;
02B49 : 49;
02B4A : 6D;
02B4B : 49;
02B4C : 25;
02B4D : 25;
02B4E : 25;
02B4F : 25;
02B50 : 00;
02B51 : 25;
02B52 : 29;
02B53 : 4D;
02B54 : 4D;
02B55 : 4D;
02B56 : 4D;
02B57 : 4D;
02B58 : 4D;
02B59 : 51;
02B5A : 4D;
02B5B : 51;
02B5C : 29;
02B5D : 51;
02B5E : 71;
02B5F : 71;
02B60 : 51;
02B61 : 4D;
02B62 : 29;
02B63 : 29;
02B64 : 25;
02B65 : 49;
02B66 : 49;
02B67 : 49;
02B68 : 6D;
02B69 : 6D;
02B6A : 49;
02B6B : 49;
02B6C : 25;
02B6D : 25;
02B6E : 25;
02B6F : 25;
02B70 : 4D;
02B71 : 25;
02B72 : 05;
02B73 : 29;
02B74 : 29;
02B75 : 4D;
02B76 : 4D;
02B77 : 4D;
02B78 : 4D;
02B79 : 4D;
02B7A : 51;
02B7B : 51;
02B7C : 29;
02B7D : 29;
02B7E : 51;
02B7F : 51;
02B80 : 51;
02B81 : 05;
02B82 : 71;
02B83 : 29;
02B84 : 25;
02B85 : 49;
02B86 : 49;
02B87 : 71;
02B88 : 49;
02B89 : 29;
02B8A : 29;
02B8B : 29;
02B8C : 29;
02B8D : 25;
02B8E : 25;
02B8F : 00;
02B90 : 49;
02B91 : 25;
02B92 : 05;
02B93 : 29;
02B94 : 4D;
02B95 : 4D;
02B96 : 4D;
02B97 : 71;
02B98 : 71;
02B99 : 51;
02B9A : 51;
02B9B : 51;
02B9C : 51;
02B9D : 29;
02B9E : 29;
02B9F : 51;
02BA0 : 4D;
02BA1 : 25;
02BA2 : 29;
02BA3 : 25;
02BA4 : 49;
02BA5 : 29;
02BA6 : 6D;
02BA7 : 49;
02BA8 : 29;
02BA9 : 71;
02BAA : 71;
02BAB : 71;
02BAC : 29;
02BAD : 49;
02BAE : 00;
02BAF : 00;
02BB0 : 4D;
02BB1 : 4D;
02BB2 : 04;
02BB3 : 00;
02BB4 : 25;
02BB5 : 29;
02BB6 : 29;
02BB7 : 29;
02BB8 : 29;
02BB9 : 51;
02BBA : 51;
02BBB : 51;
02BBC : 51;
02BBD : 51;
02BBE : 51;
02BBF : 29;
02BC0 : 25;
02BC1 : 00;
02BC2 : 05;
02BC3 : 49;
02BC4 : 49;
02BC5 : 29;
02BC6 : 29;
02BC7 : 49;
02BC8 : 29;
02BC9 : 71;
02BCA : 71;
02BCB : 71;
02BCC : 71;
02BCD : 29;
02BCE : 49;
02BCF : 04;
02BD0 : 4D;
02BD1 : 25;
02BD2 : 25;
02BD3 : 05;
02BD4 : 4D;
02BD5 : 4D;
02BD6 : 4D;
02BD7 : 4D;
02BD8 : 51;
02BD9 : 51;
02BDA : 51;
02BDB : 51;
02BDC : 51;
02BDD : 51;
02BDE : 29;
02BDF : 29;
02BE0 : 25;
02BE1 : 00;
02BE2 : 49;
02BE3 : 49;
02BE4 : 25;
02BE5 : 29;
02BE6 : 29;
02BE7 : 29;
02BE8 : 71;
02BE9 : 71;
02BEA : 71;
02BEB : 71;
02BEC : 71;
02BED : 4D;
02BEE : 29;
02BEF : 49;
02BF0 : 4D;
02BF1 : 25;
02BF2 : 25;
02BF3 : 25;
02BF4 : 25;
02BF5 : 25;
02BF6 : 4D;
02BF7 : 4D;
02BF8 : 51;
02BF9 : 51;
02BFA : 51;
02BFB : 51;
02BFC : 29;
02BFD : 29;
02BFE : 25;
02BFF : 25;
02C00 : 25;
02C01 : 25;
02C02 : 25;
02C03 : 25;
02C04 : 25;
02C05 : 25;
02C06 : 25;
02C07 : 25;
02C08 : 25;
02C09 : 25;
02C0A : 25;
02C0B : 25;
02C0C : 25;
02C0D : 25;
02C0E : 25;
02C0F : 25;
02C10 : 25;
02C11 : 25;
02C12 : 25;
02C13 : 25;
02C14 : 25;
02C15 : 25;
02C16 : 25;
02C17 : 25;
02C18 : 25;
02C19 : 25;
02C1A : 25;
02C1B : 25;
02C1C : 25;
02C1D : 25;
02C1E : 25;
02C1F : 25;
02C20 : 25;
02C21 : 25;
02C22 : 25;
02C23 : 25;
02C24 : 25;
02C25 : 25;
02C26 : 25;
02C27 : 25;
02C28 : 25;
02C29 : 25;
02C2A : 25;
02C2B : 25;
02C2C : 25;
02C2D : 25;
02C2E : 25;
02C2F : 25;
02C30 : 25;
02C31 : 25;
02C32 : 25;
02C33 : 25;
02C34 : 25;
02C35 : 25;
02C36 : 25;
02C37 : 25;
02C38 : 25;
02C39 : 25;
02C3A : 25;
02C3B : 25;
02C3C : 25;
02C3D : 25;
02C3E : 25;
02C3F : 25;
02C40 : 25;
02C41 : 25;
02C42 : 25;
02C43 : 25;
02C44 : 25;
02C45 : 25;
02C46 : 25;
02C47 : 25;
02C48 : 25;
02C49 : 25;
02C4A : 25;
02C4B : 25;
02C4C : 25;
02C4D : 25;
02C4E : 25;
02C4F : 25;
02C50 : 25;
02C51 : 25;
02C52 : 25;
02C53 : 25;
02C54 : 25;
02C55 : 25;
02C56 : 25;
02C57 : 25;
02C58 : 25;
02C59 : 25;
02C5A : 25;
02C5B : 25;
02C5C : 25;
02C5D : 25;
02C5E : 25;
02C5F : 25;
02C60 : 25;
02C61 : 25;
02C62 : 25;
02C63 : 25;
02C64 : 25;
02C65 : 25;
02C66 : 25;
02C67 : 25;
02C68 : 25;
02C69 : 25;
02C6A : 25;
02C6B : 25;
02C6C : 25;
02C6D : 25;
02C6E : 25;
02C6F : 25;
02C70 : 25;
02C71 : 25;
02C72 : 25;
02C73 : 25;
02C74 : 25;
02C75 : 25;
02C76 : 25;
02C77 : 25;
02C78 : 25;
02C79 : 25;
02C7A : 25;
02C7B : 25;
02C7C : 25;
02C7D : 25;
02C7E : 25;
02C7F : 25;
02C80 : 25;
02C81 : 25;
02C82 : 25;
02C83 : 25;
02C84 : 25;
02C85 : 25;
02C86 : 25;
02C87 : 25;
02C88 : 25;
02C89 : 25;
02C8A : 25;
02C8B : 25;
02C8C : 25;
02C8D : 25;
02C8E : 25;
02C8F : 25;
02C90 : 25;
02C91 : 25;
02C92 : 25;
02C93 : 25;
02C94 : 25;
02C95 : 25;
02C96 : 25;
02C97 : 25;
02C98 : 25;
02C99 : 25;
02C9A : 25;
02C9B : 25;
02C9C : 25;
02C9D : 25;
02C9E : 25;
02C9F : 25;
02CA0 : 25;
02CA1 : 25;
02CA2 : 25;
02CA3 : 25;
02CA4 : 25;
02CA5 : 25;
02CA6 : 25;
02CA7 : 25;
02CA8 : 25;
02CA9 : 25;
02CAA : 25;
02CAB : 25;
02CAC : 25;
02CAD : 25;
02CAE : 25;
02CAF : 25;
02CB0 : D1;
02CB1 : D6;
02CB2 : 25;
02CB3 : 25;
02CB4 : 25;
02CB5 : 25;
02CB6 : 25;
02CB7 : 25;
02CB8 : 25;
02CB9 : 25;
02CBA : 25;
02CBB : 25;
02CBC : 25;
02CBD : 25;
02CBE : 25;
02CBF : 25;
02CC0 : 25;
02CC1 : 25;
02CC2 : 25;
02CC3 : 25;
02CC4 : 25;
02CC5 : 25;
02CC6 : 25;
02CC7 : 25;
02CC8 : 25;
02CC9 : 25;
02CCA : 25;
02CCB : 25;
02CCC : 25;
02CCD : 25;
02CCE : 25;
02CCF : 25;
02CD0 : D6;
02CD1 : D2;
02CD2 : A9;
02CD3 : 25;
02CD4 : 25;
02CD5 : 25;
02CD6 : 25;
02CD7 : 25;
02CD8 : 25;
02CD9 : 25;
02CDA : 25;
02CDB : 25;
02CDC : 25;
02CDD : 25;
02CDE : 25;
02CDF : 25;
02CE0 : 25;
02CE1 : 25;
02CE2 : 25;
02CE3 : 25;
02CE4 : 25;
02CE5 : 25;
02CE6 : 25;
02CE7 : 25;
02CE8 : 25;
02CE9 : 25;
02CEA : 25;
02CEB : 25;
02CEC : 25;
02CED : 25;
02CEE : 25;
02CEF : B1;
02CF0 : D6;
02CF1 : D6;
02CF2 : CD;
02CF3 : 20;
02CF4 : 25;
02CF5 : 25;
02CF6 : 25;
02CF7 : 25;
02CF8 : 25;
02CF9 : 25;
02CFA : 25;
02CFB : 25;
02CFC : 25;
02CFD : 25;
02CFE : 25;
02CFF : 25;
02D00 : 25;
02D01 : 25;
02D02 : 25;
02D03 : 25;
02D04 : 25;
02D05 : 25;
02D06 : 25;
02D07 : 25;
02D08 : 25;
02D09 : 25;
02D0A : 25;
02D0B : 25;
02D0C : 25;
02D0D : 20;
02D0E : 25;
02D0F : DA;
02D10 : D6;
02D11 : D6;
02D12 : C9;
02D13 : 85;
02D14 : 20;
02D15 : 25;
02D16 : 25;
02D17 : 25;
02D18 : 25;
02D19 : 25;
02D1A : 25;
02D1B : 25;
02D1C : 25;
02D1D : 25;
02D1E : 25;
02D1F : 25;
02D20 : 25;
02D21 : 25;
02D22 : 25;
02D23 : 25;
02D24 : 25;
02D25 : 25;
02D26 : 25;
02D27 : 25;
02D28 : 25;
02D29 : 25;
02D2A : 25;
02D2B : 25;
02D2C : 25;
02D2D : 20;
02D2E : DA;
02D2F : D6;
02D30 : D6;
02D31 : D6;
02D32 : C9;
02D33 : C9;
02D34 : 40;
02D35 : 25;
02D36 : 25;
02D37 : 25;
02D38 : 25;
02D39 : 25;
02D3A : 25;
02D3B : 25;
02D3C : 25;
02D3D : 25;
02D3E : 25;
02D3F : 25;
02D40 : 25;
02D41 : 25;
02D42 : 25;
02D43 : 25;
02D44 : 25;
02D45 : 25;
02D46 : 25;
02D47 : 25;
02D48 : 25;
02D49 : 25;
02D4A : 25;
02D4B : 25;
02D4C : 25;
02D4D : B1;
02D4E : D6;
02D4F : D6;
02D50 : D6;
02D51 : D6;
02D52 : C9;
02D53 : C5;
02D54 : C9;
02D55 : 65;
02D56 : 25;
02D57 : 25;
02D58 : 25;
02D59 : 25;
02D5A : 25;
02D5B : 25;
02D5C : 25;
02D5D : 25;
02D5E : 25;
02D5F : 25;
02D60 : 25;
02D61 : 25;
02D62 : 25;
02D63 : 25;
02D64 : 25;
02D65 : 25;
02D66 : 25;
02D67 : 25;
02D68 : 25;
02D69 : 25;
02D6A : 25;
02D6B : 20;
02D6C : 25;
02D6D : D6;
02D6E : DA;
02D6F : D6;
02D70 : D6;
02D71 : D6;
02D72 : C9;
02D73 : C5;
02D74 : C5;
02D75 : 85;
02D76 : 25;
02D77 : 25;
02D78 : 25;
02D79 : 25;
02D7A : 25;
02D7B : 25;
02D7C : 25;
02D7D : 25;
02D7E : 25;
02D7F : 25;
02D80 : 25;
02D81 : 25;
02D82 : 25;
02D83 : 25;
02D84 : 25;
02D85 : 25;
02D86 : 25;
02D87 : 25;
02D88 : 25;
02D89 : 25;
02D8A : 25;
02D8B : 20;
02D8C : D6;
02D8D : D1;
02D8E : D6;
02D8F : D6;
02D90 : D6;
02D91 : D6;
02D92 : CD;
02D93 : C9;
02D94 : C9;
02D95 : C9;
02D96 : A9;
02D97 : 25;
02D98 : 25;
02D99 : 25;
02D9A : 25;
02D9B : 25;
02D9C : 25;
02D9D : 25;
02D9E : 25;
02D9F : 25;
02DA0 : 25;
02DA1 : 25;
02DA2 : 25;
02DA3 : 25;
02DA4 : 25;
02DA5 : 25;
02DA6 : 25;
02DA7 : 25;
02DA8 : 25;
02DA9 : 25;
02DAA : 25;
02DAB : 20;
02DAC : DA;
02DAD : D2;
02DAE : D2;
02DAF : D6;
02DB0 : D6;
02DB1 : D6;
02DB2 : C9;
02DB3 : C9;
02DB4 : C9;
02DB5 : C9;
02DB6 : C9;
02DB7 : 20;
02DB8 : 25;
02DB9 : 25;
02DBA : 25;
02DBB : 25;
02DBC : 25;
02DBD : 25;
02DBE : 25;
02DBF : 25;
02DC0 : 25;
02DC1 : 25;
02DC2 : 25;
02DC3 : 25;
02DC4 : 25;
02DC5 : 25;
02DC6 : 25;
02DC7 : 25;
02DC8 : 25;
02DC9 : 25;
02DCA : 25;
02DCB : 20;
02DCC : D6;
02DCD : CD;
02DCE : CD;
02DCF : D6;
02DD0 : D6;
02DD1 : DA;
02DD2 : D6;
02DD3 : D2;
02DD4 : CE;
02DD5 : A5;
02DD6 : C9;
02DD7 : 20;
02DD8 : 25;
02DD9 : 25;
02DDA : 25;
02DDB : 25;
02DDC : 25;
02DDD : 25;
02DDE : 25;
02DDF : 25;
02DE0 : 25;
02DE1 : 25;
02DE2 : 25;
02DE3 : 20;
02DE4 : 25;
02DE5 : 25;
02DE6 : 25;
02DE7 : 25;
02DE8 : 25;
02DE9 : 25;
02DEA : 25;
02DEB : 20;
02DEC : D6;
02DED : CD;
02DEE : CD;
02DEF : C9;
02DF0 : D6;
02DF1 : DA;
02DF2 : D2;
02DF3 : 85;
02DF4 : CE;
02DF5 : A5;
02DF6 : A9;
02DF7 : 00;
02DF8 : 25;
02DF9 : 25;
02DFA : 25;
02DFB : 25;
02DFC : 25;
02DFD : 25;
02DFE : 25;
02DFF : 25;
02E00 : 25;
02E01 : 25;
02E02 : 20;
02E03 : D2;
02E04 : 25;
02E05 : 20;
02E06 : 25;
02E07 : 25;
02E08 : 25;
02E09 : 25;
02E0A : 25;
02E0B : 20;
02E0C : D6;
02E0D : CD;
02E0E : CD;
02E0F : C9;
02E10 : CE;
02E11 : D6;
02E12 : D2;
02E13 : A9;
02E14 : C9;
02E15 : C9;
02E16 : A9;
02E17 : 00;
02E18 : 25;
02E19 : 25;
02E1A : 25;
02E1B : 25;
02E1C : 25;
02E1D : 25;
02E1E : 25;
02E1F : 25;
02E20 : 25;
02E21 : 25;
02E22 : 20;
02E23 : D6;
02E24 : D6;
02E25 : D6;
02E26 : DA;
02E27 : DA;
02E28 : 25;
02E29 : 25;
02E2A : 25;
02E2B : 20;
02E2C : D6;
02E2D : D2;
02E2E : D2;
02E2F : D2;
02E30 : CD;
02E31 : CE;
02E32 : C9;
02E33 : A5;
02E34 : A5;
02E35 : A5;
02E36 : A9;
02E37 : 00;
02E38 : 25;
02E39 : 25;
02E3A : 25;
02E3B : B1;
02E3C : 8D;
02E3D : 8D;
02E3E : 8D;
02E3F : 25;
02E40 : 25;
02E41 : 25;
02E42 : 20;
02E43 : D2;
02E44 : D2;
02E45 : D6;
02E46 : DA;
02E47 : DA;
02E48 : 25;
02E49 : AD;
02E4A : 25;
02E4B : 20;
02E4C : D6;
02E4D : CD;
02E4E : D2;
02E4F : D6;
02E50 : CE;
02E51 : CE;
02E52 : 81;
02E53 : 85;
02E54 : A5;
02E55 : A5;
02E56 : 85;
02E57 : 00;
02E58 : 25;
02E59 : 25;
02E5A : 20;
02E5B : DA;
02E5C : DA;
02E5D : DA;
02E5E : DA;
02E5F : 25;
02E60 : 25;
02E61 : 25;
02E62 : 20;
02E63 : DA;
02E64 : D2;
02E65 : D6;
02E66 : D2;
02E67 : CD;
02E68 : DA;
02E69 : DA;
02E6A : 25;
02E6B : 20;
02E6C : D6;
02E6D : CD;
02E6E : C9;
02E6F : CD;
02E70 : CD;
02E71 : D2;
02E72 : 85;
02E73 : C9;
02E74 : C5;
02E75 : 89;
02E76 : 45;
02E77 : 00;
02E78 : 20;
02E79 : D6;
02E7A : D6;
02E7B : D6;
02E7C : DA;
02E7D : DA;
02E7E : CD;
02E7F : 25;
02E80 : 25;
02E81 : 25;
02E82 : 20;
02E83 : D6;
02E84 : D6;
02E85 : D6;
02E86 : D2;
02E87 : CD;
02E88 : CD;
02E89 : D6;
02E8A : D6;
02E8B : 20;
02E8C : D6;
02E8D : CD;
02E8E : C9;
02E8F : C9;
02E90 : CD;
02E91 : D2;
02E92 : 85;
02E93 : C9;
02E94 : C9;
02E95 : 89;
02E96 : 45;
02E97 : 00;
02E98 : 8D;
02E99 : D6;
02E9A : D6;
02E9B : D6;
02E9C : D6;
02E9D : D2;
02E9E : D2;
02E9F : 25;
02EA0 : 25;
02EA1 : 25;
02EA2 : 40;
02EA3 : D1;
02EA4 : DA;
02EA5 : D6;
02EA6 : D2;
02EA7 : CD;
02EA8 : CD;
02EA9 : CD;
02EAA : C9;
02EAB : 20;
02EAC : D6;
02EAD : C9;
02EAE : C9;
02EAF : C9;
02EB0 : CD;
02EB1 : D6;
02EB2 : A5;
02EB3 : 85;
02EB4 : C5;
02EB5 : A9;
02EB6 : 45;
02EB7 : 00;
02EB8 : 65;
02EB9 : D6;
02EBA : D6;
02EBB : D6;
02EBC : C9;
02EBD : C9;
02EBE : D2;
02EBF : 25;
02EC0 : 25;
02EC1 : 25;
02EC2 : 40;
02EC3 : D2;
02EC4 : D6;
02EC5 : D6;
02EC6 : D2;
02EC7 : CD;
02EC8 : CD;
02EC9 : CD;
02ECA : A5;
02ECB : 40;
02ECC : D6;
02ECD : C9;
02ECE : C9;
02ECF : C9;
02ED0 : CD;
02ED1 : D6;
02ED2 : 85;
02ED3 : 85;
02ED4 : C9;
02ED5 : A9;
02ED6 : 45;
02ED7 : 00;
02ED8 : 65;
02ED9 : D6;
02EDA : D6;
02EDB : D2;
02EDC : C9;
02EDD : C9;
02EDE : D2;
02EDF : 25;
02EE0 : 25;
02EE1 : 25;
02EE2 : D2;
02EE3 : C9;
02EE4 : C9;
02EE5 : DA;
02EE6 : D2;
02EE7 : CD;
02EE8 : C9;
02EE9 : C9;
02EEA : C9;
02EEB : C5;
02EEC : D6;
02EED : CD;
02EEE : C5;
02EEF : C9;
02EF0 : CD;
02EF1 : D2;
02EF2 : 85;
02EF3 : 85;
02EF4 : C5;
02EF5 : A9;
02EF6 : 20;
02EF7 : 20;
02EF8 : 65;
02EF9 : D6;
02EFA : D2;
02EFB : D2;
02EFC : C9;
02EFD : C9;
02EFE : CD;
02EFF : 25;
02F00 : 25;
02F01 : 25;
02F02 : D2;
02F03 : CD;
02F04 : CD;
02F05 : 85;
02F06 : CD;
02F07 : D2;
02F08 : C9;
02F09 : C9;
02F0A : C9;
02F0B : C9;
02F0C : 61;
02F0D : D6;
02F0E : D2;
02F0F : C5;
02F10 : CD;
02F11 : D2;
02F12 : 85;
02F13 : 85;
02F14 : C9;
02F15 : A9;
02F16 : 65;
02F17 : 20;
02F18 : 65;
02F19 : D2;
02F1A : D2;
02F1B : 85;
02F1C : 81;
02F1D : A5;
02F1E : CD;
02F1F : 25;
02F20 : 25;
02F21 : 25;
02F22 : 20;
02F23 : D2;
02F24 : 85;
02F25 : 85;
02F26 : C9;
02F27 : C9;
02F28 : C9;
02F29 : C9;
02F2A : C9;
02F2B : C9;
02F2C : 61;
02F2D : D6;
02F2E : D2;
02F2F : C5;
02F30 : C9;
02F31 : D2;
02F32 : 85;
02F33 : 85;
02F34 : A5;
02F35 : C9;
02F36 : D2;
02F37 : 20;
02F38 : 65;
02F39 : C9;
02F3A : CD;
02F3B : A1;
02F3C : CE;
02F3D : C9;
02F3E : 20;
02F3F : 25;
02F40 : 25;
02F41 : 25;
02F42 : 20;
02F43 : D2;
02F44 : A5;
02F45 : 85;
02F46 : C9;
02F47 : C9;
02F48 : C9;
02F49 : C9;
02F4A : C9;
02F4B : C9;
02F4C : 61;
02F4D : D6;
02F4E : D2;
02F4F : C5;
02F50 : C9;
02F51 : D2;
02F52 : 85;
02F53 : 85;
02F54 : 40;
02F55 : 85;
02F56 : D2;
02F57 : 20;
02F58 : 65;
02F59 : CD;
02F5A : CD;
02F5B : A1;
02F5C : CE;
02F5D : CD;
02F5E : 24;
02F5F : 25;
02F60 : 25;
02F61 : 25;
02F62 : 20;
02F63 : C9;
02F64 : C9;
02F65 : CE;
02F66 : 85;
02F67 : A5;
02F68 : C9;
02F69 : C9;
02F6A : C9;
02F6B : C9;
02F6C : C9;
02F6D : D6;
02F6E : D2;
02F6F : C5;
02F70 : C9;
02F71 : D2;
02F72 : 85;
02F73 : 61;
02F74 : 45;
02F75 : 61;
02F76 : CE;
02F77 : 65;
02F78 : A9;
02F79 : C9;
02F7A : 85;
02F7B : CE;
02F7C : A5;
02F7D : 61;
02F7E : 00;
02F7F : 25;
02F80 : 25;
02F81 : 25;
02F82 : 20;
02F83 : A9;
02F84 : C9;
02F85 : CD;
02F86 : A5;
02F87 : A5;
02F88 : C9;
02F89 : C9;
02F8A : C9;
02F8B : C9;
02F8C : A5;
02F8D : D6;
02F8E : D2;
02F8F : C5;
02F90 : C9;
02F91 : D2;
02F92 : 85;
02F93 : 65;
02F94 : 41;
02F95 : 65;
02F96 : CE;
02F97 : 65;
02F98 : A9;
02F99 : 85;
02F9A : 65;
02F9B : D2;
02F9C : 85;
02F9D : 45;
02F9E : 25;
02F9F : 25;
02FA0 : 25;
02FA1 : 25;
02FA2 : 25;
02FA3 : 00;
02FA4 : 89;
02FA5 : C9;
02FA6 : A5;
02FA7 : A9;
02FA8 : 85;
02FA9 : C9;
02FAA : C9;
02FAB : C9;
02FAC : 61;
02FAD : CE;
02FAE : D2;
02FAF : C5;
02FB0 : A5;
02FB1 : CE;
02FB2 : 85;
02FB3 : 65;
02FB4 : A9;
02FB5 : C9;
02FB6 : CE;
02FB7 : 61;
02FB8 : 85;
02FB9 : 85;
02FBA : 65;
02FBB : 89;
02FBC : 20;
02FBD : 20;
02FBE : 25;
02FBF : 25;
02FC0 : 25;
02FC1 : 25;
02FC2 : 25;
02FC3 : 20;
02FC4 : 20;
02FC5 : CE;
02FC6 : C9;
02FC7 : A5;
02FC8 : 61;
02FC9 : C9;
02FCA : C5;
02FCB : C9;
02FCC : 61;
02FCD : CE;
02FCE : CE;
02FCF : C5;
02FD0 : A5;
02FD1 : CD;
02FD2 : 89;
02FD3 : 65;
02FD4 : A9;
02FD5 : C9;
02FD6 : CE;
02FD7 : 61;
02FD8 : 41;
02FD9 : 85;
02FDA : 89;
02FDB : 85;
02FDC : 20;
02FDD : 00;
02FDE : 25;
02FDF : 25;
02FE0 : 25;
02FE1 : 25;
02FE2 : 25;
02FE3 : 25;
02FE4 : 25;
02FE5 : 65;
02FE6 : 85;
02FE7 : CE;
02FE8 : A5;
02FE9 : 85;
02FEA : C9;
02FEB : C9;
02FEC : 85;
02FED : 89;
02FEE : A5;
02FEF : D2;
02FF0 : 85;
02FF1 : 89;
02FF2 : 45;
02FF3 : 65;
02FF4 : A9;
02FF5 : C9;
02FF6 : C9;
02FF7 : 61;
02FF8 : 41;
02FF9 : 89;
02FFA : 89;
02FFB : 20;
02FFC : 25;
02FFD : 25;
02FFE : 25;
02FFF : 25;
03000 : 25;
03001 : 25;
03002 : 20;
03003 : 65;
03004 : 65;
03005 : A5;
03006 : C5;
03007 : C5;
03008 : C5;
03009 : 81;
0300A : C5;
0300B : C9;
0300C : 65;
0300D : 89;
0300E : CE;
0300F : 85;
03010 : 61;
03011 : A9;
03012 : C5;
03013 : C9;
03014 : C5;
03015 : 65;
03016 : 85;
03017 : 85;
03018 : 41;
03019 : 65;
0301A : 65;
0301B : 65;
0301C : 20;
0301D : 20;
0301E : 20;
0301F : 25;
03020 : 25;
03021 : 25;
03022 : 25;
03023 : 20;
03024 : 20;
03025 : C5;
03026 : C5;
03027 : C9;
03028 : CE;
03029 : C5;
0302A : C5;
0302B : C5;
0302C : 65;
0302D : 85;
0302E : D2;
0302F : 85;
03030 : 85;
03031 : CE;
03032 : A5;
03033 : C5;
03034 : 65;
03035 : C9;
03036 : CA;
03037 : A5;
03038 : C9;
03039 : 20;
0303A : 20;
0303B : 20;
0303C : 25;
0303D : 25;
0303E : 25;
0303F : 25;
03040 : 25;
03041 : 25;
03042 : 25;
03043 : 25;
03044 : 25;
03045 : 20;
03046 : AD;
03047 : 85;
03048 : C5;
03049 : C5;
0304A : C9;
0304B : CE;
0304C : 20;
0304D : 85;
0304E : CE;
0304F : A5;
03050 : 85;
03051 : 85;
03052 : 81;
03053 : C5;
03054 : 40;
03055 : C9;
03056 : CA;
03057 : A5;
03058 : C5;
03059 : 20;
0305A : 25;
0305B : 25;
0305C : 25;
0305D : 25;
0305E : 25;
0305F : 25;
03060 : 25;
03061 : 25;
03062 : 25;
03063 : 25;
03064 : 25;
03065 : 25;
03066 : A5;
03067 : C9;
03068 : 85;
03069 : 81;
0306A : C5;
0306B : C9;
0306C : 41;
0306D : A5;
0306E : CA;
0306F : CE;
03070 : A5;
03071 : 85;
03072 : A5;
03073 : C5;
03074 : 41;
03075 : CD;
03076 : C9;
03077 : CE;
03078 : C5;
03079 : 41;
0307A : 45;
0307B : 45;
0307C : 45;
0307D : 25;
0307E : 25;
0307F : 25;
03080 : 25;
03081 : 25;
03082 : 25;
03083 : 25;
03084 : 25;
03085 : CD;
03086 : C9;
03087 : C5;
03088 : A5;
03089 : C5;
0308A : C5;
0308B : C5;
0308C : 85;
0308D : A5;
0308E : C9;
0308F : C9;
03090 : C9;
03091 : C9;
03092 : C5;
03093 : C5;
03094 : 40;
03095 : C9;
03096 : CA;
03097 : A5;
03098 : C5;
03099 : 41;
0309A : 20;
0309B : 20;
0309C : 45;
0309D : 45;
0309E : 25;
0309F : 25;
030A0 : 25;
030A1 : 25;
030A2 : 45;
030A3 : 45;
030A4 : 45;
030A5 : D2;
030A6 : CE;
030A7 : A5;
030A8 : C5;
030A9 : C5;
030AA : C9;
030AB : CE;
030AC : 81;
030AD : C9;
030AE : C9;
030AF : C9;
030B0 : C9;
030B1 : C9;
030B2 : C5;
030B3 : C5;
030B4 : 40;
030B5 : CD;
030B6 : C9;
030B7 : CE;
030B8 : C5;
030B9 : 85;
030BA : C5;
030BB : 20;
030BC : 45;
030BD : 45;
030BE : 45;
030BF : 25;
030C0 : 25;
030C1 : 45;
030C2 : 00;
030C3 : 20;
030C4 : D2;
030C5 : A9;
030C6 : C9;
030C7 : C5;
030C8 : C9;
030C9 : C5;
030CA : C9;
030CB : 65;
030CC : A9;
030CD : A5;
030CE : CA;
030CF : CE;
030D0 : A5;
030D1 : 85;
030D2 : A5;
030D3 : C5;
030D4 : 40;
030D5 : A9;
030D6 : A5;
030D7 : C9;
030D8 : C1;
030D9 : A5;
030DA : A5;
030DB : 40;
030DC : 45;
030DD : 45;
030DE : 45;
030DF : 25;
030E0 : 25;
030E1 : 45;
030E2 : 00;
030E3 : 85;
030E4 : D2;
030E5 : C9;
030E6 : C5;
030E7 : C5;
030E8 : CE;
030E9 : A5;
030EA : A9;
030EB : 20;
030EC : D2;
030ED : A5;
030EE : C9;
030EF : C9;
030F0 : C9;
030F1 : C9;
030F2 : C5;
030F3 : C5;
030F4 : 40;
030F5 : 41;
030F6 : 40;
030F7 : D2;
030F8 : D2;
030F9 : A5;
030FA : 85;
030FB : 44;
030FC : 45;
030FD : 45;
030FE : 45;
030FF : 25;
03100 : 25;
03101 : 45;
03102 : 00;
03103 : A5;
03104 : D2;
03105 : CA;
03106 : C9;
03107 : C9;
03108 : 89;
03109 : 65;
0310A : 89;
0310B : 20;
0310C : D2;
0310D : C9;
0310E : C9;
0310F : C9;
03110 : C9;
03111 : C9;
03112 : C5;
03113 : C5;
03114 : 40;
03115 : 20;
03116 : 20;
03117 : D2;
03118 : D2;
03119 : 89;
0311A : CD;
0311B : 40;
0311C : 45;
0311D : 45;
0311E : 25;
0311F : 25;
03120 : 25;
03121 : 45;
03122 : 00;
03123 : CE;
03124 : CE;
03125 : D2;
03126 : 89;
03127 : D6;
03128 : D2;
03129 : 65;
0312A : 00;
0312B : 20;
0312C : D6;
0312D : A5;
0312E : C9;
0312F : CE;
03130 : D2;
03131 : CE;
03132 : C9;
03133 : C5;
03134 : 61;
03135 : 20;
03136 : 00;
03137 : DA;
03138 : 8D;
03139 : CD;
0313A : CE;
0313B : 40;
0313C : 45;
0313D : 45;
0313E : 25;
0313F : 25;
03140 : 25;
03141 : 45;
03142 : 00;
03143 : CE;
03144 : D2;
03145 : 89;
03146 : D6;
03147 : D6;
03148 : 45;
03149 : 20;
0314A : 40;
0314B : 20;
0314C : D2;
0314D : C5;
0314E : C9;
0314F : C9;
03150 : D2;
03151 : CD;
03152 : C9;
03153 : C9;
03154 : A9;
03155 : 65;
03156 : 20;
03157 : 00;
03158 : 45;
03159 : CD;
0315A : 65;
0315B : 44;
0315C : 45;
0315D : 25;
0315E : 25;
0315F : 25;
03160 : 25;
03161 : 45;
03162 : 00;
03163 : DA;
03164 : 8D;
03165 : DA;
03166 : 41;
03167 : 45;
03168 : 45;
03169 : 45;
0316A : 45;
0316B : 40;
0316C : D6;
0316D : C5;
0316E : C9;
0316F : C9;
03170 : D2;
03171 : CE;
03172 : C5;
03173 : C5;
03174 : C5;
03175 : 61;
03176 : 20;
03177 : 00;
03178 : 45;
03179 : 40;
0317A : 40;
0317B : 40;
0317C : 45;
0317D : 25;
0317E : 25;
0317F : 25;
03180 : 25;
03181 : 45;
03182 : 20;
03183 : D6;
03184 : B1;
03185 : D6;
03186 : 45;
03187 : 45;
03188 : 45;
03189 : 45;
0318A : 45;
0318B : 20;
0318C : D6;
0318D : A5;
0318E : C5;
0318F : C9;
03190 : D2;
03191 : CE;
03192 : C9;
03193 : C5;
03194 : C9;
03195 : 85;
03196 : 41;
03197 : 20;
03198 : 45;
03199 : 45;
0319A : 45;
0319B : 45;
0319C : 45;
0319D : 25;
0319E : 25;
0319F : 25;
031A0 : 25;
031A1 : 45;
031A2 : 45;
031A3 : 45;
031A4 : 45;
031A5 : 45;
031A6 : 45;
031A7 : 45;
031A8 : 45;
031A9 : 45;
031AA : 45;
031AB : 00;
031AC : D6;
031AD : A5;
031AE : C9;
031AF : D2;
031B0 : D6;
031B1 : D6;
031B2 : D2;
031B3 : C5;
031B4 : C9;
031B5 : C9;
031B6 : A5;
031B7 : 20;
031B8 : 45;
031B9 : 45;
031BA : 45;
031BB : 45;
031BC : 45;
031BD : 25;
031BE : 25;
031BF : 25;
031C0 : 25;
031C1 : 25;
031C2 : 45;
031C3 : 45;
031C4 : 45;
031C5 : 45;
031C6 : 45;
031C7 : 45;
031C8 : 45;
031C9 : 25;
031CA : 45;
031CB : 00;
031CC : D6;
031CD : A5;
031CE : CD;
031CF : DA;
031D0 : DA;
031D1 : D6;
031D2 : D2;
031D3 : C5;
031D4 : C5;
031D5 : CE;
031D6 : D6;
031D7 : 20;
031D8 : 45;
031D9 : 45;
031DA : 45;
031DB : 45;
031DC : 25;
031DD : 25;
031DE : 25;
031DF : 25;
031E0 : 25;
031E1 : 25;
031E2 : 45;
031E3 : 45;
031E4 : 45;
031E5 : 45;
031E6 : 45;
031E7 : 45;
031E8 : 45;
031E9 : 25;
031EA : 45;
031EB : 00;
031EC : D2;
031ED : D6;
031EE : D6;
031EF : DA;
031F0 : DA;
031F1 : DA;
031F2 : D6;
031F3 : D2;
031F4 : C9;
031F5 : CD;
031F6 : D2;
031F7 : 20;
031F8 : 45;
031F9 : 45;
031FA : 25;
031FB : 45;
031FC : 25;
031FD : 25;
031FE : 25;
031FF : 25;
03200 : 25;
03201 : 25;
03202 : 25;
03203 : 45;
03204 : 45;
03205 : 45;
03206 : 25;
03207 : 45;
03208 : 45;
03209 : 45;
0320A : 45;
0320B : 44;
0320C : D6;
0320D : D6;
0320E : D6;
0320F : DA;
03210 : DA;
03211 : D6;
03212 : D2;
03213 : D2;
03214 : C9;
03215 : CE;
03216 : D6;
03217 : 20;
03218 : 45;
03219 : 45;
0321A : 45;
0321B : 25;
0321C : 25;
0321D : 25;
0321E : 25;
0321F : 25;
03220 : 25;
03221 : 25;
03222 : 25;
03223 : 45;
03224 : 45;
03225 : 25;
03226 : 45;
03227 : 45;
03228 : 45;
03229 : 45;
0322A : 45;
0322B : 20;
0322C : D6;
0322D : D6;
0322E : D6;
0322F : D6;
03230 : DA;
03231 : D6;
03232 : D2;
03233 : D2;
03234 : CE;
03235 : 61;
03236 : 20;
03237 : 45;
03238 : 45;
03239 : 45;
0323A : 25;
0323B : 25;
0323C : 25;
0323D : 25;
0323E : 25;
0323F : 25;
03240 : 25;
03241 : 25;
03242 : 45;
03243 : 45;
03244 : 45;
03245 : 25;
03246 : 25;
03247 : 45;
03248 : 45;
03249 : 45;
0324A : 45;
0324B : 45;
0324C : 00;
0324D : DA;
0324E : D6;
0324F : DA;
03250 : DA;
03251 : D6;
03252 : CE;
03253 : D2;
03254 : D6;
03255 : 65;
03256 : 20;
03257 : 45;
03258 : 45;
03259 : 45;
0325A : 25;
0325B : 25;
0325C : 25;
0325D : 25;
0325E : 25;
0325F : 25;
03260 : 25;
03261 : 25;
03262 : 25;
03263 : 25;
03264 : 45;
03265 : 25;
03266 : 45;
03267 : 45;
03268 : 45;
03269 : 25;
0326A : 45;
0326B : 45;
0326C : 45;
0326D : 20;
0326E : D6;
0326F : D6;
03270 : D6;
03271 : DA;
03272 : D6;
03273 : D6;
03274 : 45;
03275 : 25;
03276 : 45;
03277 : 45;
03278 : 45;
03279 : 25;
0327A : 25;
0327B : 25;
0327C : 25;
0327D : 25;
0327E : 25;
0327F : 25;
03280 : 25;
03281 : 25;
03282 : 25;
03283 : 25;
03284 : 25;
03285 : 25;
03286 : 45;
03287 : 45;
03288 : 45;
03289 : 25;
0328A : 25;
0328B : 45;
0328C : 45;
0328D : 45;
0328E : 00;
0328F : D6;
03290 : D6;
03291 : DA;
03292 : D6;
03293 : DA;
03294 : 20;
03295 : 45;
03296 : 45;
03297 : 45;
03298 : 25;
03299 : 25;
0329A : 25;
0329B : 25;
0329C : 25;
0329D : 25;
0329E : 25;
0329F : 25;
032A0 : 25;
032A1 : 25;
032A2 : 25;
032A3 : 25;
032A4 : 25;
032A5 : 25;
032A6 : 25;
032A7 : 25;
032A8 : 25;
032A9 : 45;
032AA : 45;
032AB : 45;
032AC : 45;
032AD : 45;
032AE : 45;
032AF : 20;
032B0 : 89;
032B1 : D2;
032B2 : DA;
032B3 : 20;
032B4 : 45;
032B5 : 45;
032B6 : 45;
032B7 : 25;
032B8 : 25;
032B9 : 25;
032BA : 25;
032BB : 25;
032BC : 25;
032BD : 25;
032BE : 25;
032BF : 25;
032C0 : 25;
032C1 : 25;
032C2 : 25;
032C3 : 25;
032C4 : 25;
032C5 : 25;
032C6 : 25;
032C7 : 25;
032C8 : 25;
032C9 : 25;
032CA : 25;
032CB : 45;
032CC : 45;
032CD : 45;
032CE : 45;
032CF : 25;
032D0 : 65;
032D1 : D2;
032D2 : B1;
032D3 : 00;
032D4 : 45;
032D5 : 45;
032D6 : 45;
032D7 : 25;
032D8 : 25;
032D9 : 25;
032DA : 25;
032DB : 25;
032DC : 25;
032DD : 25;
032DE : 25;
032DF : 25;
032E0 : 25;
032E1 : 25;
032E2 : 25;
032E3 : 25;
032E4 : 25;
032E5 : 25;
032E6 : 25;
032E7 : 25;
032E8 : 25;
032E9 : 25;
032EA : 25;
032EB : 25;
032EC : 25;
032ED : 45;
032EE : 45;
032EF : 25;
032F0 : 45;
032F1 : 45;
032F2 : 45;
032F3 : 25;
032F4 : 45;
032F5 : 25;
032F6 : 25;
032F7 : 25;
032F8 : 25;
032F9 : 25;
032FA : 25;
032FB : 25;
032FC : 25;
032FD : 25;
032FE : 25;
032FF : 25;
03300 : 25;
03301 : 25;
03302 : 25;
03303 : 25;
03304 : 25;
03305 : 25;
03306 : 25;
03307 : 25;
03308 : 25;
03309 : 25;
0330A : 25;
0330B : 25;
0330C : 25;
0330D : 25;
0330E : 25;
0330F : 45;
03310 : 45;
03311 : 45;
03312 : 25;
03313 : 45;
03314 : 25;
03315 : 25;
03316 : 25;
03317 : 25;
03318 : 25;
03319 : 25;
0331A : 25;
0331B : 25;
0331C : 25;
0331D : 25;
0331E : 25;
0331F : 25;
03320 : 25;
03321 : 25;
03322 : 25;
03323 : 25;
03324 : 25;
03325 : 25;
03326 : 25;
03327 : 25;
03328 : 25;
03329 : 25;
0332A : 25;
0332B : 25;
0332C : 25;
0332D : 25;
0332E : 25;
0332F : 25;
03330 : 25;
03331 : 45;
03332 : 45;
03333 : 25;
03334 : 25;
03335 : 25;
03336 : 25;
03337 : 25;
03338 : 25;
03339 : 25;
0333A : 25;
0333B : 25;
0333C : 25;
0333D : 25;
0333E : 25;
0333F : 25;
03340 : 25;
03341 : 25;
03342 : 25;
03343 : 25;
03344 : 25;
03345 : 25;
03346 : 25;
03347 : 25;
03348 : 25;
03349 : 25;
0334A : 25;
0334B : 25;
0334C : 25;
0334D : 25;
0334E : 25;
0334F : 25;
03350 : 25;
03351 : 25;
03352 : 25;
03353 : 25;
03354 : 25;
03355 : 25;
03356 : 25;
03357 : 25;
03358 : 25;
03359 : 25;
0335A : 25;
0335B : 25;
0335C : 25;
0335D : 25;
0335E : 25;
0335F : 25;
03360 : 25;
03361 : 25;
03362 : 25;
03363 : 25;
03364 : 25;
03365 : 25;
03366 : 25;
03367 : 25;
03368 : 25;
03369 : 25;
0336A : 25;
0336B : 25;
0336C : 25;
0336D : 25;
0336E : 25;
0336F : 25;
03370 : 25;
03371 : 25;
03372 : 25;
03373 : 25;
03374 : 25;
03375 : 25;
03376 : 25;
03377 : 25;
03378 : 25;
03379 : 25;
0337A : 25;
0337B : 25;
0337C : 25;
0337D : 25;
0337E : 25;
0337F : 25;
03380 : 25;
03381 : 25;
03382 : 25;
03383 : 25;
03384 : 25;
03385 : 25;
03386 : 25;
03387 : 25;
03388 : 25;
03389 : 25;
0338A : 25;
0338B : 25;
0338C : 25;
0338D : 25;
0338E : 25;
0338F : 25;
03390 : 25;
03391 : 25;
03392 : 25;
03393 : 25;
03394 : 25;
03395 : 25;
03396 : 25;
03397 : 25;
03398 : 25;
03399 : 25;
0339A : 25;
0339B : 25;
0339C : 25;
0339D : 25;
0339E : 25;
0339F : 25;
033A0 : 25;
033A1 : 25;
033A2 : 25;
033A3 : 25;
033A4 : 25;
033A5 : 25;
033A6 : 25;
033A7 : 25;
033A8 : 25;
033A9 : 25;
033AA : 25;
033AB : 25;
033AC : 25;
033AD : 25;
033AE : 25;
033AF : 25;
033B0 : 25;
033B1 : 25;
033B2 : 25;
033B3 : 25;
033B4 : 25;
033B5 : 25;
033B6 : 25;
033B7 : 25;
033B8 : 25;
033B9 : 25;
033BA : 25;
033BB : 25;
033BC : 25;
033BD : 25;
033BE : 25;
033BF : 25;
033C0 : 25;
033C1 : 25;
033C2 : 25;
033C3 : 25;
033C4 : 25;
033C5 : 25;
033C6 : 25;
033C7 : 25;
033C8 : 25;
033C9 : 25;
033CA : 25;
033CB : 25;
033CC : 25;
033CD : 25;
033CE : 25;
033CF : 25;
033D0 : 25;
033D1 : 25;
033D2 : 25;
033D3 : 25;
033D4 : 25;
033D5 : 25;
033D6 : 25;
033D7 : 25;
033D8 : 25;
033D9 : 25;
033DA : 25;
033DB : 25;
033DC : 25;
033DD : 25;
033DE : 25;
033DF : 25;
033E0 : 25;
033E1 : 25;
033E2 : 25;
033E3 : 25;
033E4 : 25;
033E5 : 25;
033E6 : 25;
033E7 : 25;
033E8 : 25;
033E9 : 25;
033EA : 25;
033EB : 25;
033EC : 25;
033ED : 25;
033EE : 25;
033EF : 25;
033F0 : 25;
033F1 : 25;
033F2 : 25;
033F3 : 25;
033F4 : 25;
033F5 : 25;
033F6 : 25;
033F7 : 25;
033F8 : 25;
033F9 : 25;
033FA : 25;
033FB : 25;
033FC : 25;
033FD : 25;
033FE : 25;
033FF : 25;
03400 : 25;
03401 : 25;
03402 : 25;
03403 : 25;
03404 : 25;
03405 : 25;
03406 : 25;
03407 : 25;
03408 : 25;
03409 : 95;
0340A : BA;
0340B : DA;
0340C : 9A;
0340D : BA;
0340E : BA;
0340F : 7A;
03410 : 5A;
03411 : 5A;
03412 : 5A;
03413 : 56;
03414 : 25;
03415 : 25;
03416 : 25;
03417 : 25;
03418 : 25;
03419 : 25;
0341A : 25;
0341B : 25;
0341C : 25;
0341D : 25;
0341E : 25;
0341F : 25;
03420 : 25;
03421 : 25;
03422 : 25;
03423 : 25;
03424 : 25;
03425 : 25;
03426 : 25;
03427 : 25;
03428 : 25;
03429 : 75;
0342A : BA;
0342B : BA;
0342C : 7A;
0342D : 7A;
0342E : BA;
0342F : 7A;
03430 : 5A;
03431 : 5A;
03432 : 5A;
03433 : 56;
03434 : 25;
03435 : 25;
03436 : 25;
03437 : 25;
03438 : 25;
03439 : 25;
0343A : 25;
0343B : 25;
0343C : 25;
0343D : 25;
0343E : 25;
0343F : 25;
03440 : 25;
03441 : 25;
03442 : 25;
03443 : 25;
03444 : 25;
03445 : 25;
03446 : 25;
03447 : 25;
03448 : 25;
03449 : 51;
0344A : 55;
0344B : BA;
0344C : 7A;
0344D : 7A;
0344E : BA;
0344F : 7A;
03450 : 5A;
03451 : 5A;
03452 : 7A;
03453 : 25;
03454 : 25;
03455 : 25;
03456 : 25;
03457 : 25;
03458 : 25;
03459 : 25;
0345A : 25;
0345B : 25;
0345C : 25;
0345D : 25;
0345E : 25;
0345F : 25;
03460 : 25;
03461 : 25;
03462 : 25;
03463 : 25;
03464 : 25;
03465 : 25;
03466 : 25;
03467 : 25;
03468 : 25;
03469 : 4D;
0346A : 55;
0346B : BA;
0346C : 7A;
0346D : 9A;
0346E : BA;
0346F : BA;
03470 : 9A;
03471 : 5A;
03472 : 7A;
03473 : 25;
03474 : 25;
03475 : 25;
03476 : 25;
03477 : 25;
03478 : 25;
03479 : 25;
0347A : 25;
0347B : 25;
0347C : 25;
0347D : 25;
0347E : 25;
0347F : 25;
03480 : 25;
03481 : 25;
03482 : 25;
03483 : 25;
03484 : 25;
03485 : 25;
03486 : 25;
03487 : 25;
03488 : 25;
03489 : 4D;
0348A : 51;
0348B : BA;
0348C : 7A;
0348D : 9A;
0348E : BA;
0348F : BA;
03490 : 9A;
03491 : 56;
03492 : 51;
03493 : 25;
03494 : 25;
03495 : 25;
03496 : 25;
03497 : 25;
03498 : 25;
03499 : 25;
0349A : 25;
0349B : 25;
0349C : 25;
0349D : 25;
0349E : 25;
0349F : 25;
034A0 : 25;
034A1 : 25;
034A2 : 25;
034A3 : 25;
034A4 : 25;
034A5 : 25;
034A6 : 25;
034A7 : 25;
034A8 : 25;
034A9 : 4D;
034AA : 31;
034AB : BA;
034AC : 9A;
034AD : 9A;
034AE : BA;
034AF : 9A;
034B0 : 7A;
034B1 : 56;
034B2 : 51;
034B3 : 25;
034B4 : 25;
034B5 : 25;
034B6 : 25;
034B7 : 25;
034B8 : 25;
034B9 : 25;
034BA : 25;
034BB : 25;
034BC : 25;
034BD : 25;
034BE : 25;
034BF : 25;
034C0 : 25;
034C1 : 25;
034C2 : 25;
034C3 : 25;
034C4 : 25;
034C5 : 25;
034C6 : 25;
034C7 : 25;
034C8 : 25;
034C9 : 2D;
034CA : 31;
034CB : BA;
034CC : BA;
034CD : BA;
034CE : BA;
034CF : 7A;
034D0 : 7A;
034D1 : 31;
034D2 : 51;
034D3 : 25;
034D4 : 25;
034D5 : 25;
034D6 : 25;
034D7 : 25;
034D8 : 25;
034D9 : 25;
034DA : 25;
034DB : 25;
034DC : 25;
034DD : 25;
034DE : 25;
034DF : 25;
034E0 : 25;
034E1 : 25;
034E2 : 25;
034E3 : 25;
034E4 : 25;
034E5 : 25;
034E6 : 25;
034E7 : 25;
034E8 : 25;
034E9 : 4D;
034EA : 51;
034EB : BA;
034EC : BA;
034ED : BA;
034EE : BA;
034EF : 7A;
034F0 : 7A;
034F1 : 35;
034F2 : 51;
034F3 : 25;
034F4 : 25;
034F5 : 25;
034F6 : 25;
034F7 : 25;
034F8 : 25;
034F9 : 25;
034FA : 25;
034FB : 25;
034FC : 25;
034FD : 25;
034FE : 25;
034FF : 25;
03500 : 25;
03501 : 25;
03502 : 25;
03503 : 25;
03504 : 25;
03505 : 25;
03506 : 25;
03507 : 25;
03508 : 25;
03509 : 25;
0350A : 25;
0350B : 9A;
0350C : BA;
0350D : BA;
0350E : BA;
0350F : 7A;
03510 : 7A;
03511 : 36;
03512 : 31;
03513 : 25;
03514 : 25;
03515 : 25;
03516 : 25;
03517 : 25;
03518 : 25;
03519 : 25;
0351A : 25;
0351B : 25;
0351C : 25;
0351D : 25;
0351E : 25;
0351F : 25;
03520 : 25;
03521 : 25;
03522 : 25;
03523 : 25;
03524 : 25;
03525 : 25;
03526 : 25;
03527 : 25;
03528 : 25;
03529 : 25;
0352A : 25;
0352B : 9A;
0352C : BA;
0352D : BA;
0352E : BA;
0352F : 7A;
03530 : 7A;
03531 : 36;
03532 : 51;
03533 : 25;
03534 : 25;
03535 : 25;
03536 : 25;
03537 : 25;
03538 : 25;
03539 : 25;
0353A : 25;
0353B : 25;
0353C : 25;
0353D : 25;
0353E : 25;
0353F : 25;
03540 : 25;
03541 : 25;
03542 : 25;
03543 : 25;
03544 : 25;
03545 : 25;
03546 : 25;
03547 : 25;
03548 : 25;
03549 : 25;
0354A : 25;
0354B : 9A;
0354C : BA;
0354D : BA;
0354E : BA;
0354F : 7A;
03550 : 7A;
03551 : 51;
03552 : 2D;
03553 : 25;
03554 : 25;
03555 : 25;
03556 : 25;
03557 : 25;
03558 : 25;
03559 : 25;
0355A : 25;
0355B : 25;
0355C : 25;
0355D : 25;
0355E : 25;
0355F : 25;
03560 : 25;
03561 : 25;
03562 : 25;
03563 : 25;
03564 : 25;
03565 : 25;
03566 : 25;
03567 : 25;
03568 : 25;
03569 : 25;
0356A : 25;
0356B : 7A;
0356C : BA;
0356D : BA;
0356E : BA;
0356F : 7A;
03570 : 7A;
03571 : 55;
03572 : 29;
03573 : 25;
03574 : 25;
03575 : 25;
03576 : 25;
03577 : 25;
03578 : 25;
03579 : 25;
0357A : 25;
0357B : 25;
0357C : 25;
0357D : 25;
0357E : 25;
0357F : 25;
03580 : 25;
03581 : 25;
03582 : 25;
03583 : 25;
03584 : 25;
03585 : 25;
03586 : 25;
03587 : 25;
03588 : 25;
03589 : 25;
0358A : 25;
0358B : 7A;
0358C : BA;
0358D : BA;
0358E : BA;
0358F : 5A;
03590 : 36;
03591 : 2D;
03592 : 25;
03593 : 25;
03594 : 25;
03595 : 25;
03596 : 25;
03597 : 25;
03598 : 25;
03599 : 25;
0359A : 25;
0359B : 25;
0359C : 25;
0359D : 25;
0359E : 25;
0359F : 25;
035A0 : 25;
035A1 : 25;
035A2 : 25;
035A3 : 25;
035A4 : 25;
035A5 : 25;
035A6 : 25;
035A7 : 25;
035A8 : 25;
035A9 : 25;
035AA : 25;
035AB : 7A;
035AC : BA;
035AD : BA;
035AE : BA;
035AF : 7A;
035B0 : 36;
035B1 : 2D;
035B2 : 25;
035B3 : 25;
035B4 : 25;
035B5 : 25;
035B6 : 25;
035B7 : 25;
035B8 : 25;
035B9 : 25;
035BA : 25;
035BB : 25;
035BC : 25;
035BD : 25;
035BE : 25;
035BF : 25;
035C0 : 25;
035C1 : 25;
035C2 : 25;
035C3 : 25;
035C4 : 25;
035C5 : 25;
035C6 : 25;
035C7 : 25;
035C8 : 25;
035C9 : 25;
035CA : 25;
035CB : 25;
035CC : BA;
035CD : BA;
035CE : BA;
035CF : 7A;
035D0 : 36;
035D1 : 2D;
035D2 : 25;
035D3 : 25;
035D4 : 25;
035D5 : 25;
035D6 : 25;
035D7 : 25;
035D8 : 25;
035D9 : 25;
035DA : 25;
035DB : 25;
035DC : 25;
035DD : 25;
035DE : 25;
035DF : 25;
035E0 : 25;
035E1 : 25;
035E2 : 25;
035E3 : 25;
035E4 : 25;
035E5 : 25;
035E6 : 25;
035E7 : 25;
035E8 : 25;
035E9 : 25;
035EA : 25;
035EB : 25;
035EC : BA;
035ED : BA;
035EE : BA;
035EF : 7A;
035F0 : 36;
035F1 : 2D;
035F2 : 25;
035F3 : 25;
035F4 : 25;
035F5 : 25;
035F6 : 25;
035F7 : 25;
035F8 : 25;
035F9 : 25;
035FA : 25;
035FB : 25;
035FC : 25;
035FD : 25;
035FE : 25;
035FF : 25;
03600 : 25;
03601 : 25;
03602 : 25;
03603 : 25;
03604 : 25;
03605 : 25;
03606 : 25;
03607 : 25;
03608 : 25;
03609 : 25;
0360A : 25;
0360B : 25;
0360C : BA;
0360D : BA;
0360E : BA;
0360F : 7A;
03610 : 09;
03611 : 25;
03612 : 25;
03613 : 25;
03614 : 25;
03615 : 25;
03616 : 25;
03617 : 25;
03618 : 25;
03619 : 25;
0361A : 25;
0361B : 25;
0361C : 25;
0361D : 25;
0361E : 25;
0361F : 25;
03620 : 25;
03621 : 25;
03622 : 25;
03623 : 25;
03624 : 25;
03625 : 25;
03626 : 25;
03627 : 25;
03628 : 25;
03629 : 25;
0362A : 25;
0362B : 25;
0362C : BA;
0362D : 9A;
0362E : BA;
0362F : 7A;
03630 : 05;
03631 : 25;
03632 : 25;
03633 : 25;
03634 : 25;
03635 : 25;
03636 : 25;
03637 : 25;
03638 : 25;
03639 : 25;
0363A : 25;
0363B : 25;
0363C : 25;
0363D : 25;
0363E : 25;
0363F : 25;
03640 : 25;
03641 : 25;
03642 : 25;
03643 : 25;
03644 : 25;
03645 : 25;
03646 : 25;
03647 : 25;
03648 : 25;
03649 : 25;
0364A : 25;
0364B : 25;
0364C : BA;
0364D : 9A;
0364E : BA;
0364F : 5A;
03650 : 05;
03651 : 25;
03652 : 25;
03653 : 25;
03654 : 25;
03655 : 25;
03656 : 25;
03657 : 25;
03658 : 25;
03659 : 25;
0365A : 25;
0365B : 25;
0365C : 25;
0365D : 25;
0365E : 25;
0365F : 25;
03660 : 25;
03661 : 25;
03662 : 25;
03663 : 25;
03664 : 25;
03665 : 25;
03666 : 25;
03667 : 25;
03668 : 25;
03669 : 25;
0366A : 25;
0366B : 25;
0366C : BA;
0366D : 7A;
0366E : 9A;
0366F : 56;
03670 : 05;
03671 : 25;
03672 : 25;
03673 : 25;
03674 : 25;
03675 : 25;
03676 : 25;
03677 : 25;
03678 : 25;
03679 : 25;
0367A : 25;
0367B : 25;
0367C : 25;
0367D : 25;
0367E : 25;
0367F : 25;
03680 : 25;
03681 : 25;
03682 : 25;
03683 : 25;
03684 : 25;
03685 : 25;
03686 : 25;
03687 : 25;
03688 : 25;
03689 : 25;
0368A : 25;
0368B : 25;
0368C : 9A;
0368D : 76;
0368E : 7A;
0368F : 56;
03690 : 09;
03691 : 25;
03692 : 25;
03693 : 25;
03694 : 25;
03695 : 25;
03696 : 25;
03697 : 25;
03698 : 25;
03699 : 25;
0369A : 25;
0369B : 25;
0369C : 25;
0369D : 25;
0369E : 25;
0369F : 25;
036A0 : 25;
036A1 : 25;
036A2 : 25;
036A3 : 25;
036A4 : 25;
036A5 : 25;
036A6 : 25;
036A7 : 25;
036A8 : 25;
036A9 : 25;
036AA : 25;
036AB : 25;
036AC : 9A;
036AD : 56;
036AE : 7A;
036AF : 31;
036B0 : 09;
036B1 : 25;
036B2 : 25;
036B3 : 25;
036B4 : 25;
036B5 : 25;
036B6 : 25;
036B7 : 25;
036B8 : 25;
036B9 : 25;
036BA : 25;
036BB : 25;
036BC : 25;
036BD : 25;
036BE : 25;
036BF : 25;
036C0 : 25;
036C1 : 25;
036C2 : 25;
036C3 : 25;
036C4 : 25;
036C5 : 25;
036C6 : 25;
036C7 : 25;
036C8 : 25;
036C9 : 25;
036CA : 25;
036CB : 25;
036CC : 9A;
036CD : 35;
036CE : 5A;
036CF : 31;
036D0 : 09;
036D1 : 25;
036D2 : 25;
036D3 : 25;
036D4 : 25;
036D5 : 25;
036D6 : 25;
036D7 : 25;
036D8 : 25;
036D9 : 25;
036DA : 25;
036DB : 25;
036DC : 25;
036DD : 25;
036DE : 25;
036DF : 25;
036E0 : 25;
036E1 : 25;
036E2 : 25;
036E3 : 25;
036E4 : 25;
036E5 : 25;
036E6 : 25;
036E7 : 25;
036E8 : 25;
036E9 : 25;
036EA : 25;
036EB : 25;
036EC : 9A;
036ED : 36;
036EE : 5A;
036EF : 36;
036F0 : 09;
036F1 : 25;
036F2 : 25;
036F3 : 25;
036F4 : 25;
036F5 : 25;
036F6 : 25;
036F7 : 25;
036F8 : 25;
036F9 : 25;
036FA : 25;
036FB : 25;
036FC : 25;
036FD : 25;
036FE : 25;
036FF : 25;
03700 : 25;
03701 : 25;
03702 : 25;
03703 : 25;
03704 : 25;
03705 : 25;
03706 : 25;
03707 : 25;
03708 : 25;
03709 : 25;
0370A : 25;
0370B : 25;
0370C : 9A;
0370D : 35;
0370E : 5A;
0370F : 36;
03710 : 05;
03711 : 25;
03712 : 25;
03713 : 25;
03714 : 25;
03715 : 25;
03716 : 25;
03717 : 25;
03718 : 25;
03719 : 25;
0371A : 25;
0371B : 25;
0371C : 25;
0371D : 25;
0371E : 25;
0371F : 25;
03720 : 25;
03721 : 25;
03722 : 25;
03723 : 25;
03724 : 25;
03725 : 25;
03726 : 25;
03727 : 25;
03728 : 25;
03729 : 25;
0372A : 25;
0372B : 25;
0372C : 9A;
0372D : 35;
0372E : 5A;
0372F : 36;
03730 : 05;
03731 : 25;
03732 : 25;
03733 : 25;
03734 : 25;
03735 : 25;
03736 : 25;
03737 : 25;
03738 : 25;
03739 : 25;
0373A : 25;
0373B : 25;
0373C : 25;
0373D : 25;
0373E : 25;
0373F : 25;
03740 : 25;
03741 : 25;
03742 : 25;
03743 : 25;
03744 : 25;
03745 : 25;
03746 : 25;
03747 : 25;
03748 : 25;
03749 : 25;
0374A : 25;
0374B : 25;
0374C : 76;
0374D : 31;
0374E : 5A;
0374F : 31;
03750 : 04;
03751 : 25;
03752 : 25;
03753 : 25;
03754 : 25;
03755 : 25;
03756 : 25;
03757 : 25;
03758 : 25;
03759 : 25;
0375A : 25;
0375B : 25;
0375C : 25;
0375D : 25;
0375E : 25;
0375F : 25;
03760 : 25;
03761 : 25;
03762 : 25;
03763 : 25;
03764 : 25;
03765 : 25;
03766 : 25;
03767 : 25;
03768 : 25;
03769 : 25;
0376A : 25;
0376B : 25;
0376C : 75;
0376D : 2D;
0376E : 56;
0376F : 51;
03770 : 04;
03771 : 25;
03772 : 25;
03773 : 25;
03774 : 25;
03775 : 25;
03776 : 25;
03777 : 25;
03778 : 25;
03779 : 25;
0377A : 25;
0377B : 25;
0377C : 25;
0377D : 25;
0377E : 25;
0377F : 25;
03780 : 25;
03781 : 25;
03782 : 25;
03783 : 25;
03784 : 25;
03785 : 25;
03786 : 25;
03787 : 25;
03788 : 25;
03789 : 25;
0378A : 25;
0378B : 25;
0378C : 25;
0378D : 05;
0378E : 56;
0378F : 25;
03790 : 25;
03791 : 25;
03792 : 25;
03793 : 25;
03794 : 25;
03795 : 25;
03796 : 25;
03797 : 25;
03798 : 25;
03799 : 25;
0379A : 25;
0379B : 25;
0379C : 25;
0379D : 25;
0379E : 25;
0379F : 25;
037A0 : 25;
037A1 : 25;
037A2 : 25;
037A3 : 25;
037A4 : 25;
037A5 : 25;
037A6 : 25;
037A7 : 25;
037A8 : 25;
037A9 : 25;
037AA : 25;
037AB : 25;
037AC : 25;
037AD : 05;
037AE : 76;
037AF : 25;
037B0 : 25;
037B1 : 25;
037B2 : 25;
037B3 : 25;
037B4 : 25;
037B5 : 25;
037B6 : 25;
037B7 : 25;
037B8 : 25;
037B9 : 25;
037BA : 25;
037BB : 25;
037BC : 25;
037BD : 25;
037BE : 25;
037BF : 25;
037C0 : 25;
037C1 : 25;
037C2 : 25;
037C3 : 25;
037C4 : 25;
037C5 : 25;
037C6 : 25;
037C7 : 25;
037C8 : 25;
037C9 : 25;
037CA : 25;
037CB : 25;
037CC : 25;
037CD : 25;
037CE : 25;
037CF : 25;
037D0 : 25;
037D1 : 25;
037D2 : 25;
037D3 : 25;
037D4 : 25;
037D5 : 25;
037D6 : 25;
037D7 : 25;
037D8 : 25;
037D9 : 25;
037DA : 25;
037DB : 25;
037DC : 25;
037DD : 25;
037DE : 25;
037DF : 25;
037E0 : 25;
037E1 : 25;
037E2 : 25;
037E3 : 25;
037E4 : 25;
037E5 : 25;
037E6 : 25;
037E7 : 25;
037E8 : 25;
037E9 : 25;
037EA : 25;
037EB : 25;
037EC : 25;
037ED : 25;
037EE : 25;
037EF : 25;
037F0 : 25;
037F1 : 25;
037F2 : 25;
037F3 : 25;
037F4 : 25;
037F5 : 25;
037F6 : 25;
037F7 : 25;
037F8 : 25;
037F9 : 25;
037FA : 25;
037FB : 25;
037FC : 25;
037FD : 25;
037FE : 25;
037FF : 25;
03800 : 25;
03801 : 25;
03802 : 25;
03803 : 25;
03804 : 25;
03805 : 25;
03806 : 25;
03807 : 25;
03808 : 25;
03809 : 25;
0380A : 25;
0380B : 25;
0380C : 25;
0380D : 25;
0380E : 25;
0380F : 25;
03810 : 25;
03811 : 25;
03812 : 25;
03813 : 25;
03814 : 25;
03815 : 25;
03816 : 25;
03817 : 25;
03818 : 25;
03819 : 25;
0381A : 25;
0381B : 25;
0381C : 25;
0381D : 25;
0381E : 25;
0381F : 25;
03820 : 25;
03821 : 25;
03822 : 25;
03823 : 25;
03824 : 25;
03825 : 25;
03826 : 25;
03827 : 25;
03828 : 25;
03829 : 25;
0382A : 25;
0382B : 25;
0382C : 25;
0382D : 25;
0382E : 25;
0382F : 25;
03830 : 25;
03831 : 25;
03832 : 25;
03833 : 25;
03834 : 25;
03835 : 25;
03836 : 25;
03837 : 25;
03838 : 25;
03839 : 25;
0383A : 25;
0383B : 25;
0383C : 25;
0383D : 25;
0383E : 25;
0383F : 25;
03840 : 25;
03841 : 25;
03842 : 25;
03843 : 25;
03844 : 25;
03845 : 25;
03846 : 25;
03847 : 25;
03848 : 25;
03849 : 25;
0384A : 25;
0384B : 25;
0384C : 25;
0384D : 25;
0384E : 25;
0384F : 25;
03850 : 25;
03851 : 25;
03852 : 25;
03853 : 25;
03854 : 25;
03855 : 25;
03856 : 25;
03857 : 25;
03858 : 25;
03859 : 25;
0385A : 25;
0385B : 25;
0385C : 25;
0385D : 25;
0385E : 25;
0385F : 25;
03860 : 25;
03861 : 25;
03862 : 25;
03863 : 25;
03864 : 25;
03865 : 25;
03866 : 25;
03867 : 25;
03868 : 25;
03869 : 25;
0386A : 25;
0386B : 25;
0386C : 25;
0386D : 25;
0386E : 25;
0386F : 25;
03870 : 25;
03871 : 25;
03872 : 25;
03873 : 25;
03874 : 25;
03875 : 25;
03876 : 25;
03877 : 25;
03878 : 25;
03879 : 25;
0387A : 25;
0387B : 25;
0387C : 25;
0387D : 25;
0387E : 25;
0387F : 25;
03880 : 25;
03881 : 25;
03882 : 25;
03883 : 25;
03884 : 25;
03885 : 25;
03886 : 25;
03887 : 25;
03888 : 25;
03889 : 25;
0388A : 25;
0388B : 25;
0388C : 25;
0388D : 25;
0388E : 25;
0388F : 25;
03890 : 25;
03891 : 25;
03892 : 25;
03893 : 25;
03894 : 25;
03895 : 25;
03896 : 25;
03897 : 25;
03898 : 25;
03899 : 25;
0389A : 25;
0389B : 25;
0389C : 25;
0389D : 25;
0389E : 25;
0389F : 25;
038A0 : 25;
038A1 : 25;
038A2 : 25;
038A3 : 25;
038A4 : 25;
038A5 : 25;
038A6 : 25;
038A7 : 25;
038A8 : 25;
038A9 : 25;
038AA : 25;
038AB : 25;
038AC : 25;
038AD : 25;
038AE : 25;
038AF : 25;
038B0 : 25;
038B1 : 25;
038B2 : 25;
038B3 : 25;
038B4 : 25;
038B5 : 25;
038B6 : 25;
038B7 : 25;
038B8 : 25;
038B9 : 25;
038BA : 25;
038BB : 25;
038BC : 25;
038BD : 25;
038BE : 25;
038BF : 25;
038C0 : 25;
038C1 : 25;
038C2 : 25;
038C3 : 25;
038C4 : 25;
038C5 : 25;
038C6 : 25;
038C7 : 25;
038C8 : 25;
038C9 : 25;
038CA : 25;
038CB : 25;
038CC : 25;
038CD : 25;
038CE : 25;
038CF : 25;
038D0 : 25;
038D1 : 25;
038D2 : 25;
038D3 : 25;
038D4 : 25;
038D5 : 25;
038D6 : 25;
038D7 : 25;
038D8 : 25;
038D9 : 25;
038DA : 25;
038DB : 25;
038DC : 25;
038DD : 25;
038DE : 25;
038DF : 25;
038E0 : 25;
038E1 : 25;
038E2 : 25;
038E3 : 25;
038E4 : 25;
038E5 : 25;
038E6 : 25;
038E7 : 25;
038E8 : 25;
038E9 : 25;
038EA : 25;
038EB : 25;
038EC : 25;
038ED : 25;
038EE : 25;
038EF : 25;
038F0 : 25;
038F1 : 25;
038F2 : 25;
038F3 : 25;
038F4 : 25;
038F5 : 25;
038F6 : 25;
038F7 : 25;
038F8 : 25;
038F9 : 25;
038FA : 25;
038FB : 25;
038FC : 25;
038FD : 25;
038FE : 25;
038FF : 25;
03900 : 25;
03901 : 25;
03902 : 25;
03903 : 25;
03904 : 25;
03905 : 25;
03906 : 25;
03907 : 25;
03908 : 25;
03909 : 25;
0390A : 25;
0390B : 25;
0390C : 25;
0390D : 25;
0390E : 25;
0390F : 25;
03910 : 25;
03911 : 25;
03912 : 25;
03913 : 25;
03914 : 25;
03915 : 25;
03916 : 25;
03917 : 25;
03918 : 25;
03919 : 25;
0391A : 25;
0391B : 25;
0391C : 25;
0391D : 25;
0391E : 25;
0391F : 25;
03920 : 25;
03921 : 25;
03922 : 25;
03923 : 25;
03924 : 25;
03925 : 25;
03926 : 25;
03927 : 25;
03928 : 25;
03929 : 25;
0392A : 25;
0392B : 25;
0392C : 25;
0392D : 25;
0392E : 25;
0392F : 25;
03930 : 25;
03931 : 25;
03932 : 25;
03933 : 25;
03934 : 25;
03935 : 25;
03936 : 25;
03937 : 25;
03938 : 25;
03939 : 25;
0393A : 25;
0393B : 25;
0393C : 25;
0393D : 25;
0393E : 25;
0393F : 25;
03940 : 25;
03941 : 25;
03942 : 25;
03943 : 25;
03944 : 25;
03945 : 25;
03946 : 25;
03947 : 25;
03948 : 25;
03949 : 25;
0394A : 25;
0394B : 25;
0394C : 25;
0394D : 25;
0394E : 25;
0394F : 25;
03950 : 25;
03951 : 25;
03952 : 25;
03953 : 25;
03954 : 25;
03955 : 25;
03956 : 25;
03957 : 25;
03958 : 25;
03959 : 25;
0395A : 25;
0395B : 25;
0395C : 25;
0395D : 25;
0395E : 25;
0395F : 25;
03960 : 25;
03961 : 25;
03962 : 25;
03963 : 25;
03964 : 25;
03965 : 25;
03966 : 25;
03967 : 25;
03968 : 25;
03969 : 25;
0396A : 25;
0396B : 25;
0396C : 25;
0396D : 25;
0396E : 25;
0396F : 25;
03970 : 25;
03971 : 25;
03972 : 25;
03973 : 25;
03974 : 25;
03975 : 25;
03976 : 25;
03977 : 25;
03978 : 25;
03979 : 25;
0397A : 25;
0397B : 25;
0397C : 25;
0397D : 25;
0397E : 25;
0397F : 25;
03980 : 25;
03981 : 25;
03982 : 25;
03983 : 25;
03984 : 25;
03985 : 25;
03986 : 25;
03987 : 25;
03988 : 25;
03989 : 25;
0398A : 25;
0398B : 25;
0398C : 25;
0398D : 25;
0398E : 25;
0398F : 25;
03990 : 25;
03991 : 25;
03992 : 25;
03993 : 25;
03994 : 25;
03995 : 25;
03996 : 25;
03997 : 25;
03998 : 25;
03999 : 25;
0399A : 25;
0399B : 25;
0399C : 25;
0399D : 25;
0399E : 25;
0399F : 25;
039A0 : 25;
039A1 : 25;
039A2 : 25;
039A3 : 25;
039A4 : 25;
039A5 : 25;
039A6 : 25;
039A7 : 25;
039A8 : 25;
039A9 : 25;
039AA : 25;
039AB : 25;
039AC : 25;
039AD : 25;
039AE : 25;
039AF : 25;
039B0 : 25;
039B1 : 25;
039B2 : 25;
039B3 : 25;
039B4 : 25;
039B5 : 25;
039B6 : 25;
039B7 : 25;
039B8 : 25;
039B9 : 25;
039BA : 25;
039BB : 25;
039BC : 25;
039BD : 25;
039BE : 25;
039BF : 25;
039C0 : 25;
039C1 : 25;
039C2 : 25;
039C3 : 25;
039C4 : 25;
039C5 : 25;
039C6 : 25;
039C7 : 25;
039C8 : 25;
039C9 : 25;
039CA : 25;
039CB : 25;
039CC : 25;
039CD : 25;
039CE : 25;
039CF : 25;
039D0 : 25;
039D1 : 25;
039D2 : 25;
039D3 : 25;
039D4 : 25;
039D5 : 25;
039D6 : 25;
039D7 : 25;
039D8 : 25;
039D9 : 25;
039DA : 25;
039DB : 25;
039DC : 25;
039DD : 25;
039DE : 25;
039DF : 25;
039E0 : 25;
039E1 : 25;
039E2 : 25;
039E3 : 25;
039E4 : 25;
039E5 : 25;
039E6 : 25;
039E7 : 25;
039E8 : 25;
039E9 : 25;
039EA : 25;
039EB : 25;
039EC : 25;
039ED : 25;
039EE : 25;
039EF : 25;
039F0 : 25;
039F1 : 25;
039F2 : 25;
039F3 : 25;
039F4 : 25;
039F5 : 25;
039F6 : 25;
039F7 : 25;
039F8 : 25;
039F9 : 25;
039FA : 25;
039FB : 25;
039FC : 25;
039FD : 25;
039FE : 25;
039FF : 25;
03A00 : 25;
03A01 : 25;
03A02 : 25;
03A03 : 25;
03A04 : 25;
03A05 : 25;
03A06 : 25;
03A07 : 25;
03A08 : 25;
03A09 : 25;
03A0A : 25;
03A0B : 25;
03A0C : 25;
03A0D : 25;
03A0E : 25;
03A0F : 25;
03A10 : 25;
03A11 : 25;
03A12 : 25;
03A13 : 25;
03A14 : 25;
03A15 : 25;
03A16 : 25;
03A17 : 25;
03A18 : 25;
03A19 : 25;
03A1A : 25;
03A1B : 25;
03A1C : 25;
03A1D : 25;
03A1E : 25;
03A1F : 25;
03A20 : 25;
03A21 : 25;
03A22 : 25;
03A23 : 25;
03A24 : 25;
03A25 : 25;
03A26 : 25;
03A27 : 25;
03A28 : 25;
03A29 : 25;
03A2A : 25;
03A2B : 25;
03A2C : 25;
03A2D : 25;
03A2E : 25;
03A2F : 25;
03A30 : 25;
03A31 : 25;
03A32 : 25;
03A33 : 25;
03A34 : 25;
03A35 : 25;
03A36 : 25;
03A37 : 25;
03A38 : 25;
03A39 : 25;
03A3A : 25;
03A3B : 25;
03A3C : 25;
03A3D : 25;
03A3E : 25;
03A3F : 25;
03A40 : 25;
03A41 : 25;
03A42 : 25;
03A43 : 25;
03A44 : 25;
03A45 : 25;
03A46 : 25;
03A47 : 25;
03A48 : 25;
03A49 : 25;
03A4A : 25;
03A4B : 25;
03A4C : 25;
03A4D : 25;
03A4E : 25;
03A4F : 25;
03A50 : 25;
03A51 : 25;
03A52 : 25;
03A53 : 25;
03A54 : 25;
03A55 : 25;
03A56 : 25;
03A57 : 25;
03A58 : 25;
03A59 : 25;
03A5A : 25;
03A5B : 25;
03A5C : 25;
03A5D : 25;
03A5E : 25;
03A5F : 25;
03A60 : 25;
03A61 : 25;
03A62 : 25;
03A63 : 25;
03A64 : 25;
03A65 : 25;
03A66 : 25;
03A67 : 25;
03A68 : 25;
03A69 : 25;
03A6A : 25;
03A6B : 25;
03A6C : 25;
03A6D : 25;
03A6E : 25;
03A6F : 25;
03A70 : 25;
03A71 : 25;
03A72 : 25;
03A73 : 25;
03A74 : 25;
03A75 : 25;
03A76 : 25;
03A77 : 25;
03A78 : 25;
03A79 : 25;
03A7A : 25;
03A7B : 25;
03A7C : 25;
03A7D : 25;
03A7E : 25;
03A7F : 25;
03A80 : 25;
03A81 : 25;
03A82 : 25;
03A83 : 25;
03A84 : 25;
03A85 : 25;
03A86 : 25;
03A87 : 25;
03A88 : 25;
03A89 : 25;
03A8A : 25;
03A8B : 25;
03A8C : 25;
03A8D : 25;
03A8E : 25;
03A8F : 25;
03A90 : 25;
03A91 : 25;
03A92 : 25;
03A93 : 25;
03A94 : 25;
03A95 : 25;
03A96 : 25;
03A97 : 25;
03A98 : 25;
03A99 : 25;
03A9A : 25;
03A9B : 25;
03A9C : 25;
03A9D : 25;
03A9E : 25;
03A9F : 25;
03AA0 : 25;
03AA1 : 25;
03AA2 : 25;
03AA3 : 25;
03AA4 : 25;
03AA5 : 25;
03AA6 : 25;
03AA7 : 25;
03AA8 : 25;
03AA9 : 25;
03AAA : 25;
03AAB : 25;
03AAC : 25;
03AAD : 25;
03AAE : 25;
03AAF : 25;
03AB0 : 25;
03AB1 : 25;
03AB2 : 25;
03AB3 : 25;
03AB4 : 25;
03AB5 : 25;
03AB6 : 25;
03AB7 : 25;
03AB8 : 25;
03AB9 : 25;
03ABA : 25;
03ABB : 25;
03ABC : 25;
03ABD : 25;
03ABE : 25;
03ABF : 25;
03AC0 : 25;
03AC1 : 25;
03AC2 : 25;
03AC3 : 25;
03AC4 : 25;
03AC5 : 25;
03AC6 : 25;
03AC7 : 25;
03AC8 : 25;
03AC9 : 25;
03ACA : 25;
03ACB : 25;
03ACC : 25;
03ACD : 25;
03ACE : 25;
03ACF : 25;
03AD0 : 25;
03AD1 : 25;
03AD2 : 25;
03AD3 : 25;
03AD4 : 25;
03AD5 : 25;
03AD6 : 25;
03AD7 : 25;
03AD8 : 25;
03AD9 : 25;
03ADA : 25;
03ADB : 25;
03ADC : 25;
03ADD : 25;
03ADE : 25;
03ADF : 25;
03AE0 : 25;
03AE1 : 25;
03AE2 : 25;
03AE3 : 25;
03AE4 : 25;
03AE5 : 25;
03AE6 : 25;
03AE7 : 25;
03AE8 : 25;
03AE9 : 25;
03AEA : 25;
03AEB : 25;
03AEC : 25;
03AED : 25;
03AEE : 25;
03AEF : 25;
03AF0 : 25;
03AF1 : 25;
03AF2 : 25;
03AF3 : 25;
03AF4 : 25;
03AF5 : 25;
03AF6 : 25;
03AF7 : 25;
03AF8 : 25;
03AF9 : 25;
03AFA : 25;
03AFB : 25;
03AFC : 25;
03AFD : 25;
03AFE : 25;
03AFF : 25;
03B00 : 25;
03B01 : 25;
03B02 : 25;
03B03 : 25;
03B04 : 25;
03B05 : 25;
03B06 : 25;
03B07 : 25;
03B08 : 25;
03B09 : 25;
03B0A : 25;
03B0B : 25;
03B0C : 25;
03B0D : 25;
03B0E : 25;
03B0F : 25;
03B10 : 25;
03B11 : 25;
03B12 : 25;
03B13 : 25;
03B14 : 25;
03B15 : 25;
03B16 : 25;
03B17 : 25;
03B18 : 25;
03B19 : 25;
03B1A : 25;
03B1B : 25;
03B1C : 25;
03B1D : 25;
03B1E : 25;
03B1F : 25;
03B20 : 25;
03B21 : 25;
03B22 : 25;
03B23 : 25;
03B24 : 25;
03B25 : 25;
03B26 : 25;
03B27 : 25;
03B28 : 25;
03B29 : 25;
03B2A : 25;
03B2B : 25;
03B2C : 25;
03B2D : 25;
03B2E : 25;
03B2F : 25;
03B30 : 25;
03B31 : 25;
03B32 : 25;
03B33 : 25;
03B34 : 25;
03B35 : 25;
03B36 : 25;
03B37 : 25;
03B38 : 25;
03B39 : 25;
03B3A : 25;
03B3B : 25;
03B3C : 25;
03B3D : 25;
03B3E : 25;
03B3F : 25;
03B40 : 25;
03B41 : 25;
03B42 : 25;
03B43 : 25;
03B44 : 25;
03B45 : 25;
03B46 : 25;
03B47 : 25;
03B48 : 25;
03B49 : 25;
03B4A : 25;
03B4B : 25;
03B4C : 25;
03B4D : 25;
03B4E : 25;
03B4F : 25;
03B50 : 25;
03B51 : 25;
03B52 : 25;
03B53 : 25;
03B54 : 25;
03B55 : 25;
03B56 : 25;
03B57 : 25;
03B58 : 25;
03B59 : 25;
03B5A : 25;
03B5B : 25;
03B5C : 25;
03B5D : 25;
03B5E : 25;
03B5F : 25;
03B60 : 25;
03B61 : 25;
03B62 : 25;
03B63 : 25;
03B64 : 25;
03B65 : 25;
03B66 : 25;
03B67 : 25;
03B68 : 25;
03B69 : 25;
03B6A : 25;
03B6B : 25;
03B6C : 25;
03B6D : 25;
03B6E : 25;
03B6F : 25;
03B70 : 25;
03B71 : 25;
03B72 : 25;
03B73 : 25;
03B74 : 25;
03B75 : 25;
03B76 : 25;
03B77 : 25;
03B78 : 25;
03B79 : 25;
03B7A : 25;
03B7B : 25;
03B7C : 25;
03B7D : 25;
03B7E : 25;
03B7F : 25;
03B80 : 25;
03B81 : 25;
03B82 : 25;
03B83 : 25;
03B84 : 25;
03B85 : 25;
03B86 : 25;
03B87 : 25;
03B88 : 25;
03B89 : 25;
03B8A : 25;
03B8B : 25;
03B8C : 25;
03B8D : 25;
03B8E : 25;
03B8F : 25;
03B90 : 25;
03B91 : 25;
03B92 : 25;
03B93 : 25;
03B94 : 25;
03B95 : 25;
03B96 : 25;
03B97 : 25;
03B98 : 25;
03B99 : 25;
03B9A : 25;
03B9B : 25;
03B9C : 25;
03B9D : 25;
03B9E : 25;
03B9F : 25;
03BA0 : 25;
03BA1 : 25;
03BA2 : 25;
03BA3 : 25;
03BA4 : 25;
03BA5 : 25;
03BA6 : 25;
03BA7 : 25;
03BA8 : 25;
03BA9 : 25;
03BAA : 25;
03BAB : 25;
03BAC : 25;
03BAD : 25;
03BAE : 25;
03BAF : 25;
03BB0 : 25;
03BB1 : 25;
03BB2 : 25;
03BB3 : 25;
03BB4 : 25;
03BB5 : 25;
03BB6 : 25;
03BB7 : 25;
03BB8 : 25;
03BB9 : 25;
03BBA : 25;
03BBB : 25;
03BBC : 25;
03BBD : 25;
03BBE : 25;
03BBF : 25;
03BC0 : 25;
03BC1 : 25;
03BC2 : 25;
03BC3 : 25;
03BC4 : 25;
03BC5 : 25;
03BC6 : 25;
03BC7 : 25;
03BC8 : 25;
03BC9 : 25;
03BCA : 25;
03BCB : 25;
03BCC : 25;
03BCD : 25;
03BCE : 25;
03BCF : 25;
03BD0 : 25;
03BD1 : 25;
03BD2 : 25;
03BD3 : 25;
03BD4 : 25;
03BD5 : 25;
03BD6 : 25;
03BD7 : 25;
03BD8 : 25;
03BD9 : 25;
03BDA : 25;
03BDB : 25;
03BDC : 25;
03BDD : 25;
03BDE : 25;
03BDF : 25;
03BE0 : 25;
03BE1 : 25;
03BE2 : 25;
03BE3 : 25;
03BE4 : 25;
03BE5 : 25;
03BE6 : 25;
03BE7 : 25;
03BE8 : 25;
03BE9 : 25;
03BEA : 25;
03BEB : 25;
03BEC : 25;
03BED : 25;
03BEE : 25;
03BEF : 25;
03BF0 : 25;
03BF1 : 25;
03BF2 : 25;
03BF3 : 25;
03BF4 : 25;
03BF5 : 25;
03BF6 : 25;
03BF7 : 25;
03BF8 : 25;
03BF9 : 25;
03BFA : 25;
03BFB : 25;
03BFC : 25;
03BFD : 25;
03BFE : 25;
03BFF : 25;
03C00 : 25;
03C01 : 25;
03C02 : 25;
03C03 : 25;
03C04 : 25;
03C05 : 25;
03C06 : 25;
03C07 : 25;
03C08 : 25;
03C09 : 25;
03C0A : 25;
03C0B : 25;
03C0C : 25;
03C0D : 25;
03C0E : 25;
03C0F : 25;
03C10 : 25;
03C11 : 75;
03C12 : 9A;
03C13 : 56;
03C14 : BA;
03C15 : 31;
03C16 : 36;
03C17 : 36;
03C18 : 5A;
03C19 : 0D;
03C1A : 2D;
03C1B : 2D;
03C1C : 5A;
03C1D : 56;
03C1E : 7A;
03C1F : 25;
03C20 : 25;
03C21 : 25;
03C22 : 25;
03C23 : 25;
03C24 : 25;
03C25 : 25;
03C26 : 25;
03C27 : 25;
03C28 : 25;
03C29 : 25;
03C2A : 25;
03C2B : 25;
03C2C : 25;
03C2D : 25;
03C2E : 25;
03C2F : 25;
03C30 : 25;
03C31 : 75;
03C32 : 9A;
03C33 : 56;
03C34 : BA;
03C35 : 31;
03C36 : 36;
03C37 : 36;
03C38 : 5A;
03C39 : 0D;
03C3A : 2D;
03C3B : 2D;
03C3C : 5A;
03C3D : 5A;
03C3E : 7A;
03C3F : 25;
03C40 : 25;
03C41 : 25;
03C42 : 25;
03C43 : 25;
03C44 : 25;
03C45 : 25;
03C46 : 25;
03C47 : 25;
03C48 : 25;
03C49 : 25;
03C4A : 25;
03C4B : 25;
03C4C : 25;
03C4D : 25;
03C4E : 25;
03C4F : 25;
03C50 : 25;
03C51 : 25;
03C52 : 2D;
03C53 : 5A;
03C54 : 7A;
03C55 : 36;
03C56 : 36;
03C57 : 36;
03C58 : 5A;
03C59 : 0D;
03C5A : 2D;
03C5B : 2D;
03C5C : 5A;
03C5D : 09;
03C5E : 25;
03C5F : 25;
03C60 : 25;
03C61 : 25;
03C62 : 25;
03C63 : 25;
03C64 : 25;
03C65 : 25;
03C66 : 25;
03C67 : 25;
03C68 : 25;
03C69 : 25;
03C6A : 25;
03C6B : 25;
03C6C : 25;
03C6D : 25;
03C6E : 25;
03C6F : 25;
03C70 : 25;
03C71 : 25;
03C72 : 2D;
03C73 : 5A;
03C74 : 7A;
03C75 : 56;
03C76 : 5A;
03C77 : 5A;
03C78 : 5A;
03C79 : 0D;
03C7A : 2D;
03C7B : 2D;
03C7C : 5A;
03C7D : 09;
03C7E : 25;
03C7F : 25;
03C80 : 25;
03C81 : 25;
03C82 : 25;
03C83 : 25;
03C84 : 25;
03C85 : 25;
03C86 : 25;
03C87 : 25;
03C88 : 25;
03C89 : 25;
03C8A : 25;
03C8B : 25;
03C8C : 25;
03C8D : 25;
03C8E : 25;
03C8F : 25;
03C90 : 25;
03C91 : 25;
03C92 : 4D;
03C93 : 7A;
03C94 : 5A;
03C95 : 56;
03C96 : 7A;
03C97 : 7A;
03C98 : 5A;
03C99 : 0D;
03C9A : 2D;
03C9B : 2D;
03C9C : 5A;
03C9D : 05;
03C9E : 25;
03C9F : 25;
03CA0 : 25;
03CA1 : 25;
03CA2 : 25;
03CA3 : 25;
03CA4 : 25;
03CA5 : 25;
03CA6 : 25;
03CA7 : 25;
03CA8 : 25;
03CA9 : 25;
03CAA : 25;
03CAB : 25;
03CAC : 25;
03CAD : 25;
03CAE : 25;
03CAF : 25;
03CB0 : 25;
03CB1 : 25;
03CB2 : 2D;
03CB3 : 7A;
03CB4 : 5A;
03CB5 : 56;
03CB6 : 7A;
03CB7 : 9A;
03CB8 : 5A;
03CB9 : 2D;
03CBA : 2D;
03CBB : 2D;
03CBC : 5A;
03CBD : 05;
03CBE : 25;
03CBF : 25;
03CC0 : 25;
03CC1 : 25;
03CC2 : 25;
03CC3 : 25;
03CC4 : 25;
03CC5 : 25;
03CC6 : 25;
03CC7 : 25;
03CC8 : 25;
03CC9 : 25;
03CCA : 25;
03CCB : 25;
03CCC : 25;
03CCD : 25;
03CCE : 25;
03CCF : 25;
03CD0 : 25;
03CD1 : 25;
03CD2 : 2D;
03CD3 : 5A;
03CD4 : 5A;
03CD5 : 56;
03CD6 : 5A;
03CD7 : 9A;
03CD8 : 56;
03CD9 : 31;
03CDA : 31;
03CDB : 31;
03CDC : 5A;
03CDD : 05;
03CDE : 25;
03CDF : 25;
03CE0 : 25;
03CE1 : 25;
03CE2 : 25;
03CE3 : 25;
03CE4 : 25;
03CE5 : 25;
03CE6 : 25;
03CE7 : 25;
03CE8 : 25;
03CE9 : 25;
03CEA : 25;
03CEB : 25;
03CEC : 25;
03CED : 25;
03CEE : 25;
03CEF : 25;
03CF0 : 25;
03CF1 : 25;
03CF2 : 29;
03CF3 : 7A;
03CF4 : 5A;
03CF5 : 7A;
03CF6 : 5A;
03CF7 : 9A;
03CF8 : 56;
03CF9 : 56;
03CFA : 32;
03CFB : 31;
03CFC : 5A;
03CFD : 05;
03CFE : 25;
03CFF : 25;
03D00 : 25;
03D01 : 25;
03D02 : 25;
03D03 : 25;
03D04 : 25;
03D05 : 25;
03D06 : 25;
03D07 : 25;
03D08 : 25;
03D09 : 25;
03D0A : 25;
03D0B : 25;
03D0C : 25;
03D0D : 25;
03D0E : 25;
03D0F : 25;
03D10 : 25;
03D11 : 25;
03D12 : 29;
03D13 : 5A;
03D14 : 36;
03D15 : 5A;
03D16 : 5A;
03D17 : 9A;
03D18 : 7A;
03D19 : 2D;
03D1A : 2D;
03D1B : 31;
03D1C : 5A;
03D1D : 05;
03D1E : 25;
03D1F : 25;
03D20 : 25;
03D21 : 25;
03D22 : 25;
03D23 : 25;
03D24 : 25;
03D25 : 25;
03D26 : 25;
03D27 : 25;
03D28 : 25;
03D29 : 25;
03D2A : 25;
03D2B : 25;
03D2C : 25;
03D2D : 25;
03D2E : 25;
03D2F : 25;
03D30 : 25;
03D31 : 25;
03D32 : 29;
03D33 : 5A;
03D34 : 36;
03D35 : 9A;
03D36 : 7A;
03D37 : 9A;
03D38 : 5A;
03D39 : 0D;
03D3A : 2D;
03D3B : 2D;
03D3C : 5A;
03D3D : 09;
03D3E : 25;
03D3F : 25;
03D40 : 25;
03D41 : 25;
03D42 : 25;
03D43 : 25;
03D44 : 25;
03D45 : 25;
03D46 : 25;
03D47 : 25;
03D48 : 25;
03D49 : 25;
03D4A : 25;
03D4B : 25;
03D4C : 25;
03D4D : 25;
03D4E : 25;
03D4F : 25;
03D50 : 25;
03D51 : 25;
03D52 : 29;
03D53 : 5A;
03D54 : 5A;
03D55 : 9A;
03D56 : 7A;
03D57 : 5A;
03D58 : 5A;
03D59 : 0D;
03D5A : 2D;
03D5B : 36;
03D5C : 5A;
03D5D : 09;
03D5E : 25;
03D5F : 25;
03D60 : 25;
03D61 : 25;
03D62 : 25;
03D63 : 25;
03D64 : 25;
03D65 : 25;
03D66 : 25;
03D67 : 25;
03D68 : 25;
03D69 : 25;
03D6A : 25;
03D6B : 25;
03D6C : 25;
03D6D : 25;
03D6E : 25;
03D6F : 25;
03D70 : 25;
03D71 : 25;
03D72 : 29;
03D73 : 5A;
03D74 : 5A;
03D75 : 7A;
03D76 : 5A;
03D77 : 5A;
03D78 : 5A;
03D79 : 0D;
03D7A : 31;
03D7B : 5A;
03D7C : 51;
03D7D : 04;
03D7E : 25;
03D7F : 25;
03D80 : 25;
03D81 : 25;
03D82 : 25;
03D83 : 25;
03D84 : 25;
03D85 : 25;
03D86 : 25;
03D87 : 25;
03D88 : 25;
03D89 : 25;
03D8A : 25;
03D8B : 25;
03D8C : 25;
03D8D : 25;
03D8E : 25;
03D8F : 25;
03D90 : 25;
03D91 : 25;
03D92 : 09;
03D93 : 5A;
03D94 : 5A;
03D95 : 5A;
03D96 : 5A;
03D97 : 5A;
03D98 : 56;
03D99 : 0D;
03D9A : 31;
03D9B : 5A;
03D9C : 25;
03D9D : 25;
03D9E : 25;
03D9F : 25;
03DA0 : 25;
03DA1 : 25;
03DA2 : 25;
03DA3 : 25;
03DA4 : 25;
03DA5 : 25;
03DA6 : 25;
03DA7 : 25;
03DA8 : 25;
03DA9 : 25;
03DAA : 25;
03DAB : 25;
03DAC : 25;
03DAD : 25;
03DAE : 25;
03DAF : 25;
03DB0 : 25;
03DB1 : 25;
03DB2 : 29;
03DB3 : 5A;
03DB4 : 5A;
03DB5 : 5A;
03DB6 : 5A;
03DB7 : 5A;
03DB8 : 36;
03DB9 : 0D;
03DBA : 31;
03DBB : 7A;
03DBC : 25;
03DBD : 25;
03DBE : 25;
03DBF : 25;
03DC0 : 25;
03DC1 : 25;
03DC2 : 25;
03DC3 : 25;
03DC4 : 25;
03DC5 : 25;
03DC6 : 25;
03DC7 : 25;
03DC8 : 25;
03DC9 : 25;
03DCA : 25;
03DCB : 25;
03DCC : 25;
03DCD : 25;
03DCE : 25;
03DCF : 25;
03DD0 : 25;
03DD1 : 25;
03DD2 : 25;
03DD3 : 04;
03DD4 : 5A;
03DD5 : 5A;
03DD6 : 5A;
03DD7 : 5A;
03DD8 : 5A;
03DD9 : 11;
03DDA : 31;
03DDB : 7A;
03DDC : 25;
03DDD : 25;
03DDE : 25;
03DDF : 25;
03DE0 : 25;
03DE1 : 25;
03DE2 : 25;
03DE3 : 25;
03DE4 : 25;
03DE5 : 25;
03DE6 : 25;
03DE7 : 25;
03DE8 : 25;
03DE9 : 25;
03DEA : 25;
03DEB : 25;
03DEC : 25;
03DED : 25;
03DEE : 25;
03DEF : 25;
03DF0 : 25;
03DF1 : 25;
03DF2 : 25;
03DF3 : 25;
03DF4 : 7A;
03DF5 : 5A;
03DF6 : 5A;
03DF7 : 5A;
03DF8 : 5A;
03DF9 : 31;
03DFA : 32;
03DFB : 5A;
03DFC : 25;
03DFD : 25;
03DFE : 25;
03DFF : 25;
03E00 : 25;
03E01 : 25;
03E02 : 25;
03E03 : 25;
03E04 : 25;
03E05 : 25;
03E06 : 25;
03E07 : 25;
03E08 : 25;
03E09 : 25;
03E0A : 25;
03E0B : 25;
03E0C : 25;
03E0D : 25;
03E0E : 25;
03E0F : 25;
03E10 : 25;
03E11 : 25;
03E12 : 25;
03E13 : 25;
03E14 : BA;
03E15 : 5A;
03E16 : 5A;
03E17 : 5A;
03E18 : 5A;
03E19 : 36;
03E1A : 56;
03E1B : 5A;
03E1C : 25;
03E1D : 25;
03E1E : 25;
03E1F : 25;
03E20 : 25;
03E21 : 25;
03E22 : 25;
03E23 : 25;
03E24 : 25;
03E25 : 25;
03E26 : 25;
03E27 : 25;
03E28 : 25;
03E29 : 25;
03E2A : 25;
03E2B : 25;
03E2C : 25;
03E2D : 25;
03E2E : 25;
03E2F : 25;
03E30 : 25;
03E31 : 25;
03E32 : 25;
03E33 : 25;
03E34 : 9A;
03E35 : 5A;
03E36 : 5A;
03E37 : 5A;
03E38 : 5A;
03E39 : 5A;
03E3A : 5A;
03E3B : 7A;
03E3C : 25;
03E3D : 25;
03E3E : 25;
03E3F : 25;
03E40 : 25;
03E41 : 25;
03E42 : 25;
03E43 : 25;
03E44 : 25;
03E45 : 25;
03E46 : 25;
03E47 : 25;
03E48 : 25;
03E49 : 25;
03E4A : 25;
03E4B : 25;
03E4C : 25;
03E4D : 25;
03E4E : 25;
03E4F : 25;
03E50 : 25;
03E51 : 25;
03E52 : 25;
03E53 : 25;
03E54 : 9A;
03E55 : 9A;
03E56 : 7A;
03E57 : 5A;
03E58 : 5A;
03E59 : 5A;
03E5A : 5A;
03E5B : 5A;
03E5C : 25;
03E5D : 25;
03E5E : 25;
03E5F : 25;
03E60 : 25;
03E61 : 25;
03E62 : 25;
03E63 : 25;
03E64 : 25;
03E65 : 25;
03E66 : 25;
03E67 : 25;
03E68 : 25;
03E69 : 25;
03E6A : 25;
03E6B : 25;
03E6C : 25;
03E6D : 25;
03E6E : 25;
03E6F : 25;
03E70 : 25;
03E71 : 25;
03E72 : 25;
03E73 : 25;
03E74 : 7A;
03E75 : BA;
03E76 : 9A;
03E77 : 5A;
03E78 : 5A;
03E79 : 5A;
03E7A : 5A;
03E7B : 5A;
03E7C : 25;
03E7D : 25;
03E7E : 25;
03E7F : 25;
03E80 : 25;
03E81 : 25;
03E82 : 25;
03E83 : 25;
03E84 : 25;
03E85 : 25;
03E86 : 25;
03E87 : 25;
03E88 : 25;
03E89 : 25;
03E8A : 25;
03E8B : 25;
03E8C : 25;
03E8D : 25;
03E8E : 25;
03E8F : 25;
03E90 : 25;
03E91 : 25;
03E92 : 25;
03E93 : 25;
03E94 : 7A;
03E95 : BA;
03E96 : BA;
03E97 : 5A;
03E98 : 5A;
03E99 : 5A;
03E9A : 5A;
03E9B : 7A;
03E9C : 25;
03E9D : 25;
03E9E : 25;
03E9F : 25;
03EA0 : 25;
03EA1 : 25;
03EA2 : 25;
03EA3 : 25;
03EA4 : 25;
03EA5 : 25;
03EA6 : 25;
03EA7 : 25;
03EA8 : 25;
03EA9 : 25;
03EAA : 25;
03EAB : 25;
03EAC : 25;
03EAD : 25;
03EAE : 25;
03EAF : 25;
03EB0 : 25;
03EB1 : 25;
03EB2 : 25;
03EB3 : 25;
03EB4 : 7A;
03EB5 : BA;
03EB6 : BA;
03EB7 : 5A;
03EB8 : 5A;
03EB9 : 5A;
03EBA : 5A;
03EBB : 7A;
03EBC : 25;
03EBD : 25;
03EBE : 25;
03EBF : 25;
03EC0 : 25;
03EC1 : 25;
03EC2 : 25;
03EC3 : 25;
03EC4 : 25;
03EC5 : 25;
03EC6 : 25;
03EC7 : 25;
03EC8 : 25;
03EC9 : 25;
03ECA : 25;
03ECB : 25;
03ECC : 25;
03ECD : 25;
03ECE : 25;
03ECF : 25;
03ED0 : 25;
03ED1 : 25;
03ED2 : 25;
03ED3 : 25;
03ED4 : 7A;
03ED5 : BA;
03ED6 : BA;
03ED7 : 5A;
03ED8 : 5A;
03ED9 : 5A;
03EDA : 5A;
03EDB : 7A;
03EDC : 25;
03EDD : 25;
03EDE : 25;
03EDF : 25;
03EE0 : 25;
03EE1 : 25;
03EE2 : 25;
03EE3 : 25;
03EE4 : 25;
03EE5 : 25;
03EE6 : 25;
03EE7 : 25;
03EE8 : 25;
03EE9 : 25;
03EEA : 25;
03EEB : 25;
03EEC : 25;
03EED : 25;
03EEE : 25;
03EEF : 25;
03EF0 : 25;
03EF1 : 25;
03EF2 : 25;
03EF3 : 25;
03EF4 : 7A;
03EF5 : BA;
03EF6 : BA;
03EF7 : 5A;
03EF8 : 5A;
03EF9 : 5A;
03EFA : 5A;
03EFB : 7A;
03EFC : 25;
03EFD : 25;
03EFE : 25;
03EFF : 25;
03F00 : 25;
03F01 : 25;
03F02 : 25;
03F03 : 25;
03F04 : 25;
03F05 : 25;
03F06 : 25;
03F07 : 25;
03F08 : 25;
03F09 : 25;
03F0A : 25;
03F0B : 25;
03F0C : 25;
03F0D : 25;
03F0E : 25;
03F0F : 25;
03F10 : 25;
03F11 : 25;
03F12 : 25;
03F13 : 25;
03F14 : 7A;
03F15 : BA;
03F16 : BA;
03F17 : 5A;
03F18 : 56;
03F19 : 56;
03F1A : 31;
03F1B : 7A;
03F1C : 25;
03F1D : 25;
03F1E : 25;
03F1F : 25;
03F20 : 25;
03F21 : 25;
03F22 : 25;
03F23 : 25;
03F24 : 25;
03F25 : 25;
03F26 : 25;
03F27 : 25;
03F28 : 25;
03F29 : 25;
03F2A : 25;
03F2B : 25;
03F2C : 25;
03F2D : 25;
03F2E : 25;
03F2F : 25;
03F30 : 25;
03F31 : 25;
03F32 : 25;
03F33 : 25;
03F34 : 7A;
03F35 : BA;
03F36 : BA;
03F37 : 7A;
03F38 : 5A;
03F39 : 31;
03F3A : 31;
03F3B : 7A;
03F3C : 25;
03F3D : 25;
03F3E : 25;
03F3F : 25;
03F40 : 25;
03F41 : 25;
03F42 : 25;
03F43 : 25;
03F44 : 25;
03F45 : 25;
03F46 : 25;
03F47 : 25;
03F48 : 25;
03F49 : 25;
03F4A : 25;
03F4B : 25;
03F4C : 25;
03F4D : 25;
03F4E : 25;
03F4F : 25;
03F50 : 25;
03F51 : 25;
03F52 : 25;
03F53 : 25;
03F54 : 9A;
03F55 : BA;
03F56 : BA;
03F57 : 9A;
03F58 : 36;
03F59 : 31;
03F5A : 31;
03F5B : 7A;
03F5C : 25;
03F5D : 25;
03F5E : 25;
03F5F : 25;
03F60 : 25;
03F61 : 25;
03F62 : 25;
03F63 : 25;
03F64 : 25;
03F65 : 25;
03F66 : 25;
03F67 : 25;
03F68 : 25;
03F69 : 25;
03F6A : 25;
03F6B : 25;
03F6C : 25;
03F6D : 25;
03F6E : 25;
03F6F : 25;
03F70 : 25;
03F71 : 25;
03F72 : 25;
03F73 : 25;
03F74 : 9A;
03F75 : BA;
03F76 : 9A;
03F77 : 9A;
03F78 : 2D;
03F79 : 31;
03F7A : 31;
03F7B : 7A;
03F7C : 25;
03F7D : 25;
03F7E : 25;
03F7F : 25;
03F80 : 25;
03F81 : 25;
03F82 : 25;
03F83 : 25;
03F84 : 25;
03F85 : 25;
03F86 : 25;
03F87 : 25;
03F88 : 25;
03F89 : 25;
03F8A : 25;
03F8B : 25;
03F8C : 25;
03F8D : 25;
03F8E : 25;
03F8F : 25;
03F90 : 25;
03F91 : 25;
03F92 : 6D;
03F93 : BA;
03F94 : BA;
03F95 : 56;
03F96 : 5A;
03F97 : 5A;
03F98 : 32;
03F99 : 31;
03F9A : 31;
03F9B : 5A;
03F9C : 75;
03F9D : 25;
03F9E : 25;
03F9F : 25;
03FA0 : 25;
03FA1 : 25;
03FA2 : 25;
03FA3 : 25;
03FA4 : 25;
03FA5 : 25;
03FA6 : 25;
03FA7 : 25;
03FA8 : 25;
03FA9 : 25;
03FAA : 25;
03FAB : 25;
03FAC : 25;
03FAD : 25;
03FAE : 25;
03FAF : 25;
03FB0 : 25;
03FB1 : 25;
03FB2 : 04;
03FB3 : 9A;
03FB4 : BA;
03FB5 : 56;
03FB6 : 5A;
03FB7 : 5A;
03FB8 : 0D;
03FB9 : 2D;
03FBA : 0D;
03FBB : 5A;
03FBC : 5A;
03FBD : 25;
03FBE : 25;
03FBF : 25;
03FC0 : 25;
03FC1 : 25;
03FC2 : 25;
03FC3 : 25;
03FC4 : 25;
03FC5 : 25;
03FC6 : 25;
03FC7 : 25;
03FC8 : 25;
03FC9 : 25;
03FCA : 25;
03FCB : 25;
03FCC : 25;
03FCD : 25;
03FCE : 25;
03FCF : 25;
03FD0 : 25;
03FD1 : 25;
03FD2 : 04;
03FD3 : 9A;
03FD4 : BA;
03FD5 : 56;
03FD6 : 5A;
03FD7 : 5A;
03FD8 : 2D;
03FD9 : 2D;
03FDA : 0D;
03FDB : 5A;
03FDC : 5A;
03FDD : 25;
03FDE : 25;
03FDF : 25;
03FE0 : 25;
03FE1 : 25;
03FE2 : 25;
03FE3 : 25;
03FE4 : 25;
03FE5 : 25;
03FE6 : 25;
03FE7 : 25;
03FE8 : 25;
03FE9 : 25;
03FEA : 25;
03FEB : 25;
03FEC : 25;
03FED : 25;
03FEE : 25;
03FEF : 25;
03FF0 : 25;
03FF1 : 25;
03FF2 : 04;
03FF3 : 9A;
03FF4 : BA;
03FF5 : 56;
03FF6 : 5A;
03FF7 : 5A;
03FF8 : 2D;
03FF9 : 2D;
03FFA : 0D;
03FFB : 5A;
03FFC : 7A;
03FFD : 25;
03FFE : 25;
03FFF : 25;
04000 : 25;
04001 : 25;
04002 : 25;
04003 : 25;
04004 : 25;
04005 : 25;
04006 : 25;
04007 : 25;
04008 : 25;
04009 : 25;
0400A : 25;
0400B : 25;
0400C : 25;
0400D : 25;
0400E : 25;
0400F : 25;
04010 : 25;
04011 : 24;
04012 : 00;
04013 : 56;
04014 : 7A;
04015 : BA;
04016 : BA;
04017 : 31;
04018 : 5A;
04019 : 56;
0401A : 25;
0401B : 25;
0401C : 25;
0401D : 25;
0401E : 25;
0401F : 25;
04020 : 25;
04021 : 25;
04022 : 25;
04023 : 25;
04024 : 25;
04025 : 25;
04026 : 25;
04027 : 25;
04028 : 25;
04029 : 25;
0402A : 25;
0402B : 25;
0402C : 25;
0402D : 25;
0402E : 25;
0402F : 25;
04030 : 25;
04031 : 24;
04032 : 00;
04033 : 56;
04034 : 9A;
04035 : 9A;
04036 : BA;
04037 : 31;
04038 : 5A;
04039 : 5A;
0403A : 25;
0403B : 25;
0403C : 25;
0403D : 25;
0403E : 25;
0403F : 25;
04040 : 25;
04041 : 25;
04042 : 25;
04043 : 25;
04044 : 25;
04045 : 25;
04046 : 25;
04047 : 25;
04048 : 25;
04049 : 25;
0404A : 25;
0404B : 25;
0404C : 25;
0404D : 25;
0404E : 25;
0404F : 25;
04050 : 25;
04051 : 25;
04052 : 25;
04053 : 00;
04054 : 51;
04055 : 9A;
04056 : BA;
04057 : 31;
04058 : 7A;
04059 : BA;
0405A : 25;
0405B : 25;
0405C : 25;
0405D : 25;
0405E : 25;
0405F : 25;
04060 : 25;
04061 : 25;
04062 : 25;
04063 : 25;
04064 : 25;
04065 : 25;
04066 : 25;
04067 : 25;
04068 : 25;
04069 : 25;
0406A : 25;
0406B : 25;
0406C : 25;
0406D : 25;
0406E : 25;
0406F : 25;
04070 : 25;
04071 : 25;
04072 : 25;
04073 : 00;
04074 : 95;
04075 : 9A;
04076 : BA;
04077 : 31;
04078 : 7A;
04079 : BA;
0407A : 25;
0407B : 25;
0407C : 25;
0407D : 25;
0407E : 25;
0407F : 25;
04080 : 25;
04081 : 25;
04082 : 25;
04083 : 25;
04084 : 25;
04085 : 25;
04086 : 25;
04087 : 25;
04088 : 25;
04089 : 25;
0408A : 25;
0408B : 25;
0408C : 25;
0408D : 25;
0408E : 25;
0408F : 25;
04090 : 25;
04091 : 25;
04092 : 25;
04093 : 00;
04094 : 71;
04095 : BA;
04096 : BA;
04097 : 31;
04098 : 7A;
04099 : DA;
0409A : 25;
0409B : 25;
0409C : 25;
0409D : 25;
0409E : 25;
0409F : 25;
040A0 : 25;
040A1 : 25;
040A2 : 25;
040A3 : 25;
040A4 : 25;
040A5 : 25;
040A6 : 25;
040A7 : 25;
040A8 : 25;
040A9 : 25;
040AA : 25;
040AB : 25;
040AC : 25;
040AD : 25;
040AE : 25;
040AF : 25;
040B0 : 25;
040B1 : 25;
040B2 : 25;
040B3 : 00;
040B4 : 71;
040B5 : BA;
040B6 : BA;
040B7 : 31;
040B8 : 7A;
040B9 : 25;
040BA : 25;
040BB : 25;
040BC : 25;
040BD : 25;
040BE : 25;
040BF : 25;
040C0 : 25;
040C1 : 25;
040C2 : 25;
040C3 : 25;
040C4 : 25;
040C5 : 25;
040C6 : 25;
040C7 : 25;
040C8 : 25;
040C9 : 25;
040CA : 25;
040CB : 25;
040CC : 25;
040CD : 25;
040CE : 25;
040CF : 25;
040D0 : 25;
040D1 : 25;
040D2 : 25;
040D3 : 00;
040D4 : 71;
040D5 : BA;
040D6 : BA;
040D7 : 31;
040D8 : 56;
040D9 : 25;
040DA : 25;
040DB : 25;
040DC : 25;
040DD : 25;
040DE : 25;
040DF : 25;
040E0 : 25;
040E1 : 25;
040E2 : 25;
040E3 : 25;
040E4 : 25;
040E5 : 25;
040E6 : 25;
040E7 : 25;
040E8 : 25;
040E9 : 25;
040EA : 25;
040EB : 25;
040EC : 25;
040ED : 25;
040EE : 25;
040EF : 25;
040F0 : 25;
040F1 : 25;
040F2 : 25;
040F3 : 00;
040F4 : 51;
040F5 : 9A;
040F6 : BA;
040F7 : 56;
040F8 : 56;
040F9 : 25;
040FA : 25;
040FB : 25;
040FC : 25;
040FD : 25;
040FE : 25;
040FF : 25;
04100 : 25;
04101 : 25;
04102 : 25;
04103 : 25;
04104 : 25;
04105 : 25;
04106 : 25;
04107 : 25;
04108 : 25;
04109 : 25;
0410A : 25;
0410B : 25;
0410C : 25;
0410D : 25;
0410E : 25;
0410F : 25;
04110 : 25;
04111 : 25;
04112 : 25;
04113 : 00;
04114 : 4D;
04115 : 7A;
04116 : BA;
04117 : 7A;
04118 : 7A;
04119 : 25;
0411A : 25;
0411B : 25;
0411C : 25;
0411D : 25;
0411E : 25;
0411F : 25;
04120 : 25;
04121 : 25;
04122 : 25;
04123 : 25;
04124 : 25;
04125 : 25;
04126 : 25;
04127 : 25;
04128 : 25;
04129 : 25;
0412A : 25;
0412B : 25;
0412C : 25;
0412D : 25;
0412E : 25;
0412F : 25;
04130 : 25;
04131 : 25;
04132 : 25;
04133 : 00;
04134 : 2D;
04135 : 5A;
04136 : 9A;
04137 : 7A;
04138 : 7A;
04139 : 25;
0413A : 25;
0413B : 25;
0413C : 25;
0413D : 25;
0413E : 25;
0413F : 25;
04140 : 25;
04141 : 25;
04142 : 25;
04143 : 25;
04144 : 25;
04145 : 25;
04146 : 25;
04147 : 25;
04148 : 25;
04149 : 25;
0414A : 25;
0414B : 25;
0414C : 25;
0414D : 25;
0414E : 25;
0414F : 25;
04150 : 25;
04151 : 25;
04152 : 25;
04153 : 04;
04154 : 2D;
04155 : 56;
04156 : 9A;
04157 : BA;
04158 : 25;
04159 : 25;
0415A : 25;
0415B : 25;
0415C : 25;
0415D : 25;
0415E : 25;
0415F : 25;
04160 : 25;
04161 : 25;
04162 : 25;
04163 : 25;
04164 : 25;
04165 : 25;
04166 : 25;
04167 : 25;
04168 : 25;
04169 : 25;
0416A : 25;
0416B : 25;
0416C : 25;
0416D : 25;
0416E : 25;
0416F : 25;
04170 : 25;
04171 : 25;
04172 : 25;
04173 : 04;
04174 : 4D;
04175 : 7A;
04176 : 9A;
04177 : BA;
04178 : 25;
04179 : 25;
0417A : 25;
0417B : 25;
0417C : 25;
0417D : 25;
0417E : 25;
0417F : 25;
04180 : 25;
04181 : 25;
04182 : 25;
04183 : 25;
04184 : 25;
04185 : 25;
04186 : 25;
04187 : 25;
04188 : 25;
04189 : 25;
0418A : 25;
0418B : 25;
0418C : 25;
0418D : 25;
0418E : 25;
0418F : 25;
04190 : 25;
04191 : 25;
04192 : 25;
04193 : 24;
04194 : 04;
04195 : 29;
04196 : 9A;
04197 : BA;
04198 : 25;
04199 : 25;
0419A : 25;
0419B : 25;
0419C : 25;
0419D : 25;
0419E : 25;
0419F : 25;
041A0 : 25;
041A1 : 25;
041A2 : 25;
041A3 : 25;
041A4 : 25;
041A5 : 25;
041A6 : 25;
041A7 : 25;
041A8 : 25;
041A9 : 25;
041AA : 25;
041AB : 25;
041AC : 25;
041AD : 25;
041AE : 25;
041AF : 25;
041B0 : 25;
041B1 : 25;
041B2 : 25;
041B3 : 04;
041B4 : 04;
041B5 : 09;
041B6 : 7A;
041B7 : BA;
041B8 : 25;
041B9 : 25;
041BA : 25;
041BB : 25;
041BC : 25;
041BD : 25;
041BE : 25;
041BF : 25;
041C0 : 25;
041C1 : 25;
041C2 : 25;
041C3 : 25;
041C4 : 25;
041C5 : 25;
041C6 : 25;
041C7 : 25;
041C8 : 25;
041C9 : 25;
041CA : 25;
041CB : 25;
041CC : 25;
041CD : 25;
041CE : 25;
041CF : 25;
041D0 : 25;
041D1 : 25;
041D2 : 25;
041D3 : 04;
041D4 : 00;
041D5 : 04;
041D6 : 5A;
041D7 : 7A;
041D8 : 25;
041D9 : 25;
041DA : 25;
041DB : 25;
041DC : 25;
041DD : 25;
041DE : 25;
041DF : 25;
041E0 : 25;
041E1 : 25;
041E2 : 25;
041E3 : 25;
041E4 : 25;
041E5 : 25;
041E6 : 25;
041E7 : 25;
041E8 : 25;
041E9 : 25;
041EA : 25;
041EB : 25;
041EC : 25;
041ED : 25;
041EE : 25;
041EF : 25;
041F0 : 25;
041F1 : 25;
041F2 : 25;
041F3 : 25;
041F4 : 00;
041F5 : 04;
041F6 : 56;
041F7 : 7A;
041F8 : 25;
041F9 : 25;
041FA : 25;
041FB : 25;
041FC : 25;
041FD : 25;
041FE : 25;
041FF : 25;
04200 : 25;
04201 : 25;
04202 : 25;
04203 : 25;
04204 : 25;
04205 : 25;
04206 : 25;
04207 : 25;
04208 : 25;
04209 : 25;
0420A : 25;
0420B : 25;
0420C : 25;
0420D : 25;
0420E : 25;
0420F : 25;
04210 : 25;
04211 : 25;
04212 : 25;
04213 : 25;
04214 : 25;
04215 : 00;
04216 : 04;
04217 : 9A;
04218 : 25;
04219 : 25;
0421A : 25;
0421B : 25;
0421C : 25;
0421D : 25;
0421E : 25;
0421F : 25;
04220 : 25;
04221 : 25;
04222 : 25;
04223 : 25;
04224 : 25;
04225 : 25;
04226 : 25;
04227 : 25;
04228 : 25;
04229 : 25;
0422A : 25;
0422B : 25;
0422C : 25;
0422D : 25;
0422E : 25;
0422F : 25;
04230 : 25;
04231 : 25;
04232 : 25;
04233 : 25;
04234 : 25;
04235 : 24;
04236 : 00;
04237 : 29;
04238 : 25;
04239 : 25;
0423A : 25;
0423B : 25;
0423C : 25;
0423D : 25;
0423E : 25;
0423F : 25;
04240 : 25;
04241 : 25;
04242 : 25;
04243 : 25;
04244 : 25;
04245 : 25;
04246 : 25;
04247 : 25;
04248 : 25;
04249 : 25;
0424A : 25;
0424B : 25;
0424C : 25;
0424D : 25;
0424E : 25;
0424F : 25;
04250 : 25;
04251 : 25;
04252 : 25;
04253 : 25;
04254 : 25;
04255 : 25;
04256 : 00;
04257 : 25;
04258 : 25;
04259 : 25;
0425A : 25;
0425B : 25;
0425C : 25;
0425D : 25;
0425E : 25;
0425F : 25;
04260 : 25;
04261 : 25;
04262 : 25;
04263 : 25;
04264 : 25;
04265 : 25;
04266 : 25;
04267 : 25;
04268 : 25;
04269 : 25;
0426A : 25;
0426B : 25;
0426C : 25;
0426D : 25;
0426E : 25;
0426F : 25;
04270 : 25;
04271 : 25;
04272 : 25;
04273 : 25;
04274 : 25;
04275 : 25;
04276 : 25;
04277 : 25;
04278 : 25;
04279 : 25;
0427A : 25;
0427B : 25;
0427C : 25;
0427D : 25;
0427E : 25;
0427F : 25;
04280 : 25;
04281 : 25;
04282 : 25;
04283 : 25;
04284 : 25;
04285 : 25;
04286 : 25;
04287 : 25;
04288 : 25;
04289 : 25;
0428A : 25;
0428B : 25;
0428C : 25;
0428D : 25;
0428E : 25;
0428F : 25;
04290 : 25;
04291 : 25;
04292 : 25;
04293 : 25;
04294 : 25;
04295 : 25;
04296 : 25;
04297 : 25;
04298 : 25;
04299 : 25;
0429A : 25;
0429B : 25;
0429C : 25;
0429D : 25;
0429E : 25;
0429F : 25;
042A0 : 25;
042A1 : 25;
042A2 : 25;
042A3 : 25;
042A4 : 25;
042A5 : 25;
042A6 : 25;
042A7 : 25;
042A8 : 25;
042A9 : 25;
042AA : 25;
042AB : 25;
042AC : 25;
042AD : 25;
042AE : 25;
042AF : 25;
042B0 : 25;
042B1 : 25;
042B2 : 25;
042B3 : 25;
042B4 : 25;
042B5 : 25;
042B6 : 25;
042B7 : 25;
042B8 : 25;
042B9 : 25;
042BA : 25;
042BB : 25;
042BC : 25;
042BD : 25;
042BE : 25;
042BF : 25;
042C0 : 25;
042C1 : 25;
042C2 : 25;
042C3 : 25;
042C4 : 25;
042C5 : 25;
042C6 : 25;
042C7 : 25;
042C8 : 25;
042C9 : 25;
042CA : 25;
042CB : 25;
042CC : 25;
042CD : 25;
042CE : 25;
042CF : 25;
042D0 : 25;
042D1 : 25;
042D2 : 25;
042D3 : 25;
042D4 : 25;
042D5 : 25;
042D6 : 25;
042D7 : 25;
042D8 : 25;
042D9 : 25;
042DA : 25;
042DB : 25;
042DC : 25;
042DD : 25;
042DE : 25;
042DF : 25;
042E0 : 25;
042E1 : 25;
042E2 : 25;
042E3 : 25;
042E4 : 25;
042E5 : 25;
042E6 : 25;
042E7 : 25;
042E8 : 25;
042E9 : 25;
042EA : 25;
042EB : 25;
042EC : 25;
042ED : 25;
042EE : 25;
042EF : 25;
042F0 : 25;
042F1 : 25;
042F2 : 25;
042F3 : 25;
042F4 : 25;
042F5 : 25;
042F6 : 25;
042F7 : 25;
042F8 : 25;
042F9 : 25;
042FA : 25;
042FB : 25;
042FC : 25;
042FD : 25;
042FE : 25;
042FF : 25;
04300 : 25;
04301 : 25;
04302 : 25;
04303 : 25;
04304 : 25;
04305 : 25;
04306 : 25;
04307 : 25;
04308 : 25;
04309 : 25;
0430A : 25;
0430B : 25;
0430C : 25;
0430D : 25;
0430E : 25;
0430F : 25;
04310 : 25;
04311 : 25;
04312 : 25;
04313 : 25;
04314 : 25;
04315 : 25;
04316 : 25;
04317 : 25;
04318 : 25;
04319 : 25;
0431A : 25;
0431B : 25;
0431C : 25;
0431D : 25;
0431E : 25;
0431F : 25;
04320 : 25;
04321 : 25;
04322 : 25;
04323 : 25;
04324 : 25;
04325 : 25;
04326 : 25;
04327 : 25;
04328 : 25;
04329 : 25;
0432A : 25;
0432B : 25;
0432C : 25;
0432D : 25;
0432E : 25;
0432F : 25;
04330 : 25;
04331 : 25;
04332 : 25;
04333 : 25;
04334 : 25;
04335 : 25;
04336 : 25;
04337 : 25;
04338 : 25;
04339 : 25;
0433A : 25;
0433B : 25;
0433C : 25;
0433D : 25;
0433E : 25;
0433F : 25;
04340 : 25;
04341 : 25;
04342 : 25;
04343 : 25;
04344 : 25;
04345 : 25;
04346 : 25;
04347 : 25;
04348 : 25;
04349 : 25;
0434A : 25;
0434B : 25;
0434C : 25;
0434D : 25;
0434E : 25;
0434F : 25;
04350 : 25;
04351 : 25;
04352 : 25;
04353 : 25;
04354 : 25;
04355 : 25;
04356 : 25;
04357 : 25;
04358 : 25;
04359 : 25;
0435A : 25;
0435B : 25;
0435C : 25;
0435D : 25;
0435E : 25;
0435F : 25;
04360 : 25;
04361 : 25;
04362 : 25;
04363 : 25;
04364 : 25;
04365 : 25;
04366 : 25;
04367 : 25;
04368 : 25;
04369 : 25;
0436A : 25;
0436B : 25;
0436C : 25;
0436D : 25;
0436E : 25;
0436F : 25;
04370 : 25;
04371 : 25;
04372 : 25;
04373 : 25;
04374 : 25;
04375 : 25;
04376 : 25;
04377 : 25;
04378 : 25;
04379 : 25;
0437A : 25;
0437B : 25;
0437C : 25;
0437D : 25;
0437E : 25;
0437F : 25;
04380 : 25;
04381 : 25;
04382 : 25;
04383 : 25;
04384 : 25;
04385 : 25;
04386 : 25;
04387 : 25;
04388 : 25;
04389 : 25;
0438A : 25;
0438B : 25;
0438C : 25;
0438D : 25;
0438E : 25;
0438F : 25;
04390 : 25;
04391 : 25;
04392 : 25;
04393 : 25;
04394 : 25;
04395 : 25;
04396 : 25;
04397 : 25;
04398 : 25;
04399 : 25;
0439A : 25;
0439B : 25;
0439C : 25;
0439D : 25;
0439E : 25;
0439F : 25;
043A0 : 25;
043A1 : 25;
043A2 : 25;
043A3 : 25;
043A4 : 25;
043A5 : 25;
043A6 : 25;
043A7 : 25;
043A8 : 25;
043A9 : 25;
043AA : 25;
043AB : 25;
043AC : 25;
043AD : 25;
043AE : 25;
043AF : 25;
043B0 : 25;
043B1 : 25;
043B2 : 25;
043B3 : 25;
043B4 : 25;
043B5 : 25;
043B6 : 25;
043B7 : 25;
043B8 : 25;
043B9 : 25;
043BA : 25;
043BB : 25;
043BC : 25;
043BD : 25;
043BE : 25;
043BF : 25;
043C0 : 25;
043C1 : 25;
043C2 : 25;
043C3 : 25;
043C4 : 25;
043C5 : 25;
043C6 : 25;
043C7 : 25;
043C8 : 25;
043C9 : 25;
043CA : 25;
043CB : 25;
043CC : 25;
043CD : 25;
043CE : 25;
043CF : 25;
043D0 : 25;
043D1 : 25;
043D2 : 25;
043D3 : 25;
043D4 : 25;
043D5 : 25;
043D6 : 25;
043D7 : 25;
043D8 : 25;
043D9 : 25;
043DA : 25;
043DB : 25;
043DC : 25;
043DD : 25;
043DE : 25;
043DF : 25;
043E0 : 25;
043E1 : 25;
043E2 : 25;
043E3 : 25;
043E4 : 25;
043E5 : 25;
043E6 : 25;
043E7 : 25;
043E8 : 25;
043E9 : 25;
043EA : 25;
043EB : 25;
043EC : 25;
043ED : 25;
043EE : 25;
043EF : 25;
043F0 : 25;
043F1 : 25;
043F2 : 25;
043F3 : 25;
043F4 : 25;
043F5 : 25;
043F6 : 25;
043F7 : 25;
043F8 : 25;
043F9 : 25;
043FA : 25;
043FB : 25;
043FC : 25;
043FD : 25;
043FE : 25;
043FF : 25;
04400 : 25;
04401 : 25;
04402 : 25;
04403 : 25;
04404 : 25;
04405 : 25;
04406 : 25;
04407 : 25;
04408 : 25;
04409 : 25;
0440A : 25;
0440B : 25;
0440C : 25;
0440D : 25;
0440E : 25;
0440F : 25;
04410 : 25;
04411 : 25;
04412 : 25;
04413 : 25;
04414 : 25;
04415 : 25;
04416 : 25;
04417 : 25;
04418 : 25;
04419 : 25;
0441A : 25;
0441B : 25;
0441C : 25;
0441D : 25;
0441E : 25;
0441F : 25;
04420 : 25;
04421 : 25;
04422 : 25;
04423 : 25;
04424 : 25;
04425 : 25;
04426 : 25;
04427 : 25;
04428 : 25;
04429 : 25;
0442A : 25;
0442B : 25;
0442C : 25;
0442D : 25;
0442E : 25;
0442F : 25;
04430 : 25;
04431 : 25;
04432 : 25;
04433 : 25;
04434 : 25;
04435 : 25;
04436 : 25;
04437 : 25;
04438 : 25;
04439 : 25;
0443A : 25;
0443B : 25;
0443C : 25;
0443D : 25;
0443E : 25;
0443F : 25;
04440 : 25;
04441 : 25;
04442 : 25;
04443 : 25;
04444 : 25;
04445 : 25;
04446 : 25;
04447 : 25;
04448 : 25;
04449 : 25;
0444A : 25;
0444B : 25;
0444C : 25;
0444D : 25;
0444E : 25;
0444F : 25;
04450 : 25;
04451 : 25;
04452 : 25;
04453 : 25;
04454 : 25;
04455 : 25;
04456 : 25;
04457 : 25;
04458 : 25;
04459 : 25;
0445A : 25;
0445B : 25;
0445C : 25;
0445D : 25;
0445E : 25;
0445F : 25;
04460 : 25;
04461 : 25;
04462 : 25;
04463 : 25;
04464 : 25;
04465 : 25;
04466 : 25;
04467 : 25;
04468 : 25;
04469 : 25;
0446A : 25;
0446B : 25;
0446C : 25;
0446D : 25;
0446E : 25;
0446F : 25;
04470 : 25;
04471 : 25;
04472 : 25;
04473 : 25;
04474 : 25;
04475 : 25;
04476 : 25;
04477 : 25;
04478 : 25;
04479 : 25;
0447A : 25;
0447B : 25;
0447C : 25;
0447D : 25;
0447E : 25;
0447F : 25;
04480 : 25;
04481 : 25;
04482 : 25;
04483 : 25;
04484 : 25;
04485 : 25;
04486 : 25;
04487 : 25;
04488 : 25;
04489 : 25;
0448A : 25;
0448B : 25;
0448C : 25;
0448D : 25;
0448E : 25;
0448F : 25;
04490 : 25;
04491 : 25;
04492 : 25;
04493 : 25;
04494 : 25;
04495 : 25;
04496 : 25;
04497 : 25;
04498 : 25;
04499 : 25;
0449A : 25;
0449B : 25;
0449C : 25;
0449D : 25;
0449E : 25;
0449F : 25;
044A0 : 25;
044A1 : 25;
044A2 : 25;
044A3 : 25;
044A4 : 25;
044A5 : 25;
044A6 : 25;
044A7 : 25;
044A8 : 25;
044A9 : 25;
044AA : 25;
044AB : 25;
044AC : 25;
044AD : 25;
044AE : 25;
044AF : 25;
044B0 : 25;
044B1 : 25;
044B2 : 25;
044B3 : 25;
044B4 : 25;
044B5 : 25;
044B6 : 25;
044B7 : 25;
044B8 : 25;
044B9 : 25;
044BA : 25;
044BB : 25;
044BC : 25;
044BD : 25;
044BE : 25;
044BF : 25;
044C0 : 25;
044C1 : 25;
044C2 : 25;
044C3 : 25;
044C4 : 25;
044C5 : 25;
044C6 : 25;
044C7 : 25;
044C8 : 25;
044C9 : 25;
044CA : 25;
044CB : 25;
044CC : 25;
044CD : 25;
044CE : 25;
044CF : 25;
044D0 : 25;
044D1 : 25;
044D2 : 25;
044D3 : 25;
044D4 : 25;
044D5 : 25;
044D6 : 25;
044D7 : 25;
044D8 : 25;
044D9 : 25;
044DA : 25;
044DB : 25;
044DC : 25;
044DD : 25;
044DE : 25;
044DF : 25;
044E0 : 25;
044E1 : 25;
044E2 : 25;
044E3 : 25;
044E4 : 25;
044E5 : 25;
044E6 : 25;
044E7 : 25;
044E8 : 25;
044E9 : 25;
044EA : 25;
044EB : 25;
044EC : 25;
044ED : 25;
044EE : 25;
044EF : 25;
044F0 : 25;
044F1 : 25;
044F2 : 25;
044F3 : 25;
044F4 : 25;
044F5 : 25;
044F6 : 25;
044F7 : 25;
044F8 : 25;
044F9 : 25;
044FA : 25;
044FB : 25;
044FC : 25;
044FD : 25;
044FE : 25;
044FF : 25;
04500 : 25;
04501 : 25;
04502 : 25;
04503 : 25;
04504 : 25;
04505 : 25;
04506 : 25;
04507 : 25;
04508 : 25;
04509 : 25;
0450A : 25;
0450B : 25;
0450C : 25;
0450D : 25;
0450E : 25;
0450F : 25;
04510 : 25;
04511 : 25;
04512 : 25;
04513 : 25;
04514 : 25;
04515 : 25;
04516 : 25;
04517 : 25;
04518 : 25;
04519 : 25;
0451A : 25;
0451B : 25;
0451C : 25;
0451D : 25;
0451E : 25;
0451F : 25;
04520 : 25;
04521 : 25;
04522 : 25;
04523 : 25;
04524 : 25;
04525 : 25;
04526 : 25;
04527 : 25;
04528 : 25;
04529 : 25;
0452A : 25;
0452B : 25;
0452C : 25;
0452D : 25;
0452E : 25;
0452F : 25;
04530 : 25;
04531 : 25;
04532 : 25;
04533 : 25;
04534 : 25;
04535 : 25;
04536 : 25;
04537 : 25;
04538 : 25;
04539 : 25;
0453A : 25;
0453B : 25;
0453C : 25;
0453D : 25;
0453E : 25;
0453F : 25;
04540 : 25;
04541 : 25;
04542 : 25;
04543 : 25;
04544 : 25;
04545 : 25;
04546 : 25;
04547 : 25;
04548 : 25;
04549 : 25;
0454A : 25;
0454B : 25;
0454C : 25;
0454D : 25;
0454E : 25;
0454F : 25;
04550 : 25;
04551 : 25;
04552 : 25;
04553 : 25;
04554 : 25;
04555 : 25;
04556 : 25;
04557 : 25;
04558 : 25;
04559 : 25;
0455A : 25;
0455B : 25;
0455C : 25;
0455D : 25;
0455E : 25;
0455F : 25;
04560 : 25;
04561 : 25;
04562 : 25;
04563 : 25;
04564 : 25;
04565 : 25;
04566 : 25;
04567 : 25;
04568 : 25;
04569 : 25;
0456A : 25;
0456B : 25;
0456C : 25;
0456D : 25;
0456E : 25;
0456F : 25;
04570 : 25;
04571 : 25;
04572 : 25;
04573 : 25;
04574 : 25;
04575 : 25;
04576 : 25;
04577 : 25;
04578 : 25;
04579 : 25;
0457A : 25;
0457B : 25;
0457C : 25;
0457D : 25;
0457E : 25;
0457F : 25;
04580 : 25;
04581 : 25;
04582 : 25;
04583 : 25;
04584 : 25;
04585 : 25;
04586 : 25;
04587 : 25;
04588 : 25;
04589 : 25;
0458A : 25;
0458B : 25;
0458C : 25;
0458D : 25;
0458E : 25;
0458F : 25;
04590 : 25;
04591 : 25;
04592 : 25;
04593 : 25;
04594 : 25;
04595 : 25;
04596 : 25;
04597 : 25;
04598 : 25;
04599 : 25;
0459A : 25;
0459B : 25;
0459C : 25;
0459D : 25;
0459E : 25;
0459F : 25;
045A0 : 25;
045A1 : 25;
045A2 : 25;
045A3 : 25;
045A4 : 25;
045A5 : 25;
045A6 : 25;
045A7 : 25;
045A8 : 25;
045A9 : 25;
045AA : 25;
045AB : 25;
045AC : 25;
045AD : 25;
045AE : 25;
045AF : 25;
045B0 : 25;
045B1 : 25;
045B2 : 25;
045B3 : 25;
045B4 : 25;
045B5 : 25;
045B6 : 25;
045B7 : 25;
045B8 : 25;
045B9 : 25;
045BA : 25;
045BB : 25;
045BC : 25;
045BD : 25;
045BE : 25;
045BF : 25;
045C0 : 25;
045C1 : 25;
045C2 : 25;
045C3 : 25;
045C4 : 25;
045C5 : 25;
045C6 : 25;
045C7 : 25;
045C8 : 25;
045C9 : 25;
045CA : 25;
045CB : 25;
045CC : 25;
045CD : 25;
045CE : 25;
045CF : 25;
045D0 : 25;
045D1 : 25;
045D2 : 25;
045D3 : 25;
045D4 : 25;
045D5 : 25;
045D6 : 25;
045D7 : 25;
045D8 : 25;
045D9 : 25;
045DA : 25;
045DB : 25;
045DC : 25;
045DD : 25;
045DE : 25;
045DF : 25;
045E0 : 25;
045E1 : 25;
045E2 : 25;
045E3 : 25;
045E4 : 25;
045E5 : 25;
045E6 : 25;
045E7 : 25;
045E8 : 25;
045E9 : 25;
045EA : 25;
045EB : 25;
045EC : 25;
045ED : 25;
045EE : 25;
045EF : 25;
045F0 : 25;
045F1 : 25;
045F2 : 25;
045F3 : 25;
045F4 : 25;
045F5 : 25;
045F6 : 25;
045F7 : 25;
045F8 : 25;
045F9 : 25;
045FA : 25;
045FB : 25;
045FC : 25;
045FD : 25;
045FE : 25;
045FF : 25;
04600 : 25;
04601 : 25;
04602 : 25;
04603 : 25;
04604 : 25;
04605 : 25;
04606 : 25;
04607 : 25;
04608 : 25;
04609 : 25;
0460A : 25;
0460B : 25;
0460C : 25;
0460D : 25;
0460E : 25;
0460F : 25;
04610 : 25;
04611 : 25;
04612 : 25;
04613 : 25;
04614 : 25;
04615 : 25;
04616 : 25;
04617 : 25;
04618 : 25;
04619 : 25;
0461A : 25;
0461B : 25;
0461C : 25;
0461D : 25;
0461E : 25;
0461F : 25;
04620 : 25;
04621 : 25;
04622 : 25;
04623 : 25;
04624 : 25;
04625 : 25;
04626 : 25;
04627 : 25;
04628 : 25;
04629 : 25;
0462A : 25;
0462B : 25;
0462C : 25;
0462D : 25;
0462E : 25;
0462F : 25;
04630 : 25;
04631 : 25;
04632 : 25;
04633 : 25;
04634 : 25;
04635 : 25;
04636 : 25;
04637 : 25;
04638 : 25;
04639 : 25;
0463A : 25;
0463B : 25;
0463C : 25;
0463D : 25;
0463E : 25;
0463F : 25;
04640 : 25;
04641 : 25;
04642 : 25;
04643 : 25;
04644 : 25;
04645 : 25;
04646 : 25;
04647 : 25;
04648 : 25;
04649 : 25;
0464A : 25;
0464B : 25;
0464C : 25;
0464D : 25;
0464E : 25;
0464F : 25;
04650 : 25;
04651 : 25;
04652 : 25;
04653 : 25;
04654 : 25;
04655 : 25;
04656 : 25;
04657 : 25;
04658 : 25;
04659 : 25;
0465A : 25;
0465B : 25;
0465C : 25;
0465D : 25;
0465E : 25;
0465F : 25;
04660 : 25;
04661 : 25;
04662 : 25;
04663 : 25;
04664 : 25;
04665 : 25;
04666 : 25;
04667 : 25;
04668 : 25;
04669 : 25;
0466A : 25;
0466B : 25;
0466C : 25;
0466D : 25;
0466E : 25;
0466F : 25;
04670 : 25;
04671 : 25;
04672 : 25;
04673 : 25;
04674 : 25;
04675 : 25;
04676 : 25;
04677 : 25;
04678 : 25;
04679 : 25;
0467A : 25;
0467B : 25;
0467C : 25;
0467D : 25;
0467E : 25;
0467F : 25;
04680 : 25;
04681 : 25;
04682 : 25;
04683 : 25;
04684 : 25;
04685 : 25;
04686 : 25;
04687 : 25;
04688 : 25;
04689 : 25;
0468A : 25;
0468B : 25;
0468C : 25;
0468D : 25;
0468E : 25;
0468F : 25;
04690 : 25;
04691 : 25;
04692 : 25;
04693 : 25;
04694 : 25;
04695 : 25;
04696 : 25;
04697 : 25;
04698 : 25;
04699 : 25;
0469A : 25;
0469B : 25;
0469C : 25;
0469D : 25;
0469E : 25;
0469F : 25;
046A0 : 25;
046A1 : 25;
046A2 : 25;
046A3 : 25;
046A4 : 25;
046A5 : 25;
046A6 : 25;
046A7 : 25;
046A8 : 25;
046A9 : 25;
046AA : 25;
046AB : 25;
046AC : 25;
046AD : 25;
046AE : 25;
046AF : 25;
046B0 : 25;
046B1 : 25;
046B2 : 25;
046B3 : 25;
046B4 : 25;
046B5 : 25;
046B6 : 25;
046B7 : 25;
046B8 : 25;
046B9 : 25;
046BA : 25;
046BB : 25;
046BC : 25;
046BD : 25;
046BE : 25;
046BF : 25;
046C0 : 25;
046C1 : 25;
046C2 : 25;
046C3 : 25;
046C4 : 25;
046C5 : 25;
046C6 : 25;
046C7 : 25;
046C8 : 25;
046C9 : 25;
046CA : 25;
046CB : 25;
046CC : 25;
046CD : 25;
046CE : 25;
046CF : 25;
046D0 : 25;
046D1 : 25;
046D2 : 25;
046D3 : 25;
046D4 : 25;
046D5 : 25;
046D6 : 25;
046D7 : 25;
046D8 : 25;
046D9 : 25;
046DA : 25;
046DB : 25;
046DC : 25;
046DD : 25;
046DE : 25;
046DF : 25;
046E0 : 25;
046E1 : 25;
046E2 : 25;
046E3 : 25;
046E4 : 25;
046E5 : 25;
046E6 : 25;
046E7 : 25;
046E8 : 25;
046E9 : 25;
046EA : 25;
046EB : 25;
046EC : 25;
046ED : 25;
046EE : 25;
046EF : 25;
046F0 : 25;
046F1 : 25;
046F2 : 25;
046F3 : 25;
046F4 : 25;
046F5 : 25;
046F6 : 25;
046F7 : 25;
046F8 : 25;
046F9 : 25;
046FA : 25;
046FB : 25;
046FC : 25;
046FD : 25;
046FE : 25;
046FF : 25;
04700 : 25;
04701 : 25;
04702 : 25;
04703 : 25;
04704 : 25;
04705 : 25;
04706 : 25;
04707 : 25;
04708 : 25;
04709 : 25;
0470A : 25;
0470B : 25;
0470C : 25;
0470D : 25;
0470E : 25;
0470F : 25;
04710 : 25;
04711 : 25;
04712 : 25;
04713 : 25;
04714 : 25;
04715 : 25;
04716 : 25;
04717 : 25;
04718 : 25;
04719 : 25;
0471A : 25;
0471B : 25;
0471C : 25;
0471D : 25;
0471E : 25;
0471F : 25;
04720 : 25;
04721 : 25;
04722 : 25;
04723 : 25;
04724 : 25;
04725 : 25;
04726 : 25;
04727 : 25;
04728 : 25;
04729 : 25;
0472A : 25;
0472B : 25;
0472C : 25;
0472D : 25;
0472E : 25;
0472F : 25;
04730 : 25;
04731 : 25;
04732 : 25;
04733 : 25;
04734 : 25;
04735 : 25;
04736 : 25;
04737 : 25;
04738 : 25;
04739 : 25;
0473A : 25;
0473B : 25;
0473C : 25;
0473D : 25;
0473E : 25;
0473F : 25;
04740 : 25;
04741 : 25;
04742 : 25;
04743 : 25;
04744 : 25;
04745 : 25;
04746 : 25;
04747 : 25;
04748 : 25;
04749 : 25;
0474A : 25;
0474B : 25;
0474C : 25;
0474D : 25;
0474E : 25;
0474F : 25;
04750 : 25;
04751 : 25;
04752 : 25;
04753 : 25;
04754 : 25;
04755 : 25;
04756 : 25;
04757 : 25;
04758 : 25;
04759 : 25;
0475A : 25;
0475B : 25;
0475C : 25;
0475D : 25;
0475E : 25;
0475F : 25;
04760 : 25;
04761 : 25;
04762 : 25;
04763 : 25;
04764 : 25;
04765 : 25;
04766 : 25;
04767 : 25;
04768 : 25;
04769 : 25;
0476A : 25;
0476B : 25;
0476C : 25;
0476D : 25;
0476E : 25;
0476F : 25;
04770 : 25;
04771 : 25;
04772 : 25;
04773 : 25;
04774 : 25;
04775 : 25;
04776 : 25;
04777 : 25;
04778 : 25;
04779 : 25;
0477A : 25;
0477B : 25;
0477C : 25;
0477D : 25;
0477E : 25;
0477F : 25;
04780 : 25;
04781 : 25;
04782 : 25;
04783 : 25;
04784 : 25;
04785 : 25;
04786 : 25;
04787 : 25;
04788 : 25;
04789 : 25;
0478A : 25;
0478B : 25;
0478C : 25;
0478D : 25;
0478E : 25;
0478F : 25;
04790 : 25;
04791 : 25;
04792 : 25;
04793 : 25;
04794 : 25;
04795 : 25;
04796 : 25;
04797 : 25;
04798 : 25;
04799 : 25;
0479A : 25;
0479B : 25;
0479C : 25;
0479D : 25;
0479E : 25;
0479F : 25;
047A0 : 25;
047A1 : 25;
047A2 : 25;
047A3 : 25;
047A4 : 25;
047A5 : 25;
047A6 : 25;
047A7 : 25;
047A8 : 25;
047A9 : 25;
047AA : 25;
047AB : 25;
047AC : 25;
047AD : 25;
047AE : 25;
047AF : 25;
047B0 : 25;
047B1 : 25;
047B2 : 25;
047B3 : 25;
047B4 : 25;
047B5 : 25;
047B6 : 25;
047B7 : 25;
047B8 : 25;
047B9 : 25;
047BA : 25;
047BB : 25;
047BC : 25;
047BD : 25;
047BE : 25;
047BF : 25;
047C0 : 25;
047C1 : 25;
047C2 : 25;
047C3 : 25;
047C4 : 25;
047C5 : 25;
047C6 : 25;
047C7 : 25;
047C8 : 25;
047C9 : 25;
047CA : 25;
047CB : 25;
047CC : 25;
047CD : 25;
047CE : 25;
047CF : 25;
047D0 : 25;
047D1 : 25;
047D2 : 25;
047D3 : 25;
047D4 : 25;
047D5 : 25;
047D6 : 25;
047D7 : 25;
047D8 : 25;
047D9 : 25;
047DA : 25;
047DB : 25;
047DC : 25;
047DD : 25;
047DE : 25;
047DF : 25;
047E0 : 25;
047E1 : 25;
047E2 : 25;
047E3 : 25;
047E4 : 25;
047E5 : 25;
047E6 : 25;
047E7 : 25;
047E8 : 25;
047E9 : 25;
047EA : 25;
047EB : 25;
047EC : 25;
047ED : 25;
047EE : 25;
047EF : 25;
047F0 : 25;
047F1 : 25;
047F2 : 25;
047F3 : 25;
047F4 : 25;
047F5 : 25;
047F6 : 25;
047F7 : 25;
047F8 : 25;
047F9 : 25;
047FA : 25;
047FB : 25;
047FC : 25;
047FD : 25;
047FE : 25;
047FF : 25;
04800 : 25;
04801 : 25;
04802 : 25;
04803 : 25;
04804 : 25;
04805 : 25;
04806 : 25;
04807 : 25;
04808 : 25;
04809 : 25;
0480A : 25;
0480B : 25;
0480C : 25;
0480D : 25;
0480E : 25;
0480F : 25;
04810 : 25;
04811 : 25;
04812 : 25;
04813 : 25;
04814 : 25;
04815 : 25;
04816 : 25;
04817 : 25;
04818 : 25;
04819 : 25;
0481A : 25;
0481B : 25;
0481C : 25;
0481D : 25;
0481E : 25;
0481F : 25;
04820 : 25;
04821 : 25;
04822 : 25;
04823 : 25;
04824 : 25;
04825 : 25;
04826 : 25;
04827 : 25;
04828 : 25;
04829 : 25;
0482A : 25;
0482B : 25;
0482C : 25;
0482D : 25;
0482E : 25;
0482F : 25;
04830 : 25;
04831 : 25;
04832 : 25;
04833 : 25;
04834 : 25;
04835 : 25;
04836 : 25;
04837 : 25;
04838 : 25;
04839 : 25;
0483A : 25;
0483B : 25;
0483C : 25;
0483D : 25;
0483E : 25;
0483F : 25;
04840 : 25;
04841 : 25;
04842 : 25;
04843 : 25;
04844 : 25;
04845 : 25;
04846 : 25;
04847 : 25;
04848 : 25;
04849 : 25;
0484A : 25;
0484B : 25;
0484C : 25;
0484D : 25;
0484E : 25;
0484F : 25;
04850 : 25;
04851 : 25;
04852 : 25;
04853 : 25;
04854 : 25;
04855 : 25;
04856 : 25;
04857 : 25;
04858 : 25;
04859 : 25;
0485A : 25;
0485B : 25;
0485C : 25;
0485D : 25;
0485E : 25;
0485F : 25;
04860 : 25;
04861 : 25;
04862 : 25;
04863 : 25;
04864 : 25;
04865 : 25;
04866 : 25;
04867 : 25;
04868 : 25;
04869 : 25;
0486A : 25;
0486B : 25;
0486C : 25;
0486D : 25;
0486E : 25;
0486F : 25;
04870 : 25;
04871 : 25;
04872 : 25;
04873 : 25;
04874 : 25;
04875 : 25;
04876 : 25;
04877 : 25;
04878 : 25;
04879 : 25;
0487A : 25;
0487B : 25;
0487C : 25;
0487D : 25;
0487E : 25;
0487F : 25;
04880 : 25;
04881 : 25;
04882 : 25;
04883 : 25;
04884 : 25;
04885 : 25;
04886 : 25;
04887 : 25;
04888 : 25;
04889 : 25;
0488A : 25;
0488B : 25;
0488C : 25;
0488D : 25;
0488E : 25;
0488F : 25;
04890 : 25;
04891 : 25;
04892 : 25;
04893 : 25;
04894 : 25;
04895 : 25;
04896 : 25;
04897 : 25;
04898 : 25;
04899 : 25;
0489A : 25;
0489B : 25;
0489C : 25;
0489D : 25;
0489E : 25;
0489F : 25;
048A0 : 25;
048A1 : 25;
048A2 : 25;
048A3 : 25;
048A4 : 25;
048A5 : 25;
048A6 : 25;
048A7 : 25;
048A8 : 25;
048A9 : 25;
048AA : 25;
048AB : 25;
048AC : 25;
048AD : 25;
048AE : 25;
048AF : 25;
048B0 : 25;
048B1 : 25;
048B2 : 25;
048B3 : 25;
048B4 : 25;
048B5 : 25;
048B6 : 25;
048B7 : 25;
048B8 : 25;
048B9 : 25;
048BA : 25;
048BB : 25;
048BC : 25;
048BD : 25;
048BE : 25;
048BF : 25;
048C0 : 25;
048C1 : 25;
048C2 : 25;
048C3 : 25;
048C4 : 25;
048C5 : 25;
048C6 : 25;
048C7 : 25;
048C8 : 25;
048C9 : 25;
048CA : 25;
048CB : 25;
048CC : 25;
048CD : 25;
048CE : 25;
048CF : 25;
048D0 : 25;
048D1 : 25;
048D2 : 25;
048D3 : 25;
048D4 : 25;
048D5 : 25;
048D6 : 25;
048D7 : 25;
048D8 : 25;
048D9 : 25;
048DA : 25;
048DB : 25;
048DC : 25;
048DD : 25;
048DE : 25;
048DF : 25;
048E0 : 25;
048E1 : 25;
048E2 : 25;
048E3 : 25;
048E4 : 25;
048E5 : 25;
048E6 : 25;
048E7 : 25;
048E8 : 25;
048E9 : 25;
048EA : 25;
048EB : 25;
048EC : 25;
048ED : 25;
048EE : 25;
048EF : 25;
048F0 : 25;
048F1 : 25;
048F2 : 25;
048F3 : 25;
048F4 : 25;
048F5 : 25;
048F6 : 25;
048F7 : 25;
048F8 : 25;
048F9 : 25;
048FA : 25;
048FB : 25;
048FC : 25;
048FD : 25;
048FE : 25;
048FF : 25;
04900 : 25;
04901 : 25;
04902 : 25;
04903 : 25;
04904 : 25;
04905 : 25;
04906 : 25;
04907 : 25;
04908 : 25;
04909 : 25;
0490A : 25;
0490B : 25;
0490C : 25;
0490D : 25;
0490E : 25;
0490F : 25;
04910 : 25;
04911 : 25;
04912 : 25;
04913 : 25;
04914 : 25;
04915 : 25;
04916 : 25;
04917 : 25;
04918 : 25;
04919 : 25;
0491A : 25;
0491B : 25;
0491C : 25;
0491D : 25;
0491E : 25;
0491F : 25;
04920 : 25;
04921 : 25;
04922 : 25;
04923 : 25;
04924 : 25;
04925 : 25;
04926 : 25;
04927 : 25;
04928 : 25;
04929 : 25;
0492A : 25;
0492B : 25;
0492C : 25;
0492D : 25;
0492E : 25;
0492F : 25;
04930 : 25;
04931 : 25;
04932 : 25;
04933 : 25;
04934 : 25;
04935 : 25;
04936 : 25;
04937 : 25;
04938 : 25;
04939 : 25;
0493A : 25;
0493B : 25;
0493C : 25;
0493D : 25;
0493E : 25;
0493F : 25;
04940 : 25;
04941 : 25;
04942 : 25;
04943 : 25;
04944 : 25;
04945 : 25;
04946 : 25;
04947 : 25;
04948 : 25;
04949 : 25;
0494A : 25;
0494B : 25;
0494C : 25;
0494D : 25;
0494E : 25;
0494F : 25;
04950 : 25;
04951 : 25;
04952 : 25;
04953 : 25;
04954 : 25;
04955 : 25;
04956 : 25;
04957 : 25;
04958 : 25;
04959 : 25;
0495A : 25;
0495B : 25;
0495C : 25;
0495D : 25;
0495E : 25;
0495F : 25;
04960 : 25;
04961 : 25;
04962 : 25;
04963 : 25;
04964 : 25;
04965 : 25;
04966 : 25;
04967 : 25;
04968 : 25;
04969 : 25;
0496A : 25;
0496B : 25;
0496C : 25;
0496D : 25;
0496E : 25;
0496F : 25;
04970 : 25;
04971 : 25;
04972 : 25;
04973 : 25;
04974 : 25;
04975 : 25;
04976 : 25;
04977 : 25;
04978 : 25;
04979 : 25;
0497A : 25;
0497B : 25;
0497C : 25;
0497D : 25;
0497E : 25;
0497F : 25;
04980 : 25;
04981 : 25;
04982 : 25;
04983 : 25;
04984 : 25;
04985 : 25;
04986 : 25;
04987 : 25;
04988 : 25;
04989 : 25;
0498A : 25;
0498B : 25;
0498C : 25;
0498D : 25;
0498E : 25;
0498F : 25;
04990 : 25;
04991 : 25;
04992 : 25;
04993 : 25;
04994 : 25;
04995 : 25;
04996 : 25;
04997 : 25;
04998 : 25;
04999 : 25;
0499A : 25;
0499B : 25;
0499C : 25;
0499D : 25;
0499E : 25;
0499F : 25;
049A0 : 25;
049A1 : 25;
049A2 : 25;
049A3 : 25;
049A4 : 25;
049A5 : 25;
049A6 : 25;
049A7 : 25;
049A8 : 25;
049A9 : 25;
049AA : 25;
049AB : 25;
049AC : 25;
049AD : 25;
049AE : 25;
049AF : 25;
049B0 : 25;
049B1 : 25;
049B2 : 25;
049B3 : 25;
049B4 : 25;
049B5 : 25;
049B6 : 25;
049B7 : 25;
049B8 : 25;
049B9 : 25;
049BA : 25;
049BB : 25;
049BC : 25;
049BD : 25;
049BE : 25;
049BF : 25;
049C0 : 25;
049C1 : 25;
049C2 : 25;
049C3 : 25;
049C4 : 25;
049C5 : 25;
049C6 : 25;
049C7 : 25;
049C8 : 25;
049C9 : 25;
049CA : 25;
049CB : 25;
049CC : 25;
049CD : 25;
049CE : 25;
049CF : 25;
049D0 : 25;
049D1 : 25;
049D2 : 25;
049D3 : 25;
049D4 : 25;
049D5 : 25;
049D6 : 25;
049D7 : 25;
049D8 : 25;
049D9 : 25;
049DA : 25;
049DB : 25;
049DC : 25;
049DD : 25;
049DE : 25;
049DF : 25;
049E0 : 25;
049E1 : 25;
049E2 : 25;
049E3 : 25;
049E4 : 25;
049E5 : 25;
049E6 : 25;
049E7 : 25;
049E8 : 25;
049E9 : 25;
049EA : 25;
049EB : 25;
049EC : 25;
049ED : 25;
049EE : 25;
049EF : 25;
049F0 : 25;
049F1 : 25;
049F2 : 25;
049F3 : 25;
049F4 : 25;
049F5 : 25;
049F6 : 25;
049F7 : 25;
049F8 : 25;
049F9 : 25;
049FA : 25;
049FB : 25;
049FC : 25;
049FD : 25;
049FE : 25;
049FF : 25;
04A00 : 25;
04A01 : 25;
04A02 : 25;
04A03 : 25;
04A04 : 25;
04A05 : 25;
04A06 : 25;
04A07 : 25;
04A08 : 25;
04A09 : 25;
04A0A : 25;
04A0B : 25;
04A0C : 25;
04A0D : 25;
04A0E : 25;
04A0F : 25;
04A10 : 25;
04A11 : 25;
04A12 : 25;
04A13 : 25;
04A14 : 25;
04A15 : 25;
04A16 : 25;
04A17 : 25;
04A18 : 25;
04A19 : 25;
04A1A : 25;
04A1B : 25;
04A1C : 25;
04A1D : 25;
04A1E : 25;
04A1F : 25;
04A20 : 25;
04A21 : 25;
04A22 : 25;
04A23 : 25;
04A24 : 25;
04A25 : 25;
04A26 : 25;
04A27 : 25;
04A28 : 25;
04A29 : 25;
04A2A : 25;
04A2B : 25;
04A2C : 25;
04A2D : 25;
04A2E : 25;
04A2F : 25;
04A30 : 25;
04A31 : 25;
04A32 : 25;
04A33 : 25;
04A34 : 25;
04A35 : 25;
04A36 : 25;
04A37 : 25;
04A38 : 25;
04A39 : 25;
04A3A : 25;
04A3B : 25;
04A3C : 25;
04A3D : 25;
04A3E : 25;
04A3F : 25;
04A40 : 25;
04A41 : 25;
04A42 : 25;
04A43 : 25;
04A44 : 25;
04A45 : 25;
04A46 : 25;
04A47 : 25;
04A48 : 25;
04A49 : 25;
04A4A : 25;
04A4B : 25;
04A4C : 25;
04A4D : 25;
04A4E : 25;
04A4F : 25;
04A50 : 25;
04A51 : 25;
04A52 : 25;
04A53 : 25;
04A54 : 25;
04A55 : 25;
04A56 : 25;
04A57 : 25;
04A58 : 25;
04A59 : 25;
04A5A : 25;
04A5B : 25;
04A5C : 25;
04A5D : 25;
04A5E : 25;
04A5F : 25;
04A60 : 25;
04A61 : 25;
04A62 : 25;
04A63 : 25;
04A64 : 25;
04A65 : 25;
04A66 : 25;
04A67 : 25;
04A68 : 25;
04A69 : 25;
04A6A : 25;
04A6B : 25;
04A6C : 25;
04A6D : 25;
04A6E : 25;
04A6F : 25;
04A70 : 25;
04A71 : 25;
04A72 : 25;
04A73 : 25;
04A74 : 25;
04A75 : 25;
04A76 : 25;
04A77 : 25;
04A78 : 25;
04A79 : 25;
04A7A : 25;
04A7B : 25;
04A7C : 25;
04A7D : 25;
04A7E : 25;
04A7F : 25;
04A80 : 25;
04A81 : 25;
04A82 : 25;
04A83 : 25;
04A84 : 25;
04A85 : 25;
04A86 : 25;
04A87 : 25;
04A88 : 25;
04A89 : 25;
04A8A : 25;
04A8B : 25;
04A8C : 25;
04A8D : 25;
04A8E : 25;
04A8F : 25;
04A90 : 25;
04A91 : 25;
04A92 : 25;
04A93 : 25;
04A94 : 25;
04A95 : 25;
04A96 : 25;
04A97 : 25;
04A98 : 25;
04A99 : 25;
04A9A : 25;
04A9B : 25;
04A9C : 25;
04A9D : 25;
04A9E : 25;
04A9F : 25;
04AA0 : 25;
04AA1 : 25;
04AA2 : 25;
04AA3 : 25;
04AA4 : 25;
04AA5 : 25;
04AA6 : 25;
04AA7 : 25;
04AA8 : 25;
04AA9 : 25;
04AAA : 25;
04AAB : 25;
04AAC : 25;
04AAD : 25;
04AAE : 25;
04AAF : 25;
04AB0 : 25;
04AB1 : 25;
04AB2 : 25;
04AB3 : 25;
04AB4 : 25;
04AB5 : 25;
04AB6 : 25;
04AB7 : 25;
04AB8 : 25;
04AB9 : 25;
04ABA : 25;
04ABB : 25;
04ABC : 25;
04ABD : 25;
04ABE : 25;
04ABF : 25;
04AC0 : 25;
04AC1 : 25;
04AC2 : 25;
04AC3 : 25;
04AC4 : 25;
04AC5 : 25;
04AC6 : 25;
04AC7 : 25;
04AC8 : 25;
04AC9 : 25;
04ACA : 25;
04ACB : 25;
04ACC : 25;
04ACD : 25;
04ACE : 25;
04ACF : 25;
04AD0 : 25;
04AD1 : 25;
04AD2 : 25;
04AD3 : 25;
04AD4 : 25;
04AD5 : 25;
04AD6 : 25;
04AD7 : 25;
04AD8 : 25;
04AD9 : 25;
04ADA : 25;
04ADB : 25;
04ADC : 25;
04ADD : 25;
04ADE : 25;
04ADF : 25;
04AE0 : 25;
04AE1 : 25;
04AE2 : 25;
04AE3 : 25;
04AE4 : 25;
04AE5 : 25;
04AE6 : 25;
04AE7 : 25;
04AE8 : 25;
04AE9 : 25;
04AEA : 25;
04AEB : 25;
04AEC : 25;
04AED : 25;
04AEE : 25;
04AEF : 25;
04AF0 : 25;
04AF1 : 25;
04AF2 : 25;
04AF3 : 25;
04AF4 : 25;
04AF5 : 25;
04AF6 : 25;
04AF7 : 25;
04AF8 : 25;
04AF9 : 25;
04AFA : 25;
04AFB : 25;
04AFC : 25;
04AFD : 25;
04AFE : 25;
04AFF : 25;
04B00 : 25;
04B01 : 25;
04B02 : 25;
04B03 : 25;
04B04 : 25;
04B05 : 25;
04B06 : 25;
04B07 : 25;
04B08 : 25;
04B09 : 25;
04B0A : 25;
04B0B : 25;
04B0C : 25;
04B0D : 25;
04B0E : 25;
04B0F : 25;
04B10 : 25;
04B11 : 25;
04B12 : 25;
04B13 : 25;
04B14 : 25;
04B15 : 25;
04B16 : 25;
04B17 : 25;
04B18 : 25;
04B19 : 25;
04B1A : 25;
04B1B : 25;
04B1C : 25;
04B1D : 25;
04B1E : 25;
04B1F : 25;
04B20 : 25;
04B21 : 25;
04B22 : 25;
04B23 : 25;
04B24 : 25;
04B25 : 25;
04B26 : 25;
04B27 : 25;
04B28 : 25;
04B29 : 25;
04B2A : 25;
04B2B : 25;
04B2C : 25;
04B2D : 25;
04B2E : 25;
04B2F : 25;
04B30 : 25;
04B31 : 25;
04B32 : 25;
04B33 : 25;
04B34 : 25;
04B35 : 25;
04B36 : 25;
04B37 : 25;
04B38 : 25;
04B39 : 25;
04B3A : 25;
04B3B : 25;
04B3C : 25;
04B3D : 25;
04B3E : 25;
04B3F : 25;
04B40 : 25;
04B41 : 25;
04B42 : 25;
04B43 : 25;
04B44 : 25;
04B45 : 25;
04B46 : 25;
04B47 : 25;
04B48 : 25;
04B49 : 25;
04B4A : 25;
04B4B : 25;
04B4C : 25;
04B4D : 25;
04B4E : 25;
04B4F : 25;
04B50 : 25;
04B51 : 25;
04B52 : 25;
04B53 : 25;
04B54 : 25;
04B55 : 25;
04B56 : 25;
04B57 : 25;
04B58 : 25;
04B59 : 25;
04B5A : 25;
04B5B : 25;
04B5C : 25;
04B5D : 25;
04B5E : 25;
04B5F : 25;
04B60 : 25;
04B61 : 25;
04B62 : 25;
04B63 : 25;
04B64 : 25;
04B65 : 25;
04B66 : 25;
04B67 : 25;
04B68 : 25;
04B69 : 25;
04B6A : 25;
04B6B : 25;
04B6C : 25;
04B6D : 25;
04B6E : 25;
04B6F : 25;
04B70 : 25;
04B71 : 25;
04B72 : 25;
04B73 : 25;
04B74 : 25;
04B75 : 25;
04B76 : 25;
04B77 : 25;
04B78 : 25;
04B79 : 25;
04B7A : 25;
04B7B : 25;
04B7C : 25;
04B7D : 25;
04B7E : 25;
04B7F : 25;
04B80 : 25;
04B81 : 25;
04B82 : 25;
04B83 : 25;
04B84 : 25;
04B85 : 25;
04B86 : 25;
04B87 : 25;
04B88 : 25;
04B89 : 25;
04B8A : 25;
04B8B : 25;
04B8C : 25;
04B8D : 25;
04B8E : 25;
04B8F : 25;
04B90 : 25;
04B91 : 25;
04B92 : 25;
04B93 : 25;
04B94 : 25;
04B95 : 25;
04B96 : 25;
04B97 : 25;
04B98 : 25;
04B99 : 25;
04B9A : 25;
04B9B : 25;
04B9C : 25;
04B9D : 25;
04B9E : 25;
04B9F : 25;
04BA0 : 25;
04BA1 : 25;
04BA2 : 25;
04BA3 : 25;
04BA4 : 25;
04BA5 : 25;
04BA6 : 25;
04BA7 : 25;
04BA8 : 25;
04BA9 : 25;
04BAA : 25;
04BAB : 25;
04BAC : 25;
04BAD : 25;
04BAE : 25;
04BAF : 25;
04BB0 : 25;
04BB1 : 25;
04BB2 : 25;
04BB3 : 25;
04BB4 : 25;
04BB5 : 25;
04BB6 : 25;
04BB7 : 25;
04BB8 : 25;
04BB9 : 25;
04BBA : 25;
04BBB : 25;
04BBC : 25;
04BBD : 25;
04BBE : 25;
04BBF : 25;
04BC0 : 25;
04BC1 : 25;
04BC2 : 25;
04BC3 : 25;
04BC4 : 25;
04BC5 : 25;
04BC6 : 25;
04BC7 : 25;
04BC8 : 25;
04BC9 : 25;
04BCA : 25;
04BCB : 25;
04BCC : 25;
04BCD : 25;
04BCE : 25;
04BCF : 25;
04BD0 : 25;
04BD1 : 25;
04BD2 : 25;
04BD3 : 25;
04BD4 : 25;
04BD5 : 25;
04BD6 : 25;
04BD7 : 25;
04BD8 : 25;
04BD9 : 25;
04BDA : 25;
04BDB : 25;
04BDC : 25;
04BDD : 25;
04BDE : 25;
04BDF : 25;
04BE0 : 25;
04BE1 : 25;
04BE2 : 25;
04BE3 : 25;
04BE4 : 25;
04BE5 : 25;
04BE6 : 25;
04BE7 : 25;
04BE8 : 25;
04BE9 : 25;
04BEA : 25;
04BEB : 25;
04BEC : 25;
04BED : 25;
04BEE : 25;
04BEF : 25;
04BF0 : 25;
04BF1 : 25;
04BF2 : 25;
04BF3 : 25;
04BF4 : 25;
04BF5 : 25;
04BF6 : 25;
04BF7 : 25;
04BF8 : 25;
04BF9 : 25;
04BFA : 25;
04BFB : 25;
04BFC : 25;
04BFD : 25;
04BFE : 25;
04BFF : 25;
04C00 : 25;
04C01 : 25;
04C02 : 25;
04C03 : 25;
04C04 : 25;
04C05 : 25;
04C06 : 25;
04C07 : 25;
04C08 : 25;
04C09 : 25;
04C0A : 04;
04C0B : 7A;
04C0C : BA;
04C0D : BA;
04C0E : BA;
04C0F : 7A;
04C10 : BA;
04C11 : 55;
04C12 : 5A;
04C13 : 5A;
04C14 : 0D;
04C15 : 2D;
04C16 : 0D;
04C17 : 7A;
04C18 : 00;
04C19 : 25;
04C1A : 25;
04C1B : 25;
04C1C : 25;
04C1D : 25;
04C1E : 25;
04C1F : 25;
04C20 : 25;
04C21 : 25;
04C22 : 25;
04C23 : 25;
04C24 : 25;
04C25 : 25;
04C26 : 25;
04C27 : 25;
04C28 : 25;
04C29 : 25;
04C2A : 04;
04C2B : 7A;
04C2C : BA;
04C2D : BA;
04C2E : BA;
04C2F : 5A;
04C30 : BA;
04C31 : 55;
04C32 : 5A;
04C33 : 5A;
04C34 : 0D;
04C35 : 2D;
04C36 : 2D;
04C37 : 5A;
04C38 : 00;
04C39 : 25;
04C3A : 25;
04C3B : 25;
04C3C : 25;
04C3D : 25;
04C3E : 25;
04C3F : 25;
04C40 : 25;
04C41 : 25;
04C42 : 25;
04C43 : 25;
04C44 : 25;
04C45 : 25;
04C46 : 25;
04C47 : 25;
04C48 : 25;
04C49 : 25;
04C4A : 04;
04C4B : 7A;
04C4C : BA;
04C4D : BA;
04C4E : BA;
04C4F : 5A;
04C50 : BA;
04C51 : 55;
04C52 : 5A;
04C53 : 5A;
04C54 : 0D;
04C55 : 2D;
04C56 : 31;
04C57 : 5A;
04C58 : 00;
04C59 : 25;
04C5A : 25;
04C5B : 25;
04C5C : 25;
04C5D : 25;
04C5E : 25;
04C5F : 25;
04C60 : 25;
04C61 : 25;
04C62 : 25;
04C63 : 25;
04C64 : 25;
04C65 : 25;
04C66 : 25;
04C67 : 25;
04C68 : 25;
04C69 : 25;
04C6A : 04;
04C6B : 7A;
04C6C : BA;
04C6D : BA;
04C6E : BA;
04C6F : 5A;
04C70 : BA;
04C71 : 55;
04C72 : 5A;
04C73 : 5A;
04C74 : 0D;
04C75 : 0D;
04C76 : 31;
04C77 : 5A;
04C78 : 00;
04C79 : 25;
04C7A : 25;
04C7B : 25;
04C7C : 25;
04C7D : 25;
04C7E : 25;
04C7F : 25;
04C80 : 25;
04C81 : 25;
04C82 : 25;
04C83 : 25;
04C84 : 25;
04C85 : 25;
04C86 : 25;
04C87 : 25;
04C88 : 25;
04C89 : 25;
04C8A : 04;
04C8B : 7A;
04C8C : BA;
04C8D : BA;
04C8E : BA;
04C8F : 7A;
04C90 : BA;
04C91 : 55;
04C92 : 5A;
04C93 : 5A;
04C94 : 0D;
04C95 : 2D;
04C96 : 31;
04C97 : 7A;
04C98 : 00;
04C99 : 25;
04C9A : 25;
04C9B : 25;
04C9C : 25;
04C9D : 25;
04C9E : 25;
04C9F : 25;
04CA0 : 25;
04CA1 : 25;
04CA2 : 25;
04CA3 : 25;
04CA4 : 25;
04CA5 : 25;
04CA6 : 25;
04CA7 : 25;
04CA8 : 25;
04CA9 : 25;
04CAA : 04;
04CAB : 7A;
04CAC : BA;
04CAD : BA;
04CAE : BA;
04CAF : 7A;
04CB0 : BA;
04CB1 : 55;
04CB2 : 5A;
04CB3 : 5A;
04CB4 : 2D;
04CB5 : 2D;
04CB6 : 31;
04CB7 : 5A;
04CB8 : 04;
04CB9 : 25;
04CBA : 25;
04CBB : 25;
04CBC : 25;
04CBD : 25;
04CBE : 25;
04CBF : 25;
04CC0 : 25;
04CC1 : 25;
04CC2 : 25;
04CC3 : 25;
04CC4 : 25;
04CC5 : 25;
04CC6 : 25;
04CC7 : 25;
04CC8 : 25;
04CC9 : 25;
04CCA : 04;
04CCB : 7A;
04CCC : BA;
04CCD : BA;
04CCE : BA;
04CCF : 7A;
04CD0 : 9A;
04CD1 : 5A;
04CD2 : 5A;
04CD3 : 56;
04CD4 : 2D;
04CD5 : 31;
04CD6 : 31;
04CD7 : 7A;
04CD8 : 00;
04CD9 : 25;
04CDA : 25;
04CDB : 25;
04CDC : 25;
04CDD : 25;
04CDE : 25;
04CDF : 25;
04CE0 : 25;
04CE1 : 25;
04CE2 : 25;
04CE3 : 25;
04CE4 : 25;
04CE5 : 25;
04CE6 : 25;
04CE7 : 25;
04CE8 : 25;
04CE9 : 25;
04CEA : 04;
04CEB : 7A;
04CEC : BA;
04CED : BA;
04CEE : BA;
04CEF : 7A;
04CF0 : 7A;
04CF1 : 5A;
04CF2 : 5A;
04CF3 : 31;
04CF4 : 2D;
04CF5 : 31;
04CF6 : 31;
04CF7 : 56;
04CF8 : 04;
04CF9 : 25;
04CFA : 25;
04CFB : 25;
04CFC : 25;
04CFD : 25;
04CFE : 25;
04CFF : 25;
04D00 : 25;
04D01 : 25;
04D02 : 25;
04D03 : 25;
04D04 : 25;
04D05 : 25;
04D06 : 25;
04D07 : 25;
04D08 : 25;
04D09 : 25;
04D0A : 04;
04D0B : 7A;
04D0C : BA;
04D0D : BA;
04D0E : BA;
04D0F : BA;
04D10 : 5A;
04D11 : 5A;
04D12 : 56;
04D13 : 31;
04D14 : 31;
04D15 : 32;
04D16 : 7A;
04D17 : 7A;
04D18 : 00;
04D19 : 25;
04D1A : 25;
04D1B : 25;
04D1C : 25;
04D1D : 25;
04D1E : 25;
04D1F : 25;
04D20 : 25;
04D21 : 25;
04D22 : 25;
04D23 : 25;
04D24 : 25;
04D25 : 25;
04D26 : 25;
04D27 : 25;
04D28 : 25;
04D29 : 25;
04D2A : 04;
04D2B : 7A;
04D2C : BA;
04D2D : BA;
04D2E : BA;
04D2F : BA;
04D30 : 5A;
04D31 : 5A;
04D32 : 56;
04D33 : 31;
04D34 : 31;
04D35 : 56;
04D36 : 7A;
04D37 : 00;
04D38 : 04;
04D39 : 25;
04D3A : 25;
04D3B : 25;
04D3C : 25;
04D3D : 25;
04D3E : 25;
04D3F : 25;
04D40 : 25;
04D41 : 25;
04D42 : 25;
04D43 : 25;
04D44 : 25;
04D45 : 25;
04D46 : 25;
04D47 : 25;
04D48 : 25;
04D49 : 25;
04D4A : 25;
04D4B : 25;
04D4C : 9A;
04D4D : BA;
04D4E : BA;
04D4F : BA;
04D50 : 5A;
04D51 : 5A;
04D52 : 36;
04D53 : 31;
04D54 : 31;
04D55 : 56;
04D56 : 9A;
04D57 : 00;
04D58 : 25;
04D59 : 25;
04D5A : 25;
04D5B : 25;
04D5C : 25;
04D5D : 25;
04D5E : 25;
04D5F : 25;
04D60 : 25;
04D61 : 25;
04D62 : 25;
04D63 : 25;
04D64 : 25;
04D65 : 25;
04D66 : 25;
04D67 : 25;
04D68 : 25;
04D69 : 25;
04D6A : 25;
04D6B : 25;
04D6C : 9A;
04D6D : BA;
04D6E : BA;
04D6F : BA;
04D70 : 9A;
04D71 : 7A;
04D72 : 36;
04D73 : 31;
04D74 : 31;
04D75 : 56;
04D76 : 9A;
04D77 : 00;
04D78 : 25;
04D79 : 25;
04D7A : 25;
04D7B : 25;
04D7C : 25;
04D7D : 25;
04D7E : 25;
04D7F : 25;
04D80 : 25;
04D81 : 25;
04D82 : 25;
04D83 : 25;
04D84 : 25;
04D85 : 25;
04D86 : 25;
04D87 : 25;
04D88 : 25;
04D89 : 25;
04D8A : 25;
04D8B : 25;
04D8C : 9A;
04D8D : BA;
04D8E : BA;
04D8F : DA;
04D90 : DA;
04D91 : 7A;
04D92 : 5A;
04D93 : 7A;
04D94 : 31;
04D95 : 56;
04D96 : 9A;
04D97 : 00;
04D98 : 25;
04D99 : 25;
04D9A : 25;
04D9B : 25;
04D9C : 25;
04D9D : 25;
04D9E : 25;
04D9F : 25;
04DA0 : 25;
04DA1 : 25;
04DA2 : 25;
04DA3 : 25;
04DA4 : 25;
04DA5 : 25;
04DA6 : 25;
04DA7 : 25;
04DA8 : 25;
04DA9 : 25;
04DAA : 25;
04DAB : 25;
04DAC : 9A;
04DAD : BA;
04DAE : BA;
04DAF : DA;
04DB0 : DA;
04DB1 : 7A;
04DB2 : 56;
04DB3 : 7A;
04DB4 : 32;
04DB5 : 56;
04DB6 : 9A;
04DB7 : 00;
04DB8 : 25;
04DB9 : 25;
04DBA : 25;
04DBB : 25;
04DBC : 25;
04DBD : 25;
04DBE : 25;
04DBF : 25;
04DC0 : 25;
04DC1 : 25;
04DC2 : 25;
04DC3 : 25;
04DC4 : 25;
04DC5 : 25;
04DC6 : 25;
04DC7 : 25;
04DC8 : 25;
04DC9 : 25;
04DCA : 25;
04DCB : 25;
04DCC : 9A;
04DCD : BA;
04DCE : BA;
04DCF : BA;
04DD0 : DA;
04DD1 : 9A;
04DD2 : 7A;
04DD3 : 7A;
04DD4 : 31;
04DD5 : 56;
04DD6 : 9A;
04DD7 : 00;
04DD8 : 25;
04DD9 : 25;
04DDA : 25;
04DDB : 25;
04DDC : 25;
04DDD : 25;
04DDE : 25;
04DDF : 25;
04DE0 : 25;
04DE1 : 25;
04DE2 : 25;
04DE3 : 25;
04DE4 : 25;
04DE5 : 25;
04DE6 : 25;
04DE7 : 25;
04DE8 : 25;
04DE9 : 25;
04DEA : 25;
04DEB : 25;
04DEC : 7A;
04DED : BA;
04DEE : BA;
04DEF : BA;
04DF0 : DA;
04DF1 : BA;
04DF2 : 7A;
04DF3 : 7A;
04DF4 : 31;
04DF5 : 56;
04DF6 : 9A;
04DF7 : 00;
04DF8 : 25;
04DF9 : 25;
04DFA : 25;
04DFB : 25;
04DFC : 25;
04DFD : 25;
04DFE : 25;
04DFF : 25;
04E00 : 25;
04E01 : 25;
04E02 : 25;
04E03 : 25;
04E04 : 25;
04E05 : 25;
04E06 : 25;
04E07 : 25;
04E08 : 25;
04E09 : 25;
04E0A : 25;
04E0B : 25;
04E0C : 09;
04E0D : 9A;
04E0E : BA;
04E0F : BA;
04E10 : DA;
04E11 : BA;
04E12 : 7A;
04E13 : 7A;
04E14 : 31;
04E15 : 56;
04E16 : 9A;
04E17 : 00;
04E18 : 25;
04E19 : 25;
04E1A : 25;
04E1B : 25;
04E1C : 25;
04E1D : 25;
04E1E : 25;
04E1F : 25;
04E20 : 25;
04E21 : 25;
04E22 : 25;
04E23 : 25;
04E24 : 25;
04E25 : 25;
04E26 : 25;
04E27 : 25;
04E28 : 25;
04E29 : 25;
04E2A : 25;
04E2B : 25;
04E2C : 29;
04E2D : 76;
04E2E : 5A;
04E2F : BA;
04E30 : DA;
04E31 : BA;
04E32 : 7A;
04E33 : 7A;
04E34 : 11;
04E35 : 56;
04E36 : 9A;
04E37 : 00;
04E38 : 25;
04E39 : 25;
04E3A : 25;
04E3B : 25;
04E3C : 25;
04E3D : 25;
04E3E : 25;
04E3F : 25;
04E40 : 25;
04E41 : 25;
04E42 : 25;
04E43 : 25;
04E44 : 25;
04E45 : 25;
04E46 : 25;
04E47 : 25;
04E48 : 25;
04E49 : 25;
04E4A : 25;
04E4B : 25;
04E4C : 05;
04E4D : 76;
04E4E : 5A;
04E4F : BA;
04E50 : BA;
04E51 : BA;
04E52 : 7A;
04E53 : 7A;
04E54 : 5A;
04E55 : 51;
04E56 : 00;
04E57 : 00;
04E58 : 25;
04E59 : 25;
04E5A : 25;
04E5B : 25;
04E5C : 25;
04E5D : 25;
04E5E : 25;
04E5F : 25;
04E60 : 25;
04E61 : 25;
04E62 : 25;
04E63 : 25;
04E64 : 25;
04E65 : 25;
04E66 : 25;
04E67 : 25;
04E68 : 25;
04E69 : 25;
04E6A : 25;
04E6B : 25;
04E6C : 29;
04E6D : 7A;
04E6E : 7A;
04E6F : 7A;
04E70 : BA;
04E71 : BA;
04E72 : 7A;
04E73 : 7A;
04E74 : 5A;
04E75 : 51;
04E76 : 00;
04E77 : 25;
04E78 : 25;
04E79 : 25;
04E7A : 25;
04E7B : 25;
04E7C : 25;
04E7D : 25;
04E7E : 25;
04E7F : 25;
04E80 : 25;
04E81 : 25;
04E82 : 25;
04E83 : 25;
04E84 : 25;
04E85 : 25;
04E86 : 25;
04E87 : 25;
04E88 : 25;
04E89 : 25;
04E8A : 25;
04E8B : 25;
04E8C : 25;
04E8D : 71;
04E8E : 7A;
04E8F : 5A;
04E90 : BA;
04E91 : BA;
04E92 : BA;
04E93 : 7A;
04E94 : 56;
04E95 : 2D;
04E96 : 00;
04E97 : 25;
04E98 : 25;
04E99 : 25;
04E9A : 25;
04E9B : 25;
04E9C : 25;
04E9D : 25;
04E9E : 25;
04E9F : 25;
04EA0 : 25;
04EA1 : 25;
04EA2 : 25;
04EA3 : 25;
04EA4 : 25;
04EA5 : 25;
04EA6 : 25;
04EA7 : 25;
04EA8 : 25;
04EA9 : 25;
04EAA : 25;
04EAB : 25;
04EAC : 25;
04EAD : 51;
04EAE : 7A;
04EAF : 5A;
04EB0 : BA;
04EB1 : BA;
04EB2 : BA;
04EB3 : 7A;
04EB4 : 7A;
04EB5 : 4D;
04EB6 : 00;
04EB7 : 25;
04EB8 : 25;
04EB9 : 25;
04EBA : 25;
04EBB : 25;
04EBC : 25;
04EBD : 25;
04EBE : 25;
04EBF : 25;
04EC0 : 25;
04EC1 : 25;
04EC2 : 25;
04EC3 : 25;
04EC4 : 25;
04EC5 : 25;
04EC6 : 25;
04EC7 : 25;
04EC8 : 25;
04EC9 : 25;
04ECA : 25;
04ECB : 25;
04ECC : 25;
04ECD : 51;
04ECE : 7A;
04ECF : 5A;
04ED0 : BA;
04ED1 : BA;
04ED2 : BA;
04ED3 : 9A;
04ED4 : 7A;
04ED5 : 51;
04ED6 : 00;
04ED7 : 25;
04ED8 : 25;
04ED9 : 25;
04EDA : 25;
04EDB : 25;
04EDC : 25;
04EDD : 25;
04EDE : 25;
04EDF : 25;
04EE0 : 25;
04EE1 : 25;
04EE2 : 25;
04EE3 : 25;
04EE4 : 25;
04EE5 : 25;
04EE6 : 25;
04EE7 : 25;
04EE8 : 25;
04EE9 : 25;
04EEA : 25;
04EEB : 25;
04EEC : 25;
04EED : 51;
04EEE : 7A;
04EEF : 5A;
04EF0 : BA;
04EF1 : BA;
04EF2 : 7A;
04EF3 : BA;
04EF4 : 7A;
04EF5 : 51;
04EF6 : 00;
04EF7 : 25;
04EF8 : 25;
04EF9 : 25;
04EFA : 25;
04EFB : 25;
04EFC : 25;
04EFD : 25;
04EFE : 25;
04EFF : 25;
04F00 : 25;
04F01 : 25;
04F02 : 25;
04F03 : 25;
04F04 : 25;
04F05 : 25;
04F06 : 25;
04F07 : 25;
04F08 : 25;
04F09 : 25;
04F0A : 25;
04F0B : 25;
04F0C : 25;
04F0D : 51;
04F0E : 7A;
04F0F : 5A;
04F10 : BA;
04F11 : BA;
04F12 : 7A;
04F13 : 7A;
04F14 : 5A;
04F15 : 51;
04F16 : 00;
04F17 : 25;
04F18 : 25;
04F19 : 25;
04F1A : 25;
04F1B : 25;
04F1C : 25;
04F1D : 25;
04F1E : 25;
04F1F : 25;
04F20 : 25;
04F21 : 25;
04F22 : 25;
04F23 : 25;
04F24 : 25;
04F25 : 25;
04F26 : 25;
04F27 : 25;
04F28 : 25;
04F29 : 25;
04F2A : 25;
04F2B : 25;
04F2C : 25;
04F2D : 51;
04F2E : 7A;
04F2F : 5A;
04F30 : BA;
04F31 : BA;
04F32 : 9A;
04F33 : 9A;
04F34 : 5A;
04F35 : 2D;
04F36 : 00;
04F37 : 25;
04F38 : 25;
04F39 : 25;
04F3A : 25;
04F3B : 25;
04F3C : 25;
04F3D : 25;
04F3E : 25;
04F3F : 25;
04F40 : 25;
04F41 : 25;
04F42 : 25;
04F43 : 25;
04F44 : 25;
04F45 : 25;
04F46 : 25;
04F47 : 25;
04F48 : 25;
04F49 : 25;
04F4A : 25;
04F4B : 25;
04F4C : 25;
04F4D : 51;
04F4E : 7A;
04F4F : 5A;
04F50 : BA;
04F51 : BA;
04F52 : 7A;
04F53 : 31;
04F54 : 5A;
04F55 : 2D;
04F56 : 00;
04F57 : 25;
04F58 : 25;
04F59 : 25;
04F5A : 25;
04F5B : 25;
04F5C : 25;
04F5D : 25;
04F5E : 25;
04F5F : 25;
04F60 : 25;
04F61 : 25;
04F62 : 25;
04F63 : 25;
04F64 : 25;
04F65 : 25;
04F66 : 25;
04F67 : 25;
04F68 : 25;
04F69 : 25;
04F6A : 25;
04F6B : 25;
04F6C : 25;
04F6D : 51;
04F6E : 7A;
04F6F : 5A;
04F70 : BA;
04F71 : BA;
04F72 : 7A;
04F73 : 31;
04F74 : 5A;
04F75 : 2D;
04F76 : 00;
04F77 : 04;
04F78 : 25;
04F79 : 25;
04F7A : 25;
04F7B : 25;
04F7C : 25;
04F7D : 25;
04F7E : 25;
04F7F : 25;
04F80 : 25;
04F81 : 25;
04F82 : 25;
04F83 : 25;
04F84 : 25;
04F85 : 25;
04F86 : 25;
04F87 : 25;
04F88 : 25;
04F89 : 25;
04F8A : 25;
04F8B : 25;
04F8C : 25;
04F8D : 4D;
04F8E : 7A;
04F8F : 5A;
04F90 : BA;
04F91 : BA;
04F92 : 7A;
04F93 : 31;
04F94 : 31;
04F95 : 76;
04F96 : 71;
04F97 : 04;
04F98 : 25;
04F99 : 25;
04F9A : 25;
04F9B : 25;
04F9C : 25;
04F9D : 25;
04F9E : 25;
04F9F : 25;
04FA0 : 25;
04FA1 : 25;
04FA2 : 25;
04FA3 : 25;
04FA4 : 25;
04FA5 : 25;
04FA6 : 25;
04FA7 : 25;
04FA8 : 25;
04FA9 : 25;
04FAA : 25;
04FAB : 25;
04FAC : 25;
04FAD : 4D;
04FAE : 9A;
04FAF : 5A;
04FB0 : BA;
04FB1 : BA;
04FB2 : 7A;
04FB3 : 31;
04FB4 : 2D;
04FB5 : 31;
04FB6 : 75;
04FB7 : 00;
04FB8 : 25;
04FB9 : 25;
04FBA : 25;
04FBB : 25;
04FBC : 25;
04FBD : 25;
04FBE : 25;
04FBF : 25;
04FC0 : 25;
04FC1 : 25;
04FC2 : 25;
04FC3 : 25;
04FC4 : 25;
04FC5 : 25;
04FC6 : 25;
04FC7 : 25;
04FC8 : 25;
04FC9 : 25;
04FCA : 25;
04FCB : 25;
04FCC : 51;
04FCD : BA;
04FCE : BA;
04FCF : 5A;
04FD0 : BA;
04FD1 : BA;
04FD2 : 5A;
04FD3 : 31;
04FD4 : 2D;
04FD5 : 31;
04FD6 : 7A;
04FD7 : 00;
04FD8 : 25;
04FD9 : 25;
04FDA : 25;
04FDB : 25;
04FDC : 25;
04FDD : 25;
04FDE : 25;
04FDF : 25;
04FE0 : 25;
04FE1 : 25;
04FE2 : 25;
04FE3 : 25;
04FE4 : 25;
04FE5 : 25;
04FE6 : 25;
04FE7 : 25;
04FE8 : 25;
04FE9 : 25;
04FEA : 25;
04FEB : 25;
04FEC : 31;
04FED : BA;
04FEE : BA;
04FEF : 5A;
04FF0 : BA;
04FF1 : BA;
04FF2 : 7A;
04FF3 : 31;
04FF4 : 2D;
04FF5 : 31;
04FF6 : 7A;
04FF7 : 00;
04FF8 : 25;
04FF9 : 25;
04FFA : 25;
04FFB : 25;
04FFC : 25;
04FFD : 25;
04FFE : 25;
04FFF : 25;
05000 : 29;
05001 : 49;
05002 : 29;
05003 : 29;
05004 : 29;
05005 : 4D;
05006 : 6D;
05007 : 49;
05008 : 71;
05009 : 71;
0500A : 71;
0500B : 71;
0500C : 71;
0500D : 71;
0500E : 4D;
0500F : 29;
05010 : 49;
05011 : 04;
05012 : 4D;
05013 : 25;
05014 : 25;
05015 : 25;
05016 : 25;
05017 : 25;
05018 : 25;
05019 : 29;
0501A : 51;
0501B : 29;
0501C : 25;
0501D : 25;
0501E : 49;
0501F : 49;
05020 : 71;
05021 : 51;
05022 : 71;
05023 : 71;
05024 : 51;
05025 : 4D;
05026 : 29;
05027 : 71;
05028 : 71;
05029 : 71;
0502A : 71;
0502B : 71;
0502C : 71;
0502D : 71;
0502E : 4D;
0502F : 29;
05030 : 29;
05031 : 49;
05032 : 29;
05033 : 29;
05034 : 29;
05035 : 25;
05036 : 25;
05037 : 25;
05038 : 25;
05039 : 25;
0503A : 25;
0503B : 25;
0503C : 25;
0503D : 29;
0503E : 51;
0503F : 51;
05040 : 71;
05041 : 71;
05042 : 51;
05043 : 51;
05044 : 51;
05045 : 05;
05046 : 49;
05047 : 49;
05048 : 71;
05049 : 71;
0504A : 71;
0504B : 51;
0504C : 71;
0504D : 71;
0504E : 51;
0504F : 4D;
05050 : 29;
05051 : 29;
05052 : 29;
05053 : 25;
05054 : 25;
05055 : 51;
05056 : 4D;
05057 : 51;
05058 : 25;
05059 : 25;
0505A : 25;
0505B : 05;
0505C : 4D;
0505D : 51;
0505E : 51;
0505F : 4D;
05060 : 71;
05061 : 6D;
05062 : 51;
05063 : 51;
05064 : 51;
05065 : 04;
05066 : 4D;
05067 : 4D;
05068 : 49;
05069 : 49;
0506A : 71;
0506B : 71;
0506C : 71;
0506D : 51;
0506E : 51;
0506F : 29;
05070 : 49;
05071 : 49;
05072 : 25;
05073 : 29;
05074 : 25;
05075 : 51;
05076 : 4D;
05077 : 51;
05078 : 4D;
05079 : 49;
0507A : 25;
0507B : 25;
0507C : 25;
0507D : 25;
0507E : 4D;
0507F : 71;
05080 : 29;
05081 : 29;
05082 : 51;
05083 : 51;
05084 : 4D;
05085 : 25;
05086 : 29;
05087 : 29;
05088 : 29;
05089 : 25;
0508A : 49;
0508B : 49;
0508C : 51;
0508D : 29;
0508E : 49;
0508F : 49;
05090 : 49;
05091 : 29;
05092 : 25;
05093 : 25;
05094 : 29;
05095 : 4D;
05096 : 4D;
05097 : 4D;
05098 : 51;
05099 : 4D;
0509A : 51;
0509B : 4D;
0509C : 4D;
0509D : 29;
0509E : 29;
0509F : 29;
050A0 : 29;
050A1 : 29;
050A2 : 51;
050A3 : 51;
050A4 : 4D;
050A5 : 05;
050A6 : 29;
050A7 : 29;
050A8 : 29;
050A9 : 25;
050AA : 29;
050AB : 51;
050AC : 71;
050AD : 49;
050AE : 49;
050AF : 29;
050B0 : 25;
050B1 : 25;
050B2 : 25;
050B3 : 25;
050B4 : 29;
050B5 : 4D;
050B6 : 4D;
050B7 : 4D;
050B8 : 4D;
050B9 : 51;
050BA : 51;
050BB : 4D;
050BC : 4D;
050BD : 29;
050BE : 29;
050BF : 29;
050C0 : 05;
050C1 : 00;
050C2 : 4D;
050C3 : 4D;
050C4 : 4D;
050C5 : 05;
050C6 : 29;
050C7 : 25;
050C8 : 25;
050C9 : 25;
050CA : 05;
050CB : 4D;
050CC : 4D;
050CD : 29;
050CE : 25;
050CF : 25;
050D0 : 25;
050D1 : 25;
050D2 : 25;
050D3 : 29;
050D4 : 29;
050D5 : 71;
050D6 : 71;
050D7 : 71;
050D8 : 51;
050D9 : 51;
050DA : 51;
050DB : 55;
050DC : 4D;
050DD : 29;
050DE : 29;
050DF : 29;
050E0 : 25;
050E1 : 00;
050E2 : 05;
050E3 : 05;
050E4 : 25;
050E5 : 4D;
050E6 : 29;
050E7 : 25;
050E8 : 25;
050E9 : 00;
050EA : 25;
050EB : 05;
050EC : 25;
050ED : 29;
050EE : 25;
050EF : 25;
050F0 : 25;
050F1 : 25;
050F2 : 25;
050F3 : 29;
050F4 : 29;
050F5 : 29;
050F6 : 29;
050F7 : 51;
050F8 : 55;
050F9 : 55;
050FA : 31;
050FB : 51;
050FC : 29;
050FD : 4D;
050FE : 29;
050FF : 29;
05100 : 05;
05101 : 00;
05102 : 25;
05103 : 25;
05104 : 25;
05105 : 49;
05106 : 4D;
05107 : 05;
05108 : 05;
05109 : 25;
0510A : 25;
0510B : 25;
0510C : 25;
0510D : 29;
0510E : 25;
0510F : 25;
05110 : 25;
05111 : 00;
05112 : 00;
05113 : 00;
05114 : 05;
05115 : 29;
05116 : 29;
05117 : 29;
05118 : 55;
05119 : 55;
0511A : 2D;
0511B : 2D;
0511C : 4D;
0511D : 29;
0511E : 25;
0511F : 25;
05120 : 25;
05121 : 05;
05122 : 25;
05123 : 25;
05124 : 25;
05125 : 49;
05126 : 4D;
05127 : 05;
05128 : 05;
05129 : 25;
0512A : 25;
0512B : 00;
0512C : 25;
0512D : 25;
0512E : 25;
0512F : 25;
05130 : 25;
05131 : 00;
05132 : 00;
05133 : 04;
05134 : 25;
05135 : 29;
05136 : 29;
05137 : 29;
05138 : 2D;
05139 : 2D;
0513A : 4D;
0513B : 4D;
0513C : 4D;
0513D : 29;
0513E : 25;
0513F : 25;
05140 : 29;
05141 : 29;
05142 : 29;
05143 : 25;
05144 : 25;
05145 : 49;
05146 : 49;
05147 : 05;
05148 : 25;
05149 : 29;
0514A : 29;
0514B : 29;
0514C : 29;
0514D : 25;
0514E : 25;
0514F : 25;
05150 : 04;
05151 : 00;
05152 : 00;
05153 : 24;
05154 : 05;
05155 : 04;
05156 : 29;
05157 : 29;
05158 : 49;
05159 : 29;
0515A : 49;
0515B : 29;
0515C : 29;
0515D : 49;
0515E : 25;
0515F : 05;
05160 : 4D;
05161 : 51;
05162 : 51;
05163 : 51;
05164 : 25;
05165 : 49;
05166 : 49;
05167 : 05;
05168 : 25;
05169 : 51;
0516A : 51;
0516B : 71;
0516C : 71;
0516D : 25;
0516E : 25;
0516F : 25;
05170 : 04;
05171 : 00;
05172 : 00;
05173 : 25;
05174 : 04;
05175 : 04;
05176 : 04;
05177 : 00;
05178 : 05;
05179 : 29;
0517A : 49;
0517B : 29;
0517C : 29;
0517D : 49;
0517E : 25;
0517F : 05;
05180 : 71;
05181 : 51;
05182 : 51;
05183 : 51;
05184 : 25;
05185 : 49;
05186 : 05;
05187 : 29;
05188 : 4D;
05189 : 51;
0518A : 51;
0518B : 71;
0518C : 71;
0518D : 75;
0518E : 71;
0518F : 25;
05190 : 25;
05191 : 00;
05192 : 00;
05193 : 24;
05194 : 04;
05195 : 29;
05196 : 29;
05197 : 4D;
05198 : 01;
05199 : 05;
0519A : 29;
0519B : 29;
0519C : 29;
0519D : 05;
0519E : 4D;
0519F : 4D;
051A0 : 71;
051A1 : 51;
051A2 : 51;
051A3 : 71;
051A4 : 71;
051A5 : 25;
051A6 : 05;
051A7 : 29;
051A8 : 4D;
051A9 : 51;
051AA : 75;
051AB : 71;
051AC : 71;
051AD : 71;
051AE : 71;
051AF : 05;
051B0 : 29;
051B1 : 25;
051B2 : 24;
051B3 : 25;
051B4 : 25;
051B5 : 4D;
051B6 : 4D;
051B7 : 4D;
051B8 : 25;
051B9 : 05;
051BA : 05;
051BB : 29;
051BC : 29;
051BD : 05;
051BE : 4D;
051BF : 4D;
051C0 : 71;
051C1 : 71;
051C2 : 71;
051C3 : 51;
051C4 : 51;
051C5 : 29;
051C6 : 05;
051C7 : 29;
051C8 : 4D;
051C9 : 51;
051CA : 51;
051CB : 71;
051CC : 71;
051CD : 75;
051CE : 75;
051CF : 05;
051D0 : 2D;
051D1 : 4D;
051D2 : 4D;
051D3 : 4D;
051D4 : 4D;
051D5 : 4D;
051D6 : 4D;
051D7 : 4D;
051D8 : 6D;
051D9 : 49;
051DA : 05;
051DB : 05;
051DC : 25;
051DD : 05;
051DE : 4D;
051DF : 4D;
051E0 : 71;
051E1 : 71;
051E2 : 71;
051E3 : 51;
051E4 : 51;
051E5 : 29;
051E6 : 05;
051E7 : 29;
051E8 : 4D;
051E9 : 51;
051EA : 75;
051EB : 75;
051EC : 75;
051ED : 75;
051EE : 75;
051EF : 05;
051F0 : 2D;
051F1 : 4D;
051F2 : 4D;
051F3 : 4D;
051F4 : 4D;
051F5 : 4D;
051F6 : 4D;
051F7 : 4D;
051F8 : 4D;
051F9 : 29;
051FA : 05;
051FB : 05;
051FC : 25;
051FD : 05;
051FE : 4D;
051FF : 4D;
05200 : 4D;
05201 : 4D;
05202 : 51;
05203 : 51;
05204 : 76;
05205 : 25;
05206 : 25;
05207 : 29;
05208 : 4D;
05209 : 2D;
0520A : 4D;
0520B : 51;
0520C : 51;
0520D : 2D;
0520E : 04;
0520F : 05;
05210 : 29;
05211 : 4D;
05212 : 4D;
05213 : 4D;
05214 : 4D;
05215 : 4D;
05216 : 51;
05217 : 71;
05218 : 71;
05219 : 71;
0521A : 71;
0521B : 71;
0521C : 25;
0521D : 25;
0521E : 4D;
0521F : 4D;
05220 : 4D;
05221 : 4D;
05222 : 4D;
05223 : 4D;
05224 : 4D;
05225 : 05;
05226 : 05;
05227 : 29;
05228 : 49;
05229 : 4D;
0522A : 2D;
0522B : 4D;
0522C : 4D;
0522D : 4D;
0522E : 29;
0522F : 05;
05230 : 05;
05231 : 4D;
05232 : 49;
05233 : 71;
05234 : 4D;
05235 : 4D;
05236 : 4D;
05237 : 51;
05238 : 71;
05239 : 71;
0523A : 51;
0523B : 51;
0523C : 05;
0523D : 05;
0523E : 29;
0523F : 4D;
05240 : 4D;
05241 : 4D;
05242 : 4D;
05243 : 4D;
05244 : 4D;
05245 : 05;
05246 : 05;
05247 : 49;
05248 : 6D;
05249 : 6D;
0524A : 4D;
0524B : 4D;
0524C : 4D;
0524D : 4D;
0524E : 29;
0524F : 05;
05250 : 05;
05251 : 49;
05252 : 49;
05253 : 4D;
05254 : 4D;
05255 : 51;
05256 : 51;
05257 : 71;
05258 : 71;
05259 : 51;
0525A : 51;
0525B : 51;
0525C : 05;
0525D : 25;
0525E : 29;
0525F : 4D;
05260 : 4D;
05261 : 4D;
05262 : 4D;
05263 : 4D;
05264 : 4D;
05265 : 05;
05266 : 05;
05267 : 29;
05268 : 6D;
05269 : 6D;
0526A : 6D;
0526B : 4D;
0526C : 4D;
0526D : 4D;
0526E : 51;
0526F : 09;
05270 : 09;
05271 : 29;
05272 : 29;
05273 : 4D;
05274 : 51;
05275 : 71;
05276 : 51;
05277 : 71;
05278 : 51;
05279 : 96;
0527A : 75;
0527B : 51;
0527C : 49;
0527D : 05;
0527E : 25;
0527F : 4D;
05280 : 4D;
05281 : 4D;
05282 : 4D;
05283 : 4D;
05284 : 4D;
05285 : 29;
05286 : 05;
05287 : 49;
05288 : 6D;
05289 : 6D;
0528A : 6D;
0528B : 4D;
0528C : 2D;
0528D : 4D;
0528E : 55;
0528F : 55;
05290 : 55;
05291 : 29;
05292 : 29;
05293 : 29;
05294 : 29;
05295 : 95;
05296 : 95;
05297 : B6;
05298 : 96;
05299 : 2D;
0529A : 29;
0529B : 29;
0529C : 29;
0529D : 29;
0529E : 25;
0529F : 29;
052A0 : 49;
052A1 : 49;
052A2 : 75;
052A3 : 4D;
052A4 : 4D;
052A5 : 29;
052A6 : 25;
052A7 : 25;
052A8 : 25;
052A9 : 49;
052AA : 49;
052AB : 31;
052AC : 51;
052AD : 75;
052AE : 75;
052AF : 75;
052B0 : 2D;
052B1 : 29;
052B2 : 29;
052B3 : 29;
052B4 : 29;
052B5 : 6D;
052B6 : 51;
052B7 : 6D;
052B8 : 29;
052B9 : 29;
052BA : 29;
052BB : 29;
052BC : 29;
052BD : 29;
052BE : 05;
052BF : 05;
052C0 : 4D;
052C1 : 4D;
052C2 : 76;
052C3 : 51;
052C4 : 51;
052C5 : 49;
052C6 : 25;
052C7 : 25;
052C8 : 29;
052C9 : 29;
052CA : 2D;
052CB : 51;
052CC : 51;
052CD : 4D;
052CE : 4D;
052CF : 4D;
052D0 : 4D;
052D1 : 29;
052D2 : 29;
052D3 : 29;
052D4 : 29;
052D5 : 29;
052D6 : 4D;
052D7 : 6D;
052D8 : 29;
052D9 : 29;
052DA : 29;
052DB : 29;
052DC : 29;
052DD : 29;
052DE : 25;
052DF : 25;
052E0 : 05;
052E1 : 00;
052E2 : 4D;
052E3 : 51;
052E4 : 4D;
052E5 : 29;
052E6 : 25;
052E7 : 25;
052E8 : 25;
052E9 : 29;
052EA : 25;
052EB : 29;
052EC : 29;
052ED : 4D;
052EE : 4D;
052EF : 4D;
052F0 : 4D;
052F1 : 29;
052F2 : 29;
052F3 : 29;
052F4 : 29;
052F5 : 29;
052F6 : 29;
052F7 : 49;
052F8 : 29;
052F9 : 49;
052FA : 29;
052FB : 29;
052FC : 29;
052FD : 4D;
052FE : 25;
052FF : 29;
05300 : 25;
05301 : 25;
05302 : 29;
05303 : 4D;
05304 : 4D;
05305 : 49;
05306 : 29;
05307 : 25;
05308 : 25;
05309 : 25;
0530A : 25;
0530B : 4D;
0530C : 4D;
0530D : 4D;
0530E : 4D;
0530F : 4D;
05310 : 4D;
05311 : 49;
05312 : 29;
05313 : 29;
05314 : 29;
05315 : 29;
05316 : 29;
05317 : 29;
05318 : 29;
05319 : 29;
0531A : 49;
0531B : 29;
0531C : 29;
0531D : 25;
0531E : 25;
0531F : 29;
05320 : 25;
05321 : 25;
05322 : 29;
05323 : 4D;
05324 : 4D;
05325 : 05;
05326 : 05;
05327 : 00;
05328 : 25;
05329 : 49;
0532A : 49;
0532B : 4D;
0532C : 4D;
0532D : 4D;
0532E : 4D;
0532F : 4D;
05330 : 4D;
05331 : 49;
05332 : 29;
05333 : 29;
05334 : 29;
05335 : 49;
05336 : 29;
05337 : 49;
05338 : 49;
05339 : 49;
0533A : 49;
0533B : 49;
0533C : 49;
0533D : 05;
0533E : 00;
0533F : 00;
05340 : 05;
05341 : 05;
05342 : 29;
05343 : 4D;
05344 : 4D;
05345 : 25;
05346 : 04;
05347 : 00;
05348 : 25;
05349 : 49;
0534A : 49;
0534B : 4D;
0534C : 4D;
0534D : 4D;
0534E : 4D;
0534F : 4D;
05350 : 29;
05351 : 29;
05352 : 29;
05353 : 29;
05354 : 29;
05355 : 29;
05356 : 29;
05357 : 29;
05358 : 29;
05359 : 29;
0535A : 49;
0535B : 29;
0535C : 29;
0535D : 25;
0535E : 00;
0535F : 00;
05360 : 05;
05361 : 05;
05362 : 29;
05363 : 49;
05364 : 4D;
05365 : 25;
05366 : 04;
05367 : 29;
05368 : 04;
05369 : 00;
0536A : 00;
0536B : 4D;
0536C : 4D;
0536D : 4D;
0536E : 4D;
0536F : 29;
05370 : 29;
05371 : 29;
05372 : 25;
05373 : 71;
05374 : 29;
05375 : 49;
05376 : 49;
05377 : 49;
05378 : 49;
05379 : 05;
0537A : 29;
0537B : 29;
0537C : 29;
0537D : 29;
0537E : 29;
0537F : 25;
05380 : 25;
05381 : 25;
05382 : 29;
05383 : 4D;
05384 : 4D;
05385 : 25;
05386 : 25;
05387 : 29;
05388 : 04;
05389 : 25;
0538A : 00;
0538B : 4D;
0538C : 4D;
0538D : 4D;
0538E : 4D;
0538F : 29;
05390 : 29;
05391 : 04;
05392 : 24;
05393 : 25;
05394 : 49;
05395 : 49;
05396 : 49;
05397 : 49;
05398 : 49;
05399 : 05;
0539A : 49;
0539B : 29;
0539C : 29;
0539D : 29;
0539E : 29;
0539F : 49;
053A0 : 05;
053A1 : 05;
053A2 : 24;
053A3 : 49;
053A4 : 49;
053A5 : 05;
053A6 : 29;
053A7 : 2D;
053A8 : 29;
053A9 : 00;
053AA : 00;
053AB : 25;
053AC : 29;
053AD : 29;
053AE : 29;
053AF : 29;
053B0 : 29;
053B1 : 00;
053B2 : 00;
053B3 : 00;
053B4 : 00;
053B5 : 49;
053B6 : 49;
053B7 : 49;
053B8 : 25;
053B9 : 25;
053BA : 49;
053BB : 25;
053BC : 29;
053BD : 29;
053BE : 29;
053BF : 4D;
053C0 : 4D;
053C1 : 4D;
053C2 : 00;
053C3 : 24;
053C4 : 29;
053C5 : 05;
053C6 : 4D;
053C7 : 4D;
053C8 : 4D;
053C9 : 4D;
053CA : 00;
053CB : 05;
053CC : 04;
053CD : 29;
053CE : 29;
053CF : 29;
053D0 : 29;
053D1 : 25;
053D2 : 25;
053D3 : 00;
053D4 : 00;
053D5 : 04;
053D6 : 49;
053D7 : 49;
053D8 : 24;
053D9 : 00;
053DA : 25;
053DB : 29;
053DC : 25;
053DD : 29;
053DE : 4D;
053DF : 4D;
053E0 : 6D;
053E1 : 6D;
053E2 : 25;
053E3 : 25;
053E4 : 25;
053E5 : 49;
053E6 : 4D;
053E7 : 4D;
053E8 : 4D;
053E9 : 4D;
053EA : 00;
053EB : 00;
053EC : 00;
053ED : 29;
053EE : 29;
053EF : 29;
053F0 : 25;
053F1 : 25;
053F2 : 25;
053F3 : 25;
053F4 : 25;
053F5 : 25;
053F6 : 29;
053F7 : 29;
053F8 : 00;
053F9 : 25;
053FA : 25;
053FB : 25;
053FC : 29;
053FD : 29;
053FE : 4D;
053FF : 4D;
05400 : 25;
05401 : 25;
05402 : 25;
05403 : 25;
05404 : 25;
05405 : 25;
05406 : 25;
05407 : 25;
05408 : 25;
05409 : 25;
0540A : 25;
0540B : 25;
0540C : 25;
0540D : 25;
0540E : 25;
0540F : 25;
05410 : 25;
05411 : 25;
05412 : 25;
05413 : 25;
05414 : 25;
05415 : 25;
05416 : 25;
05417 : 25;
05418 : 25;
05419 : 25;
0541A : 25;
0541B : 25;
0541C : 25;
0541D : 25;
0541E : 25;
0541F : 25;
05420 : 25;
05421 : 25;
05422 : 25;
05423 : 25;
05424 : 25;
05425 : 25;
05426 : 25;
05427 : 25;
05428 : 25;
05429 : 25;
0542A : 25;
0542B : 25;
0542C : 25;
0542D : 25;
0542E : 25;
0542F : 25;
05430 : 25;
05431 : 25;
05432 : 25;
05433 : 25;
05434 : 25;
05435 : 25;
05436 : 25;
05437 : 25;
05438 : 25;
05439 : 25;
0543A : 25;
0543B : 25;
0543C : 25;
0543D : 25;
0543E : 25;
0543F : 25;
05440 : 25;
05441 : 25;
05442 : 25;
05443 : 25;
05444 : 25;
05445 : 25;
05446 : 25;
05447 : 25;
05448 : 25;
05449 : 25;
0544A : 25;
0544B : 25;
0544C : 25;
0544D : 25;
0544E : 25;
0544F : 25;
05450 : 45;
05451 : 45;
05452 : 25;
05453 : 25;
05454 : 25;
05455 : 25;
05456 : 25;
05457 : 25;
05458 : 25;
05459 : 25;
0545A : 25;
0545B : 25;
0545C : 25;
0545D : 25;
0545E : 25;
0545F : 25;
05460 : 25;
05461 : 25;
05462 : 25;
05463 : 25;
05464 : 25;
05465 : 25;
05466 : 25;
05467 : 25;
05468 : 25;
05469 : 25;
0546A : 25;
0546B : 25;
0546C : 25;
0546D : 25;
0546E : 25;
0546F : 45;
05470 : 45;
05471 : 45;
05472 : 45;
05473 : 25;
05474 : 25;
05475 : 25;
05476 : 25;
05477 : 25;
05478 : 25;
05479 : 25;
0547A : 25;
0547B : 25;
0547C : 25;
0547D : 25;
0547E : 25;
0547F : 25;
05480 : 25;
05481 : 25;
05482 : 25;
05483 : 25;
05484 : 25;
05485 : 25;
05486 : 25;
05487 : 25;
05488 : 25;
05489 : 25;
0548A : 25;
0548B : 25;
0548C : 25;
0548D : 25;
0548E : 45;
0548F : 45;
05490 : 45;
05491 : 45;
05492 : 45;
05493 : 45;
05494 : 25;
05495 : 25;
05496 : 25;
05497 : 25;
05498 : 25;
05499 : 25;
0549A : 25;
0549B : 25;
0549C : 25;
0549D : 25;
0549E : 25;
0549F : 25;
054A0 : 25;
054A1 : 25;
054A2 : 25;
054A3 : 25;
054A4 : 25;
054A5 : 25;
054A6 : 25;
054A7 : 25;
054A8 : 25;
054A9 : 25;
054AA : 25;
054AB : 25;
054AC : 25;
054AD : 45;
054AE : 45;
054AF : 45;
054B0 : D1;
054B1 : D6;
054B2 : 45;
054B3 : 45;
054B4 : 45;
054B5 : 25;
054B6 : 25;
054B7 : 25;
054B8 : 25;
054B9 : 25;
054BA : 25;
054BB : 25;
054BC : 25;
054BD : 25;
054BE : 25;
054BF : 25;
054C0 : 25;
054C1 : 25;
054C2 : 25;
054C3 : 25;
054C4 : 25;
054C5 : 25;
054C6 : 25;
054C7 : 25;
054C8 : 25;
054C9 : 25;
054CA : 25;
054CB : 25;
054CC : 45;
054CD : 45;
054CE : 45;
054CF : 45;
054D0 : D6;
054D1 : D2;
054D2 : A9;
054D3 : 45;
054D4 : 45;
054D5 : 45;
054D6 : 25;
054D7 : 25;
054D8 : 25;
054D9 : 25;
054DA : 25;
054DB : 25;
054DC : 25;
054DD : 25;
054DE : 25;
054DF : 25;
054E0 : 25;
054E1 : 25;
054E2 : 25;
054E3 : 25;
054E4 : 25;
054E5 : 25;
054E6 : 25;
054E7 : 25;
054E8 : 25;
054E9 : 25;
054EA : 25;
054EB : 45;
054EC : 45;
054ED : 45;
054EE : 45;
054EF : B1;
054F0 : D6;
054F1 : D6;
054F2 : CD;
054F3 : 20;
054F4 : 45;
054F5 : 45;
054F6 : 45;
054F7 : 25;
054F8 : 25;
054F9 : 25;
054FA : 25;
054FB : 25;
054FC : 25;
054FD : 25;
054FE : 25;
054FF : 25;
05500 : 25;
05501 : 25;
05502 : 25;
05503 : 25;
05504 : 25;
05505 : 25;
05506 : 25;
05507 : 25;
05508 : 25;
05509 : 25;
0550A : 45;
0550B : 45;
0550C : 45;
0550D : 20;
0550E : 45;
0550F : DA;
05510 : D6;
05511 : D6;
05512 : C9;
05513 : 85;
05514 : 20;
05515 : 45;
05516 : 45;
05517 : 25;
05518 : 25;
05519 : 25;
0551A : 25;
0551B : 25;
0551C : 25;
0551D : 25;
0551E : 25;
0551F : 25;
05520 : 25;
05521 : 25;
05522 : 25;
05523 : 25;
05524 : 25;
05525 : 25;
05526 : 25;
05527 : 25;
05528 : 45;
05529 : 45;
0552A : 45;
0552B : 45;
0552C : 45;
0552D : 20;
0552E : DA;
0552F : D6;
05530 : D6;
05531 : D6;
05532 : C9;
05533 : C9;
05534 : 40;
05535 : 45;
05536 : 45;
05537 : 45;
05538 : 25;
05539 : 25;
0553A : 25;
0553B : 25;
0553C : 25;
0553D : 25;
0553E : 25;
0553F : 25;
05540 : 25;
05541 : 25;
05542 : 25;
05543 : 25;
05544 : 25;
05545 : 25;
05546 : 25;
05547 : 45;
05548 : 45;
05549 : 45;
0554A : 45;
0554B : 45;
0554C : 45;
0554D : B1;
0554E : D6;
0554F : D6;
05550 : D6;
05551 : D6;
05552 : C9;
05553 : C5;
05554 : C9;
05555 : 65;
05556 : 45;
05557 : 45;
05558 : 25;
05559 : 25;
0555A : 25;
0555B : 25;
0555C : 25;
0555D : 25;
0555E : 25;
0555F : 25;
05560 : 25;
05561 : 25;
05562 : 25;
05563 : 25;
05564 : 25;
05565 : 25;
05566 : 45;
05567 : 45;
05568 : 45;
05569 : 45;
0556A : 45;
0556B : 20;
0556C : 45;
0556D : D6;
0556E : DA;
0556F : D6;
05570 : D6;
05571 : D6;
05572 : C9;
05573 : C5;
05574 : C5;
05575 : 85;
05576 : 45;
05577 : 45;
05578 : 45;
05579 : 45;
0557A : 25;
0557B : 25;
0557C : 25;
0557D : 25;
0557E : 25;
0557F : 25;
05580 : 25;
05581 : 25;
05582 : 25;
05583 : 25;
05584 : 25;
05585 : 25;
05586 : 45;
05587 : 45;
05588 : 45;
05589 : 45;
0558A : 45;
0558B : 20;
0558C : D6;
0558D : D1;
0558E : D6;
0558F : D6;
05590 : D6;
05591 : D6;
05592 : CD;
05593 : C9;
05594 : C9;
05595 : C9;
05596 : A9;
05597 : 45;
05598 : 45;
05599 : 45;
0559A : 45;
0559B : 45;
0559C : 25;
0559D : 25;
0559E : 25;
0559F : 25;
055A0 : 25;
055A1 : 25;
055A2 : 25;
055A3 : 25;
055A4 : 25;
055A5 : 45;
055A6 : 45;
055A7 : 45;
055A8 : 45;
055A9 : 45;
055AA : 45;
055AB : 20;
055AC : DA;
055AD : D2;
055AE : D2;
055AF : D6;
055B0 : D6;
055B1 : D6;
055B2 : C9;
055B3 : C9;
055B4 : C9;
055B5 : C9;
055B6 : C9;
055B7 : 20;
055B8 : 45;
055B9 : 45;
055BA : 45;
055BB : 45;
055BC : 45;
055BD : 25;
055BE : 25;
055BF : 25;
055C0 : 25;
055C1 : 25;
055C2 : 25;
055C3 : 45;
055C4 : 45;
055C5 : 45;
055C6 : 45;
055C7 : 45;
055C8 : 45;
055C9 : 45;
055CA : 45;
055CB : 20;
055CC : D6;
055CD : CD;
055CE : CD;
055CF : D6;
055D0 : D6;
055D1 : DA;
055D2 : D6;
055D3 : D2;
055D4 : CE;
055D5 : A5;
055D6 : C9;
055D7 : 20;
055D8 : 45;
055D9 : 45;
055DA : 45;
055DB : 45;
055DC : 45;
055DD : 25;
055DE : 25;
055DF : 25;
055E0 : 25;
055E1 : 25;
055E2 : 45;
055E3 : 20;
055E4 : 45;
055E5 : 45;
055E6 : 45;
055E7 : 45;
055E8 : 45;
055E9 : 45;
055EA : 45;
055EB : 20;
055EC : D6;
055ED : CD;
055EE : CD;
055EF : C9;
055F0 : D6;
055F1 : DA;
055F2 : D2;
055F3 : 85;
055F4 : CE;
055F5 : A5;
055F6 : A9;
055F7 : 00;
055F8 : 45;
055F9 : 45;
055FA : 45;
055FB : 45;
055FC : 45;
055FD : 45;
055FE : 25;
055FF : 25;
05600 : 25;
05601 : 25;
05602 : 20;
05603 : D2;
05604 : 45;
05605 : 20;
05606 : 45;
05607 : 45;
05608 : 45;
05609 : 45;
0560A : 45;
0560B : 20;
0560C : D6;
0560D : CD;
0560E : CD;
0560F : C9;
05610 : CE;
05611 : D6;
05612 : D2;
05613 : A9;
05614 : C9;
05615 : C9;
05616 : A9;
05617 : 00;
05618 : 45;
05619 : 45;
0561A : 45;
0561B : 45;
0561C : 45;
0561D : 45;
0561E : 45;
0561F : 25;
05620 : 25;
05621 : 25;
05622 : 20;
05623 : D6;
05624 : D6;
05625 : D6;
05626 : DA;
05627 : DA;
05628 : 45;
05629 : 45;
0562A : 45;
0562B : 20;
0562C : D6;
0562D : D2;
0562E : D2;
0562F : D2;
05630 : CD;
05631 : CE;
05632 : C9;
05633 : A5;
05634 : A5;
05635 : A5;
05636 : A9;
05637 : 00;
05638 : 45;
05639 : 45;
0563A : 45;
0563B : B1;
0563C : 8D;
0563D : 8D;
0563E : 8D;
0563F : 25;
05640 : 25;
05641 : 21;
05642 : 20;
05643 : D2;
05644 : D2;
05645 : D6;
05646 : DA;
05647 : DA;
05648 : 45;
05649 : AD;
0564A : 45;
0564B : 20;
0564C : D6;
0564D : CD;
0564E : D2;
0564F : D6;
05650 : CE;
05651 : CE;
05652 : 81;
05653 : 85;
05654 : A5;
05655 : A5;
05656 : 85;
05657 : 00;
05658 : 45;
05659 : 45;
0565A : 20;
0565B : DA;
0565C : DA;
0565D : DA;
0565E : DA;
0565F : 25;
05660 : 25;
05661 : 21;
05662 : 20;
05663 : DA;
05664 : D2;
05665 : D6;
05666 : D2;
05667 : CD;
05668 : DA;
05669 : DA;
0566A : 45;
0566B : 20;
0566C : D6;
0566D : CD;
0566E : C9;
0566F : CD;
05670 : CD;
05671 : D2;
05672 : 85;
05673 : C9;
05674 : C5;
05675 : 89;
05676 : 45;
05677 : 00;
05678 : 20;
05679 : D6;
0567A : D6;
0567B : D6;
0567C : DA;
0567D : DA;
0567E : CD;
0567F : 25;
05680 : 25;
05681 : 21;
05682 : 20;
05683 : D6;
05684 : D6;
05685 : D6;
05686 : D2;
05687 : CD;
05688 : CD;
05689 : D6;
0568A : D6;
0568B : 20;
0568C : D6;
0568D : CD;
0568E : C9;
0568F : C9;
05690 : CD;
05691 : D2;
05692 : 85;
05693 : C9;
05694 : C9;
05695 : 89;
05696 : 45;
05697 : 00;
05698 : 8D;
05699 : D6;
0569A : D6;
0569B : D6;
0569C : D6;
0569D : D2;
0569E : D2;
0569F : 25;
056A0 : 25;
056A1 : 21;
056A2 : 40;
056A3 : D1;
056A4 : DA;
056A5 : D6;
056A6 : D2;
056A7 : CD;
056A8 : CD;
056A9 : CD;
056AA : C9;
056AB : 20;
056AC : D6;
056AD : C9;
056AE : C9;
056AF : C9;
056B0 : CD;
056B1 : D6;
056B2 : A5;
056B3 : 85;
056B4 : C5;
056B5 : A9;
056B6 : 45;
056B7 : 00;
056B8 : 65;
056B9 : D6;
056BA : D6;
056BB : D6;
056BC : C9;
056BD : C9;
056BE : D2;
056BF : 25;
056C0 : 25;
056C1 : 45;
056C2 : 40;
056C3 : D2;
056C4 : D6;
056C5 : D6;
056C6 : D2;
056C7 : CD;
056C8 : CD;
056C9 : CD;
056CA : A5;
056CB : 40;
056CC : D6;
056CD : C9;
056CE : C9;
056CF : C9;
056D0 : CD;
056D1 : D6;
056D2 : 85;
056D3 : 85;
056D4 : C9;
056D5 : A9;
056D6 : 45;
056D7 : 00;
056D8 : 65;
056D9 : D6;
056DA : D6;
056DB : D2;
056DC : C9;
056DD : C9;
056DE : D2;
056DF : 25;
056E0 : 45;
056E1 : 45;
056E2 : D2;
056E3 : C9;
056E4 : C9;
056E5 : DA;
056E6 : D2;
056E7 : CD;
056E8 : C9;
056E9 : C9;
056EA : C9;
056EB : C5;
056EC : D6;
056ED : CD;
056EE : C5;
056EF : C9;
056F0 : CD;
056F1 : D2;
056F2 : 85;
056F3 : 85;
056F4 : C5;
056F5 : A9;
056F6 : 20;
056F7 : 20;
056F8 : 65;
056F9 : D6;
056FA : D2;
056FB : D2;
056FC : C9;
056FD : C9;
056FE : CD;
056FF : 25;
05700 : 45;
05701 : 45;
05702 : D2;
05703 : CD;
05704 : CD;
05705 : 85;
05706 : CD;
05707 : D2;
05708 : C9;
05709 : C9;
0570A : C9;
0570B : C9;
0570C : 61;
0570D : D6;
0570E : D2;
0570F : C5;
05710 : CD;
05711 : D2;
05712 : 85;
05713 : 85;
05714 : C9;
05715 : A9;
05716 : 65;
05717 : 20;
05718 : 65;
05719 : D2;
0571A : D2;
0571B : 85;
0571C : 81;
0571D : A5;
0571E : CD;
0571F : 25;
05720 : 25;
05721 : 25;
05722 : 20;
05723 : D2;
05724 : 85;
05725 : 85;
05726 : C9;
05727 : C9;
05728 : C9;
05729 : C9;
0572A : C9;
0572B : C9;
0572C : 61;
0572D : D6;
0572E : D2;
0572F : C5;
05730 : C9;
05731 : D2;
05732 : 85;
05733 : 85;
05734 : A5;
05735 : C9;
05736 : D2;
05737 : 20;
05738 : 65;
05739 : C9;
0573A : CD;
0573B : A1;
0573C : CE;
0573D : C9;
0573E : 20;
0573F : 25;
05740 : 25;
05741 : 25;
05742 : 20;
05743 : D2;
05744 : A5;
05745 : 85;
05746 : C9;
05747 : C9;
05748 : C9;
05749 : C9;
0574A : C9;
0574B : C9;
0574C : 61;
0574D : D6;
0574E : D2;
0574F : C5;
05750 : C9;
05751 : D2;
05752 : 85;
05753 : 85;
05754 : 40;
05755 : 85;
05756 : D2;
05757 : 20;
05758 : 65;
05759 : CD;
0575A : CD;
0575B : A1;
0575C : CE;
0575D : CD;
0575E : 24;
0575F : 25;
05760 : 25;
05761 : 25;
05762 : 20;
05763 : C9;
05764 : C9;
05765 : CE;
05766 : 85;
05767 : A5;
05768 : C9;
05769 : C9;
0576A : C9;
0576B : C9;
0576C : C9;
0576D : D6;
0576E : D2;
0576F : C5;
05770 : C9;
05771 : D2;
05772 : 85;
05773 : 61;
05774 : 45;
05775 : 61;
05776 : CE;
05777 : 65;
05778 : A9;
05779 : C9;
0577A : 85;
0577B : CE;
0577C : A5;
0577D : 61;
0577E : 00;
0577F : 25;
05780 : 25;
05781 : 25;
05782 : 20;
05783 : A9;
05784 : C9;
05785 : CD;
05786 : A5;
05787 : A5;
05788 : C9;
05789 : C9;
0578A : C9;
0578B : C9;
0578C : A5;
0578D : D6;
0578E : D2;
0578F : C5;
05790 : C9;
05791 : D2;
05792 : 85;
05793 : 65;
05794 : 41;
05795 : 65;
05796 : CE;
05797 : 65;
05798 : A9;
05799 : 85;
0579A : 65;
0579B : D2;
0579C : 85;
0579D : 45;
0579E : 25;
0579F : 25;
057A0 : 25;
057A1 : 25;
057A2 : 25;
057A3 : 00;
057A4 : 89;
057A5 : C9;
057A6 : A5;
057A7 : A9;
057A8 : 85;
057A9 : C9;
057AA : C9;
057AB : C9;
057AC : 61;
057AD : CE;
057AE : D2;
057AF : C5;
057B0 : A5;
057B1 : CE;
057B2 : 85;
057B3 : 65;
057B4 : A9;
057B5 : C9;
057B6 : CE;
057B7 : 61;
057B8 : 85;
057B9 : 85;
057BA : 65;
057BB : 89;
057BC : 20;
057BD : 20;
057BE : 25;
057BF : 25;
057C0 : 25;
057C1 : 25;
057C2 : 25;
057C3 : 20;
057C4 : 20;
057C5 : CE;
057C6 : C9;
057C7 : A5;
057C8 : 61;
057C9 : C9;
057CA : C5;
057CB : C9;
057CC : 61;
057CD : CE;
057CE : CE;
057CF : C5;
057D0 : A5;
057D1 : CD;
057D2 : 89;
057D3 : 65;
057D4 : A9;
057D5 : C9;
057D6 : CE;
057D7 : 61;
057D8 : 41;
057D9 : 85;
057DA : 89;
057DB : 85;
057DC : 20;
057DD : 00;
057DE : 25;
057DF : 25;
057E0 : 25;
057E1 : 25;
057E2 : 25;
057E3 : 25;
057E4 : 25;
057E5 : 65;
057E6 : 85;
057E7 : CE;
057E8 : A5;
057E9 : 85;
057EA : C9;
057EB : C9;
057EC : 85;
057ED : 89;
057EE : A5;
057EF : D2;
057F0 : 85;
057F1 : 89;
057F2 : 45;
057F3 : 65;
057F4 : A9;
057F5 : C9;
057F6 : C9;
057F7 : 61;
057F8 : 41;
057F9 : 89;
057FA : 89;
057FB : 20;
057FC : 25;
057FD : 25;
057FE : 25;
057FF : 25;
05800 : 25;
05801 : 25;
05802 : 25;
05803 : 25;
05804 : 25;
05805 : 25;
05806 : 25;
05807 : 25;
05808 : 25;
05809 : 25;
0580A : 25;
0580B : 25;
0580C : 25;
0580D : 25;
0580E : 25;
0580F : 25;
05810 : 25;
05811 : 25;
05812 : 25;
05813 : 25;
05814 : 25;
05815 : 25;
05816 : 25;
05817 : 25;
05818 : 25;
05819 : 25;
0581A : 25;
0581B : 25;
0581C : 25;
0581D : 25;
0581E : 25;
0581F : 25;
05820 : 25;
05821 : 25;
05822 : 25;
05823 : 25;
05824 : 25;
05825 : 25;
05826 : 25;
05827 : 25;
05828 : 25;
05829 : 25;
0582A : 25;
0582B : 25;
0582C : 25;
0582D : 25;
0582E : 25;
0582F : 25;
05830 : 25;
05831 : 25;
05832 : 25;
05833 : 25;
05834 : 25;
05835 : 25;
05836 : 25;
05837 : 25;
05838 : 25;
05839 : 25;
0583A : 25;
0583B : 25;
0583C : 25;
0583D : 25;
0583E : 25;
0583F : 25;
05840 : 25;
05841 : 25;
05842 : 25;
05843 : 25;
05844 : 25;
05845 : 25;
05846 : 25;
05847 : 25;
05848 : 25;
05849 : 25;
0584A : 25;
0584B : 25;
0584C : 25;
0584D : 25;
0584E : 25;
0584F : 25;
05850 : 25;
05851 : 25;
05852 : 25;
05853 : 25;
05854 : 25;
05855 : 25;
05856 : 25;
05857 : 25;
05858 : 25;
05859 : 25;
0585A : 25;
0585B : 25;
0585C : 25;
0585D : 25;
0585E : 25;
0585F : 25;
05860 : 25;
05861 : 25;
05862 : 25;
05863 : 25;
05864 : 25;
05865 : 25;
05866 : 25;
05867 : 25;
05868 : 25;
05869 : 25;
0586A : 25;
0586B : 25;
0586C : 25;
0586D : 25;
0586E : 25;
0586F : 25;
05870 : 25;
05871 : 25;
05872 : 25;
05873 : 25;
05874 : 25;
05875 : 25;
05876 : 25;
05877 : 25;
05878 : 25;
05879 : 25;
0587A : 25;
0587B : 25;
0587C : 25;
0587D : 25;
0587E : 25;
0587F : 25;
05880 : 25;
05881 : 25;
05882 : 25;
05883 : 25;
05884 : 25;
05885 : 25;
05886 : 25;
05887 : 25;
05888 : 25;
05889 : 25;
0588A : 25;
0588B : 25;
0588C : 25;
0588D : 25;
0588E : 25;
0588F : 25;
05890 : 25;
05891 : 25;
05892 : 25;
05893 : 25;
05894 : 25;
05895 : 25;
05896 : 25;
05897 : 25;
05898 : 25;
05899 : 25;
0589A : 25;
0589B : 25;
0589C : 25;
0589D : 25;
0589E : 25;
0589F : 25;
058A0 : 25;
058A1 : 25;
058A2 : 25;
058A3 : 25;
058A4 : 25;
058A5 : 25;
058A6 : 25;
058A7 : 25;
058A8 : 25;
058A9 : 25;
058AA : 25;
058AB : 25;
058AC : 25;
058AD : 25;
058AE : 25;
058AF : 25;
058B0 : 25;
058B1 : 25;
058B2 : 25;
058B3 : 25;
058B4 : 25;
058B5 : 25;
058B6 : 25;
058B7 : 25;
058B8 : 25;
058B9 : 25;
058BA : 25;
058BB : 25;
058BC : 25;
058BD : 25;
058BE : 25;
058BF : 25;
058C0 : 25;
058C1 : 25;
058C2 : 25;
058C3 : 25;
058C4 : 25;
058C5 : 25;
058C6 : 25;
058C7 : 25;
058C8 : 25;
058C9 : 25;
058CA : 25;
058CB : 25;
058CC : 25;
058CD : 25;
058CE : 25;
058CF : 25;
058D0 : 25;
058D1 : 25;
058D2 : 25;
058D3 : 25;
058D4 : 25;
058D5 : 25;
058D6 : 25;
058D7 : 25;
058D8 : 25;
058D9 : 25;
058DA : 25;
058DB : 25;
058DC : 25;
058DD : 25;
058DE : 25;
058DF : 25;
058E0 : 25;
058E1 : 25;
058E2 : 25;
058E3 : 25;
058E4 : 25;
058E5 : 25;
058E6 : 25;
058E7 : 25;
058E8 : 25;
058E9 : 25;
058EA : 25;
058EB : 25;
058EC : 25;
058ED : 25;
058EE : 25;
058EF : 25;
058F0 : 25;
058F1 : 25;
058F2 : 25;
058F3 : 25;
058F4 : 25;
058F5 : 25;
058F6 : 25;
058F7 : 25;
058F8 : 25;
058F9 : 25;
058FA : 25;
058FB : 25;
058FC : 25;
058FD : 25;
058FE : 25;
058FF : 25;
05900 : 25;
05901 : 25;
05902 : 25;
05903 : 25;
05904 : 25;
05905 : 25;
05906 : 25;
05907 : 25;
05908 : 25;
05909 : 25;
0590A : 25;
0590B : 25;
0590C : 25;
0590D : 25;
0590E : 25;
0590F : 25;
05910 : 25;
05911 : 25;
05912 : 25;
05913 : 25;
05914 : 25;
05915 : 25;
05916 : 25;
05917 : 25;
05918 : 25;
05919 : 25;
0591A : 25;
0591B : 25;
0591C : 25;
0591D : 25;
0591E : 25;
0591F : 25;
05920 : 25;
05921 : 25;
05922 : 25;
05923 : 25;
05924 : 25;
05925 : 25;
05926 : 25;
05927 : 25;
05928 : 25;
05929 : 25;
0592A : 25;
0592B : 25;
0592C : 25;
0592D : 25;
0592E : 25;
0592F : 25;
05930 : 25;
05931 : 25;
05932 : 25;
05933 : 25;
05934 : 25;
05935 : 25;
05936 : 25;
05937 : 25;
05938 : 25;
05939 : 25;
0593A : 25;
0593B : 25;
0593C : 25;
0593D : 25;
0593E : 25;
0593F : 25;
05940 : 25;
05941 : 25;
05942 : 25;
05943 : 25;
05944 : 25;
05945 : 25;
05946 : 25;
05947 : 25;
05948 : 25;
05949 : 25;
0594A : 25;
0594B : 25;
0594C : 25;
0594D : 25;
0594E : 25;
0594F : 25;
05950 : 25;
05951 : 25;
05952 : 25;
05953 : 25;
05954 : 25;
05955 : 25;
05956 : 25;
05957 : 25;
05958 : 25;
05959 : 25;
0595A : 25;
0595B : 25;
0595C : 25;
0595D : 25;
0595E : 25;
0595F : 25;
05960 : 25;
05961 : 25;
05962 : 25;
05963 : 25;
05964 : 25;
05965 : 25;
05966 : 25;
05967 : 25;
05968 : 25;
05969 : 25;
0596A : 25;
0596B : 25;
0596C : 25;
0596D : 25;
0596E : 25;
0596F : 25;
05970 : 25;
05971 : 25;
05972 : 25;
05973 : 25;
05974 : 25;
05975 : 25;
05976 : 25;
05977 : 25;
05978 : 25;
05979 : 25;
0597A : 25;
0597B : 25;
0597C : 25;
0597D : 25;
0597E : 25;
0597F : 25;
05980 : 25;
05981 : 25;
05982 : 25;
05983 : 25;
05984 : 25;
05985 : 25;
05986 : 25;
05987 : 25;
05988 : 25;
05989 : 25;
0598A : 25;
0598B : 25;
0598C : 25;
0598D : 25;
0598E : 25;
0598F : 25;
05990 : 25;
05991 : 25;
05992 : 25;
05993 : 25;
05994 : 25;
05995 : 25;
05996 : 25;
05997 : 25;
05998 : 25;
05999 : 25;
0599A : 25;
0599B : 25;
0599C : 25;
0599D : 25;
0599E : 25;
0599F : 25;
059A0 : 25;
059A1 : 25;
059A2 : 25;
059A3 : 25;
059A4 : 25;
059A5 : 25;
059A6 : 25;
059A7 : 25;
059A8 : 25;
059A9 : 25;
059AA : 25;
059AB : 25;
059AC : 25;
059AD : 25;
059AE : 25;
059AF : 25;
059B0 : 25;
059B1 : 25;
059B2 : 25;
059B3 : 25;
059B4 : 25;
059B5 : 25;
059B6 : 25;
059B7 : 25;
059B8 : 25;
059B9 : 25;
059BA : 25;
059BB : 25;
059BC : 25;
059BD : 25;
059BE : 25;
059BF : 25;
059C0 : 25;
059C1 : 25;
059C2 : 25;
059C3 : 25;
059C4 : 25;
059C5 : 25;
059C6 : 25;
059C7 : 25;
059C8 : 25;
059C9 : 25;
059CA : 25;
059CB : 25;
059CC : 25;
059CD : 25;
059CE : 25;
059CF : 25;
059D0 : 25;
059D1 : 25;
059D2 : 25;
059D3 : 25;
059D4 : 25;
059D5 : 25;
059D6 : 25;
059D7 : 25;
059D8 : 25;
059D9 : 25;
059DA : 25;
059DB : 25;
059DC : 25;
059DD : 25;
059DE : 25;
059DF : 25;
059E0 : 25;
059E1 : 25;
059E2 : 25;
059E3 : 25;
059E4 : 25;
059E5 : 25;
059E6 : 25;
059E7 : 25;
059E8 : 25;
059E9 : 25;
059EA : 25;
059EB : 25;
059EC : 25;
059ED : 25;
059EE : 25;
059EF : 25;
059F0 : 25;
059F1 : 25;
059F2 : 25;
059F3 : 25;
059F4 : 25;
059F5 : 25;
059F6 : 25;
059F7 : 25;
059F8 : 25;
059F9 : 25;
059FA : 25;
059FB : 25;
059FC : 25;
059FD : 25;
059FE : 25;
059FF : 25;
05A00 : 25;
05A01 : 25;
05A02 : 25;
05A03 : 25;
05A04 : 25;
05A05 : 25;
05A06 : 25;
05A07 : 25;
05A08 : 25;
05A09 : 25;
05A0A : 25;
05A0B : 25;
05A0C : 25;
05A0D : 25;
05A0E : 25;
05A0F : 25;
05A10 : 25;
05A11 : 25;
05A12 : 25;
05A13 : 25;
05A14 : 25;
05A15 : 25;
05A16 : 25;
05A17 : 25;
05A18 : 25;
05A19 : 25;
05A1A : 25;
05A1B : 25;
05A1C : 25;
05A1D : 25;
05A1E : 25;
05A1F : 25;
05A20 : 25;
05A21 : 25;
05A22 : 25;
05A23 : 25;
05A24 : 25;
05A25 : 25;
05A26 : 25;
05A27 : 25;
05A28 : 25;
05A29 : 25;
05A2A : 25;
05A2B : 25;
05A2C : 25;
05A2D : 25;
05A2E : 25;
05A2F : 25;
05A30 : 25;
05A31 : 25;
05A32 : 25;
05A33 : 25;
05A34 : 25;
05A35 : 25;
05A36 : 25;
05A37 : 25;
05A38 : 25;
05A39 : 25;
05A3A : 25;
05A3B : 25;
05A3C : 25;
05A3D : 25;
05A3E : 25;
05A3F : 25;
05A40 : 25;
05A41 : 25;
05A42 : 25;
05A43 : 25;
05A44 : 25;
05A45 : 25;
05A46 : 25;
05A47 : 25;
05A48 : 25;
05A49 : 25;
05A4A : 25;
05A4B : 25;
05A4C : 25;
05A4D : 25;
05A4E : 25;
05A4F : 25;
05A50 : 25;
05A51 : 25;
05A52 : 25;
05A53 : 25;
05A54 : 25;
05A55 : 25;
05A56 : 25;
05A57 : 25;
05A58 : 25;
05A59 : 25;
05A5A : 25;
05A5B : 25;
05A5C : 25;
05A5D : 25;
05A5E : 25;
05A5F : 25;
05A60 : 25;
05A61 : 25;
05A62 : 25;
05A63 : 25;
05A64 : 25;
05A65 : 25;
05A66 : 25;
05A67 : 25;
05A68 : 25;
05A69 : 25;
05A6A : 25;
05A6B : 25;
05A6C : 25;
05A6D : 25;
05A6E : 25;
05A6F : 25;
05A70 : 25;
05A71 : 25;
05A72 : 25;
05A73 : 25;
05A74 : 25;
05A75 : 25;
05A76 : 25;
05A77 : 25;
05A78 : 25;
05A79 : 25;
05A7A : 25;
05A7B : 25;
05A7C : 25;
05A7D : 25;
05A7E : 25;
05A7F : 25;
05A80 : 25;
05A81 : 25;
05A82 : 25;
05A83 : 25;
05A84 : 25;
05A85 : 25;
05A86 : 25;
05A87 : 25;
05A88 : 25;
05A89 : 25;
05A8A : 25;
05A8B : 25;
05A8C : 25;
05A8D : 25;
05A8E : 25;
05A8F : 25;
05A90 : 25;
05A91 : 25;
05A92 : 25;
05A93 : 25;
05A94 : 25;
05A95 : 25;
05A96 : 25;
05A97 : 25;
05A98 : 25;
05A99 : 25;
05A9A : 25;
05A9B : 25;
05A9C : 25;
05A9D : 25;
05A9E : 25;
05A9F : 25;
05AA0 : 25;
05AA1 : 25;
05AA2 : 25;
05AA3 : 25;
05AA4 : 25;
05AA5 : 25;
05AA6 : 25;
05AA7 : 25;
05AA8 : 25;
05AA9 : 25;
05AAA : 25;
05AAB : 25;
05AAC : 25;
05AAD : 25;
05AAE : 25;
05AAF : 25;
05AB0 : 25;
05AB1 : 25;
05AB2 : 25;
05AB3 : 25;
05AB4 : 25;
05AB5 : 25;
05AB6 : 25;
05AB7 : 25;
05AB8 : 25;
05AB9 : 25;
05ABA : 25;
05ABB : 25;
05ABC : 25;
05ABD : 25;
05ABE : 25;
05ABF : 25;
05AC0 : 25;
05AC1 : 25;
05AC2 : 25;
05AC3 : 25;
05AC4 : 25;
05AC5 : 25;
05AC6 : 25;
05AC7 : 25;
05AC8 : 25;
05AC9 : 25;
05ACA : 25;
05ACB : 25;
05ACC : 25;
05ACD : 25;
05ACE : 25;
05ACF : 25;
05AD0 : 25;
05AD1 : 25;
05AD2 : 25;
05AD3 : 25;
05AD4 : 25;
05AD5 : 25;
05AD6 : 25;
05AD7 : 25;
05AD8 : 25;
05AD9 : 25;
05ADA : 25;
05ADB : 25;
05ADC : 25;
05ADD : 25;
05ADE : 25;
05ADF : 25;
05AE0 : 25;
05AE1 : 25;
05AE2 : 25;
05AE3 : 25;
05AE4 : 25;
05AE5 : 25;
05AE6 : 25;
05AE7 : 25;
05AE8 : 25;
05AE9 : 25;
05AEA : 25;
05AEB : 25;
05AEC : 25;
05AED : 25;
05AEE : 25;
05AEF : 25;
05AF0 : 25;
05AF1 : 25;
05AF2 : 25;
05AF3 : 25;
05AF4 : 25;
05AF5 : 25;
05AF6 : 25;
05AF7 : 25;
05AF8 : 25;
05AF9 : 25;
05AFA : 25;
05AFB : 25;
05AFC : 25;
05AFD : 25;
05AFE : 25;
05AFF : 25;
05B00 : 25;
05B01 : 25;
05B02 : 25;
05B03 : 25;
05B04 : 25;
05B05 : 25;
05B06 : 25;
05B07 : 25;
05B08 : 25;
05B09 : 25;
05B0A : 25;
05B0B : 25;
05B0C : 25;
05B0D : 25;
05B0E : 25;
05B0F : 25;
05B10 : 25;
05B11 : 25;
05B12 : 25;
05B13 : 25;
05B14 : 25;
05B15 : 25;
05B16 : 25;
05B17 : 25;
05B18 : 25;
05B19 : 25;
05B1A : 25;
05B1B : 25;
05B1C : 25;
05B1D : 25;
05B1E : 25;
05B1F : 25;
05B20 : 25;
05B21 : 25;
05B22 : 25;
05B23 : 25;
05B24 : 25;
05B25 : 25;
05B26 : 25;
05B27 : 25;
05B28 : 25;
05B29 : 25;
05B2A : 25;
05B2B : 25;
05B2C : 25;
05B2D : 25;
05B2E : 25;
05B2F : 25;
05B30 : 25;
05B31 : 25;
05B32 : 25;
05B33 : 25;
05B34 : 25;
05B35 : 25;
05B36 : 25;
05B37 : 25;
05B38 : 25;
05B39 : 25;
05B3A : 25;
05B3B : 25;
05B3C : 25;
05B3D : 25;
05B3E : 25;
05B3F : 25;
05B40 : 25;
05B41 : 25;
05B42 : 25;
05B43 : 25;
05B44 : 25;
05B45 : 25;
05B46 : 25;
05B47 : 25;
05B48 : 25;
05B49 : 25;
05B4A : 25;
05B4B : 25;
05B4C : 25;
05B4D : 25;
05B4E : 25;
05B4F : 25;
05B50 : 25;
05B51 : 25;
05B52 : 25;
05B53 : 25;
05B54 : 25;
05B55 : 25;
05B56 : 25;
05B57 : 25;
05B58 : 25;
05B59 : 25;
05B5A : 25;
05B5B : 25;
05B5C : 25;
05B5D : 25;
05B5E : 25;
05B5F : 25;
05B60 : 25;
05B61 : 25;
05B62 : 25;
05B63 : 25;
05B64 : 25;
05B65 : 25;
05B66 : 25;
05B67 : 25;
05B68 : 25;
05B69 : 25;
05B6A : 25;
05B6B : 25;
05B6C : 25;
05B6D : 25;
05B6E : 25;
05B6F : 25;
05B70 : 25;
05B71 : 25;
05B72 : 25;
05B73 : 25;
05B74 : 25;
05B75 : 25;
05B76 : 25;
05B77 : 25;
05B78 : 25;
05B79 : 25;
05B7A : 25;
05B7B : 25;
05B7C : 25;
05B7D : 25;
05B7E : 25;
05B7F : 25;
05B80 : 25;
05B81 : 25;
05B82 : 25;
05B83 : 25;
05B84 : 25;
05B85 : 25;
05B86 : 25;
05B87 : 25;
05B88 : 25;
05B89 : 25;
05B8A : 25;
05B8B : 25;
05B8C : 25;
05B8D : 25;
05B8E : 25;
05B8F : 25;
05B90 : 25;
05B91 : 25;
05B92 : 25;
05B93 : 25;
05B94 : 25;
05B95 : 25;
05B96 : 25;
05B97 : 25;
05B98 : 25;
05B99 : 25;
05B9A : 25;
05B9B : 25;
05B9C : 25;
05B9D : 25;
05B9E : 25;
05B9F : 25;
05BA0 : 25;
05BA1 : 25;
05BA2 : 25;
05BA3 : 25;
05BA4 : 25;
05BA5 : 25;
05BA6 : 25;
05BA7 : 25;
05BA8 : 25;
05BA9 : 25;
05BAA : 25;
05BAB : 25;
05BAC : 25;
05BAD : 25;
05BAE : 25;
05BAF : 25;
05BB0 : 25;
05BB1 : 25;
05BB2 : 25;
05BB3 : 25;
05BB4 : 25;
05BB5 : 25;
05BB6 : 25;
05BB7 : 25;
05BB8 : 25;
05BB9 : 25;
05BBA : 25;
05BBB : 25;
05BBC : 25;
05BBD : 25;
05BBE : 25;
05BBF : 25;
05BC0 : 25;
05BC1 : 25;
05BC2 : 25;
05BC3 : 25;
05BC4 : 25;
05BC5 : 25;
05BC6 : 25;
05BC7 : 25;
05BC8 : 25;
05BC9 : 25;
05BCA : 25;
05BCB : 25;
05BCC : 25;
05BCD : 25;
05BCE : 25;
05BCF : 25;
05BD0 : 25;
05BD1 : 25;
05BD2 : 25;
05BD3 : 25;
05BD4 : 25;
05BD5 : 25;
05BD6 : 25;
05BD7 : 25;
05BD8 : 25;
05BD9 : 25;
05BDA : 25;
05BDB : 25;
05BDC : 25;
05BDD : 25;
05BDE : 25;
05BDF : 25;
05BE0 : 25;
05BE1 : 25;
05BE2 : 25;
05BE3 : 25;
05BE4 : 25;
05BE5 : 25;
05BE6 : 25;
05BE7 : 25;
05BE8 : 25;
05BE9 : 25;
05BEA : 25;
05BEB : 25;
05BEC : 25;
05BED : 25;
05BEE : 25;
05BEF : 25;
05BF0 : 25;
05BF1 : 25;
05BF2 : 25;
05BF3 : 25;
05BF4 : 25;
05BF5 : 25;
05BF6 : 25;
05BF7 : 25;
05BF8 : 25;
05BF9 : 25;
05BFA : 25;
05BFB : 25;
05BFC : 25;
05BFD : 25;
05BFE : 25;
05BFF : 25;
05C00 : 25;
05C01 : 25;
05C02 : 25;
05C03 : 25;
05C04 : 25;
05C05 : 25;
05C06 : 25;
05C07 : 25;
05C08 : 25;
05C09 : 25;
05C0A : 25;
05C0B : 25;
05C0C : 25;
05C0D : 25;
05C0E : 25;
05C0F : 25;
05C10 : 25;
05C11 : 25;
05C12 : 25;
05C13 : 25;
05C14 : 25;
05C15 : 25;
05C16 : 25;
05C17 : 25;
05C18 : 25;
05C19 : 25;
05C1A : 25;
05C1B : 25;
05C1C : 25;
05C1D : 25;
05C1E : 25;
05C1F : 25;
05C20 : 25;
05C21 : 25;
05C22 : 25;
05C23 : 25;
05C24 : 25;
05C25 : 25;
05C26 : 25;
05C27 : 25;
05C28 : 25;
05C29 : 25;
05C2A : 25;
05C2B : 25;
05C2C : 25;
05C2D : 25;
05C2E : 25;
05C2F : 25;
05C30 : 25;
05C31 : 25;
05C32 : 25;
05C33 : 25;
05C34 : 25;
05C35 : 25;
05C36 : 25;
05C37 : 25;
05C38 : 25;
05C39 : 25;
05C3A : 25;
05C3B : 25;
05C3C : 25;
05C3D : 25;
05C3E : 25;
05C3F : 25;
05C40 : 25;
05C41 : 25;
05C42 : 25;
05C43 : 25;
05C44 : 25;
05C45 : 25;
05C46 : 25;
05C47 : 25;
05C48 : 25;
05C49 : 25;
05C4A : 25;
05C4B : 25;
05C4C : 25;
05C4D : 25;
05C4E : 25;
05C4F : 25;
05C50 : 25;
05C51 : 25;
05C52 : 25;
05C53 : 25;
05C54 : 25;
05C55 : 25;
05C56 : 25;
05C57 : 25;
05C58 : 25;
05C59 : 25;
05C5A : 25;
05C5B : 25;
05C5C : 25;
05C5D : 25;
05C5E : 25;
05C5F : 25;
05C60 : 25;
05C61 : 25;
05C62 : 25;
05C63 : 25;
05C64 : 25;
05C65 : 25;
05C66 : 25;
05C67 : 25;
05C68 : 25;
05C69 : 25;
05C6A : 25;
05C6B : 25;
05C6C : 25;
05C6D : 25;
05C6E : 25;
05C6F : 25;
05C70 : 25;
05C71 : 25;
05C72 : 25;
05C73 : 25;
05C74 : 25;
05C75 : 25;
05C76 : 25;
05C77 : 25;
05C78 : 25;
05C79 : 25;
05C7A : 25;
05C7B : 25;
05C7C : 25;
05C7D : 25;
05C7E : 25;
05C7F : 25;
05C80 : 25;
05C81 : 25;
05C82 : 25;
05C83 : 25;
05C84 : 25;
05C85 : 25;
05C86 : 25;
05C87 : 25;
05C88 : 25;
05C89 : 25;
05C8A : 25;
05C8B : 25;
05C8C : 25;
05C8D : 25;
05C8E : 25;
05C8F : 25;
05C90 : 25;
05C91 : 25;
05C92 : 25;
05C93 : 25;
05C94 : 25;
05C95 : 25;
05C96 : 25;
05C97 : 25;
05C98 : 25;
05C99 : 25;
05C9A : 25;
05C9B : 25;
05C9C : 25;
05C9D : 25;
05C9E : 25;
05C9F : 25;
05CA0 : 25;
05CA1 : 25;
05CA2 : 25;
05CA3 : 25;
05CA4 : 25;
05CA5 : 25;
05CA6 : 25;
05CA7 : 25;
05CA8 : 25;
05CA9 : 25;
05CAA : 25;
05CAB : 25;
05CAC : 25;
05CAD : 25;
05CAE : 25;
05CAF : 25;
05CB0 : 25;
05CB1 : 25;
05CB2 : 25;
05CB3 : 25;
05CB4 : 25;
05CB5 : 25;
05CB6 : 25;
05CB7 : 25;
05CB8 : 25;
05CB9 : 25;
05CBA : 25;
05CBB : 25;
05CBC : 25;
05CBD : 25;
05CBE : 25;
05CBF : 25;
05CC0 : 25;
05CC1 : 25;
05CC2 : 25;
05CC3 : 25;
05CC4 : 25;
05CC5 : 25;
05CC6 : 25;
05CC7 : 25;
05CC8 : 25;
05CC9 : 25;
05CCA : 25;
05CCB : 25;
05CCC : 25;
05CCD : 25;
05CCE : 25;
05CCF : 25;
05CD0 : 25;
05CD1 : 25;
05CD2 : 25;
05CD3 : 25;
05CD4 : 25;
05CD5 : 25;
05CD6 : 25;
05CD7 : 25;
05CD8 : 25;
05CD9 : 25;
05CDA : 25;
05CDB : 25;
05CDC : 25;
05CDD : 25;
05CDE : 25;
05CDF : 25;
05CE0 : 25;
05CE1 : 25;
05CE2 : 25;
05CE3 : 25;
05CE4 : 25;
05CE5 : 25;
05CE6 : 25;
05CE7 : 25;
05CE8 : 25;
05CE9 : 25;
05CEA : 25;
05CEB : 25;
05CEC : 25;
05CED : 25;
05CEE : 25;
05CEF : 25;
05CF0 : 25;
05CF1 : 25;
05CF2 : 25;
05CF3 : 25;
05CF4 : 25;
05CF5 : 25;
05CF6 : 25;
05CF7 : 25;
05CF8 : 25;
05CF9 : 25;
05CFA : 25;
05CFB : 25;
05CFC : 25;
05CFD : 25;
05CFE : 25;
05CFF : 25;
05D00 : 25;
05D01 : 25;
05D02 : 25;
05D03 : 25;
05D04 : 25;
05D05 : 25;
05D06 : 25;
05D07 : 25;
05D08 : 25;
05D09 : 25;
05D0A : 25;
05D0B : 25;
05D0C : 25;
05D0D : 25;
05D0E : 25;
05D0F : 25;
05D10 : 25;
05D11 : 25;
05D12 : 25;
05D13 : 25;
05D14 : 25;
05D15 : 25;
05D16 : 25;
05D17 : 25;
05D18 : 25;
05D19 : 25;
05D1A : 25;
05D1B : 25;
05D1C : 25;
05D1D : 25;
05D1E : 25;
05D1F : 25;
05D20 : 25;
05D21 : 25;
05D22 : 25;
05D23 : 25;
05D24 : 25;
05D25 : 25;
05D26 : 25;
05D27 : 25;
05D28 : 25;
05D29 : 25;
05D2A : 25;
05D2B : 25;
05D2C : 25;
05D2D : 25;
05D2E : 25;
05D2F : 25;
05D30 : 25;
05D31 : 25;
05D32 : 25;
05D33 : 25;
05D34 : 25;
05D35 : 25;
05D36 : 25;
05D37 : 25;
05D38 : 25;
05D39 : 25;
05D3A : 25;
05D3B : 25;
05D3C : 25;
05D3D : 25;
05D3E : 25;
05D3F : 25;
05D40 : 25;
05D41 : 25;
05D42 : 25;
05D43 : 25;
05D44 : 25;
05D45 : 25;
05D46 : 25;
05D47 : 25;
05D48 : 25;
05D49 : 25;
05D4A : 25;
05D4B : 25;
05D4C : 25;
05D4D : 25;
05D4E : 25;
05D4F : 25;
05D50 : 25;
05D51 : 25;
05D52 : 25;
05D53 : 25;
05D54 : 25;
05D55 : 25;
05D56 : 25;
05D57 : 25;
05D58 : 25;
05D59 : 25;
05D5A : 25;
05D5B : 25;
05D5C : 25;
05D5D : 25;
05D5E : 25;
05D5F : 25;
05D60 : 25;
05D61 : 25;
05D62 : 25;
05D63 : 25;
05D64 : 25;
05D65 : 25;
05D66 : 25;
05D67 : 25;
05D68 : 25;
05D69 : 25;
05D6A : 25;
05D6B : 25;
05D6C : 25;
05D6D : 25;
05D6E : 25;
05D6F : 25;
05D70 : 25;
05D71 : 25;
05D72 : 25;
05D73 : 25;
05D74 : 25;
05D75 : 25;
05D76 : 25;
05D77 : 25;
05D78 : 25;
05D79 : 25;
05D7A : 25;
05D7B : 25;
05D7C : 25;
05D7D : 25;
05D7E : 25;
05D7F : 25;
05D80 : 25;
05D81 : 25;
05D82 : 25;
05D83 : 25;
05D84 : 25;
05D85 : 25;
05D86 : 25;
05D87 : 25;
05D88 : 25;
05D89 : 25;
05D8A : 25;
05D8B : 25;
05D8C : 25;
05D8D : 25;
05D8E : 25;
05D8F : 25;
05D90 : 25;
05D91 : 25;
05D92 : 25;
05D93 : 25;
05D94 : 25;
05D95 : 25;
05D96 : 25;
05D97 : 25;
05D98 : 25;
05D99 : 25;
05D9A : 25;
05D9B : 25;
05D9C : 25;
05D9D : 25;
05D9E : 25;
05D9F : 25;
05DA0 : 25;
05DA1 : 25;
05DA2 : 25;
05DA3 : 25;
05DA4 : 25;
05DA5 : 25;
05DA6 : 25;
05DA7 : 25;
05DA8 : 25;
05DA9 : 25;
05DAA : 25;
05DAB : 25;
05DAC : 25;
05DAD : 25;
05DAE : 25;
05DAF : 25;
05DB0 : 25;
05DB1 : 25;
05DB2 : 25;
05DB3 : 25;
05DB4 : 25;
05DB5 : 25;
05DB6 : 25;
05DB7 : 25;
05DB8 : 25;
05DB9 : 25;
05DBA : 25;
05DBB : 25;
05DBC : 25;
05DBD : 25;
05DBE : 25;
05DBF : 25;
05DC0 : 25;
05DC1 : 25;
05DC2 : 25;
05DC3 : 25;
05DC4 : 25;
05DC5 : 25;
05DC6 : 25;
05DC7 : 25;
05DC8 : 25;
05DC9 : 25;
05DCA : 25;
05DCB : 25;
05DCC : 25;
05DCD : 25;
05DCE : 25;
05DCF : 25;
05DD0 : 25;
05DD1 : 25;
05DD2 : 25;
05DD3 : 25;
05DD4 : 25;
05DD5 : 25;
05DD6 : 25;
05DD7 : 25;
05DD8 : 25;
05DD9 : 25;
05DDA : 25;
05DDB : 25;
05DDC : 25;
05DDD : 25;
05DDE : 25;
05DDF : 25;
05DE0 : 25;
05DE1 : 25;
05DE2 : 25;
05DE3 : 25;
05DE4 : 25;
05DE5 : 25;
05DE6 : 25;
05DE7 : 25;
05DE8 : 25;
05DE9 : 25;
05DEA : 25;
05DEB : 25;
05DEC : 25;
05DED : 25;
05DEE : 25;
05DEF : 25;
05DF0 : 25;
05DF1 : 25;
05DF2 : 25;
05DF3 : 25;
05DF4 : 25;
05DF5 : 25;
05DF6 : 25;
05DF7 : 25;
05DF8 : 25;
05DF9 : 25;
05DFA : 25;
05DFB : 25;
05DFC : 25;
05DFD : 25;
05DFE : 25;
05DFF : 25;
05E00 : 25;
05E01 : 25;
05E02 : 25;
05E03 : 25;
05E04 : 25;
05E05 : 25;
05E06 : 25;
05E07 : 25;
05E08 : 25;
05E09 : 25;
05E0A : 25;
05E0B : 25;
05E0C : 25;
05E0D : 25;
05E0E : 25;
05E0F : 25;
05E10 : 25;
05E11 : 25;
05E12 : 25;
05E13 : 25;
05E14 : 25;
05E15 : 25;
05E16 : 25;
05E17 : 25;
05E18 : 25;
05E19 : 25;
05E1A : 25;
05E1B : 25;
05E1C : 25;
05E1D : 25;
05E1E : 25;
05E1F : 25;
05E20 : 25;
05E21 : 25;
05E22 : 25;
05E23 : 25;
05E24 : 25;
05E25 : 25;
05E26 : 25;
05E27 : 25;
05E28 : 25;
05E29 : 25;
05E2A : 25;
05E2B : 25;
05E2C : 25;
05E2D : 25;
05E2E : 25;
05E2F : 25;
05E30 : 25;
05E31 : 25;
05E32 : 25;
05E33 : 25;
05E34 : 25;
05E35 : 25;
05E36 : 25;
05E37 : 25;
05E38 : 25;
05E39 : 25;
05E3A : 25;
05E3B : 25;
05E3C : 25;
05E3D : 25;
05E3E : 25;
05E3F : 25;
05E40 : 25;
05E41 : 25;
05E42 : 25;
05E43 : 25;
05E44 : 25;
05E45 : 25;
05E46 : 25;
05E47 : 25;
05E48 : 25;
05E49 : 25;
05E4A : 25;
05E4B : 25;
05E4C : 25;
05E4D : 25;
05E4E : 25;
05E4F : 25;
05E50 : 25;
05E51 : 25;
05E52 : 25;
05E53 : 25;
05E54 : 25;
05E55 : 25;
05E56 : 25;
05E57 : 25;
05E58 : 25;
05E59 : 25;
05E5A : 25;
05E5B : 25;
05E5C : 25;
05E5D : 25;
05E5E : 25;
05E5F : 25;
05E60 : 25;
05E61 : 25;
05E62 : 25;
05E63 : 25;
05E64 : 25;
05E65 : 25;
05E66 : 25;
05E67 : 25;
05E68 : 25;
05E69 : 25;
05E6A : 25;
05E6B : 25;
05E6C : 25;
05E6D : 25;
05E6E : 25;
05E6F : 25;
05E70 : 25;
05E71 : 25;
05E72 : 25;
05E73 : 25;
05E74 : 25;
05E75 : 25;
05E76 : 25;
05E77 : 25;
05E78 : 25;
05E79 : 25;
05E7A : 25;
05E7B : 25;
05E7C : 25;
05E7D : 25;
05E7E : 25;
05E7F : 25;
05E80 : 25;
05E81 : 25;
05E82 : 25;
05E83 : 25;
05E84 : 25;
05E85 : 25;
05E86 : 25;
05E87 : 25;
05E88 : 25;
05E89 : 25;
05E8A : 25;
05E8B : 25;
05E8C : 25;
05E8D : 25;
05E8E : 25;
05E8F : 25;
05E90 : 25;
05E91 : 25;
05E92 : 25;
05E93 : 25;
05E94 : 25;
05E95 : 25;
05E96 : 25;
05E97 : 25;
05E98 : 25;
05E99 : 25;
05E9A : 25;
05E9B : 25;
05E9C : 25;
05E9D : 25;
05E9E : 25;
05E9F : 25;
05EA0 : 25;
05EA1 : 25;
05EA2 : 25;
05EA3 : 25;
05EA4 : 25;
05EA5 : 25;
05EA6 : 25;
05EA7 : 25;
05EA8 : 25;
05EA9 : 25;
05EAA : 25;
05EAB : 25;
05EAC : 25;
05EAD : 25;
05EAE : 25;
05EAF : 25;
05EB0 : 25;
05EB1 : 25;
05EB2 : 25;
05EB3 : 25;
05EB4 : 25;
05EB5 : 25;
05EB6 : 25;
05EB7 : 25;
05EB8 : 25;
05EB9 : 25;
05EBA : 25;
05EBB : 25;
05EBC : 25;
05EBD : 25;
05EBE : 25;
05EBF : 25;
05EC0 : 25;
05EC1 : 25;
05EC2 : 25;
05EC3 : 25;
05EC4 : 25;
05EC5 : 25;
05EC6 : 25;
05EC7 : 25;
05EC8 : 25;
05EC9 : 25;
05ECA : 25;
05ECB : 25;
05ECC : 25;
05ECD : 25;
05ECE : 25;
05ECF : 25;
05ED0 : 25;
05ED1 : 25;
05ED2 : 25;
05ED3 : 25;
05ED4 : 25;
05ED5 : 25;
05ED6 : 25;
05ED7 : 25;
05ED8 : 25;
05ED9 : 25;
05EDA : 25;
05EDB : 25;
05EDC : 25;
05EDD : 25;
05EDE : 25;
05EDF : 25;
05EE0 : 25;
05EE1 : 25;
05EE2 : 25;
05EE3 : 25;
05EE4 : 25;
05EE5 : 25;
05EE6 : 25;
05EE7 : 25;
05EE8 : 25;
05EE9 : 25;
05EEA : 25;
05EEB : 25;
05EEC : 25;
05EED : 25;
05EEE : 25;
05EEF : 25;
05EF0 : 25;
05EF1 : 25;
05EF2 : 25;
05EF3 : 25;
05EF4 : 25;
05EF5 : 25;
05EF6 : 25;
05EF7 : 25;
05EF8 : 25;
05EF9 : 25;
05EFA : 25;
05EFB : 25;
05EFC : 25;
05EFD : 25;
05EFE : 25;
05EFF : 25;
05F00 : 25;
05F01 : 25;
05F02 : 25;
05F03 : 25;
05F04 : 25;
05F05 : 25;
05F06 : 25;
05F07 : 25;
05F08 : 25;
05F09 : 25;
05F0A : 25;
05F0B : 25;
05F0C : 25;
05F0D : 25;
05F0E : 25;
05F0F : 25;
05F10 : 25;
05F11 : 25;
05F12 : 25;
05F13 : 25;
05F14 : 25;
05F15 : 25;
05F16 : 25;
05F17 : 25;
05F18 : 25;
05F19 : 25;
05F1A : 25;
05F1B : 25;
05F1C : 25;
05F1D : 25;
05F1E : 25;
05F1F : 25;
05F20 : 25;
05F21 : 25;
05F22 : 25;
05F23 : 25;
05F24 : 25;
05F25 : 25;
05F26 : 25;
05F27 : 25;
05F28 : 25;
05F29 : 25;
05F2A : 25;
05F2B : 25;
05F2C : 25;
05F2D : 25;
05F2E : 25;
05F2F : 25;
05F30 : 25;
05F31 : 25;
05F32 : 25;
05F33 : 25;
05F34 : 25;
05F35 : 25;
05F36 : 25;
05F37 : 25;
05F38 : 25;
05F39 : 25;
05F3A : 25;
05F3B : 25;
05F3C : 25;
05F3D : 25;
05F3E : 25;
05F3F : 25;
05F40 : 25;
05F41 : 25;
05F42 : 25;
05F43 : 25;
05F44 : 25;
05F45 : 25;
05F46 : 25;
05F47 : 25;
05F48 : 25;
05F49 : 25;
05F4A : 25;
05F4B : 25;
05F4C : 25;
05F4D : 25;
05F4E : 25;
05F4F : 25;
05F50 : 25;
05F51 : 25;
05F52 : 25;
05F53 : 25;
05F54 : 25;
05F55 : 25;
05F56 : 25;
05F57 : 25;
05F58 : 25;
05F59 : 25;
05F5A : 25;
05F5B : 25;
05F5C : 25;
05F5D : 25;
05F5E : 25;
05F5F : 25;
05F60 : 25;
05F61 : 25;
05F62 : 25;
05F63 : 25;
05F64 : 25;
05F65 : 25;
05F66 : 25;
05F67 : 25;
05F68 : 25;
05F69 : 25;
05F6A : 25;
05F6B : 25;
05F6C : 25;
05F6D : 25;
05F6E : 25;
05F6F : 25;
05F70 : 25;
05F71 : 25;
05F72 : 25;
05F73 : 25;
05F74 : 25;
05F75 : 25;
05F76 : 25;
05F77 : 25;
05F78 : 25;
05F79 : 25;
05F7A : 25;
05F7B : 25;
05F7C : 25;
05F7D : 25;
05F7E : 25;
05F7F : 25;
05F80 : 25;
05F81 : 25;
05F82 : 25;
05F83 : 25;
05F84 : 25;
05F85 : 25;
05F86 : 25;
05F87 : 25;
05F88 : 25;
05F89 : 25;
05F8A : 25;
05F8B : 25;
05F8C : 25;
05F8D : 25;
05F8E : 25;
05F8F : 25;
05F90 : 25;
05F91 : 25;
05F92 : 25;
05F93 : 25;
05F94 : 25;
05F95 : 25;
05F96 : 25;
05F97 : 25;
05F98 : 25;
05F99 : 25;
05F9A : 25;
05F9B : 25;
05F9C : 25;
05F9D : 25;
05F9E : 25;
05F9F : 25;
05FA0 : 25;
05FA1 : 25;
05FA2 : 25;
05FA3 : 25;
05FA4 : 25;
05FA5 : 25;
05FA6 : 25;
05FA7 : 25;
05FA8 : 25;
05FA9 : 25;
05FAA : 25;
05FAB : 25;
05FAC : 25;
05FAD : 25;
05FAE : 25;
05FAF : 25;
05FB0 : 25;
05FB1 : 25;
05FB2 : 25;
05FB3 : 25;
05FB4 : 25;
05FB5 : 25;
05FB6 : 25;
05FB7 : 25;
05FB8 : 25;
05FB9 : 25;
05FBA : 25;
05FBB : 25;
05FBC : 25;
05FBD : 25;
05FBE : 25;
05FBF : 25;
05FC0 : 25;
05FC1 : 25;
05FC2 : 25;
05FC3 : 25;
05FC4 : 25;
05FC5 : 25;
05FC6 : 25;
05FC7 : 25;
05FC8 : 25;
05FC9 : 25;
05FCA : 25;
05FCB : 25;
05FCC : 25;
05FCD : 25;
05FCE : 25;
05FCF : 25;
05FD0 : 25;
05FD1 : 25;
05FD2 : 25;
05FD3 : 25;
05FD4 : 25;
05FD5 : 25;
05FD6 : 25;
05FD7 : 25;
05FD8 : 25;
05FD9 : 25;
05FDA : 25;
05FDB : 25;
05FDC : 25;
05FDD : 25;
05FDE : 25;
05FDF : 25;
05FE0 : 25;
05FE1 : 25;
05FE2 : 25;
05FE3 : 25;
05FE4 : 25;
05FE5 : 25;
05FE6 : 25;
05FE7 : 25;
05FE8 : 25;
05FE9 : 25;
05FEA : 25;
05FEB : 25;
05FEC : 25;
05FED : 25;
05FEE : 25;
05FEF : 25;
05FF0 : 25;
05FF1 : 25;
05FF2 : 25;
05FF3 : 25;
05FF4 : 25;
05FF5 : 25;
05FF6 : 25;
05FF7 : 25;
05FF8 : 25;
05FF9 : 25;
05FFA : 25;
05FFB : 25;
05FFC : 25;
05FFD : 25;
05FFE : 25;
05FFF : 25;
06000 : 25;
06001 : 25;
06002 : 25;
06003 : 25;
06004 : 25;
06005 : 25;
06006 : 25;
06007 : 25;
06008 : 25;
06009 : 25;
0600A : 25;
0600B : 25;
0600C : 25;
0600D : 25;
0600E : 25;
0600F : 25;
06010 : 25;
06011 : 25;
06012 : 25;
06013 : 25;
06014 : 25;
06015 : 25;
06016 : 25;
06017 : 25;
06018 : 25;
06019 : 25;
0601A : 25;
0601B : 25;
0601C : 25;
0601D : 25;
0601E : 25;
0601F : 25;
06020 : 25;
06021 : 25;
06022 : 25;
06023 : 25;
06024 : 25;
06025 : 25;
06026 : 25;
06027 : 25;
06028 : 25;
06029 : 25;
0602A : 25;
0602B : 25;
0602C : 25;
0602D : 25;
0602E : 25;
0602F : 25;
06030 : 25;
06031 : 25;
06032 : 25;
06033 : 25;
06034 : 25;
06035 : 25;
06036 : 25;
06037 : 25;
06038 : 25;
06039 : 25;
0603A : 25;
0603B : 25;
0603C : 25;
0603D : 25;
0603E : 25;
0603F : 25;
06040 : 25;
06041 : 25;
06042 : 25;
06043 : 25;
06044 : 25;
06045 : 25;
06046 : 25;
06047 : 25;
06048 : 25;
06049 : 25;
0604A : 25;
0604B : 25;
0604C : 25;
0604D : 25;
0604E : 25;
0604F : 25;
06050 : 25;
06051 : 25;
06052 : 25;
06053 : 25;
06054 : 25;
06055 : 25;
06056 : 25;
06057 : 25;
06058 : 25;
06059 : 25;
0605A : 25;
0605B : 25;
0605C : 25;
0605D : 25;
0605E : 25;
0605F : 25;
06060 : 25;
06061 : 25;
06062 : 25;
06063 : 25;
06064 : 25;
06065 : 25;
06066 : 25;
06067 : 25;
06068 : 25;
06069 : 25;
0606A : 25;
0606B : 25;
0606C : 25;
0606D : 25;
0606E : 25;
0606F : 25;
06070 : 25;
06071 : 25;
06072 : 25;
06073 : 25;
06074 : 25;
06075 : 25;
06076 : 25;
06077 : 25;
06078 : 25;
06079 : 25;
0607A : 25;
0607B : 25;
0607C : 25;
0607D : 25;
0607E : 25;
0607F : 25;
06080 : 25;
06081 : 25;
06082 : 25;
06083 : 25;
06084 : 25;
06085 : 25;
06086 : 25;
06087 : 25;
06088 : 25;
06089 : 25;
0608A : 25;
0608B : 25;
0608C : 25;
0608D : 25;
0608E : 25;
0608F : 25;
06090 : 25;
06091 : 25;
06092 : 25;
06093 : 25;
06094 : 25;
06095 : 25;
06096 : 25;
06097 : 25;
06098 : 25;
06099 : 25;
0609A : 25;
0609B : 25;
0609C : 25;
0609D : 25;
0609E : 25;
0609F : 25;
060A0 : 25;
060A1 : 25;
060A2 : 25;
060A3 : 25;
060A4 : 25;
060A5 : 25;
060A6 : 25;
060A7 : 25;
060A8 : 25;
060A9 : 25;
060AA : 25;
060AB : 25;
060AC : 25;
060AD : 25;
060AE : 25;
060AF : 25;
060B0 : 25;
060B1 : 25;
060B2 : 25;
060B3 : 25;
060B4 : 25;
060B5 : 25;
060B6 : 25;
060B7 : 25;
060B8 : 25;
060B9 : 25;
060BA : 25;
060BB : 25;
060BC : 25;
060BD : 25;
060BE : 25;
060BF : 25;
060C0 : 25;
060C1 : 25;
060C2 : 25;
060C3 : 25;
060C4 : 25;
060C5 : 25;
060C6 : 25;
060C7 : 25;
060C8 : 25;
060C9 : 25;
060CA : 25;
060CB : 25;
060CC : 25;
060CD : 25;
060CE : 25;
060CF : 25;
060D0 : 25;
060D1 : 25;
060D2 : 25;
060D3 : 25;
060D4 : 25;
060D5 : 25;
060D6 : 25;
060D7 : 25;
060D8 : 25;
060D9 : 25;
060DA : 25;
060DB : 25;
060DC : 25;
060DD : 25;
060DE : 25;
060DF : 25;
060E0 : 25;
060E1 : 25;
060E2 : 25;
060E3 : 25;
060E4 : 25;
060E5 : 25;
060E6 : 25;
060E7 : 25;
060E8 : 25;
060E9 : 25;
060EA : 25;
060EB : 25;
060EC : 25;
060ED : 25;
060EE : 25;
060EF : 25;
060F0 : 25;
060F1 : 25;
060F2 : 25;
060F3 : 25;
060F4 : 25;
060F5 : 25;
060F6 : 25;
060F7 : 25;
060F8 : 25;
060F9 : 25;
060FA : 25;
060FB : 25;
060FC : 25;
060FD : 25;
060FE : 25;
060FF : 25;
06100 : 25;
06101 : 25;
06102 : 25;
06103 : 25;
06104 : 25;
06105 : 25;
06106 : 25;
06107 : 25;
06108 : 25;
06109 : 25;
0610A : 25;
0610B : 25;
0610C : 25;
0610D : 25;
0610E : 25;
0610F : 25;
06110 : 25;
06111 : 25;
06112 : 25;
06113 : 25;
06114 : 25;
06115 : 25;
06116 : 25;
06117 : 25;
06118 : 25;
06119 : 25;
0611A : 25;
0611B : 25;
0611C : 25;
0611D : 25;
0611E : 25;
0611F : 25;
06120 : 25;
06121 : 25;
06122 : 25;
06123 : 25;
06124 : 25;
06125 : 25;
06126 : 25;
06127 : 25;
06128 : 25;
06129 : 25;
0612A : 25;
0612B : 25;
0612C : 25;
0612D : 25;
0612E : 25;
0612F : 25;
06130 : 25;
06131 : 25;
06132 : 25;
06133 : 25;
06134 : 25;
06135 : 25;
06136 : 25;
06137 : 25;
06138 : 25;
06139 : 25;
0613A : 25;
0613B : 25;
0613C : 25;
0613D : 25;
0613E : 25;
0613F : 25;
06140 : 25;
06141 : 25;
06142 : 25;
06143 : 25;
06144 : 25;
06145 : 25;
06146 : 25;
06147 : 25;
06148 : 25;
06149 : 25;
0614A : 25;
0614B : 25;
0614C : 25;
0614D : 25;
0614E : 25;
0614F : 25;
06150 : 25;
06151 : 25;
06152 : 25;
06153 : 25;
06154 : 25;
06155 : 25;
06156 : 25;
06157 : 25;
06158 : 25;
06159 : 25;
0615A : 25;
0615B : 25;
0615C : 25;
0615D : 25;
0615E : 25;
0615F : 25;
06160 : 25;
06161 : 25;
06162 : 25;
06163 : 25;
06164 : 25;
06165 : 25;
06166 : 25;
06167 : 25;
06168 : 25;
06169 : 25;
0616A : 25;
0616B : 25;
0616C : 25;
0616D : 25;
0616E : 25;
0616F : 25;
06170 : 25;
06171 : 25;
06172 : 25;
06173 : 25;
06174 : 25;
06175 : 25;
06176 : 25;
06177 : 25;
06178 : 25;
06179 : 25;
0617A : 25;
0617B : 25;
0617C : 25;
0617D : 25;
0617E : 25;
0617F : 25;
06180 : 25;
06181 : 25;
06182 : 25;
06183 : 25;
06184 : 25;
06185 : 25;
06186 : 25;
06187 : 25;
06188 : 25;
06189 : 25;
0618A : 25;
0618B : 25;
0618C : 25;
0618D : 25;
0618E : 25;
0618F : 25;
06190 : 25;
06191 : 25;
06192 : 25;
06193 : 25;
06194 : 25;
06195 : 25;
06196 : 25;
06197 : 25;
06198 : 25;
06199 : 25;
0619A : 25;
0619B : 25;
0619C : 25;
0619D : 25;
0619E : 25;
0619F : 25;
061A0 : 25;
061A1 : 25;
061A2 : 25;
061A3 : 25;
061A4 : 25;
061A5 : 25;
061A6 : 25;
061A7 : 25;
061A8 : 25;
061A9 : 25;
061AA : 25;
061AB : 25;
061AC : 25;
061AD : 25;
061AE : 25;
061AF : 25;
061B0 : 25;
061B1 : 25;
061B2 : 25;
061B3 : 25;
061B4 : 25;
061B5 : 25;
061B6 : 25;
061B7 : 25;
061B8 : 25;
061B9 : 25;
061BA : 25;
061BB : 25;
061BC : 25;
061BD : 25;
061BE : 25;
061BF : 25;
061C0 : 25;
061C1 : 25;
061C2 : 25;
061C3 : 25;
061C4 : 25;
061C5 : 25;
061C6 : 25;
061C7 : 25;
061C8 : 25;
061C9 : 25;
061CA : 25;
061CB : 25;
061CC : 25;
061CD : 25;
061CE : 25;
061CF : 25;
061D0 : 25;
061D1 : 25;
061D2 : 25;
061D3 : 25;
061D4 : 25;
061D5 : 25;
061D6 : 25;
061D7 : 25;
061D8 : 25;
061D9 : 25;
061DA : 25;
061DB : 25;
061DC : 25;
061DD : 25;
061DE : 25;
061DF : 25;
061E0 : 25;
061E1 : 25;
061E2 : 25;
061E3 : 25;
061E4 : 25;
061E5 : 25;
061E6 : 25;
061E7 : 25;
061E8 : 25;
061E9 : 25;
061EA : 25;
061EB : 25;
061EC : 25;
061ED : 25;
061EE : 25;
061EF : 25;
061F0 : 25;
061F1 : 25;
061F2 : 25;
061F3 : 25;
061F4 : 25;
061F5 : 25;
061F6 : 25;
061F7 : 25;
061F8 : 25;
061F9 : 25;
061FA : 25;
061FB : 25;
061FC : 25;
061FD : 25;
061FE : 25;
061FF : 25;
06200 : 25;
06201 : 25;
06202 : 25;
06203 : 25;
06204 : 25;
06205 : 25;
06206 : 25;
06207 : 25;
06208 : 25;
06209 : 25;
0620A : 25;
0620B : 25;
0620C : 25;
0620D : 25;
0620E : 25;
0620F : 25;
06210 : 25;
06211 : 25;
06212 : 25;
06213 : 25;
06214 : 25;
06215 : 25;
06216 : 25;
06217 : 25;
06218 : 25;
06219 : 25;
0621A : 25;
0621B : 25;
0621C : 25;
0621D : 25;
0621E : 25;
0621F : 25;
06220 : 25;
06221 : 25;
06222 : 25;
06223 : 25;
06224 : 25;
06225 : 25;
06226 : 25;
06227 : 25;
06228 : 25;
06229 : 25;
0622A : 25;
0622B : 25;
0622C : 25;
0622D : 25;
0622E : 25;
0622F : 25;
06230 : 25;
06231 : 25;
06232 : 25;
06233 : 25;
06234 : 25;
06235 : 25;
06236 : 25;
06237 : 25;
06238 : 25;
06239 : 25;
0623A : 25;
0623B : 25;
0623C : 25;
0623D : 25;
0623E : 25;
0623F : 25;
06240 : 25;
06241 : 25;
06242 : 25;
06243 : 25;
06244 : 25;
06245 : 25;
06246 : 25;
06247 : 25;
06248 : 25;
06249 : 25;
0624A : 25;
0624B : 25;
0624C : 25;
0624D : 25;
0624E : 25;
0624F : 25;
06250 : 25;
06251 : 25;
06252 : 25;
06253 : 25;
06254 : 25;
06255 : 25;
06256 : 25;
06257 : 25;
06258 : 25;
06259 : 25;
0625A : 25;
0625B : 25;
0625C : 25;
0625D : 25;
0625E : 25;
0625F : 25;
06260 : 25;
06261 : 25;
06262 : 25;
06263 : 25;
06264 : 25;
06265 : 25;
06266 : 25;
06267 : 25;
06268 : 25;
06269 : 25;
0626A : 25;
0626B : 25;
0626C : 25;
0626D : 25;
0626E : 25;
0626F : 25;
06270 : 25;
06271 : 25;
06272 : 25;
06273 : 25;
06274 : 25;
06275 : 25;
06276 : 25;
06277 : 25;
06278 : 25;
06279 : 25;
0627A : 25;
0627B : 25;
0627C : 25;
0627D : 25;
0627E : 25;
0627F : 25;
06280 : 25;
06281 : 25;
06282 : 25;
06283 : 25;
06284 : 25;
06285 : 25;
06286 : 25;
06287 : 25;
06288 : 25;
06289 : 25;
0628A : 25;
0628B : 25;
0628C : 25;
0628D : 25;
0628E : 25;
0628F : 25;
06290 : 25;
06291 : 25;
06292 : 25;
06293 : 25;
06294 : 25;
06295 : 25;
06296 : 25;
06297 : 25;
06298 : 25;
06299 : 25;
0629A : 25;
0629B : 25;
0629C : 25;
0629D : 25;
0629E : 25;
0629F : 25;
062A0 : 25;
062A1 : 25;
062A2 : 25;
062A3 : 25;
062A4 : 25;
062A5 : 25;
062A6 : 25;
062A7 : 25;
062A8 : 25;
062A9 : 25;
062AA : 25;
062AB : 25;
062AC : 25;
062AD : 25;
062AE : 25;
062AF : 25;
062B0 : 25;
062B1 : 25;
062B2 : 25;
062B3 : 25;
062B4 : 25;
062B5 : 25;
062B6 : 25;
062B7 : 25;
062B8 : 25;
062B9 : 25;
062BA : 25;
062BB : 25;
062BC : 25;
062BD : 25;
062BE : 25;
062BF : 25;
062C0 : 25;
062C1 : 25;
062C2 : 25;
062C3 : 25;
062C4 : 25;
062C5 : 25;
062C6 : 25;
062C7 : 25;
062C8 : 25;
062C9 : 25;
062CA : 25;
062CB : 25;
062CC : 25;
062CD : 25;
062CE : 25;
062CF : 25;
062D0 : 25;
062D1 : 25;
062D2 : 25;
062D3 : 25;
062D4 : 25;
062D5 : 25;
062D6 : 25;
062D7 : 25;
062D8 : 25;
062D9 : 25;
062DA : 25;
062DB : 25;
062DC : 25;
062DD : 25;
062DE : 25;
062DF : 25;
062E0 : 25;
062E1 : 25;
062E2 : 25;
062E3 : 25;
062E4 : 25;
062E5 : 25;
062E6 : 25;
062E7 : 25;
062E8 : 25;
062E9 : 25;
062EA : 25;
062EB : 25;
062EC : 25;
062ED : 25;
062EE : 25;
062EF : 25;
062F0 : 25;
062F1 : 25;
062F2 : 25;
062F3 : 25;
062F4 : 25;
062F5 : 25;
062F6 : 25;
062F7 : 25;
062F8 : 25;
062F9 : 25;
062FA : 25;
062FB : 25;
062FC : 25;
062FD : 25;
062FE : 25;
062FF : 25;
06300 : 25;
06301 : 25;
06302 : 25;
06303 : 25;
06304 : 25;
06305 : 25;
06306 : 25;
06307 : 25;
06308 : 25;
06309 : 25;
0630A : 25;
0630B : 25;
0630C : 25;
0630D : 25;
0630E : 25;
0630F : 25;
06310 : 25;
06311 : 25;
06312 : 25;
06313 : 25;
06314 : 25;
06315 : 25;
06316 : 25;
06317 : 25;
06318 : 25;
06319 : 25;
0631A : 25;
0631B : 25;
0631C : 25;
0631D : 25;
0631E : 25;
0631F : 25;
06320 : 25;
06321 : 25;
06322 : 25;
06323 : 25;
06324 : 25;
06325 : 25;
06326 : 25;
06327 : 25;
06328 : 25;
06329 : 25;
0632A : 25;
0632B : 25;
0632C : 25;
0632D : 25;
0632E : 25;
0632F : 25;
06330 : 25;
06331 : 25;
06332 : 25;
06333 : 25;
06334 : 25;
06335 : 25;
06336 : 25;
06337 : 25;
06338 : 25;
06339 : 25;
0633A : 25;
0633B : 25;
0633C : 25;
0633D : 25;
0633E : 25;
0633F : 25;
06340 : 25;
06341 : 25;
06342 : 25;
06343 : 25;
06344 : 25;
06345 : 25;
06346 : 25;
06347 : 25;
06348 : 25;
06349 : 25;
0634A : 25;
0634B : 25;
0634C : 25;
0634D : 25;
0634E : 25;
0634F : 25;
06350 : 25;
06351 : 25;
06352 : 25;
06353 : 25;
06354 : 25;
06355 : 25;
06356 : 25;
06357 : 25;
06358 : 25;
06359 : 25;
0635A : 25;
0635B : 25;
0635C : 25;
0635D : 25;
0635E : 25;
0635F : 25;
06360 : 25;
06361 : 25;
06362 : 25;
06363 : 25;
06364 : 25;
06365 : 25;
06366 : 25;
06367 : 25;
06368 : 25;
06369 : 25;
0636A : 25;
0636B : 25;
0636C : 25;
0636D : 25;
0636E : 25;
0636F : 25;
06370 : 25;
06371 : 25;
06372 : 25;
06373 : 25;
06374 : 25;
06375 : 25;
06376 : 25;
06377 : 25;
06378 : 25;
06379 : 25;
0637A : 25;
0637B : 25;
0637C : 25;
0637D : 25;
0637E : 25;
0637F : 25;
06380 : 25;
06381 : 25;
06382 : 25;
06383 : 25;
06384 : 25;
06385 : 25;
06386 : 25;
06387 : 25;
06388 : 25;
06389 : 25;
0638A : 25;
0638B : 25;
0638C : 25;
0638D : 25;
0638E : 25;
0638F : 25;
06390 : 25;
06391 : 25;
06392 : 25;
06393 : 25;
06394 : 25;
06395 : 25;
06396 : 25;
06397 : 25;
06398 : 25;
06399 : 25;
0639A : 25;
0639B : 25;
0639C : 25;
0639D : 25;
0639E : 25;
0639F : 25;
063A0 : 25;
063A1 : 25;
063A2 : 25;
063A3 : 25;
063A4 : 25;
063A5 : 25;
063A6 : 25;
063A7 : 25;
063A8 : 25;
063A9 : 25;
063AA : 25;
063AB : 25;
063AC : 25;
063AD : 25;
063AE : 25;
063AF : 25;
063B0 : 25;
063B1 : 25;
063B2 : 25;
063B3 : 25;
063B4 : 25;
063B5 : 25;
063B6 : 25;
063B7 : 25;
063B8 : 25;
063B9 : 25;
063BA : 25;
063BB : 25;
063BC : 25;
063BD : 25;
063BE : 25;
063BF : 25;
063C0 : 25;
063C1 : 25;
063C2 : 25;
063C3 : 25;
063C4 : 25;
063C5 : 25;
063C6 : 25;
063C7 : 25;
063C8 : 25;
063C9 : 25;
063CA : 25;
063CB : 25;
063CC : 25;
063CD : 25;
063CE : 25;
063CF : 25;
063D0 : 25;
063D1 : 25;
063D2 : 25;
063D3 : 25;
063D4 : 25;
063D5 : 25;
063D6 : 25;
063D7 : 25;
063D8 : 25;
063D9 : 25;
063DA : 25;
063DB : 25;
063DC : 25;
063DD : 25;
063DE : 25;
063DF : 25;
063E0 : 25;
063E1 : 25;
063E2 : 25;
063E3 : 25;
063E4 : 25;
063E5 : 25;
063E6 : 25;
063E7 : 25;
063E8 : 25;
063E9 : 25;
063EA : 25;
063EB : 25;
063EC : 25;
063ED : 25;
063EE : 25;
063EF : 25;
063F0 : 25;
063F1 : 25;
063F2 : 25;
063F3 : 25;
063F4 : 25;
063F5 : 25;
063F6 : 25;
063F7 : 25;
063F8 : 25;
063F9 : 25;
063FA : 25;
063FB : 25;
063FC : 25;
063FD : 25;
063FE : 25;
063FF : 25;
06400 : 25;
06401 : 25;
06402 : 25;
06403 : 25;
06404 : 25;
06405 : 25;
06406 : 25;
06407 : 25;
06408 : 25;
06409 : 25;
0640A : 25;
0640B : 25;
0640C : 25;
0640D : 25;
0640E : 25;
0640F : 25;
06410 : 25;
06411 : 25;
06412 : 04;
06413 : 9A;
06414 : BA;
06415 : 55;
06416 : 5A;
06417 : 5A;
06418 : 2D;
06419 : 2D;
0641A : 0D;
0641B : 5A;
0641C : 7A;
0641D : 25;
0641E : 25;
0641F : 25;
06420 : 25;
06421 : 25;
06422 : 25;
06423 : 25;
06424 : 25;
06425 : 25;
06426 : 25;
06427 : 25;
06428 : 25;
06429 : 25;
0642A : 25;
0642B : 25;
0642C : 25;
0642D : 25;
0642E : 25;
0642F : 25;
06430 : 25;
06431 : 25;
06432 : 04;
06433 : 9A;
06434 : BA;
06435 : 56;
06436 : 5A;
06437 : 5A;
06438 : 2D;
06439 : 2D;
0643A : 0D;
0643B : 5A;
0643C : 7A;
0643D : 25;
0643E : 25;
0643F : 25;
06440 : 25;
06441 : 25;
06442 : 25;
06443 : 25;
06444 : 25;
06445 : 25;
06446 : 25;
06447 : 25;
06448 : 25;
06449 : 25;
0644A : 25;
0644B : 25;
0644C : 25;
0644D : 25;
0644E : 25;
0644F : 25;
06450 : 25;
06451 : 25;
06452 : 04;
06453 : 7A;
06454 : 56;
06455 : 2D;
06456 : 31;
06457 : 5A;
06458 : 2D;
06459 : 31;
0645A : 0D;
0645B : 5A;
0645C : 7A;
0645D : 25;
0645E : 25;
0645F : 25;
06460 : 25;
06461 : 25;
06462 : 25;
06463 : 25;
06464 : 25;
06465 : 25;
06466 : 25;
06467 : 25;
06468 : 25;
06469 : 25;
0646A : 25;
0646B : 25;
0646C : 25;
0646D : 25;
0646E : 25;
0646F : 25;
06470 : 25;
06471 : 25;
06472 : 25;
06473 : 7A;
06474 : 56;
06475 : 2D;
06476 : 31;
06477 : 5A;
06478 : 2D;
06479 : 2D;
0647A : 0D;
0647B : 5A;
0647C : 5A;
0647D : 25;
0647E : 25;
0647F : 25;
06480 : 25;
06481 : 25;
06482 : 25;
06483 : 25;
06484 : 25;
06485 : 25;
06486 : 25;
06487 : 25;
06488 : 25;
06489 : 25;
0648A : 25;
0648B : 25;
0648C : 25;
0648D : 25;
0648E : 25;
0648F : 25;
06490 : 25;
06491 : 25;
06492 : 29;
06493 : BA;
06494 : BA;
06495 : 31;
06496 : 31;
06497 : 5A;
06498 : 2D;
06499 : 2D;
0649A : 0D;
0649B : 5A;
0649C : 7A;
0649D : 25;
0649E : 25;
0649F : 25;
064A0 : 25;
064A1 : 25;
064A2 : 25;
064A3 : 25;
064A4 : 25;
064A5 : 25;
064A6 : 25;
064A7 : 25;
064A8 : 25;
064A9 : 25;
064AA : 25;
064AB : 25;
064AC : 25;
064AD : 25;
064AE : 25;
064AF : 25;
064B0 : 25;
064B1 : 25;
064B2 : 29;
064B3 : BA;
064B4 : BA;
064B5 : 2D;
064B6 : 31;
064B7 : 56;
064B8 : 0D;
064B9 : 2D;
064BA : 0D;
064BB : 36;
064BC : 7A;
064BD : 25;
064BE : 25;
064BF : 25;
064C0 : 25;
064C1 : 25;
064C2 : 25;
064C3 : 25;
064C4 : 25;
064C5 : 25;
064C6 : 25;
064C7 : 25;
064C8 : 25;
064C9 : 25;
064CA : 25;
064CB : 25;
064CC : 25;
064CD : 25;
064CE : 25;
064CF : 25;
064D0 : 25;
064D1 : 04;
064D2 : 9A;
064D3 : BA;
064D4 : BA;
064D5 : 31;
064D6 : 31;
064D7 : 36;
064D8 : 0D;
064D9 : 2D;
064DA : 0D;
064DB : 36;
064DC : 5A;
064DD : 25;
064DE : 25;
064DF : 25;
064E0 : 25;
064E1 : 25;
064E2 : 25;
064E3 : 25;
064E4 : 25;
064E5 : 25;
064E6 : 25;
064E7 : 25;
064E8 : 25;
064E9 : 25;
064EA : 25;
064EB : 25;
064EC : 25;
064ED : 25;
064EE : 25;
064EF : 25;
064F0 : 25;
064F1 : 04;
064F2 : 7A;
064F3 : BA;
064F4 : BA;
064F5 : 2D;
064F6 : 31;
064F7 : 36;
064F8 : 0D;
064F9 : 2D;
064FA : 0D;
064FB : 56;
064FC : 7A;
064FD : 25;
064FE : 25;
064FF : 25;
06500 : 25;
06501 : 25;
06502 : 25;
06503 : 25;
06504 : 25;
06505 : 25;
06506 : 25;
06507 : 25;
06508 : 25;
06509 : 25;
0650A : 25;
0650B : 25;
0650C : 25;
0650D : 25;
0650E : 25;
0650F : 25;
06510 : 25;
06511 : 04;
06512 : 7A;
06513 : BA;
06514 : BA;
06515 : 31;
06516 : 36;
06517 : 56;
06518 : 2D;
06519 : 2D;
0651A : 2D;
0651B : 2D;
0651C : 7A;
0651D : 25;
0651E : 25;
0651F : 25;
06520 : 25;
06521 : 25;
06522 : 25;
06523 : 25;
06524 : 25;
06525 : 25;
06526 : 25;
06527 : 25;
06528 : 25;
06529 : 25;
0652A : 25;
0652B : 25;
0652C : 25;
0652D : 25;
0652E : 25;
0652F : 25;
06530 : 25;
06531 : 04;
06532 : 7A;
06533 : BA;
06534 : 7A;
06535 : 7A;
06536 : 56;
06537 : 56;
06538 : 2D;
06539 : 2D;
0653A : 2D;
0653B : 2D;
0653C : 7A;
0653D : 25;
0653E : 25;
0653F : 25;
06540 : 25;
06541 : 25;
06542 : 25;
06543 : 25;
06544 : 25;
06545 : 25;
06546 : 25;
06547 : 25;
06548 : 25;
06549 : 25;
0654A : 25;
0654B : 25;
0654C : 25;
0654D : 25;
0654E : 25;
0654F : 25;
06550 : 25;
06551 : 04;
06552 : 7A;
06553 : BA;
06554 : 5A;
06555 : 5A;
06556 : 5A;
06557 : 56;
06558 : 31;
06559 : 31;
0655A : 2D;
0655B : 2D;
0655C : 7A;
0655D : 25;
0655E : 25;
0655F : 25;
06560 : 25;
06561 : 25;
06562 : 25;
06563 : 25;
06564 : 25;
06565 : 25;
06566 : 25;
06567 : 20;
06568 : 45;
06569 : 20;
0656A : 25;
0656B : 25;
0656C : 25;
0656D : 25;
0656E : 25;
0656F : 25;
06570 : 25;
06571 : 49;
06572 : 75;
06573 : BA;
06574 : 5A;
06575 : 7A;
06576 : 55;
06577 : 0D;
06578 : 5A;
06579 : 7A;
0657A : 2D;
0657B : 2D;
0657C : 56;
0657D : 09;
0657E : 04;
0657F : 25;
06580 : 25;
06581 : 25;
06582 : 25;
06583 : 25;
06584 : 25;
06585 : 25;
06586 : 25;
06587 : 40;
06588 : D6;
06589 : 40;
0658A : 25;
0658B : 25;
0658C : 25;
0658D : 25;
0658E : 25;
0658F : 25;
06590 : 25;
06591 : 4D;
06592 : 75;
06593 : BA;
06594 : 7A;
06595 : 5A;
06596 : 56;
06597 : 2D;
06598 : 56;
06599 : 7A;
0659A : 2D;
0659B : 2D;
0659C : 56;
0659D : 7A;
0659E : 75;
0659F : 25;
065A0 : 25;
065A1 : 25;
065A2 : 25;
065A3 : 25;
065A4 : 25;
065A5 : 40;
065A6 : 85;
065A7 : 85;
065A8 : DA;
065A9 : D2;
065AA : CD;
065AB : 20;
065AC : 25;
065AD : 25;
065AE : 25;
065AF : 25;
065B0 : 25;
065B1 : DA;
065B2 : BA;
065B3 : BA;
065B4 : 5A;
065B5 : 56;
065B6 : 5A;
065B7 : 2D;
065B8 : 56;
065B9 : 7A;
065BA : 2D;
065BB : 2D;
065BC : 56;
065BD : 5A;
065BE : 9A;
065BF : 25;
065C0 : 25;
065C1 : 25;
065C2 : 25;
065C3 : 25;
065C4 : 20;
065C5 : 89;
065C6 : C9;
065C7 : A5;
065C8 : DA;
065C9 : D2;
065CA : D6;
065CB : D1;
065CC : 25;
065CD : 25;
065CE : 25;
065CF : 25;
065D0 : 25;
065D1 : DA;
065D2 : BA;
065D3 : BA;
065D4 : 5A;
065D5 : 56;
065D6 : 5A;
065D7 : 2D;
065D8 : 56;
065D9 : 7A;
065DA : 2D;
065DB : 2D;
065DC : 31;
065DD : 56;
065DE : 9A;
065DF : 25;
065E0 : 25;
065E1 : 25;
065E2 : 25;
065E3 : 25;
065E4 : A9;
065E5 : CE;
065E6 : CE;
065E7 : A5;
065E8 : D6;
065E9 : D6;
065EA : D6;
065EB : D6;
065EC : D2;
065ED : 20;
065EE : 25;
065EF : 25;
065F0 : 24;
065F1 : DA;
065F2 : BA;
065F3 : BA;
065F4 : 5A;
065F5 : 56;
065F6 : 5A;
065F7 : 2D;
065F8 : 56;
065F9 : 56;
065FA : 56;
065FB : 2D;
065FC : 2D;
065FD : 56;
065FE : 9A;
065FF : 25;
06600 : 25;
06601 : 25;
06602 : 25;
06603 : 20;
06604 : C9;
06605 : CD;
06606 : C9;
06607 : A5;
06608 : D6;
06609 : D6;
0660A : D6;
0660B : D6;
0660C : D2;
0660D : 20;
0660E : 25;
0660F : 25;
06610 : 24;
06611 : DA;
06612 : BA;
06613 : DA;
06614 : 7A;
06615 : 5A;
06616 : 7A;
06617 : 0D;
06618 : 56;
06619 : 56;
0661A : 56;
0661B : 2D;
0661C : 2D;
0661D : 56;
0661E : 9A;
0661F : 25;
06620 : 25;
06621 : 25;
06622 : 25;
06623 : 20;
06624 : A9;
06625 : A5;
06626 : A5;
06627 : A5;
06628 : D6;
06629 : D6;
0662A : D6;
0662B : A5;
0662C : D2;
0662D : 20;
0662E : 25;
0662F : 25;
06630 : 25;
06631 : DA;
06632 : BA;
06633 : BA;
06634 : 56;
06635 : 56;
06636 : 32;
06637 : 31;
06638 : 56;
06639 : 56;
0663A : 56;
0663B : 2D;
0663C : 2D;
0663D : 56;
0663E : 9A;
0663F : 25;
06640 : 25;
06641 : 25;
06642 : 25;
06643 : 20;
06644 : 85;
06645 : A5;
06646 : A5;
06647 : 85;
06648 : D6;
06649 : DA;
0664A : A5;
0664B : A5;
0664C : D2;
0664D : 20;
0664E : 25;
0664F : 25;
06650 : 25;
06651 : DA;
06652 : 9A;
06653 : BA;
06654 : 56;
06655 : 09;
06656 : 09;
06657 : 56;
06658 : 56;
06659 : 56;
0665A : 56;
0665B : 2D;
0665C : 2D;
0665D : 56;
0665E : 7A;
0665F : 29;
06660 : 25;
06661 : 25;
06662 : 25;
06663 : 20;
06664 : 89;
06665 : A5;
06666 : A5;
06667 : A5;
06668 : D6;
06669 : DA;
0666A : CD;
0666B : C9;
0666C : D2;
0666D : 20;
0666E : 25;
0666F : 25;
06670 : BA;
06671 : BA;
06672 : 51;
06673 : 04;
06674 : 49;
06675 : 04;
06676 : 04;
06677 : 56;
06678 : 5A;
06679 : 56;
0667A : 56;
0667B : 2D;
0667C : 2D;
0667D : 56;
0667E : 7A;
0667F : BA;
06680 : 25;
06681 : 25;
06682 : 25;
06683 : 20;
06684 : 85;
06685 : A9;
06686 : A5;
06687 : A5;
06688 : D6;
06689 : D6;
0668A : C9;
0668B : C9;
0668C : D2;
0668D : 40;
0668E : 24;
0668F : 25;
06690 : BA;
06691 : 71;
06692 : 49;
06693 : D6;
06694 : DA;
06695 : 00;
06696 : 04;
06697 : 56;
06698 : 56;
06699 : 56;
0669A : 56;
0669B : 2D;
0669C : 2D;
0669D : 56;
0669E : 7A;
0669F : BA;
066A0 : 25;
066A1 : 25;
066A2 : 25;
066A3 : 25;
066A4 : 20;
066A5 : A9;
066A6 : A5;
066A7 : A5;
066A8 : D6;
066A9 : D6;
066AA : C9;
066AB : C5;
066AC : C9;
066AD : DA;
066AE : DA;
066AF : 25;
066B0 : 25;
066B1 : B5;
066B2 : D6;
066B3 : D6;
066B4 : DA;
066B5 : 00;
066B6 : 00;
066B7 : 36;
066B8 : 56;
066B9 : 56;
066BA : 2D;
066BB : 2D;
066BC : 0D;
066BD : 36;
066BE : 35;
066BF : BA;
066C0 : 25;
066C1 : 25;
066C2 : 25;
066C3 : 25;
066C4 : 25;
066C5 : A9;
066C6 : A5;
066C7 : A5;
066C8 : D6;
066C9 : D6;
066CA : C9;
066CB : C5;
066CC : C5;
066CD : D6;
066CE : DA;
066CF : 25;
066D0 : 20;
066D1 : 89;
066D2 : D6;
066D3 : D6;
066D4 : D6;
066D5 : 00;
066D6 : 00;
066D7 : 56;
066D8 : 56;
066D9 : 56;
066DA : 2D;
066DB : 2D;
066DC : 31;
066DD : 0D;
066DE : 0D;
066DF : BA;
066E0 : 25;
066E1 : 25;
066E2 : 25;
066E3 : 25;
066E4 : 25;
066E5 : A9;
066E6 : A5;
066E7 : A5;
066E8 : C9;
066E9 : C9;
066EA : D2;
066EB : C5;
066EC : C5;
066ED : D6;
066EE : DA;
066EF : 25;
066F0 : D6;
066F1 : D2;
066F2 : D2;
066F3 : D2;
066F4 : D2;
066F5 : 00;
066F6 : 00;
066F7 : 56;
066F8 : 31;
066F9 : 2D;
066FA : 2D;
066FB : 2D;
066FC : 56;
066FD : 5A;
066FE : 0D;
066FF : 9A;
06700 : 25;
06701 : 25;
06702 : 25;
06703 : 25;
06704 : 25;
06705 : A9;
06706 : A5;
06707 : A5;
06708 : C9;
06709 : C9;
0670A : D2;
0670B : C5;
0670C : C5;
0670D : D6;
0670E : DA;
0670F : 20;
06710 : D6;
06711 : D2;
06712 : D2;
06713 : CE;
06714 : D2;
06715 : 20;
06716 : 00;
06717 : 36;
06718 : 0D;
06719 : 2D;
0671A : 2D;
0671B : 2D;
0671C : 56;
0671D : 5A;
0671E : 0D;
0671F : 7A;
06720 : 25;
06721 : 25;
06722 : 20;
06723 : 85;
06724 : 20;
06725 : A9;
06726 : C5;
06727 : C5;
06728 : C5;
06729 : C9;
0672A : CD;
0672B : C5;
0672C : C5;
0672D : 61;
0672E : 40;
0672F : 65;
06730 : D6;
06731 : D2;
06732 : D2;
06733 : C9;
06734 : D2;
06735 : 00;
06736 : 00;
06737 : 56;
06738 : 2D;
06739 : 2D;
0673A : 2D;
0673B : 2D;
0673C : 2D;
0673D : 2D;
0673E : 0D;
0673F : 36;
06740 : 25;
06741 : 20;
06742 : C9;
06743 : 85;
06744 : 20;
06745 : 69;
06746 : A9;
06747 : C9;
06748 : D2;
06749 : CD;
0674A : CD;
0674B : C9;
0674C : C9;
0674D : 40;
0674E : 20;
0674F : D6;
06750 : D2;
06751 : CE;
06752 : C5;
06753 : C9;
06754 : D2;
06755 : 00;
06756 : 00;
06757 : 56;
06758 : 2D;
06759 : 2D;
0675A : 2D;
0675B : 2D;
0675C : 2D;
0675D : 2D;
0675E : 0D;
0675F : 36;
06760 : 20;
06761 : C9;
06762 : C9;
06763 : D2;
06764 : A9;
06765 : 20;
06766 : 65;
06767 : C9;
06768 : D2;
06769 : CE;
0676A : C5;
0676B : C5;
0676C : 85;
0676D : 40;
0676E : 20;
0676F : D6;
06770 : A9;
06771 : C5;
06772 : C5;
06773 : C5;
06774 : CD;
06775 : 00;
06776 : 00;
06777 : 56;
06778 : 2D;
06779 : 2D;
0677A : 2D;
0677B : 2D;
0677C : 2D;
0677D : 2D;
0677E : 2D;
0677F : 0D;
06780 : 20;
06781 : C9;
06782 : C9;
06783 : D2;
06784 : CD;
06785 : 40;
06786 : 85;
06787 : C9;
06788 : D2;
06789 : CE;
0678A : C9;
0678B : C9;
0678C : 65;
0678D : 45;
0678E : 40;
0678F : D6;
06790 : C9;
06791 : C5;
06792 : C5;
06793 : C5;
06794 : C9;
06795 : 00;
06796 : 04;
06797 : 56;
06798 : 2D;
06799 : 2D;
0679A : 2D;
0679B : 2D;
0679C : 2D;
0679D : 2D;
0679E : 2D;
0679F : 2D;
067A0 : 20;
067A1 : C9;
067A2 : C5;
067A3 : C5;
067A4 : C9;
067A5 : C9;
067A6 : A5;
067A7 : C5;
067A8 : C9;
067A9 : C5;
067AA : C5;
067AB : A5;
067AC : 85;
067AD : 85;
067AE : 61;
067AF : D6;
067B0 : A5;
067B1 : C9;
067B2 : C9;
067B3 : C9;
067B4 : 20;
067B5 : 76;
067B6 : 56;
067B7 : 2D;
067B8 : 2D;
067B9 : 2D;
067BA : 2D;
067BB : 2D;
067BC : 2D;
067BD : 2D;
067BE : 2D;
067BF : 2D;
067C0 : 20;
067C1 : A5;
067C2 : C9;
067C3 : CE;
067C4 : 81;
067C5 : A5;
067C6 : 85;
067C7 : 81;
067C8 : C9;
067C9 : C5;
067CA : C5;
067CB : A5;
067CC : 85;
067CD : A9;
067CE : A9;
067CF : AD;
067D0 : 85;
067D1 : C9;
067D2 : CD;
067D3 : A1;
067D4 : 20;
067D5 : 56;
067D6 : 56;
067D7 : 2D;
067D8 : 2D;
067D9 : 2D;
067DA : 2D;
067DB : 2D;
067DC : 2D;
067DD : 2D;
067DE : 2D;
067DF : 2D;
067E0 : 25;
067E1 : 45;
067E2 : 85;
067E3 : A9;
067E4 : A9;
067E5 : 85;
067E6 : 85;
067E7 : 45;
067E8 : 61;
067E9 : C5;
067EA : C9;
067EB : A5;
067EC : 20;
067ED : 85;
067EE : 85;
067EF : 85;
067F0 : CE;
067F1 : C9;
067F2 : 85;
067F3 : 24;
067F4 : 76;
067F5 : 56;
067F6 : 56;
067F7 : 2D;
067F8 : 2D;
067F9 : 2D;
067FA : 2D;
067FB : 2D;
067FC : 2D;
067FD : 2D;
067FE : 2D;
067FF : 2D;
06800 : 25;
06801 : 25;
06802 : 25;
06803 : 25;
06804 : 25;
06805 : 25;
06806 : 25;
06807 : 25;
06808 : 25;
06809 : 25;
0680A : 25;
0680B : 25;
0680C : 25;
0680D : 25;
0680E : 25;
0680F : 25;
06810 : 25;
06811 : 25;
06812 : 25;
06813 : 25;
06814 : 25;
06815 : 25;
06816 : 25;
06817 : 25;
06818 : 25;
06819 : 25;
0681A : 25;
0681B : 25;
0681C : 25;
0681D : 25;
0681E : 25;
0681F : 25;
06820 : 25;
06821 : 25;
06822 : 25;
06823 : 25;
06824 : 25;
06825 : 25;
06826 : 25;
06827 : 25;
06828 : 25;
06829 : 25;
0682A : 25;
0682B : 25;
0682C : 25;
0682D : 25;
0682E : 25;
0682F : 25;
06830 : 25;
06831 : 25;
06832 : 25;
06833 : 25;
06834 : 25;
06835 : 25;
06836 : 25;
06837 : 25;
06838 : 25;
06839 : 25;
0683A : 25;
0683B : 25;
0683C : 25;
0683D : 25;
0683E : 25;
0683F : 25;
06840 : 25;
06841 : 25;
06842 : 25;
06843 : 25;
06844 : 25;
06845 : 25;
06846 : 25;
06847 : 25;
06848 : 25;
06849 : 25;
0684A : 25;
0684B : 25;
0684C : 25;
0684D : 25;
0684E : 25;
0684F : 25;
06850 : 25;
06851 : 25;
06852 : 25;
06853 : 25;
06854 : 25;
06855 : 25;
06856 : 25;
06857 : 25;
06858 : 25;
06859 : 25;
0685A : 25;
0685B : 25;
0685C : 25;
0685D : 25;
0685E : 25;
0685F : 25;
06860 : 25;
06861 : 25;
06862 : 25;
06863 : 25;
06864 : 25;
06865 : 25;
06866 : 25;
06867 : 25;
06868 : 25;
06869 : 25;
0686A : 25;
0686B : 25;
0686C : 25;
0686D : 25;
0686E : 25;
0686F : 25;
06870 : 25;
06871 : 25;
06872 : 25;
06873 : 25;
06874 : 25;
06875 : 25;
06876 : 25;
06877 : 25;
06878 : 25;
06879 : 25;
0687A : 25;
0687B : 25;
0687C : 25;
0687D : 25;
0687E : 25;
0687F : 25;
06880 : 25;
06881 : 25;
06882 : 25;
06883 : 25;
06884 : 25;
06885 : 25;
06886 : 25;
06887 : 25;
06888 : 25;
06889 : 25;
0688A : 25;
0688B : 25;
0688C : 25;
0688D : 25;
0688E : 25;
0688F : 25;
06890 : 25;
06891 : 25;
06892 : 25;
06893 : 25;
06894 : 25;
06895 : 25;
06896 : 25;
06897 : 25;
06898 : 25;
06899 : 25;
0689A : 25;
0689B : 25;
0689C : 25;
0689D : 25;
0689E : 25;
0689F : 25;
068A0 : 25;
068A1 : 25;
068A2 : 25;
068A3 : 25;
068A4 : 25;
068A5 : 25;
068A6 : 25;
068A7 : 25;
068A8 : 25;
068A9 : 25;
068AA : 25;
068AB : 25;
068AC : 25;
068AD : 25;
068AE : 25;
068AF : 25;
068B0 : 25;
068B1 : 25;
068B2 : 25;
068B3 : 25;
068B4 : 25;
068B5 : 25;
068B6 : 25;
068B7 : 25;
068B8 : 25;
068B9 : 25;
068BA : 25;
068BB : 25;
068BC : 25;
068BD : 25;
068BE : 25;
068BF : 25;
068C0 : 25;
068C1 : 25;
068C2 : 25;
068C3 : 25;
068C4 : 25;
068C5 : 25;
068C6 : 25;
068C7 : 25;
068C8 : 25;
068C9 : 25;
068CA : 25;
068CB : 25;
068CC : 25;
068CD : 25;
068CE : 25;
068CF : 25;
068D0 : 25;
068D1 : 25;
068D2 : 25;
068D3 : 25;
068D4 : 25;
068D5 : 25;
068D6 : 25;
068D7 : 25;
068D8 : 25;
068D9 : 25;
068DA : 25;
068DB : 25;
068DC : 25;
068DD : 25;
068DE : 25;
068DF : 25;
068E0 : 25;
068E1 : 25;
068E2 : 25;
068E3 : 25;
068E4 : 25;
068E5 : 25;
068E6 : 25;
068E7 : 25;
068E8 : 25;
068E9 : 25;
068EA : 25;
068EB : 25;
068EC : 25;
068ED : 25;
068EE : 25;
068EF : 25;
068F0 : 25;
068F1 : 25;
068F2 : 25;
068F3 : 25;
068F4 : 25;
068F5 : 25;
068F6 : 25;
068F7 : 20;
068F8 : 6D;
068F9 : 00;
068FA : 25;
068FB : 25;
068FC : 25;
068FD : 25;
068FE : 25;
068FF : 25;
06900 : 25;
06901 : 25;
06902 : 25;
06903 : 25;
06904 : 25;
06905 : 25;
06906 : 25;
06907 : 25;
06908 : 25;
06909 : 25;
0690A : 25;
0690B : 25;
0690C : 25;
0690D : 25;
0690E : 25;
0690F : 25;
06910 : 25;
06911 : 25;
06912 : 25;
06913 : 25;
06914 : 25;
06915 : 8D;
06916 : 89;
06917 : D6;
06918 : DA;
06919 : 45;
0691A : 25;
0691B : 25;
0691C : 25;
0691D : 25;
0691E : 25;
0691F : 25;
06920 : 25;
06921 : 25;
06922 : 25;
06923 : 25;
06924 : 25;
06925 : 25;
06926 : 25;
06927 : 25;
06928 : 25;
06929 : 25;
0692A : 25;
0692B : 25;
0692C : 25;
0692D : 25;
0692E : 25;
0692F : 25;
06930 : 25;
06931 : 25;
06932 : 25;
06933 : 45;
06934 : 20;
06935 : B1;
06936 : D2;
06937 : D6;
06938 : DA;
06939 : D2;
0693A : 25;
0693B : 25;
0693C : 25;
0693D : 25;
0693E : 25;
0693F : 25;
06940 : 25;
06941 : 25;
06942 : 25;
06943 : 25;
06944 : 25;
06945 : 25;
06946 : 25;
06947 : 25;
06948 : 25;
06949 : 25;
0694A : 25;
0694B : 25;
0694C : 25;
0694D : 25;
0694E : 25;
0694F : 25;
06950 : 25;
06951 : 25;
06952 : 25;
06953 : 25;
06954 : 8D;
06955 : D6;
06956 : D6;
06957 : D6;
06958 : DA;
06959 : D6;
0695A : 40;
0695B : 25;
0695C : 25;
0695D : 25;
0695E : 25;
0695F : 25;
06960 : 25;
06961 : 25;
06962 : 25;
06963 : 25;
06964 : 7A;
06965 : 25;
06966 : 25;
06967 : 25;
06968 : 25;
06969 : 25;
0696A : 25;
0696B : 25;
0696C : 25;
0696D : 25;
0696E : 25;
0696F : 25;
06970 : 25;
06971 : 25;
06972 : 25;
06973 : 20;
06974 : D6;
06975 : D6;
06976 : D6;
06977 : D6;
06978 : DA;
06979 : D6;
0697A : CD;
0697B : D2;
0697C : 20;
0697D : 20;
0697E : 25;
0697F : 25;
06980 : 25;
06981 : 25;
06982 : 25;
06983 : 25;
06984 : 7A;
06985 : 25;
06986 : 25;
06987 : 25;
06988 : 25;
06989 : 25;
0698A : 25;
0698B : 25;
0698C : 25;
0698D : 25;
0698E : 25;
0698F : 25;
06990 : 25;
06991 : 25;
06992 : 25;
06993 : D6;
06994 : D2;
06995 : D2;
06996 : D2;
06997 : D6;
06998 : DA;
06999 : DA;
0699A : CD;
0699B : CE;
0699C : 40;
0699D : 20;
0699E : 25;
0699F : 25;
069A0 : 25;
069A1 : 25;
069A2 : 25;
069A3 : 25;
069A4 : 7A;
069A5 : 0D;
069A6 : 2D;
069A7 : 25;
069A8 : 25;
069A9 : 25;
069AA : 25;
069AB : 25;
069AC : 25;
069AD : 25;
069AE : 25;
069AF : 25;
069B0 : 25;
069B1 : 20;
069B2 : 40;
069B3 : D2;
069B4 : D2;
069B5 : D2;
069B6 : D2;
069B7 : D6;
069B8 : D6;
069B9 : D6;
069BA : CD;
069BB : CE;
069BC : C9;
069BD : 20;
069BE : 25;
069BF : 25;
069C0 : 25;
069C1 : 25;
069C2 : 24;
069C3 : 04;
069C4 : 5A;
069C5 : 0D;
069C6 : 2D;
069C7 : 25;
069C8 : 25;
069C9 : 25;
069CA : 25;
069CB : 25;
069CC : 25;
069CD : 25;
069CE : 25;
069CF : 25;
069D0 : 25;
069D1 : D6;
069D2 : CD;
069D3 : D2;
069D4 : D2;
069D5 : D2;
069D6 : D6;
069D7 : D6;
069D8 : D6;
069D9 : D6;
069DA : CD;
069DB : CE;
069DC : C9;
069DD : 20;
069DE : 25;
069DF : 25;
069E0 : 25;
069E1 : 25;
069E2 : 29;
069E3 : 7A;
069E4 : 5A;
069E5 : 11;
069E6 : 2D;
069E7 : 25;
069E8 : 25;
069E9 : 25;
069EA : 25;
069EB : 25;
069EC : 25;
069ED : 25;
069EE : 25;
069EF : 25;
069F0 : 25;
069F1 : DA;
069F2 : D6;
069F3 : D2;
069F4 : CD;
069F5 : D2;
069F6 : D6;
069F7 : D6;
069F8 : D6;
069F9 : D6;
069FA : D6;
069FB : C5;
069FC : C9;
069FD : 20;
069FE : 25;
069FF : 25;
06A00 : 25;
06A01 : 25;
06A02 : 4D;
06A03 : 9A;
06A04 : 5A;
06A05 : 11;
06A06 : 2D;
06A07 : 25;
06A08 : 25;
06A09 : 25;
06A0A : 25;
06A0B : 25;
06A0C : 25;
06A0D : 25;
06A0E : 25;
06A0F : 25;
06A10 : 24;
06A11 : DA;
06A12 : D2;
06A13 : D2;
06A14 : C9;
06A15 : CE;
06A16 : D6;
06A17 : D6;
06A18 : D6;
06A19 : D6;
06A1A : D6;
06A1B : C9;
06A1C : CE;
06A1D : 20;
06A1E : 25;
06A1F : 25;
06A20 : 25;
06A21 : 25;
06A22 : 4D;
06A23 : 9A;
06A24 : 5A;
06A25 : 31;
06A26 : 2D;
06A27 : 25;
06A28 : 25;
06A29 : 25;
06A2A : 25;
06A2B : 25;
06A2C : 25;
06A2D : 25;
06A2E : 25;
06A2F : 25;
06A30 : 24;
06A31 : DA;
06A32 : D6;
06A33 : D2;
06A34 : C9;
06A35 : C9;
06A36 : D6;
06A37 : D6;
06A38 : D6;
06A39 : C9;
06A3A : C9;
06A3B : C9;
06A3C : 20;
06A3D : 25;
06A3E : 25;
06A3F : 25;
06A40 : 25;
06A41 : 25;
06A42 : 29;
06A43 : 56;
06A44 : 5A;
06A45 : 31;
06A46 : 51;
06A47 : 25;
06A48 : 25;
06A49 : 25;
06A4A : 25;
06A4B : 25;
06A4C : 25;
06A4D : 25;
06A4E : 25;
06A4F : 25;
06A50 : 24;
06A51 : DA;
06A52 : D6;
06A53 : D2;
06A54 : C9;
06A55 : CD;
06A56 : D6;
06A57 : D6;
06A58 : D6;
06A59 : C9;
06A5A : C9;
06A5B : C9;
06A5C : 20;
06A5D : 25;
06A5E : 25;
06A5F : 25;
06A60 : 04;
06A61 : DA;
06A62 : 55;
06A63 : 56;
06A64 : 5A;
06A65 : 11;
06A66 : 51;
06A67 : 25;
06A68 : 25;
06A69 : 20;
06A6A : 40;
06A6B : D2;
06A6C : D6;
06A6D : 20;
06A6E : 25;
06A6F : 25;
06A70 : 20;
06A71 : DA;
06A72 : D2;
06A73 : D2;
06A74 : C9;
06A75 : CD;
06A76 : CD;
06A77 : DA;
06A78 : D2;
06A79 : C9;
06A7A : C9;
06A7B : D2;
06A7C : 20;
06A7D : 25;
06A7E : 25;
06A7F : 25;
06A80 : 00;
06A81 : DA;
06A82 : 75;
06A83 : 5A;
06A84 : 5A;
06A85 : 11;
06A86 : 51;
06A87 : 25;
06A88 : D1;
06A89 : 65;
06A8A : 40;
06A8B : D2;
06A8C : D6;
06A8D : 40;
06A8E : 25;
06A8F : 25;
06A90 : 25;
06A91 : DA;
06A92 : D6;
06A93 : CE;
06A94 : CD;
06A95 : C5;
06A96 : A5;
06A97 : DA;
06A98 : C9;
06A99 : C9;
06A9A : A9;
06A9B : 20;
06A9C : 25;
06A9D : 25;
06A9E : 25;
06A9F : 25;
06AA0 : 00;
06AA1 : DA;
06AA2 : 9A;
06AA3 : 9A;
06AA4 : 51;
06AA5 : 31;
06AA6 : 51;
06AA7 : 25;
06AA8 : A9;
06AA9 : 65;
06AAA : 40;
06AAB : D6;
06AAC : CD;
06AAD : CE;
06AAE : A9;
06AAF : 40;
06AB0 : 20;
06AB1 : D6;
06AB2 : D6;
06AB3 : CD;
06AB4 : C5;
06AB5 : C5;
06AB6 : A5;
06AB7 : DA;
06AB8 : C9;
06AB9 : C9;
06ABA : A9;
06ABB : 20;
06ABC : 25;
06ABD : 25;
06ABE : 25;
06ABF : 25;
06AC0 : 00;
06AC1 : DA;
06AC2 : BA;
06AC3 : 9A;
06AC4 : 2D;
06AC5 : 56;
06AC6 : 51;
06AC7 : 25;
06AC8 : A9;
06AC9 : 85;
06ACA : 40;
06ACB : D6;
06ACC : CD;
06ACD : CD;
06ACE : C9;
06ACF : AD;
06AD0 : 00;
06AD1 : D6;
06AD2 : D6;
06AD3 : CD;
06AD4 : C5;
06AD5 : C5;
06AD6 : A5;
06AD7 : DA;
06AD8 : C9;
06AD9 : C5;
06ADA : A9;
06ADB : 21;
06ADC : 25;
06ADD : 25;
06ADE : 25;
06ADF : 25;
06AE0 : 00;
06AE1 : DA;
06AE2 : 7A;
06AE3 : 56;
06AE4 : 2D;
06AE5 : 56;
06AE6 : 51;
06AE7 : 25;
06AE8 : A9;
06AE9 : 65;
06AEA : 40;
06AEB : D2;
06AEC : C9;
06AED : CE;
06AEE : C9;
06AEF : D2;
06AF0 : 20;
06AF1 : D6;
06AF2 : D6;
06AF3 : CD;
06AF4 : C5;
06AF5 : C5;
06AF6 : C5;
06AF7 : D6;
06AF8 : C5;
06AF9 : C5;
06AFA : C9;
06AFB : 20;
06AFC : 20;
06AFD : 20;
06AFE : 25;
06AFF : 25;
06B00 : 00;
06B01 : DA;
06B02 : 7A;
06B03 : 56;
06B04 : 2D;
06B05 : 56;
06B06 : 2D;
06B07 : 25;
06B08 : 45;
06B09 : 69;
06B0A : 40;
06B0B : CD;
06B0C : C9;
06B0D : CD;
06B0E : C9;
06B0F : CD;
06B10 : 40;
06B11 : DA;
06B12 : D6;
06B13 : CD;
06B14 : C5;
06B15 : C5;
06B16 : C5;
06B17 : D6;
06B18 : C5;
06B19 : C5;
06B1A : C9;
06B1B : 20;
06B1C : 89;
06B1D : A9;
06B1E : 20;
06B1F : 25;
06B20 : 9A;
06B21 : 56;
06B22 : 5A;
06B23 : 56;
06B24 : 2D;
06B25 : 2D;
06B26 : 31;
06B27 : 9A;
06B28 : 00;
06B29 : 69;
06B2A : 40;
06B2B : CD;
06B2C : C9;
06B2D : C9;
06B2E : CE;
06B2F : D2;
06B30 : C9;
06B31 : 40;
06B32 : 40;
06B33 : C9;
06B34 : 60;
06B35 : C9;
06B36 : C5;
06B37 : C5;
06B38 : C9;
06B39 : 61;
06B3A : 20;
06B3B : 20;
06B3C : CD;
06B3D : D6;
06B3E : DA;
06B3F : 20;
06B40 : 9A;
06B41 : 56;
06B42 : 56;
06B43 : 56;
06B44 : 2D;
06B45 : 2D;
06B46 : 31;
06B47 : 7A;
06B48 : 00;
06B49 : 69;
06B4A : 40;
06B4B : CD;
06B4C : C9;
06B4D : C9;
06B4E : D2;
06B4F : CE;
06B50 : C5;
06B51 : 40;
06B52 : 40;
06B53 : C9;
06B54 : 40;
06B55 : C9;
06B56 : C5;
06B57 : C5;
06B58 : C9;
06B59 : 40;
06B5A : 00;
06B5B : 20;
06B5C : CD;
06B5D : D6;
06B5E : D6;
06B5F : 20;
06B60 : 56;
06B61 : 56;
06B62 : 56;
06B63 : 31;
06B64 : 2D;
06B65 : 2D;
06B66 : 31;
06B67 : 9A;
06B68 : 05;
06B69 : 69;
06B6A : 60;
06B6B : D2;
06B6C : C5;
06B6D : C9;
06B6E : D2;
06B6F : CD;
06B70 : C5;
06B71 : 40;
06B72 : 61;
06B73 : C9;
06B74 : 40;
06B75 : CD;
06B76 : C5;
06B77 : C5;
06B78 : C5;
06B79 : 40;
06B7A : 20;
06B7B : 20;
06B7C : CD;
06B7D : D6;
06B7E : D6;
06B7F : 20;
06B80 : 5A;
06B81 : 5A;
06B82 : 56;
06B83 : 2D;
06B84 : 2D;
06B85 : 2D;
06B86 : 31;
06B87 : 56;
06B88 : 05;
06B89 : 69;
06B8A : 61;
06B8B : D2;
06B8C : 85;
06B8D : A5;
06B8E : D2;
06B8F : CE;
06B90 : C5;
06B91 : 40;
06B92 : 61;
06B93 : C9;
06B94 : 40;
06B95 : CD;
06B96 : C5;
06B97 : C5;
06B98 : C9;
06B99 : 41;
06B9A : 20;
06B9B : 20;
06B9C : CD;
06B9D : D2;
06B9E : D2;
06B9F : 20;
06BA0 : 5A;
06BA1 : 5A;
06BA2 : 56;
06BA3 : 2D;
06BA4 : 2D;
06BA5 : 2D;
06BA6 : 31;
06BA7 : 56;
06BA8 : 04;
06BA9 : 25;
06BAA : 20;
06BAB : CE;
06BAC : 81;
06BAD : 85;
06BAE : 85;
06BAF : C9;
06BB0 : 85;
06BB1 : 41;
06BB2 : 61;
06BB3 : C9;
06BB4 : 40;
06BB5 : C9;
06BB6 : A5;
06BB7 : C5;
06BB8 : C9;
06BB9 : 61;
06BBA : 61;
06BBB : C9;
06BBC : C9;
06BBD : C5;
06BBE : A5;
06BBF : 20;
06BC0 : 5A;
06BC1 : 7A;
06BC2 : 56;
06BC3 : 2D;
06BC4 : 2D;
06BC5 : 2D;
06BC6 : 2D;
06BC7 : 2D;
06BC8 : BA;
06BC9 : 05;
06BCA : 20;
06BCB : 61;
06BCC : C9;
06BCD : 85;
06BCE : 85;
06BCF : C5;
06BD0 : 85;
06BD1 : 41;
06BD2 : 41;
06BD3 : 61;
06BD4 : 65;
06BD5 : A5;
06BD6 : C5;
06BD7 : C5;
06BD8 : 61;
06BD9 : 85;
06BDA : A5;
06BDB : C9;
06BDC : C5;
06BDD : C5;
06BDE : A5;
06BDF : 20;
06BE0 : 0D;
06BE1 : 7A;
06BE2 : 31;
06BE3 : 2D;
06BE4 : 2D;
06BE5 : 2D;
06BE6 : 2D;
06BE7 : 2D;
06BE8 : 52;
06BE9 : 05;
06BEA : 04;
06BEB : 41;
06BEC : 85;
06BED : 85;
06BEE : 65;
06BEF : 65;
06BF0 : 89;
06BF1 : 65;
06BF2 : 65;
06BF3 : 65;
06BF4 : 89;
06BF5 : 65;
06BF6 : 65;
06BF7 : A5;
06BF8 : 85;
06BF9 : 85;
06BFA : 85;
06BFB : 85;
06BFC : A5;
06BFD : A5;
06BFE : A5;
06BFF : 20;
06C00 : 25;
06C01 : 25;
06C02 : 25;
06C03 : 25;
06C04 : 25;
06C05 : 25;
06C06 : 25;
06C07 : 25;
06C08 : 25;
06C09 : 25;
06C0A : 25;
06C0B : 25;
06C0C : 25;
06C0D : 25;
06C0E : 25;
06C0F : 25;
06C10 : 25;
06C11 : 25;
06C12 : 25;
06C13 : 25;
06C14 : 25;
06C15 : 25;
06C16 : 25;
06C17 : 25;
06C18 : 25;
06C19 : 25;
06C1A : 25;
06C1B : 25;
06C1C : 25;
06C1D : 25;
06C1E : 25;
06C1F : 25;
06C20 : 25;
06C21 : 25;
06C22 : 25;
06C23 : 25;
06C24 : 25;
06C25 : 25;
06C26 : 25;
06C27 : 25;
06C28 : 25;
06C29 : 25;
06C2A : 25;
06C2B : 25;
06C2C : 25;
06C2D : 25;
06C2E : 25;
06C2F : 25;
06C30 : 25;
06C31 : 25;
06C32 : 25;
06C33 : 25;
06C34 : 25;
06C35 : 25;
06C36 : 25;
06C37 : 25;
06C38 : 25;
06C39 : 25;
06C3A : 25;
06C3B : 25;
06C3C : 25;
06C3D : 25;
06C3E : 25;
06C3F : 25;
06C40 : 25;
06C41 : 25;
06C42 : 25;
06C43 : 25;
06C44 : 25;
06C45 : 25;
06C46 : 25;
06C47 : 25;
06C48 : 25;
06C49 : 25;
06C4A : 25;
06C4B : 25;
06C4C : 25;
06C4D : 25;
06C4E : 25;
06C4F : 25;
06C50 : 25;
06C51 : 25;
06C52 : 25;
06C53 : 25;
06C54 : 25;
06C55 : 25;
06C56 : 25;
06C57 : 25;
06C58 : 25;
06C59 : 25;
06C5A : 25;
06C5B : 25;
06C5C : 25;
06C5D : 25;
06C5E : 25;
06C5F : 25;
06C60 : 25;
06C61 : 25;
06C62 : 25;
06C63 : 25;
06C64 : 25;
06C65 : 25;
06C66 : 25;
06C67 : 25;
06C68 : 25;
06C69 : 25;
06C6A : 25;
06C6B : 25;
06C6C : 25;
06C6D : 25;
06C6E : 25;
06C6F : 25;
06C70 : 25;
06C71 : 25;
06C72 : 25;
06C73 : 25;
06C74 : 25;
06C75 : 25;
06C76 : 25;
06C77 : 25;
06C78 : 25;
06C79 : 25;
06C7A : 25;
06C7B : 25;
06C7C : 25;
06C7D : 25;
06C7E : 25;
06C7F : 25;
06C80 : 25;
06C81 : 25;
06C82 : 25;
06C83 : 25;
06C84 : 25;
06C85 : 25;
06C86 : 25;
06C87 : 25;
06C88 : 25;
06C89 : 25;
06C8A : 25;
06C8B : 25;
06C8C : 25;
06C8D : 25;
06C8E : 25;
06C8F : 25;
06C90 : 25;
06C91 : 25;
06C92 : 25;
06C93 : 25;
06C94 : 25;
06C95 : 25;
06C96 : 25;
06C97 : 25;
06C98 : 25;
06C99 : 25;
06C9A : 25;
06C9B : 25;
06C9C : 25;
06C9D : 25;
06C9E : 25;
06C9F : 25;
06CA0 : 25;
06CA1 : 25;
06CA2 : 25;
06CA3 : 25;
06CA4 : 25;
06CA5 : 25;
06CA6 : 25;
06CA7 : 25;
06CA8 : 25;
06CA9 : 25;
06CAA : 25;
06CAB : 25;
06CAC : 25;
06CAD : 25;
06CAE : 25;
06CAF : 25;
06CB0 : 25;
06CB1 : 25;
06CB2 : 25;
06CB3 : 25;
06CB4 : 25;
06CB5 : 25;
06CB6 : 25;
06CB7 : 25;
06CB8 : 25;
06CB9 : 25;
06CBA : 25;
06CBB : 25;
06CBC : 25;
06CBD : 25;
06CBE : 25;
06CBF : 25;
06CC0 : 25;
06CC1 : 25;
06CC2 : 25;
06CC3 : 25;
06CC4 : 25;
06CC5 : 25;
06CC6 : 25;
06CC7 : 25;
06CC8 : 25;
06CC9 : 25;
06CCA : 25;
06CCB : 25;
06CCC : 25;
06CCD : 25;
06CCE : 25;
06CCF : 25;
06CD0 : 25;
06CD1 : 25;
06CD2 : 25;
06CD3 : 25;
06CD4 : 25;
06CD5 : 25;
06CD6 : 25;
06CD7 : 25;
06CD8 : 25;
06CD9 : 25;
06CDA : 25;
06CDB : 25;
06CDC : 25;
06CDD : 25;
06CDE : 25;
06CDF : 25;
06CE0 : 25;
06CE1 : 25;
06CE2 : 25;
06CE3 : 25;
06CE4 : 25;
06CE5 : 25;
06CE6 : 25;
06CE7 : 25;
06CE8 : 25;
06CE9 : 25;
06CEA : 25;
06CEB : 25;
06CEC : 25;
06CED : 25;
06CEE : 25;
06CEF : 25;
06CF0 : 25;
06CF1 : 25;
06CF2 : 25;
06CF3 : 25;
06CF4 : 25;
06CF5 : 25;
06CF6 : 25;
06CF7 : 25;
06CF8 : 25;
06CF9 : 25;
06CFA : 25;
06CFB : 25;
06CFC : 25;
06CFD : 25;
06CFE : 25;
06CFF : 25;
06D00 : 25;
06D01 : 25;
06D02 : 25;
06D03 : 25;
06D04 : 25;
06D05 : 25;
06D06 : 25;
06D07 : 25;
06D08 : 25;
06D09 : 25;
06D0A : 25;
06D0B : 25;
06D0C : 25;
06D0D : 25;
06D0E : 25;
06D0F : 25;
06D10 : 25;
06D11 : 25;
06D12 : 25;
06D13 : 25;
06D14 : 25;
06D15 : 25;
06D16 : 25;
06D17 : 25;
06D18 : 25;
06D19 : 25;
06D1A : 25;
06D1B : 25;
06D1C : 25;
06D1D : 25;
06D1E : 25;
06D1F : 25;
06D20 : 25;
06D21 : 25;
06D22 : 25;
06D23 : 25;
06D24 : 25;
06D25 : 25;
06D26 : 25;
06D27 : 25;
06D28 : 25;
06D29 : 25;
06D2A : 25;
06D2B : 25;
06D2C : 25;
06D2D : 25;
06D2E : 25;
06D2F : 25;
06D30 : 25;
06D31 : 25;
06D32 : 25;
06D33 : 25;
06D34 : 25;
06D35 : 25;
06D36 : 25;
06D37 : 25;
06D38 : 25;
06D39 : 25;
06D3A : 25;
06D3B : 25;
06D3C : 25;
06D3D : 25;
06D3E : 25;
06D3F : 25;
06D40 : 25;
06D41 : 25;
06D42 : 25;
06D43 : 25;
06D44 : 25;
06D45 : 25;
06D46 : 25;
06D47 : 25;
06D48 : 25;
06D49 : 25;
06D4A : 25;
06D4B : 25;
06D4C : 25;
06D4D : 25;
06D4E : 25;
06D4F : 25;
06D50 : 25;
06D51 : 25;
06D52 : 25;
06D53 : 25;
06D54 : 25;
06D55 : 25;
06D56 : 25;
06D57 : 25;
06D58 : 25;
06D59 : 25;
06D5A : 25;
06D5B : 25;
06D5C : 25;
06D5D : 25;
06D5E : 25;
06D5F : 25;
06D60 : 25;
06D61 : 25;
06D62 : 25;
06D63 : 25;
06D64 : 25;
06D65 : 25;
06D66 : 25;
06D67 : 25;
06D68 : 25;
06D69 : 25;
06D6A : 25;
06D6B : 25;
06D6C : 25;
06D6D : 25;
06D6E : 25;
06D6F : 25;
06D70 : 25;
06D71 : 25;
06D72 : 25;
06D73 : 25;
06D74 : 25;
06D75 : 25;
06D76 : 25;
06D77 : 25;
06D78 : 25;
06D79 : 25;
06D7A : 25;
06D7B : 25;
06D7C : 25;
06D7D : 25;
06D7E : 25;
06D7F : 25;
06D80 : 25;
06D81 : 25;
06D82 : 25;
06D83 : 25;
06D84 : 25;
06D85 : 25;
06D86 : 25;
06D87 : 25;
06D88 : 25;
06D89 : 25;
06D8A : 25;
06D8B : 25;
06D8C : 25;
06D8D : 25;
06D8E : 25;
06D8F : 25;
06D90 : 25;
06D91 : 25;
06D92 : 25;
06D93 : 25;
06D94 : 25;
06D95 : 25;
06D96 : 25;
06D97 : 25;
06D98 : 25;
06D99 : 25;
06D9A : 25;
06D9B : 25;
06D9C : 25;
06D9D : 25;
06D9E : 25;
06D9F : 25;
06DA0 : 25;
06DA1 : 25;
06DA2 : 25;
06DA3 : 25;
06DA4 : 25;
06DA5 : 25;
06DA6 : 25;
06DA7 : 25;
06DA8 : 25;
06DA9 : 25;
06DAA : 25;
06DAB : 25;
06DAC : 25;
06DAD : 25;
06DAE : 25;
06DAF : 25;
06DB0 : 25;
06DB1 : 25;
06DB2 : 25;
06DB3 : 25;
06DB4 : 25;
06DB5 : 25;
06DB6 : 25;
06DB7 : 25;
06DB8 : 25;
06DB9 : 25;
06DBA : 25;
06DBB : 25;
06DBC : 25;
06DBD : 25;
06DBE : 25;
06DBF : 25;
06DC0 : 25;
06DC1 : 25;
06DC2 : 25;
06DC3 : 25;
06DC4 : 25;
06DC5 : 25;
06DC6 : 25;
06DC7 : 25;
06DC8 : 25;
06DC9 : 25;
06DCA : 25;
06DCB : 25;
06DCC : 25;
06DCD : 25;
06DCE : 25;
06DCF : 25;
06DD0 : 25;
06DD1 : 25;
06DD2 : 25;
06DD3 : 25;
06DD4 : 25;
06DD5 : 25;
06DD6 : 25;
06DD7 : 25;
06DD8 : 25;
06DD9 : 25;
06DDA : 25;
06DDB : 25;
06DDC : 25;
06DDD : 25;
06DDE : 25;
06DDF : 25;
06DE0 : 25;
06DE1 : 25;
06DE2 : 25;
06DE3 : 25;
06DE4 : 25;
06DE5 : 25;
06DE6 : 25;
06DE7 : 25;
06DE8 : 25;
06DE9 : 25;
06DEA : 25;
06DEB : 25;
06DEC : 25;
06DED : 25;
06DEE : 25;
06DEF : 25;
06DF0 : 25;
06DF1 : 25;
06DF2 : 25;
06DF3 : 25;
06DF4 : 25;
06DF5 : 25;
06DF6 : 25;
06DF7 : 25;
06DF8 : 25;
06DF9 : 25;
06DFA : 25;
06DFB : 25;
06DFC : 25;
06DFD : 25;
06DFE : 25;
06DFF : 25;
06E00 : 25;
06E01 : 25;
06E02 : 25;
06E03 : 25;
06E04 : 25;
06E05 : 25;
06E06 : 25;
06E07 : 25;
06E08 : 25;
06E09 : 25;
06E0A : 25;
06E0B : 25;
06E0C : 25;
06E0D : 25;
06E0E : 25;
06E0F : 25;
06E10 : 25;
06E11 : 25;
06E12 : 25;
06E13 : 25;
06E14 : 25;
06E15 : 25;
06E16 : 25;
06E17 : 25;
06E18 : 25;
06E19 : 25;
06E1A : 25;
06E1B : 25;
06E1C : 25;
06E1D : 25;
06E1E : 25;
06E1F : 25;
06E20 : 25;
06E21 : 25;
06E22 : 25;
06E23 : 25;
06E24 : 25;
06E25 : 25;
06E26 : 25;
06E27 : 25;
06E28 : 25;
06E29 : 25;
06E2A : 25;
06E2B : 25;
06E2C : 25;
06E2D : 25;
06E2E : 25;
06E2F : 25;
06E30 : 25;
06E31 : 25;
06E32 : 25;
06E33 : 25;
06E34 : 25;
06E35 : 25;
06E36 : 25;
06E37 : 25;
06E38 : 25;
06E39 : 25;
06E3A : 25;
06E3B : 25;
06E3C : 25;
06E3D : 25;
06E3E : 25;
06E3F : 25;
06E40 : 25;
06E41 : 25;
06E42 : 25;
06E43 : 25;
06E44 : 25;
06E45 : 25;
06E46 : 25;
06E47 : 25;
06E48 : 25;
06E49 : 25;
06E4A : 25;
06E4B : 25;
06E4C : 25;
06E4D : 25;
06E4E : 25;
06E4F : 25;
06E50 : 25;
06E51 : 25;
06E52 : 25;
06E53 : 25;
06E54 : 25;
06E55 : 25;
06E56 : 25;
06E57 : 25;
06E58 : 25;
06E59 : 25;
06E5A : 25;
06E5B : 25;
06E5C : 25;
06E5D : 25;
06E5E : 25;
06E5F : 25;
06E60 : 25;
06E61 : 25;
06E62 : 25;
06E63 : 25;
06E64 : 25;
06E65 : 25;
06E66 : 25;
06E67 : 25;
06E68 : 25;
06E69 : 25;
06E6A : 25;
06E6B : 25;
06E6C : 25;
06E6D : 25;
06E6E : 25;
06E6F : 25;
06E70 : 25;
06E71 : 25;
06E72 : 25;
06E73 : 25;
06E74 : 25;
06E75 : 25;
06E76 : 25;
06E77 : 25;
06E78 : 25;
06E79 : 25;
06E7A : 25;
06E7B : 25;
06E7C : 25;
06E7D : 25;
06E7E : 25;
06E7F : 25;
06E80 : 25;
06E81 : 25;
06E82 : 25;
06E83 : 25;
06E84 : 25;
06E85 : 25;
06E86 : 25;
06E87 : 25;
06E88 : 25;
06E89 : 25;
06E8A : 25;
06E8B : 25;
06E8C : 25;
06E8D : 25;
06E8E : 25;
06E8F : 25;
06E90 : 25;
06E91 : 25;
06E92 : 25;
06E93 : 25;
06E94 : 25;
06E95 : 25;
06E96 : 25;
06E97 : 25;
06E98 : 25;
06E99 : 25;
06E9A : 25;
06E9B : 25;
06E9C : 25;
06E9D : 25;
06E9E : 25;
06E9F : 25;
06EA0 : 25;
06EA1 : 25;
06EA2 : 25;
06EA3 : 25;
06EA4 : 25;
06EA5 : 25;
06EA6 : 25;
06EA7 : 25;
06EA8 : 25;
06EA9 : 25;
06EAA : 25;
06EAB : 25;
06EAC : 25;
06EAD : 25;
06EAE : 25;
06EAF : 25;
06EB0 : 25;
06EB1 : 25;
06EB2 : 25;
06EB3 : 25;
06EB4 : 25;
06EB5 : 25;
06EB6 : 25;
06EB7 : 25;
06EB8 : 25;
06EB9 : 25;
06EBA : 25;
06EBB : 25;
06EBC : 25;
06EBD : 25;
06EBE : 25;
06EBF : 25;
06EC0 : 25;
06EC1 : 25;
06EC2 : 25;
06EC3 : 25;
06EC4 : 25;
06EC5 : 25;
06EC6 : 25;
06EC7 : 25;
06EC8 : 25;
06EC9 : 25;
06ECA : 25;
06ECB : 25;
06ECC : 25;
06ECD : 25;
06ECE : 25;
06ECF : 25;
06ED0 : 25;
06ED1 : 25;
06ED2 : 25;
06ED3 : 25;
06ED4 : 25;
06ED5 : 25;
06ED6 : 25;
06ED7 : 25;
06ED8 : 25;
06ED9 : 25;
06EDA : 25;
06EDB : 25;
06EDC : 25;
06EDD : 25;
06EDE : 25;
06EDF : 25;
06EE0 : 25;
06EE1 : 25;
06EE2 : 25;
06EE3 : 25;
06EE4 : 25;
06EE5 : 25;
06EE6 : 25;
06EE7 : 25;
06EE8 : 25;
06EE9 : 25;
06EEA : 25;
06EEB : 25;
06EEC : 25;
06EED : 25;
06EEE : 25;
06EEF : 25;
06EF0 : 25;
06EF1 : 25;
06EF2 : 25;
06EF3 : 25;
06EF4 : 25;
06EF5 : 25;
06EF6 : 25;
06EF7 : 25;
06EF8 : 25;
06EF9 : 25;
06EFA : 25;
06EFB : 25;
06EFC : 25;
06EFD : 25;
06EFE : 25;
06EFF : 25;
06F00 : 25;
06F01 : 25;
06F02 : 25;
06F03 : 25;
06F04 : 25;
06F05 : 25;
06F06 : 25;
06F07 : 25;
06F08 : 25;
06F09 : 25;
06F0A : 25;
06F0B : 25;
06F0C : 25;
06F0D : 25;
06F0E : 25;
06F0F : 25;
06F10 : 25;
06F11 : 25;
06F12 : 25;
06F13 : 25;
06F14 : 25;
06F15 : 25;
06F16 : 25;
06F17 : 25;
06F18 : 25;
06F19 : 25;
06F1A : 25;
06F1B : 25;
06F1C : 25;
06F1D : 25;
06F1E : 25;
06F1F : 25;
06F20 : 25;
06F21 : 25;
06F22 : 25;
06F23 : 25;
06F24 : 25;
06F25 : 25;
06F26 : 25;
06F27 : 25;
06F28 : 25;
06F29 : 25;
06F2A : 25;
06F2B : 25;
06F2C : 25;
06F2D : 25;
06F2E : 25;
06F2F : 25;
06F30 : 25;
06F31 : 25;
06F32 : 25;
06F33 : 25;
06F34 : 25;
06F35 : 25;
06F36 : 25;
06F37 : 25;
06F38 : 25;
06F39 : 25;
06F3A : 25;
06F3B : 25;
06F3C : 25;
06F3D : 25;
06F3E : 25;
06F3F : 25;
06F40 : 25;
06F41 : 25;
06F42 : 25;
06F43 : 25;
06F44 : 25;
06F45 : 25;
06F46 : 25;
06F47 : 25;
06F48 : 25;
06F49 : 25;
06F4A : 25;
06F4B : 25;
06F4C : 25;
06F4D : 25;
06F4E : 25;
06F4F : 25;
06F50 : 25;
06F51 : 25;
06F52 : 25;
06F53 : 25;
06F54 : 25;
06F55 : 25;
06F56 : 25;
06F57 : 25;
06F58 : 25;
06F59 : 25;
06F5A : 25;
06F5B : 25;
06F5C : 25;
06F5D : 25;
06F5E : 25;
06F5F : 25;
06F60 : 25;
06F61 : 25;
06F62 : 25;
06F63 : 25;
06F64 : 25;
06F65 : 25;
06F66 : 25;
06F67 : 25;
06F68 : 25;
06F69 : 25;
06F6A : 25;
06F6B : 25;
06F6C : 25;
06F6D : 25;
06F6E : 25;
06F6F : 25;
06F70 : 25;
06F71 : 25;
06F72 : 25;
06F73 : 25;
06F74 : 25;
06F75 : 25;
06F76 : 25;
06F77 : 25;
06F78 : 25;
06F79 : 25;
06F7A : 25;
06F7B : 25;
06F7C : 25;
06F7D : 25;
06F7E : 25;
06F7F : 25;
06F80 : 25;
06F81 : 25;
06F82 : 25;
06F83 : 25;
06F84 : 25;
06F85 : 25;
06F86 : 25;
06F87 : 25;
06F88 : 25;
06F89 : 25;
06F8A : 25;
06F8B : 25;
06F8C : 25;
06F8D : 25;
06F8E : 25;
06F8F : 25;
06F90 : 25;
06F91 : 25;
06F92 : 25;
06F93 : 25;
06F94 : 25;
06F95 : 25;
06F96 : 25;
06F97 : 25;
06F98 : 25;
06F99 : 25;
06F9A : 25;
06F9B : 25;
06F9C : 25;
06F9D : 25;
06F9E : 25;
06F9F : 25;
06FA0 : 25;
06FA1 : 25;
06FA2 : 25;
06FA3 : 25;
06FA4 : 25;
06FA5 : 25;
06FA6 : 25;
06FA7 : 25;
06FA8 : 25;
06FA9 : 25;
06FAA : 25;
06FAB : 25;
06FAC : 25;
06FAD : 25;
06FAE : 25;
06FAF : 25;
06FB0 : 25;
06FB1 : 25;
06FB2 : 25;
06FB3 : 25;
06FB4 : 25;
06FB5 : 25;
06FB6 : 25;
06FB7 : 25;
06FB8 : 25;
06FB9 : 25;
06FBA : 25;
06FBB : 25;
06FBC : 25;
06FBD : 25;
06FBE : 25;
06FBF : 25;
06FC0 : 25;
06FC1 : 25;
06FC2 : 25;
06FC3 : 25;
06FC4 : 25;
06FC5 : 25;
06FC6 : 25;
06FC7 : 25;
06FC8 : 25;
06FC9 : 25;
06FCA : 25;
06FCB : 25;
06FCC : 25;
06FCD : 25;
06FCE : 25;
06FCF : 25;
06FD0 : 25;
06FD1 : 25;
06FD2 : 25;
06FD3 : 25;
06FD4 : 25;
06FD5 : 25;
06FD6 : 25;
06FD7 : 25;
06FD8 : 25;
06FD9 : 25;
06FDA : 25;
06FDB : 25;
06FDC : 25;
06FDD : 25;
06FDE : 25;
06FDF : 25;
06FE0 : 25;
06FE1 : 25;
06FE2 : 25;
06FE3 : 25;
06FE4 : 25;
06FE5 : 25;
06FE6 : 25;
06FE7 : 25;
06FE8 : 25;
06FE9 : 25;
06FEA : 25;
06FEB : 25;
06FEC : 25;
06FED : 25;
06FEE : 25;
06FEF : 25;
06FF0 : 25;
06FF1 : 25;
06FF2 : 25;
06FF3 : 25;
06FF4 : 25;
06FF5 : 25;
06FF6 : 25;
06FF7 : 25;
06FF8 : 25;
06FF9 : 25;
06FFA : 25;
06FFB : 25;
06FFC : 25;
06FFD : 25;
06FFE : 25;
06FFF : 25;
07000 : 25;
07001 : 25;
07002 : 25;
07003 : 25;
07004 : 25;
07005 : 25;
07006 : 25;
07007 : 25;
07008 : 25;
07009 : 25;
0700A : 25;
0700B : 25;
0700C : 25;
0700D : 25;
0700E : 25;
0700F : 25;
07010 : 25;
07011 : 25;
07012 : 25;
07013 : 25;
07014 : 25;
07015 : 25;
07016 : 25;
07017 : 25;
07018 : 25;
07019 : 25;
0701A : 25;
0701B : 25;
0701C : 25;
0701D : 25;
0701E : 25;
0701F : 25;
07020 : 25;
07021 : 25;
07022 : 25;
07023 : 25;
07024 : 25;
07025 : 25;
07026 : 25;
07027 : 25;
07028 : 25;
07029 : 25;
0702A : 25;
0702B : 25;
0702C : 25;
0702D : 25;
0702E : 25;
0702F : 25;
07030 : 25;
07031 : 25;
07032 : 25;
07033 : 25;
07034 : 25;
07035 : 25;
07036 : 25;
07037 : 25;
07038 : 25;
07039 : 25;
0703A : 25;
0703B : 25;
0703C : 25;
0703D : 25;
0703E : 25;
0703F : 25;
07040 : 25;
07041 : 25;
07042 : 25;
07043 : 25;
07044 : 25;
07045 : 25;
07046 : 25;
07047 : 25;
07048 : 25;
07049 : 25;
0704A : 25;
0704B : 25;
0704C : 25;
0704D : 25;
0704E : 25;
0704F : 25;
07050 : 25;
07051 : 25;
07052 : 25;
07053 : 25;
07054 : 25;
07055 : 25;
07056 : 25;
07057 : 25;
07058 : 25;
07059 : 25;
0705A : 25;
0705B : 25;
0705C : 25;
0705D : 25;
0705E : 25;
0705F : 25;
07060 : 25;
07061 : 25;
07062 : 25;
07063 : 25;
07064 : 25;
07065 : 25;
07066 : 25;
07067 : 25;
07068 : 25;
07069 : 25;
0706A : 25;
0706B : 25;
0706C : 25;
0706D : 25;
0706E : 25;
0706F : 25;
07070 : 25;
07071 : 25;
07072 : 25;
07073 : 25;
07074 : 25;
07075 : 25;
07076 : 25;
07077 : 25;
07078 : 25;
07079 : 25;
0707A : 25;
0707B : 25;
0707C : 25;
0707D : 25;
0707E : 25;
0707F : 25;
07080 : 25;
07081 : 25;
07082 : 25;
07083 : 25;
07084 : 25;
07085 : 25;
07086 : 25;
07087 : 25;
07088 : 25;
07089 : 25;
0708A : 25;
0708B : 25;
0708C : 25;
0708D : 25;
0708E : 25;
0708F : 25;
07090 : 25;
07091 : 25;
07092 : 25;
07093 : 25;
07094 : 25;
07095 : 25;
07096 : 25;
07097 : 25;
07098 : 25;
07099 : 25;
0709A : 25;
0709B : 25;
0709C : 25;
0709D : 25;
0709E : 25;
0709F : 25;
070A0 : 25;
070A1 : 25;
070A2 : 25;
070A3 : 25;
070A4 : 25;
070A5 : 25;
070A6 : 25;
070A7 : 25;
070A8 : 25;
070A9 : 25;
070AA : 25;
070AB : 25;
070AC : 25;
070AD : 25;
070AE : 25;
070AF : 25;
070B0 : 25;
070B1 : 25;
070B2 : 25;
070B3 : 25;
070B4 : 25;
070B5 : 25;
070B6 : 25;
070B7 : 25;
070B8 : 25;
070B9 : 25;
070BA : 25;
070BB : 25;
070BC : 25;
070BD : 25;
070BE : 25;
070BF : 25;
070C0 : 25;
070C1 : 25;
070C2 : 25;
070C3 : 25;
070C4 : 25;
070C5 : 25;
070C6 : 25;
070C7 : 25;
070C8 : 25;
070C9 : 25;
070CA : 25;
070CB : 25;
070CC : 25;
070CD : 25;
070CE : 25;
070CF : 25;
070D0 : 25;
070D1 : 25;
070D2 : 25;
070D3 : 25;
070D4 : 25;
070D5 : 25;
070D6 : 25;
070D7 : 25;
070D8 : 25;
070D9 : 25;
070DA : 25;
070DB : 25;
070DC : 25;
070DD : 25;
070DE : 25;
070DF : 25;
070E0 : 25;
070E1 : 25;
070E2 : 25;
070E3 : 25;
070E4 : 25;
070E5 : 25;
070E6 : 25;
070E7 : 25;
070E8 : 25;
070E9 : 25;
070EA : 25;
070EB : 25;
070EC : 25;
070ED : 25;
070EE : 25;
070EF : 25;
070F0 : 25;
070F1 : 25;
070F2 : 25;
070F3 : 25;
070F4 : 25;
070F5 : 25;
070F6 : 25;
070F7 : 25;
070F8 : 25;
070F9 : 25;
070FA : 25;
070FB : 25;
070FC : 25;
070FD : 25;
070FE : 25;
070FF : 25;
07100 : 25;
07101 : 25;
07102 : 25;
07103 : 25;
07104 : 25;
07105 : 25;
07106 : 25;
07107 : 25;
07108 : 25;
07109 : 25;
0710A : 25;
0710B : 25;
0710C : 25;
0710D : 25;
0710E : 25;
0710F : 25;
07110 : 25;
07111 : 25;
07112 : 25;
07113 : 25;
07114 : 25;
07115 : 25;
07116 : 25;
07117 : 25;
07118 : 25;
07119 : 25;
0711A : 25;
0711B : 25;
0711C : 25;
0711D : 25;
0711E : 25;
0711F : 25;
07120 : 25;
07121 : 25;
07122 : 25;
07123 : 25;
07124 : 25;
07125 : 25;
07126 : 25;
07127 : 25;
07128 : 25;
07129 : 25;
0712A : 25;
0712B : 25;
0712C : 25;
0712D : 25;
0712E : 25;
0712F : 25;
07130 : 25;
07131 : 25;
07132 : 25;
07133 : 25;
07134 : 25;
07135 : 25;
07136 : 25;
07137 : 25;
07138 : 25;
07139 : 25;
0713A : 25;
0713B : 25;
0713C : 25;
0713D : 25;
0713E : 25;
0713F : 25;
07140 : 25;
07141 : 25;
07142 : 25;
07143 : 25;
07144 : 25;
07145 : 25;
07146 : 25;
07147 : 25;
07148 : 25;
07149 : 25;
0714A : 25;
0714B : 25;
0714C : 25;
0714D : 25;
0714E : 25;
0714F : 25;
07150 : 25;
07151 : 25;
07152 : 25;
07153 : 25;
07154 : 25;
07155 : 25;
07156 : 25;
07157 : 25;
07158 : 25;
07159 : 25;
0715A : 25;
0715B : 25;
0715C : 25;
0715D : 25;
0715E : 25;
0715F : 25;
07160 : 25;
07161 : 25;
07162 : 25;
07163 : 25;
07164 : 25;
07165 : 25;
07166 : 25;
07167 : 25;
07168 : 25;
07169 : 25;
0716A : 25;
0716B : 25;
0716C : 25;
0716D : 25;
0716E : 25;
0716F : 25;
07170 : 25;
07171 : 25;
07172 : 25;
07173 : 25;
07174 : 25;
07175 : 25;
07176 : 25;
07177 : 25;
07178 : 25;
07179 : 25;
0717A : 25;
0717B : 25;
0717C : 25;
0717D : 25;
0717E : 25;
0717F : 25;
07180 : 25;
07181 : 25;
07182 : 25;
07183 : 25;
07184 : 25;
07185 : 25;
07186 : 25;
07187 : 25;
07188 : 25;
07189 : 25;
0718A : 25;
0718B : 25;
0718C : 25;
0718D : 25;
0718E : 25;
0718F : 25;
07190 : 25;
07191 : 25;
07192 : 25;
07193 : 25;
07194 : 25;
07195 : 25;
07196 : 25;
07197 : 25;
07198 : 25;
07199 : 25;
0719A : 25;
0719B : 25;
0719C : 25;
0719D : 25;
0719E : 25;
0719F : 25;
071A0 : 25;
071A1 : 25;
071A2 : 25;
071A3 : 25;
071A4 : 25;
071A5 : 25;
071A6 : 25;
071A7 : 25;
071A8 : 25;
071A9 : 25;
071AA : 25;
071AB : 25;
071AC : 25;
071AD : 25;
071AE : 25;
071AF : 25;
071B0 : 25;
071B1 : 25;
071B2 : 25;
071B3 : 25;
071B4 : 25;
071B5 : 25;
071B6 : 25;
071B7 : 25;
071B8 : 25;
071B9 : 25;
071BA : 25;
071BB : 25;
071BC : 25;
071BD : 25;
071BE : 25;
071BF : 25;
071C0 : 25;
071C1 : 25;
071C2 : 25;
071C3 : 25;
071C4 : 25;
071C5 : 25;
071C6 : 25;
071C7 : 25;
071C8 : 25;
071C9 : 25;
071CA : 25;
071CB : 25;
071CC : 25;
071CD : 25;
071CE : 25;
071CF : 25;
071D0 : 25;
071D1 : 25;
071D2 : 25;
071D3 : 25;
071D4 : 25;
071D5 : 25;
071D6 : 25;
071D7 : 25;
071D8 : 25;
071D9 : 25;
071DA : 25;
071DB : 25;
071DC : 25;
071DD : 25;
071DE : 25;
071DF : 25;
071E0 : 25;
071E1 : 25;
071E2 : 25;
071E3 : 25;
071E4 : 25;
071E5 : 25;
071E6 : 25;
071E7 : 25;
071E8 : 25;
071E9 : 25;
071EA : 25;
071EB : 25;
071EC : 25;
071ED : 25;
071EE : 25;
071EF : 25;
071F0 : 25;
071F1 : 25;
071F2 : 25;
071F3 : 25;
071F4 : 25;
071F5 : 25;
071F6 : 25;
071F7 : 25;
071F8 : 25;
071F9 : 25;
071FA : 25;
071FB : 25;
071FC : 25;
071FD : 25;
071FE : 25;
071FF : 25;
07200 : 25;
07201 : 25;
07202 : 25;
07203 : 25;
07204 : 25;
07205 : 25;
07206 : 25;
07207 : 25;
07208 : 25;
07209 : 25;
0720A : 25;
0720B : 25;
0720C : 25;
0720D : 25;
0720E : 25;
0720F : 25;
07210 : 25;
07211 : 25;
07212 : 25;
07213 : 25;
07214 : 25;
07215 : 25;
07216 : 25;
07217 : 25;
07218 : 25;
07219 : 25;
0721A : 25;
0721B : 25;
0721C : 25;
0721D : 25;
0721E : 25;
0721F : 25;
07220 : 25;
07221 : 25;
07222 : 25;
07223 : 25;
07224 : 25;
07225 : 25;
07226 : 25;
07227 : 25;
07228 : 25;
07229 : 25;
0722A : 25;
0722B : 25;
0722C : 25;
0722D : 25;
0722E : 25;
0722F : 25;
07230 : 25;
07231 : 25;
07232 : 25;
07233 : 25;
07234 : 25;
07235 : 25;
07236 : 25;
07237 : 25;
07238 : 25;
07239 : 25;
0723A : 25;
0723B : 25;
0723C : 25;
0723D : 25;
0723E : 25;
0723F : 25;
07240 : 25;
07241 : 25;
07242 : 25;
07243 : 25;
07244 : 25;
07245 : 25;
07246 : 25;
07247 : 25;
07248 : 25;
07249 : 25;
0724A : 25;
0724B : 25;
0724C : 25;
0724D : 25;
0724E : 25;
0724F : 25;
07250 : 25;
07251 : 25;
07252 : 25;
07253 : 25;
07254 : 25;
07255 : 25;
07256 : 25;
07257 : 25;
07258 : 25;
07259 : 25;
0725A : 25;
0725B : 25;
0725C : 25;
0725D : 25;
0725E : 25;
0725F : 25;
07260 : 25;
07261 : 25;
07262 : 25;
07263 : 25;
07264 : 25;
07265 : 25;
07266 : 25;
07267 : 25;
07268 : 25;
07269 : 25;
0726A : 25;
0726B : 25;
0726C : 25;
0726D : 25;
0726E : 25;
0726F : 25;
07270 : 25;
07271 : 25;
07272 : 25;
07273 : 25;
07274 : 25;
07275 : 25;
07276 : 25;
07277 : 25;
07278 : 25;
07279 : 25;
0727A : 25;
0727B : 25;
0727C : 25;
0727D : 25;
0727E : 25;
0727F : 25;
07280 : 25;
07281 : 25;
07282 : 25;
07283 : 25;
07284 : 25;
07285 : 25;
07286 : 25;
07287 : 25;
07288 : 25;
07289 : 25;
0728A : 25;
0728B : 25;
0728C : 25;
0728D : 25;
0728E : 25;
0728F : 25;
07290 : 25;
07291 : 25;
07292 : 25;
07293 : 25;
07294 : 25;
07295 : 25;
07296 : 25;
07297 : 25;
07298 : 25;
07299 : 25;
0729A : 25;
0729B : 25;
0729C : 25;
0729D : 25;
0729E : 25;
0729F : 25;
072A0 : 25;
072A1 : 25;
072A2 : 25;
072A3 : 25;
072A4 : 25;
072A5 : 25;
072A6 : 25;
072A7 : 25;
072A8 : 25;
072A9 : 25;
072AA : 25;
072AB : 25;
072AC : 25;
072AD : 25;
072AE : 25;
072AF : 25;
072B0 : 25;
072B1 : 25;
072B2 : 25;
072B3 : 25;
072B4 : 25;
072B5 : 25;
072B6 : 25;
072B7 : 25;
072B8 : 25;
072B9 : 25;
072BA : 25;
072BB : 25;
072BC : 25;
072BD : 25;
072BE : 25;
072BF : 25;
072C0 : 25;
072C1 : 25;
072C2 : 25;
072C3 : 25;
072C4 : 25;
072C5 : 25;
072C6 : 25;
072C7 : 25;
072C8 : 25;
072C9 : 25;
072CA : 25;
072CB : 25;
072CC : 25;
072CD : 25;
072CE : 25;
072CF : 25;
072D0 : 25;
072D1 : 25;
072D2 : 25;
072D3 : 25;
072D4 : 25;
072D5 : 25;
072D6 : 25;
072D7 : 25;
072D8 : 25;
072D9 : 25;
072DA : 25;
072DB : 25;
072DC : 25;
072DD : 25;
072DE : 25;
072DF : 25;
072E0 : 25;
072E1 : 25;
072E2 : 25;
072E3 : 25;
072E4 : 25;
072E5 : 25;
072E6 : 25;
072E7 : 25;
072E8 : 25;
072E9 : 25;
072EA : 25;
072EB : 25;
072EC : 25;
072ED : 25;
072EE : 25;
072EF : 25;
072F0 : 25;
072F1 : 25;
072F2 : 25;
072F3 : 25;
072F4 : 25;
072F5 : 25;
072F6 : 25;
072F7 : 25;
072F8 : 25;
072F9 : 25;
072FA : 25;
072FB : 25;
072FC : 25;
072FD : 25;
072FE : 25;
072FF : 25;
07300 : 25;
07301 : 25;
07302 : 25;
07303 : 25;
07304 : 25;
07305 : 25;
07306 : 25;
07307 : 25;
07308 : 25;
07309 : 25;
0730A : 25;
0730B : 25;
0730C : 25;
0730D : 25;
0730E : 25;
0730F : 25;
07310 : 25;
07311 : 25;
07312 : 25;
07313 : 25;
07314 : 25;
07315 : 25;
07316 : 25;
07317 : 25;
07318 : 25;
07319 : 25;
0731A : 25;
0731B : 25;
0731C : 25;
0731D : 25;
0731E : 25;
0731F : 25;
07320 : 25;
07321 : 25;
07322 : 25;
07323 : 25;
07324 : 25;
07325 : 25;
07326 : 25;
07327 : 25;
07328 : 25;
07329 : 25;
0732A : 25;
0732B : 25;
0732C : 25;
0732D : 25;
0732E : 25;
0732F : 25;
07330 : 25;
07331 : 25;
07332 : 25;
07333 : 25;
07334 : 25;
07335 : 25;
07336 : 25;
07337 : 25;
07338 : 25;
07339 : 25;
0733A : 25;
0733B : 25;
0733C : 25;
0733D : 25;
0733E : 25;
0733F : 25;
07340 : 25;
07341 : 25;
07342 : 25;
07343 : 25;
07344 : 25;
07345 : 25;
07346 : 25;
07347 : 25;
07348 : 25;
07349 : 25;
0734A : 25;
0734B : 25;
0734C : 25;
0734D : 25;
0734E : 25;
0734F : 25;
07350 : 25;
07351 : 25;
07352 : 25;
07353 : 25;
07354 : 25;
07355 : 25;
07356 : 25;
07357 : 25;
07358 : 25;
07359 : 25;
0735A : 25;
0735B : 25;
0735C : 25;
0735D : 25;
0735E : 25;
0735F : 25;
07360 : 25;
07361 : 25;
07362 : 25;
07363 : 25;
07364 : 25;
07365 : 25;
07366 : 25;
07367 : 25;
07368 : 25;
07369 : 25;
0736A : 25;
0736B : 25;
0736C : 25;
0736D : 25;
0736E : 25;
0736F : 25;
07370 : 25;
07371 : 25;
07372 : 25;
07373 : 25;
07374 : 25;
07375 : 25;
07376 : 25;
07377 : 25;
07378 : 25;
07379 : 25;
0737A : 25;
0737B : 25;
0737C : 25;
0737D : 25;
0737E : 25;
0737F : 25;
07380 : 25;
07381 : 25;
07382 : 25;
07383 : 25;
07384 : 25;
07385 : 25;
07386 : 25;
07387 : 25;
07388 : 25;
07389 : 25;
0738A : 25;
0738B : 25;
0738C : 25;
0738D : 25;
0738E : 25;
0738F : 25;
07390 : 25;
07391 : 25;
07392 : 25;
07393 : 25;
07394 : 25;
07395 : 25;
07396 : 25;
07397 : 25;
07398 : 25;
07399 : 25;
0739A : 25;
0739B : 25;
0739C : 25;
0739D : 25;
0739E : 25;
0739F : 25;
073A0 : 25;
073A1 : 25;
073A2 : 25;
073A3 : 25;
073A4 : 25;
073A5 : 25;
073A6 : 25;
073A7 : 25;
073A8 : 25;
073A9 : 25;
073AA : 25;
073AB : 25;
073AC : 25;
073AD : 25;
073AE : 25;
073AF : 25;
073B0 : 25;
073B1 : 25;
073B2 : 25;
073B3 : 25;
073B4 : 25;
073B5 : 25;
073B6 : 25;
073B7 : 25;
073B8 : 25;
073B9 : 25;
073BA : 25;
073BB : 25;
073BC : 25;
073BD : 25;
073BE : 25;
073BF : 25;
073C0 : 25;
073C1 : 25;
073C2 : 25;
073C3 : 25;
073C4 : 25;
073C5 : 25;
073C6 : 25;
073C7 : 25;
073C8 : 25;
073C9 : 25;
073CA : 25;
073CB : 25;
073CC : 25;
073CD : 25;
073CE : 25;
073CF : 25;
073D0 : 25;
073D1 : 25;
073D2 : 25;
073D3 : 25;
073D4 : 25;
073D5 : 25;
073D6 : 25;
073D7 : 25;
073D8 : 25;
073D9 : 25;
073DA : 25;
073DB : 25;
073DC : 25;
073DD : 25;
073DE : 25;
073DF : 25;
073E0 : 25;
073E1 : 25;
073E2 : 25;
073E3 : 25;
073E4 : 25;
073E5 : 25;
073E6 : 25;
073E7 : 25;
073E8 : 25;
073E9 : 25;
073EA : 25;
073EB : 25;
073EC : 25;
073ED : 25;
073EE : 25;
073EF : 25;
073F0 : 25;
073F1 : 25;
073F2 : 25;
073F3 : 25;
073F4 : 25;
073F5 : 25;
073F6 : 25;
073F7 : 25;
073F8 : 25;
073F9 : 25;
073FA : 25;
073FB : 25;
073FC : 25;
073FD : 25;
073FE : 25;
073FF : 25;
07400 : 25;
07401 : 25;
07402 : 25;
07403 : 25;
07404 : 25;
07405 : 25;
07406 : 25;
07407 : 25;
07408 : 25;
07409 : 25;
0740A : 25;
0740B : 25;
0740C : 56;
0740D : BA;
0740E : DA;
0740F : 7A;
07410 : BA;
07411 : 7A;
07412 : 5A;
07413 : 31;
07414 : 2D;
07415 : 31;
07416 : 9A;
07417 : 00;
07418 : 25;
07419 : 25;
0741A : 25;
0741B : 25;
0741C : 25;
0741D : 25;
0741E : 25;
0741F : 25;
07420 : 25;
07421 : 25;
07422 : 25;
07423 : 25;
07424 : 25;
07425 : 25;
07426 : 25;
07427 : 25;
07428 : 25;
07429 : 25;
0742A : 25;
0742B : 25;
0742C : 31;
0742D : BA;
0742E : DA;
0742F : 7A;
07430 : 9A;
07431 : 5A;
07432 : 5A;
07433 : 56;
07434 : 2D;
07435 : 31;
07436 : 7A;
07437 : 00;
07438 : 25;
07439 : 25;
0743A : 25;
0743B : 25;
0743C : 25;
0743D : 25;
0743E : 25;
0743F : 25;
07440 : 25;
07441 : 25;
07442 : 25;
07443 : 25;
07444 : 25;
07445 : 25;
07446 : 25;
07447 : 25;
07448 : 25;
07449 : 25;
0744A : 25;
0744B : 25;
0744C : 96;
0744D : BA;
0744E : 9A;
0744F : 5A;
07450 : 7A;
07451 : 31;
07452 : 56;
07453 : 2D;
07454 : 2D;
07455 : 31;
07456 : 7A;
07457 : 00;
07458 : 25;
07459 : 25;
0745A : 25;
0745B : 25;
0745C : 25;
0745D : 25;
0745E : 25;
0745F : 25;
07460 : 25;
07461 : 25;
07462 : 25;
07463 : 25;
07464 : 25;
07465 : 25;
07466 : 25;
07467 : 25;
07468 : 25;
07469 : 25;
0746A : 25;
0746B : 25;
0746C : BA;
0746D : 9A;
0746E : 5A;
0746F : 7A;
07470 : 7A;
07471 : 31;
07472 : 56;
07473 : 2D;
07474 : 2D;
07475 : 32;
07476 : 7A;
07477 : 00;
07478 : 25;
07479 : 25;
0747A : 25;
0747B : 25;
0747C : 25;
0747D : 25;
0747E : 25;
0747F : 25;
07480 : 25;
07481 : 25;
07482 : 25;
07483 : 25;
07484 : 25;
07485 : 25;
07486 : 25;
07487 : 25;
07488 : 25;
07489 : 25;
0748A : 25;
0748B : 25;
0748C : DA;
0748D : 7A;
0748E : 9A;
0748F : 7A;
07490 : BA;
07491 : 31;
07492 : 32;
07493 : 2D;
07494 : 2D;
07495 : 32;
07496 : 9A;
07497 : 00;
07498 : 25;
07499 : 25;
0749A : 25;
0749B : 25;
0749C : 25;
0749D : 25;
0749E : 25;
0749F : 25;
074A0 : 25;
074A1 : 25;
074A2 : 25;
074A3 : 25;
074A4 : 25;
074A5 : 25;
074A6 : 25;
074A7 : 25;
074A8 : 25;
074A9 : 25;
074AA : 25;
074AB : 25;
074AC : DA;
074AD : 7A;
074AE : 5A;
074AF : 7A;
074B0 : BA;
074B1 : 56;
074B2 : 9A;
074B3 : 31;
074B4 : 2D;
074B5 : 32;
074B6 : 9A;
074B7 : 00;
074B8 : 25;
074B9 : 25;
074BA : 25;
074BB : 25;
074BC : 25;
074BD : 25;
074BE : 25;
074BF : 25;
074C0 : 25;
074C1 : 25;
074C2 : 25;
074C3 : 25;
074C4 : 25;
074C5 : 25;
074C6 : 25;
074C7 : 25;
074C8 : 25;
074C9 : 25;
074CA : 25;
074CB : 25;
074CC : DA;
074CD : 7A;
074CE : 5A;
074CF : 7A;
074D0 : BA;
074D1 : 7A;
074D2 : 7A;
074D3 : 2D;
074D4 : 2D;
074D5 : 31;
074D6 : 9A;
074D7 : 00;
074D8 : 25;
074D9 : 25;
074DA : 25;
074DB : 25;
074DC : 25;
074DD : 25;
074DE : 25;
074DF : 25;
074E0 : 25;
074E1 : 25;
074E2 : 25;
074E3 : 25;
074E4 : 25;
074E5 : 25;
074E6 : 25;
074E7 : 25;
074E8 : 25;
074E9 : 25;
074EA : 25;
074EB : 25;
074EC : DA;
074ED : 7A;
074EE : 5A;
074EF : 7A;
074F0 : BA;
074F1 : 5A;
074F2 : 7A;
074F3 : 2D;
074F4 : 2D;
074F5 : 31;
074F6 : 9A;
074F7 : 25;
074F8 : 25;
074F9 : 25;
074FA : 25;
074FB : 25;
074FC : 25;
074FD : 25;
074FE : 25;
074FF : 25;
07500 : 25;
07501 : 25;
07502 : 25;
07503 : 25;
07504 : 25;
07505 : 25;
07506 : 25;
07507 : 25;
07508 : 25;
07509 : 25;
0750A : 25;
0750B : 04;
0750C : DA;
0750D : 7A;
0750E : 5A;
0750F : 5A;
07510 : 5A;
07511 : 5A;
07512 : 7A;
07513 : 2D;
07514 : 2D;
07515 : 31;
07516 : 76;
07517 : 25;
07518 : 25;
07519 : 25;
0751A : 00;
0751B : 25;
0751C : 25;
0751D : 25;
0751E : 25;
0751F : 25;
07520 : 25;
07521 : 25;
07522 : 25;
07523 : 25;
07524 : 25;
07525 : 25;
07526 : 25;
07527 : 25;
07528 : 25;
07529 : 25;
0752A : 25;
0752B : BA;
0752C : BA;
0752D : 7A;
0752E : 5A;
0752F : BA;
07530 : 5A;
07531 : 5A;
07532 : 7A;
07533 : 2D;
07534 : 2D;
07535 : 31;
07536 : 5A;
07537 : 04;
07538 : 25;
07539 : 25;
0753A : 00;
0753B : 25;
0753C : 25;
0753D : 25;
0753E : 25;
0753F : 25;
07540 : 25;
07541 : 25;
07542 : 25;
07543 : 25;
07544 : 25;
07545 : 25;
07546 : 25;
07547 : 25;
07548 : 25;
07549 : 25;
0754A : 25;
0754B : BA;
0754C : 7A;
0754D : 5A;
0754E : 5A;
0754F : BA;
07550 : 5A;
07551 : 5A;
07552 : 7A;
07553 : 2D;
07554 : 2D;
07555 : 2D;
07556 : 35;
07557 : 04;
07558 : 25;
07559 : 25;
0755A : 00;
0755B : 25;
0755C : 25;
0755D : 25;
0755E : 25;
0755F : 25;
07560 : 25;
07561 : 25;
07562 : 25;
07563 : 25;
07564 : 25;
07565 : 25;
07566 : 25;
07567 : 25;
07568 : 25;
07569 : 25;
0756A : 25;
0756B : BA;
0756C : 5A;
0756D : 5A;
0756E : 5A;
0756F : BA;
07570 : 35;
07571 : 56;
07572 : 7A;
07573 : 2D;
07574 : 2D;
07575 : 2D;
07576 : 0D;
07577 : 00;
07578 : 25;
07579 : 24;
0757A : 04;
0757B : 25;
0757C : 25;
0757D : 25;
0757E : 25;
0757F : 25;
07580 : 25;
07581 : 25;
07582 : 25;
07583 : 25;
07584 : 25;
07585 : 7A;
07586 : 7A;
07587 : 25;
07588 : 25;
07589 : 25;
0758A : 25;
0758B : BA;
0758C : 5A;
0758D : 5A;
0758E : 5A;
0758F : BA;
07590 : 35;
07591 : 0D;
07592 : 2D;
07593 : 2D;
07594 : 2D;
07595 : 2D;
07596 : 0D;
07597 : 00;
07598 : 25;
07599 : 00;
0759A : 29;
0759B : 51;
0759C : 25;
0759D : 25;
0759E : 25;
0759F : 25;
075A0 : 25;
075A1 : 25;
075A2 : 25;
075A3 : 25;
075A4 : 2D;
075A5 : 9A;
075A6 : 9A;
075A7 : 25;
075A8 : 25;
075A9 : 25;
075AA : 25;
075AB : BA;
075AC : 5A;
075AD : 5A;
075AE : 56;
075AF : BA;
075B0 : 35;
075B1 : 31;
075B2 : 32;
075B3 : 2D;
075B4 : 2D;
075B5 : 2D;
075B6 : 0D;
075B7 : 00;
075B8 : 25;
075B9 : 00;
075BA : 9A;
075BB : 9A;
075BC : 25;
075BD : 25;
075BE : 25;
075BF : 25;
075C0 : 25;
075C1 : 25;
075C2 : 25;
075C3 : 25;
075C4 : 2D;
075C5 : 9A;
075C6 : 9A;
075C7 : 25;
075C8 : 25;
075C9 : 25;
075CA : 25;
075CB : BA;
075CC : 5A;
075CD : 5A;
075CE : 56;
075CF : BA;
075D0 : 55;
075D1 : 5A;
075D2 : 5A;
075D3 : 2D;
075D4 : 2D;
075D5 : 2D;
075D6 : 0D;
075D7 : 00;
075D8 : 25;
075D9 : 00;
075DA : 9A;
075DB : 7A;
075DC : 25;
075DD : 25;
075DE : 25;
075DF : 25;
075E0 : 25;
075E1 : 25;
075E2 : 25;
075E3 : 25;
075E4 : 4D;
075E5 : BA;
075E6 : 9A;
075E7 : 25;
075E8 : 25;
075E9 : 25;
075EA : 25;
075EB : BA;
075EC : 5A;
075ED : 5A;
075EE : 5A;
075EF : BA;
075F0 : 55;
075F1 : 5A;
075F2 : 56;
075F3 : 2D;
075F4 : 2D;
075F5 : 2D;
075F6 : 0D;
075F7 : 00;
075F8 : 25;
075F9 : 00;
075FA : 9A;
075FB : 7A;
075FC : 25;
075FD : 25;
075FE : 25;
075FF : 25;
07600 : 25;
07601 : 25;
07602 : 25;
07603 : 25;
07604 : 2D;
07605 : BA;
07606 : BA;
07607 : 2D;
07608 : 25;
07609 : 25;
0760A : 25;
0760B : BA;
0760C : 5A;
0760D : 5A;
0760E : 56;
0760F : BA;
07610 : 55;
07611 : 5A;
07612 : 56;
07613 : 31;
07614 : 2D;
07615 : 2D;
07616 : 0D;
07617 : 00;
07618 : 25;
07619 : 00;
0761A : 9A;
0761B : 7A;
0761C : 25;
0761D : 25;
0761E : 25;
0761F : 25;
07620 : 25;
07621 : 25;
07622 : 25;
07623 : 25;
07624 : 4D;
07625 : BA;
07626 : BA;
07627 : 7A;
07628 : 25;
07629 : 25;
0762A : 04;
0762B : 9A;
0762C : 5A;
0762D : 5A;
0762E : BA;
0762F : BA;
07630 : 55;
07631 : 5A;
07632 : 5A;
07633 : 5A;
07634 : 2D;
07635 : 2D;
07636 : 2D;
07637 : 04;
07638 : 00;
07639 : 2D;
0763A : BA;
0763B : 7A;
0763C : 25;
0763D : 25;
0763E : 25;
0763F : 25;
07640 : 25;
07641 : 25;
07642 : 25;
07643 : 25;
07644 : 71;
07645 : DA;
07646 : BA;
07647 : 7A;
07648 : 25;
07649 : 04;
0764A : 4D;
0764B : BA;
0764C : 5A;
0764D : 5A;
0764E : BA;
0764F : BA;
07650 : 55;
07651 : 5A;
07652 : 5A;
07653 : 5A;
07654 : 2D;
07655 : 2D;
07656 : 2D;
07657 : 04;
07658 : 00;
07659 : 0D;
0765A : 9A;
0765B : 7A;
0765C : 25;
0765D : 25;
0765E : 25;
0765F : 25;
07660 : 25;
07661 : 25;
07662 : 25;
07663 : 25;
07664 : DA;
07665 : 9A;
07666 : BA;
07667 : 7A;
07668 : 25;
07669 : 29;
0766A : BA;
0766B : 9A;
0766C : 7A;
0766D : BA;
0766E : BA;
0766F : BA;
07670 : 55;
07671 : 5A;
07672 : 5A;
07673 : 5A;
07674 : 2D;
07675 : 2D;
07676 : 2D;
07677 : 04;
07678 : 00;
07679 : 7A;
0767A : 7A;
0767B : 7A;
0767C : 25;
0767D : 25;
0767E : 25;
0767F : 25;
07680 : 25;
07681 : 25;
07682 : 25;
07683 : 25;
07684 : DA;
07685 : 9A;
07686 : 9A;
07687 : 7A;
07688 : 25;
07689 : 49;
0768A : BA;
0768B : BA;
0768C : 7A;
0768D : BA;
0768E : BA;
0768F : 9A;
07690 : 31;
07691 : 5A;
07692 : 5A;
07693 : 5A;
07694 : 2D;
07695 : 2D;
07696 : 2D;
07697 : 04;
07698 : 00;
07699 : 9A;
0769A : 9A;
0769B : 7A;
0769C : 25;
0769D : 25;
0769E : 25;
0769F : 25;
076A0 : 25;
076A1 : 25;
076A2 : 25;
076A3 : 25;
076A4 : DA;
076A5 : 7A;
076A6 : 5A;
076A7 : 7A;
076A8 : 04;
076A9 : 4D;
076AA : BA;
076AB : 7A;
076AC : 7A;
076AD : BA;
076AE : BA;
076AF : 7A;
076B0 : 36;
076B1 : 36;
076B2 : 36;
076B3 : 5A;
076B4 : 2D;
076B5 : 2D;
076B6 : 2D;
076B7 : 04;
076B8 : 00;
076B9 : BA;
076BA : BA;
076BB : 7A;
076BC : 31;
076BD : 25;
076BE : 25;
076BF : 25;
076C0 : 25;
076C1 : 25;
076C2 : 24;
076C3 : 25;
076C4 : DA;
076C5 : 7A;
076C6 : 5A;
076C7 : 7A;
076C8 : 04;
076C9 : 4D;
076CA : BA;
076CB : 7A;
076CC : 7A;
076CD : BA;
076CE : DA;
076CF : 9A;
076D0 : 56;
076D1 : 36;
076D2 : 32;
076D3 : 5A;
076D4 : 2D;
076D5 : 2D;
076D6 : 2D;
076D7 : 05;
076D8 : 00;
076D9 : BA;
076DA : BA;
076DB : 76;
076DC : 56;
076DD : 25;
076DE : 25;
076DF : 25;
076E0 : 25;
076E1 : 25;
076E2 : 20;
076E3 : 24;
076E4 : DA;
076E5 : 5A;
076E6 : 5A;
076E7 : 5A;
076E8 : 9A;
076E9 : 9A;
076EA : BA;
076EB : 7A;
076EC : 5A;
076ED : BA;
076EE : DA;
076EF : BA;
076F0 : 56;
076F1 : 56;
076F2 : 5A;
076F3 : 5A;
076F4 : 2D;
076F5 : 2D;
076F6 : 2D;
076F7 : 36;
076F8 : 5A;
076F9 : BA;
076FA : BA;
076FB : 76;
076FC : 2D;
076FD : 25;
076FE : 25;
076FF : 25;
07700 : 25;
07701 : 25;
07702 : 25;
07703 : DA;
07704 : BA;
07705 : 5A;
07706 : 5A;
07707 : 5A;
07708 : 9A;
07709 : BA;
0770A : BA;
0770B : 7A;
0770C : 5A;
0770D : BA;
0770E : DA;
0770F : BA;
07710 : 7A;
07711 : 9A;
07712 : BA;
07713 : 5A;
07714 : 2D;
07715 : 2D;
07716 : 2D;
07717 : 32;
07718 : 56;
07719 : BA;
0771A : BA;
0771B : 76;
0771C : 2D;
0771D : 25;
0771E : 25;
0771F : 25;
07720 : 25;
07721 : 25;
07722 : 29;
07723 : BA;
07724 : BA;
07725 : 5A;
07726 : 5A;
07727 : 5A;
07728 : 5A;
07729 : 5A;
0772A : 5A;
0772B : 7A;
0772C : 7A;
0772D : BA;
0772E : DA;
0772F : 9A;
07730 : BA;
07731 : 9A;
07732 : BA;
07733 : 5A;
07734 : 2D;
07735 : 2D;
07736 : 2D;
07737 : 56;
07738 : 5A;
07739 : 7A;
0773A : 5A;
0773B : 76;
0773C : 2D;
0773D : 25;
0773E : 25;
0773F : 25;
07740 : 25;
07741 : 25;
07742 : 25;
07743 : BA;
07744 : BA;
07745 : 5A;
07746 : 5A;
07747 : 5A;
07748 : 5A;
07749 : 5A;
0774A : 5A;
0774B : 5A;
0774C : 7A;
0774D : BA;
0774E : BA;
0774F : 9A;
07750 : BA;
07751 : 9A;
07752 : BA;
07753 : 5A;
07754 : 2D;
07755 : 2D;
07756 : 2D;
07757 : 56;
07758 : 5A;
07759 : 9A;
0775A : 56;
0775B : 2D;
0775C : 2D;
0775D : 25;
0775E : 25;
0775F : 25;
07760 : 25;
07761 : 25;
07762 : 04;
07763 : BA;
07764 : BA;
07765 : 5A;
07766 : 5A;
07767 : 36;
07768 : 7A;
07769 : 5A;
0776A : 5A;
0776B : 5A;
0776C : 7A;
0776D : BA;
0776E : BA;
0776F : 7A;
07770 : BA;
07771 : 9A;
07772 : BA;
07773 : 5A;
07774 : 2D;
07775 : 2D;
07776 : 2D;
07777 : 76;
07778 : DA;
07779 : 9A;
0777A : 56;
0777B : 2D;
0777C : 7A;
0777D : 25;
0777E : 25;
0777F : 25;
07780 : 25;
07781 : 25;
07782 : 04;
07783 : BA;
07784 : BA;
07785 : 5A;
07786 : 5A;
07787 : 36;
07788 : 9A;
07789 : 5A;
0778A : 5A;
0778B : 5A;
0778C : 5A;
0778D : 7A;
0778E : 7A;
0778F : 7A;
07790 : 9A;
07791 : 9A;
07792 : BA;
07793 : 5A;
07794 : 2D;
07795 : 2D;
07796 : 2D;
07797 : 9A;
07798 : DA;
07799 : 9A;
0779A : 56;
0779B : 2D;
0779C : 7A;
0779D : 25;
0779E : 25;
0779F : 25;
077A0 : 25;
077A1 : 6D;
077A2 : BA;
077A3 : 5A;
077A4 : 5A;
077A5 : 5A;
077A6 : 36;
077A7 : 36;
077A8 : 5A;
077A9 : 7A;
077AA : 7A;
077AB : 5A;
077AC : 5A;
077AD : 5A;
077AE : 5A;
077AF : 5A;
077B0 : 5A;
077B1 : 7A;
077B2 : BA;
077B3 : 7A;
077B4 : 5A;
077B5 : 31;
077B6 : 2D;
077B7 : 9A;
077B8 : DA;
077B9 : 7A;
077BA : 56;
077BB : 31;
077BC : 2D;
077BD : 31;
077BE : 25;
077BF : 25;
077C0 : 25;
077C1 : 4D;
077C2 : 9A;
077C3 : 7A;
077C4 : 5A;
077C5 : 36;
077C6 : 56;
077C7 : 56;
077C8 : 56;
077C9 : 7A;
077CA : BA;
077CB : 7A;
077CC : 32;
077CD : 36;
077CE : 5A;
077CF : 5A;
077D0 : 5A;
077D1 : 7A;
077D2 : BA;
077D3 : 5A;
077D4 : 5A;
077D5 : 31;
077D6 : 2D;
077D7 : 7A;
077D8 : BA;
077D9 : 7A;
077DA : 56;
077DB : 31;
077DC : 31;
077DD : 31;
077DE : 25;
077DF : 25;
077E0 : 25;
077E1 : 76;
077E2 : 7A;
077E3 : 5A;
077E4 : 5A;
077E5 : 36;
077E6 : 56;
077E7 : 0D;
077E8 : 36;
077E9 : 36;
077EA : 31;
077EB : 9A;
077EC : 56;
077ED : 3A;
077EE : 3A;
077EF : 36;
077F0 : 36;
077F1 : 56;
077F2 : 7A;
077F3 : 7A;
077F4 : 5A;
077F5 : 0D;
077F6 : 2D;
077F7 : 7A;
077F8 : 7A;
077F9 : 31;
077FA : 31;
077FB : 31;
077FC : 2D;
077FD : 2D;
077FE : 25;
077FF : 25;
END;
