DEPTH = 655360;
WIDTH = 8;
ADDRESS_RADIX = HEX;
DATA_RADIX = HEX;

CONTENT BEGIN
00000 : FF;
00001 : FF;
00002 : FF;
00003 : FF;
00004 : FF;
00005 : FF;
00006 : FF;
00007 : FF;
00008 : FF;
00009 : FF;
0000A : FF;
0000B : FF;
0000C : FF;
0000D : FF;
0000E : FF;
0000F : FF;
00010 : FF;
00011 : FF;
00012 : FF;
00013 : FF;
00014 : FF;
00015 : FF;
00016 : FF;
00017 : FF;
00018 : FF;
00019 : FF;
0001A : FF;
0001B : FF;
0001C : FF;
0001D : FF;
0001E : FF;
0001F : FF;
00020 : 7A;
00021 : 7A;
00022 : FF;
00023 : 9A;
00024 : 7A;
00025 : 7A;
00026 : 7A;
00027 : 7A;
00028 : 7A;
00029 : 7A;
0002A : 7A;
0002B : 7A;
0002C : 7A;
0002D : FF;
0002E : FF;
0002F : DA;
00030 : 7A;
00031 : 09;
00032 : 7A;
00033 : 7A;
00034 : 7A;
00035 : 7A;
00036 : 7A;
00037 : DA;
00038 : FF;
00039 : FF;
0003A : 9A;
0003B : 7A;
0003C : 7A;
0003D : 7A;
0003E : 7A;
0003F : 7A;
00040 : 7A;
00041 : 9A;
00042 : FF;
00043 : 9A;
00044 : 7A;
00045 : 7A;
00046 : 7A;
00047 : 7A;
00048 : 7A;
00049 : 5A;
0004A : 5A;
0004B : 5A;
0004C : 5A;
0004D : FF;
0004E : FF;
0004F : DA;
00050 : 7A;
00051 : 09;
00052 : 5A;
00053 : 7A;
00054 : 7A;
00055 : 7A;
00056 : 7A;
00057 : 9A;
00058 : FF;
00059 : BA;
0005A : 7A;
0005B : 7A;
0005C : 7A;
0005D : 7A;
0005E : 7A;
0005F : 7A;
00060 : BA;
00061 : DA;
00062 : 9A;
00063 : 7A;
00064 : 5A;
00065 : 7A;
00066 : 7A;
00067 : 7A;
00068 : 7A;
00069 : 7A;
0006A : 5A;
0006B : 7A;
0006C : 9A;
0006D : FF;
0006E : BA;
0006F : 7A;
00070 : 7A;
00071 : 36;
00072 : 7A;
00073 : 56;
00074 : 56;
00075 : 7A;
00076 : 9A;
00077 : DA;
00078 : DA;
00079 : 7A;
0007A : 7A;
0007B : 7A;
0007C : 7A;
0007D : 7A;
0007E : 7A;
0007F : 7A;
00080 : FF;
00081 : DA;
00082 : 7A;
00083 : 7A;
00084 : 7A;
00085 : 7A;
00086 : 7A;
00087 : 7A;
00088 : 7A;
00089 : 7A;
0008A : 7A;
0008B : 9A;
0008C : DA;
0008D : FF;
0008E : 9A;
0008F : 7A;
00090 : 7A;
00091 : 7A;
00092 : 7A;
00093 : 2D;
00094 : 56;
00095 : 7A;
00096 : BA;
00097 : DA;
00098 : 9A;
00099 : 7A;
0009A : 7A;
0009B : 7A;
0009C : 7A;
0009D : 7A;
0009E : 7A;
0009F : 7A;
000A0 : FF;
000A1 : 7A;
000A2 : 7A;
000A3 : 7A;
000A4 : 7A;
000A5 : 7A;
000A6 : 7A;
000A7 : 7A;
000A8 : 7A;
000A9 : 7A;
000AA : 7A;
000AB : FF;
000AC : FF;
000AD : 9A;
000AE : 7A;
000AF : 7A;
000B0 : 7A;
000B1 : 7A;
000B2 : 7A;
000B3 : 5A;
000B4 : 31;
000B5 : DA;
000B6 : DA;
000B7 : 9A;
000B8 : 9A;
000B9 : 7A;
000BA : 7A;
000BB : 7A;
000BC : 7A;
000BD : 7A;
000BE : 7A;
000BF : 7A;
000C0 : BA;
000C1 : 7A;
000C2 : 7A;
000C3 : 7A;
000C4 : 7A;
000C5 : 7A;
000C6 : 7A;
000C7 : 7A;
000C8 : 7A;
000C9 : 7A;
000CA : 9A;
000CB : FF;
000CC : DA;
000CD : 7A;
000CE : 7A;
000CF : 7A;
000D0 : 7A;
000D1 : 7A;
000D2 : 7A;
000D3 : 7A;
000D4 : 7A;
000D5 : 29;
000D6 : 76;
000D7 : 7A;
000D8 : 7A;
000D9 : 7A;
000DA : 7A;
000DB : 7A;
000DC : 7A;
000DD : 7A;
000DE : 7A;
000DF : 7A;
000E0 : 7A;
000E1 : 7A;
000E2 : 7A;
000E3 : 7A;
000E4 : 7A;
000E5 : 7A;
000E6 : 7A;
000E7 : 7A;
000E8 : 7A;
000E9 : 7A;
000EA : DA;
000EB : BA;
000EC : 7A;
000ED : 7A;
000EE : 7A;
000EF : 7A;
000F0 : 7A;
000F1 : 7A;
000F2 : 7A;
000F3 : 7A;
000F4 : 7A;
000F5 : 9A;
000F6 : 7A;
000F7 : 31;
000F8 : 31;
000F9 : 31;
000FA : 7A;
000FB : 7A;
000FC : 7A;
000FD : 7A;
000FE : 7A;
000FF : 7A;
00100 : 9A;
00101 : 7A;
00102 : 5A;
00103 : 5A;
00104 : 5A;
00105 : 7A;
00106 : 7A;
00107 : 7A;
00108 : 7A;
00109 : BA;
0010A : FF;
0010B : 7A;
0010C : 7A;
0010D : 7A;
0010E : 7A;
0010F : 7A;
00110 : 7A;
00111 : 7A;
00112 : 7A;
00113 : 7A;
00114 : 7A;
00115 : 7A;
00116 : 7A;
00117 : 2D;
00118 : 2D;
00119 : 2D;
0011A : 7A;
0011B : 7A;
0011C : 7A;
0011D : 5A;
0011E : 5A;
0011F : DA;
00120 : 29;
00121 : 9A;
00122 : 7A;
00123 : 7A;
00124 : 7A;
00125 : 7A;
00126 : 7A;
00127 : 7A;
00128 : BA;
00129 : FF;
0012A : DA;
0012B : 7A;
0012C : 7A;
0012D : 7A;
0012E : 7A;
0012F : 7A;
00130 : 7A;
00131 : 7A;
00132 : 7A;
00133 : DA;
00134 : 9A;
00135 : 7A;
00136 : 7A;
00137 : 71;
00138 : 05;
00139 : 7A;
0013A : 7A;
0013B : 5A;
0013C : 7A;
0013D : 5A;
0013E : 7A;
0013F : FF;
00140 : 29;
00141 : 09;
00142 : DA;
00143 : DA;
00144 : 9A;
00145 : 7A;
00146 : 7A;
00147 : 9A;
00148 : FF;
00149 : DA;
0014A : 7A;
0014B : 7A;
0014C : 7A;
0014D : 7A;
0014E : 7A;
0014F : 7A;
00150 : 7A;
00151 : 7A;
00152 : 9A;
00153 : 7A;
00154 : 7A;
00155 : 7A;
00156 : BA;
00157 : 71;
00158 : 00;
00159 : 7A;
0015A : 5A;
0015B : 7A;
0015C : 7A;
0015D : 7A;
0015E : BA;
0015F : FF;
00160 : 05;
00161 : 9A;
00162 : 24;
00163 : 04;
00164 : FF;
00165 : DA;
00166 : DA;
00167 : FF;
00168 : FF;
00169 : 9A;
0016A : 7A;
0016B : 7A;
0016C : 7A;
0016D : 7A;
0016E : 7A;
0016F : 7A;
00170 : 7A;
00171 : BA;
00172 : BA;
00173 : 7A;
00174 : 7A;
00175 : BA;
00176 : BA;
00177 : 25;
00178 : 05;
00179 : 7A;
0017A : 5A;
0017B : 7A;
0017C : 7A;
0017D : BA;
0017E : FF;
0017F : BA;
00180 : 04;
00181 : 9A;
00182 : 29;
00183 : 05;
00184 : DA;
00185 : BA;
00186 : FF;
00187 : FF;
00188 : DA;
00189 : 7A;
0018A : 7A;
0018B : 7A;
0018C : 7A;
0018D : 7A;
0018E : 7A;
0018F : 7A;
00190 : 7A;
00191 : DA;
00192 : DA;
00193 : 9A;
00194 : 9A;
00195 : BA;
00196 : BA;
00197 : 4D;
00198 : 09;
00199 : 7A;
0019A : 7A;
0019B : 7A;
0019C : 7A;
0019D : FF;
0019E : FF;
0019F : 9A;
001A0 : 00;
001A1 : 9A;
001A2 : 9A;
001A3 : 2D;
001A4 : 4D;
001A5 : 4D;
001A6 : 71;
001A7 : FF;
001A8 : 9A;
001A9 : 7A;
001AA : 7A;
001AB : 7A;
001AC : 7A;
001AD : 7A;
001AE : 7A;
001AF : BA;
001B0 : BA;
001B1 : DA;
001B2 : DA;
001B3 : DA;
001B4 : DA;
001B5 : 4D;
001B6 : 29;
001B7 : 76;
001B8 : 7A;
001B9 : 7A;
001BA : 7A;
001BB : 7A;
001BC : BA;
001BD : FF;
001BE : FF;
001BF : 9A;
001C0 : 00;
001C1 : BA;
001C2 : 7A;
001C3 : 29;
001C4 : 4D;
001C5 : 4D;
001C6 : 4D;
001C7 : FF;
001C8 : 9A;
001C9 : 7A;
001CA : 7A;
001CB : 7A;
001CC : 7A;
001CD : 7A;
001CE : 7A;
001CF : BA;
001D0 : DA;
001D1 : DA;
001D2 : DA;
001D3 : FF;
001D4 : FF;
001D5 : 2D;
001D6 : 09;
001D7 : 76;
001D8 : 7A;
001D9 : 7A;
001DA : 7A;
001DB : 7A;
001DC : 7A;
001DD : FF;
001DE : FF;
001DF : 9A;
001E0 : 00;
001E1 : 9A;
001E2 : 29;
001E3 : 2D;
001E4 : 4D;
001E5 : 4D;
001E6 : 4D;
001E7 : 4D;
001E8 : 75;
001E9 : DA;
001EA : 7A;
001EB : 9A;
001EC : 9A;
001ED : DA;
001EE : FF;
001EF : 29;
001F0 : 29;
001F1 : 29;
001F2 : 29;
001F3 : 29;
001F4 : 2D;
001F5 : 09;
001F6 : 29;
001F7 : 75;
001F8 : 7A;
001F9 : 7A;
001FA : 7A;
001FB : 7A;
001FC : 7A;
001FD : 7A;
001FE : 7A;
001FF : DA;
00200 : 00;
00201 : 75;
00202 : 4D;
00203 : 29;
00204 : 29;
00205 : 29;
00206 : 4D;
00207 : 4D;
00208 : 4D;
00209 : 4D;
0020A : FF;
0020B : FF;
0020C : DA;
0020D : 29;
0020E : 49;
0020F : 49;
00210 : 49;
00211 : 29;
00212 : 49;
00213 : 29;
00214 : 29;
00215 : 51;
00216 : 29;
00217 : 71;
00218 : 7A;
00219 : 7A;
0021A : 7A;
0021B : 7A;
0021C : 7A;
0021D : 7A;
0021E : DA;
0021F : 56;
00220 : 00;
00221 : 75;
00222 : 4D;
00223 : 29;
00224 : 29;
00225 : 29;
00226 : 4D;
00227 : 4D;
00228 : 4D;
00229 : 4D;
0022A : 71;
0022B : 29;
0022C : 29;
0022D : 49;
0022E : 49;
0022F : 49;
00230 : 49;
00231 : 49;
00232 : 49;
00233 : 29;
00234 : 29;
00235 : 55;
00236 : 29;
00237 : 71;
00238 : 7A;
00239 : 7A;
0023A : 7A;
0023B : 7A;
0023C : 7A;
0023D : 9A;
0023E : DA;
0023F : 55;
00240 : 00;
00241 : 75;
00242 : 29;
00243 : 29;
00244 : 29;
00245 : 29;
00246 : 29;
00247 : 29;
00248 : 6D;
00249 : 4D;
0024A : 2D;
0024B : 29;
0024C : 29;
0024D : 29;
0024E : 29;
0024F : 29;
00250 : 29;
00251 : 29;
00252 : 49;
00253 : 29;
00254 : 2D;
00255 : 55;
00256 : 09;
00257 : 71;
00258 : DA;
00259 : 7A;
0025A : 7A;
0025B : 7A;
0025C : 7A;
0025D : DA;
0025E : BA;
0025F : 4D;
00260 : 00;
00261 : 76;
00262 : 2D;
00263 : 29;
00264 : 29;
00265 : 29;
00266 : 29;
00267 : 29;
00268 : 71;
00269 : 29;
0026A : 2D;
0026B : 29;
0026C : 49;
0026D : 29;
0026E : 29;
0026F : 29;
00270 : 29;
00271 : 29;
00272 : 4D;
00273 : 2D;
00274 : 2D;
00275 : 76;
00276 : 29;
00277 : 6D;
00278 : BA;
00279 : 7A;
0027A : 7A;
0027B : 7A;
0027C : BA;
0027D : BA;
0027E : 7A;
0027F : 4D;
00280 : 00;
00281 : 00;
00282 : 04;
00283 : 00;
00284 : 29;
00285 : 29;
00286 : 29;
00287 : 29;
00288 : 29;
00289 : 04;
0028A : 05;
0028B : 29;
0028C : 25;
0028D : 25;
0028E : 04;
0028F : 4D;
00290 : 4D;
00291 : 2D;
00292 : 51;
00293 : 31;
00294 : 51;
00295 : 04;
00296 : 00;
00297 : 00;
00298 : 00;
00299 : 09;
0029A : 09;
0029B : 9A;
0029C : DA;
0029D : 4D;
0029E : 2D;
0029F : 4D;
002A0 : 00;
002A1 : 00;
002A2 : 00;
002A3 : 00;
002A4 : 29;
002A5 : 29;
002A6 : 29;
002A7 : 29;
002A8 : 29;
002A9 : 00;
002AA : 05;
002AB : 29;
002AC : 00;
002AD : 00;
002AE : 00;
002AF : 4D;
002B0 : 4D;
002B1 : 76;
002B2 : 55;
002B3 : 51;
002B4 : 00;
002B5 : 00;
002B6 : 00;
002B7 : 00;
002B8 : 00;
002B9 : 29;
002BA : 05;
002BB : 56;
002BC : BA;
002BD : 2D;
002BE : 2D;
002BF : 4D;
002C0 : 00;
002C1 : 25;
002C2 : 4D;
002C3 : 4D;
002C4 : 00;
002C5 : 04;
002C6 : 29;
002C7 : 29;
002C8 : 00;
002C9 : 00;
002CA : 56;
002CB : 56;
002CC : 31;
002CD : 00;
002CE : 00;
002CF : 00;
002D0 : 04;
002D1 : BA;
002D2 : 29;
002D3 : 00;
002D4 : 00;
002D5 : 4D;
002D6 : 4D;
002D7 : 4D;
002D8 : 91;
002D9 : 00;
002DA : 00;
002DB : 09;
002DC : DA;
002DD : 2D;
002DE : 4D;
002DF : 4D;
002E0 : 29;
002E1 : 4D;
002E2 : 4D;
002E3 : 4D;
002E4 : 29;
002E5 : 51;
002E6 : 00;
002E7 : 00;
002E8 : 00;
002E9 : 51;
002EA : 29;
002EB : 2D;
002EC : 2D;
002ED : 4D;
002EE : 95;
002EF : 95;
002F0 : 04;
002F1 : 04;
002F2 : 04;
002F3 : 4D;
002F4 : 4D;
002F5 : 4D;
002F6 : 4D;
002F7 : 4D;
002F8 : 49;
002F9 : 4D;
002FA : 05;
002FB : 00;
002FC : 29;
002FD : 2D;
002FE : 4D;
002FF : 25;
00300 : 25;
00301 : 4D;
00302 : 4D;
00303 : 4D;
00304 : 4D;
00305 : 4D;
00306 : 00;
00307 : 00;
00308 : 04;
00309 : 05;
0030A : 4D;
0030B : 49;
0030C : 49;
0030D : 4D;
0030E : 4D;
0030F : 4D;
00310 : 4D;
00311 : 4D;
00312 : 4D;
00313 : 4D;
00314 : 4D;
00315 : 4D;
00316 : 49;
00317 : 49;
00318 : 4D;
00319 : 29;
0031A : 29;
0031B : 00;
0031C : 00;
0031D : 05;
0031E : 05;
0031F : 2D;
00320 : 25;
00321 : 4D;
00322 : 4D;
00323 : 4D;
00324 : 4D;
00325 : 4D;
00326 : 00;
00327 : 00;
00328 : 00;
00329 : 29;
0032A : 4D;
0032B : 49;
0032C : 4D;
0032D : 4D;
0032E : 4D;
0032F : 4D;
00330 : 4D;
00331 : 4D;
00332 : 4D;
00333 : 4D;
00334 : 4D;
00335 : 4D;
00336 : 4D;
00337 : 4D;
00338 : 49;
00339 : 49;
0033A : 25;
0033B : 00;
0033C : 49;
0033D : 05;
0033E : 05;
0033F : 2D;
00340 : 25;
00341 : 29;
00342 : 29;
00343 : 29;
00344 : 49;
00345 : 4D;
00346 : 29;
00347 : 29;
00348 : 49;
00349 : 4D;
0034A : 49;
0034B : 4D;
0034C : 4D;
0034D : 4D;
0034E : 4D;
0034F : 49;
00350 : 49;
00351 : 4D;
00352 : 49;
00353 : 4D;
00354 : 49;
00355 : 4D;
00356 : 49;
00357 : 4D;
00358 : 29;
00359 : 25;
0035A : 25;
0035B : 00;
0035C : 00;
0035D : 71;
0035E : 51;
0035F : 29;
00360 : 25;
00361 : 29;
00362 : 29;
00363 : 25;
00364 : 4D;
00365 : 49;
00366 : 29;
00367 : 29;
00368 : 00;
00369 : 25;
0036A : 4D;
0036B : 4D;
0036C : 4D;
0036D : 4D;
0036E : 29;
0036F : 29;
00370 : 49;
00371 : 4D;
00372 : 49;
00373 : 4D;
00374 : 49;
00375 : 49;
00376 : 49;
00377 : 4D;
00378 : 25;
00379 : 25;
0037A : 04;
0037B : 00;
0037C : 05;
0037D : 7A;
0037E : 29;
0037F : 49;
00380 : 25;
00381 : 25;
00382 : 25;
00383 : 25;
00384 : 25;
00385 : 25;
00386 : 25;
00387 : 71;
00388 : 00;
00389 : 00;
0038A : 4D;
0038B : 4D;
0038C : 29;
0038D : 25;
0038E : 05;
0038F : 29;
00390 : 25;
00391 : 49;
00392 : 49;
00393 : 49;
00394 : 49;
00395 : 49;
00396 : 25;
00397 : 25;
00398 : 25;
00399 : 25;
0039A : 24;
0039B : 09;
0039C : 7A;
0039D : 4D;
0039E : 49;
0039F : 49;
003A0 : 25;
003A1 : 25;
003A2 : 25;
003A3 : 25;
003A4 : 25;
003A5 : 25;
003A6 : 25;
003A7 : 4D;
003A8 : 75;
003A9 : 00;
003AA : 29;
003AB : 25;
003AC : 25;
003AD : 25;
003AE : 25;
003AF : 05;
003B0 : 25;
003B1 : 49;
003B2 : 49;
003B3 : 49;
003B4 : 49;
003B5 : 05;
003B6 : 25;
003B7 : 25;
003B8 : 25;
003B9 : 25;
003BA : 00;
003BB : 55;
003BC : 29;
003BD : 49;
003BE : 49;
003BF : 49;
003C0 : 25;
003C1 : 25;
003C2 : 25;
003C3 : 25;
003C4 : 25;
003C5 : 25;
003C6 : 25;
003C7 : 29;
003C8 : 51;
003C9 : 00;
003CA : 25;
003CB : 25;
003CC : 25;
003CD : 25;
003CE : 25;
003CF : 25;
003D0 : 49;
003D1 : 49;
003D2 : 49;
003D3 : 49;
003D4 : 25;
003D5 : 25;
003D6 : 25;
003D7 : 25;
003D8 : 29;
003D9 : 00;
003DA : 49;
003DB : 29;
003DC : 49;
003DD : 49;
003DE : 49;
003DF : 49;
003E0 : 25;
003E1 : 25;
003E2 : 25;
003E3 : 25;
003E4 : 25;
003E5 : 25;
003E6 : 25;
003E7 : 25;
003E8 : 51;
003E9 : 00;
003EA : 25;
003EB : 25;
003EC : 25;
003ED : 25;
003EE : 25;
003EF : 25;
003F0 : 49;
003F1 : 49;
003F2 : 49;
003F3 : 49;
003F4 : 25;
003F5 : 25;
003F6 : 25;
003F7 : 25;
003F8 : 29;
003F9 : 00;
003FA : 49;
003FB : 49;
003FC : 49;
003FD : 49;
003FE : 49;
003FF : 49;
00400 : FF;
00401 : FF;
00402 : DA;
00403 : DA;
00404 : FF;
00405 : FF;
00406 : FF;
00407 : FF;
00408 : FF;
00409 : FF;
0040A : FF;
0040B : FF;
0040C : FF;
0040D : FF;
0040E : FF;
0040F : FF;
00410 : FF;
00411 : FF;
00412 : FF;
00413 : FF;
00414 : FF;
00415 : FF;
00416 : FF;
00417 : FF;
00418 : FF;
00419 : FF;
0041A : FF;
0041B : FF;
0041C : FF;
0041D : FF;
0041E : FF;
0041F : FF;
00420 : 7A;
00421 : 7A;
00422 : 7A;
00423 : 7A;
00424 : DA;
00425 : FF;
00426 : 9A;
00427 : BA;
00428 : 7A;
00429 : 7A;
0042A : 7A;
0042B : 7A;
0042C : 7A;
0042D : 7A;
0042E : FF;
0042F : FF;
00430 : FF;
00431 : BA;
00432 : 7A;
00433 : 7A;
00434 : 7A;
00435 : 7A;
00436 : 9A;
00437 : DA;
00438 : BA;
00439 : 7A;
0043A : 7A;
0043B : 7A;
0043C : 7A;
0043D : 7A;
0043E : 9A;
0043F : 9A;
00440 : 7A;
00441 : 7A;
00442 : 5A;
00443 : 7A;
00444 : DA;
00445 : FF;
00446 : 9A;
00447 : BA;
00448 : 7A;
00449 : 7A;
0044A : 5A;
0044B : 5A;
0044C : 7A;
0044D : 7A;
0044E : FF;
0044F : FF;
00450 : FF;
00451 : 9A;
00452 : 7A;
00453 : 7A;
00454 : 7A;
00455 : 7A;
00456 : 7A;
00457 : BA;
00458 : BA;
00459 : 5A;
0045A : 5A;
0045B : 5A;
0045C : 5A;
0045D : 7A;
0045E : 7A;
0045F : 7A;
00460 : 7A;
00461 : 7A;
00462 : 5A;
00463 : DA;
00464 : FF;
00465 : BA;
00466 : BA;
00467 : BA;
00468 : 5A;
00469 : 7A;
0046A : 5A;
0046B : 5A;
0046C : 7A;
0046D : 9A;
0046E : 49;
0046F : 95;
00470 : 7A;
00471 : 7A;
00472 : 7A;
00473 : 7A;
00474 : 7A;
00475 : 7A;
00476 : 7A;
00477 : 9A;
00478 : 2D;
00479 : 7A;
0047A : 5A;
0047B : 5A;
0047C : 7A;
0047D : BA;
0047E : 7A;
0047F : 7A;
00480 : 7A;
00481 : 7A;
00482 : 7A;
00483 : FF;
00484 : FF;
00485 : 7A;
00486 : 9A;
00487 : 7A;
00488 : 7A;
00489 : 7A;
0048A : 5A;
0048B : 5A;
0048C : 7A;
0048D : 9A;
0048E : DA;
0048F : BA;
00490 : 7A;
00491 : 7A;
00492 : 7A;
00493 : 7A;
00494 : 7A;
00495 : 7A;
00496 : 7A;
00497 : 9A;
00498 : 09;
00499 : 7A;
0049A : 7A;
0049B : 7A;
0049C : BA;
0049D : 9A;
0049E : 7A;
0049F : 7A;
004A0 : 7A;
004A1 : BA;
004A2 : DA;
004A3 : FF;
004A4 : 9A;
004A5 : BA;
004A6 : 7A;
004A7 : 7A;
004A8 : 7A;
004A9 : 7A;
004AA : 7A;
004AB : 7A;
004AC : DA;
004AD : FF;
004AE : 7A;
004AF : 56;
004B0 : 7A;
004B1 : 5A;
004B2 : 5A;
004B3 : 7A;
004B4 : 7A;
004B5 : 7A;
004B6 : 9A;
004B7 : 9A;
004B8 : 7A;
004B9 : 7A;
004BA : 7A;
004BB : 9A;
004BC : 7A;
004BD : 7A;
004BE : 5A;
004BF : 5A;
004C0 : 7A;
004C1 : DA;
004C2 : FF;
004C3 : BA;
004C4 : 9A;
004C5 : BA;
004C6 : 7A;
004C7 : 7A;
004C8 : 7A;
004C9 : 7A;
004CA : 7A;
004CB : 7A;
004CC : DA;
004CD : FF;
004CE : 7A;
004CF : 56;
004D0 : 56;
004D1 : 5A;
004D2 : 9A;
004D3 : 9A;
004D4 : 9A;
004D5 : 7A;
004D6 : 7A;
004D7 : 31;
004D8 : 7A;
004D9 : 7A;
004DA : 7A;
004DB : BA;
004DC : 7A;
004DD : 7A;
004DE : 7A;
004DF : 7A;
004E0 : BA;
004E1 : FF;
004E2 : DA;
004E3 : 9A;
004E4 : 9A;
004E5 : 7A;
004E6 : 7A;
004E7 : 7A;
004E8 : 7A;
004E9 : 7A;
004EA : BA;
004EB : DA;
004EC : BA;
004ED : 9A;
004EE : 7A;
004EF : 7A;
004F0 : 7A;
004F1 : 51;
004F2 : 2D;
004F3 : 05;
004F4 : BA;
004F5 : BA;
004F6 : 7A;
004F7 : 7A;
004F8 : 7A;
004F9 : 7A;
004FA : BA;
004FB : 7A;
004FC : 7A;
004FD : 7A;
004FE : 7A;
004FF : 5A;
00500 : FF;
00501 : FF;
00502 : BA;
00503 : BA;
00504 : 9A;
00505 : 7A;
00506 : 7A;
00507 : 7A;
00508 : 7A;
00509 : 7A;
0050A : DA;
0050B : FF;
0050C : 9A;
0050D : 7A;
0050E : 7A;
0050F : 7A;
00510 : 7A;
00511 : 0D;
00512 : 31;
00513 : 05;
00514 : BA;
00515 : BA;
00516 : 7A;
00517 : 7A;
00518 : 7A;
00519 : BA;
0051A : 7A;
0051B : 7A;
0051C : 7A;
0051D : 7A;
0051E : 7A;
0051F : 5A;
00520 : FF;
00521 : 7A;
00522 : 9A;
00523 : 7A;
00524 : 7A;
00525 : 7A;
00526 : 7A;
00527 : 7A;
00528 : 7A;
00529 : 9A;
0052A : FF;
0052B : FF;
0052C : 7A;
0052D : 7A;
0052E : 7A;
0052F : 7A;
00530 : 5A;
00531 : 7A;
00532 : 7A;
00533 : 2D;
00534 : 51;
00535 : 0D;
00536 : 7A;
00537 : 7A;
00538 : 9A;
00539 : 9A;
0053A : 7A;
0053B : 7A;
0053C : 7A;
0053D : 7A;
0053E : 7A;
0053F : 7A;
00540 : FF;
00541 : BA;
00542 : BA;
00543 : 7A;
00544 : 7A;
00545 : 7A;
00546 : 7A;
00547 : 7A;
00548 : 7A;
00549 : FF;
0054A : DA;
0054B : 7A;
0054C : 7A;
0054D : 7A;
0054E : 7A;
0054F : 7A;
00550 : 7A;
00551 : 7A;
00552 : 7A;
00553 : 7A;
00554 : 75;
00555 : 0D;
00556 : 7A;
00557 : 7A;
00558 : 9A;
00559 : 7A;
0055A : 7A;
0055B : 7A;
0055C : 7A;
0055D : 7A;
0055E : 7A;
0055F : 7A;
00560 : 7A;
00561 : 9A;
00562 : 7A;
00563 : 7A;
00564 : 7A;
00565 : 7A;
00566 : 7A;
00567 : FF;
00568 : FF;
00569 : FF;
0056A : 7A;
0056B : 7A;
0056C : 7A;
0056D : 7A;
0056E : 7A;
0056F : 7A;
00570 : 7A;
00571 : 7A;
00572 : 7A;
00573 : 7A;
00574 : 2D;
00575 : BA;
00576 : BA;
00577 : BA;
00578 : 7A;
00579 : 7A;
0057A : 7A;
0057B : 7A;
0057C : 7A;
0057D : 7A;
0057E : 7A;
0057F : 7A;
00580 : 7A;
00581 : 7A;
00582 : 7A;
00583 : 7A;
00584 : 7A;
00585 : 7A;
00586 : 9A;
00587 : FF;
00588 : FF;
00589 : DA;
0058A : 7A;
0058B : 7A;
0058C : 7A;
0058D : 7A;
0058E : 7A;
0058F : 7A;
00590 : 7A;
00591 : 7A;
00592 : 7A;
00593 : 7A;
00594 : 2D;
00595 : 29;
00596 : BA;
00597 : BA;
00598 : 7A;
00599 : 7A;
0059A : 5A;
0059B : 7A;
0059C : 5A;
0059D : 7A;
0059E : 7A;
0059F : 7A;
005A0 : 9A;
005A1 : 7A;
005A2 : 7A;
005A3 : 7A;
005A4 : 7A;
005A5 : 7A;
005A6 : DA;
005A7 : 96;
005A8 : 9A;
005A9 : 7A;
005AA : 7A;
005AB : 7A;
005AC : 7A;
005AD : 7A;
005AE : 7A;
005AF : 7A;
005B0 : 7A;
005B1 : 7A;
005B2 : 7A;
005B3 : DA;
005B4 : 7A;
005B5 : 9A;
005B6 : 2D;
005B7 : 5A;
005B8 : 7A;
005B9 : 5A;
005BA : 5A;
005BB : 5A;
005BC : 5A;
005BD : 7A;
005BE : DA;
005BF : BA;
005C0 : 7A;
005C1 : 7A;
005C2 : 7A;
005C3 : 5A;
005C4 : 7A;
005C5 : 7A;
005C6 : BA;
005C7 : 51;
005C8 : 7A;
005C9 : 7A;
005CA : 7A;
005CB : 7A;
005CC : 7A;
005CD : 7A;
005CE : 7A;
005CF : 7A;
005D0 : 7A;
005D1 : 7A;
005D2 : DA;
005D3 : 9A;
005D4 : 7A;
005D5 : 9A;
005D6 : 4D;
005D7 : 55;
005D8 : 5A;
005D9 : 5A;
005DA : 5A;
005DB : 5A;
005DC : 7A;
005DD : 7A;
005DE : DA;
005DF : BA;
005E0 : DA;
005E1 : 7A;
005E2 : 7A;
005E3 : 7A;
005E4 : 7A;
005E5 : BA;
005E6 : 5A;
005E7 : 5A;
005E8 : 7A;
005E9 : 7A;
005EA : 7A;
005EB : 7A;
005EC : 7A;
005ED : 7A;
005EE : 7A;
005EF : 7A;
005F0 : 7A;
005F1 : BA;
005F2 : 7A;
005F3 : 7A;
005F4 : 7A;
005F5 : 7A;
005F6 : 00;
005F7 : 71;
005F8 : 7A;
005F9 : 7A;
005FA : 7A;
005FB : 9A;
005FC : FF;
005FD : DA;
005FE : 29;
005FF : 29;
00600 : 55;
00601 : BA;
00602 : DA;
00603 : 55;
00604 : DA;
00605 : 51;
00606 : 2D;
00607 : 51;
00608 : 9A;
00609 : 9A;
0060A : 7A;
0060B : 7A;
0060C : 7A;
0060D : 7A;
0060E : 7A;
0060F : 7A;
00610 : 9A;
00611 : 7A;
00612 : 7A;
00613 : 7A;
00614 : 7A;
00615 : 7A;
00616 : 95;
00617 : 91;
00618 : FF;
00619 : FF;
0061A : FF;
0061B : FF;
0061C : 29;
0061D : 29;
0061E : 29;
0061F : 25;
00620 : 51;
00621 : 51;
00622 : 51;
00623 : 56;
00624 : 05;
00625 : 05;
00626 : DA;
00627 : DA;
00628 : DA;
00629 : DA;
0062A : BA;
0062B : 7A;
0062C : 7A;
0062D : 7A;
0062E : 7A;
0062F : 7A;
00630 : 9A;
00631 : 7A;
00632 : 7A;
00633 : 7A;
00634 : 7A;
00635 : 9A;
00636 : DA;
00637 : 95;
00638 : DA;
00639 : 29;
0063A : 29;
0063B : 29;
0063C : 29;
0063D : 29;
0063E : 29;
0063F : 29;
00640 : 4D;
00641 : 4D;
00642 : 2D;
00643 : 7A;
00644 : 51;
00645 : DA;
00646 : 75;
00647 : 2D;
00648 : 4D;
00649 : 4D;
0064A : 76;
0064B : DA;
0064C : 7A;
0064D : 7A;
0064E : 7A;
0064F : 7A;
00650 : 7A;
00651 : 7A;
00652 : 7A;
00653 : 7A;
00654 : DA;
00655 : DA;
00656 : 29;
00657 : 49;
00658 : 05;
00659 : 29;
0065A : 29;
0065B : 29;
0065C : 25;
0065D : 29;
0065E : 25;
0065F : 25;
00660 : 4D;
00661 : 4D;
00662 : 2D;
00663 : 76;
00664 : 51;
00665 : BA;
00666 : 51;
00667 : 2D;
00668 : 4D;
00669 : 4D;
0066A : 9A;
0066B : DA;
0066C : 9A;
0066D : 9A;
0066E : 9A;
0066F : 9A;
00670 : 7A;
00671 : 7A;
00672 : 7A;
00673 : 7A;
00674 : DA;
00675 : DA;
00676 : 49;
00677 : 29;
00678 : 25;
00679 : 29;
0067A : 29;
0067B : 25;
0067C : 29;
0067D : 25;
0067E : 29;
0067F : 25;
00680 : 4D;
00681 : 4D;
00682 : 2D;
00683 : 29;
00684 : 4D;
00685 : 71;
00686 : 4D;
00687 : 4D;
00688 : 4D;
00689 : 4D;
0068A : 49;
0068B : 95;
0068C : BA;
0068D : BA;
0068E : BA;
0068F : BA;
00690 : DA;
00691 : BA;
00692 : BA;
00693 : DA;
00694 : 95;
00695 : 95;
00696 : 29;
00697 : 29;
00698 : 05;
00699 : 00;
0069A : 04;
0069B : 04;
0069C : 49;
0069D : 49;
0069E : 4D;
0069F : 29;
006A0 : 4D;
006A1 : 4D;
006A2 : 29;
006A3 : 29;
006A4 : 49;
006A5 : 4D;
006A6 : 4D;
006A7 : 4D;
006A8 : 4D;
006A9 : 4D;
006AA : 29;
006AB : 00;
006AC : 4D;
006AD : 4D;
006AE : 2D;
006AF : 4D;
006B0 : DA;
006B1 : DA;
006B2 : DA;
006B3 : FF;
006B4 : 2D;
006B5 : 4D;
006B6 : 49;
006B7 : 25;
006B8 : 05;
006B9 : 00;
006BA : 00;
006BB : 00;
006BC : 49;
006BD : 49;
006BE : 4D;
006BF : 4D;
006C0 : 49;
006C1 : BA;
006C2 : BA;
006C3 : 29;
006C4 : 4D;
006C5 : 4D;
006C6 : 4D;
006C7 : 4D;
006C8 : 4D;
006C9 : 4D;
006CA : 4D;
006CB : 00;
006CC : 29;
006CD : 29;
006CE : 29;
006CF : 29;
006D0 : 29;
006D1 : 2D;
006D2 : 7A;
006D3 : FF;
006D4 : 29;
006D5 : 29;
006D6 : 29;
006D7 : 00;
006D8 : 00;
006D9 : 2D;
006DA : 56;
006DB : 75;
006DC : 00;
006DD : 04;
006DE : 25;
006DF : 4D;
006E0 : 05;
006E1 : 00;
006E2 : 04;
006E3 : 05;
006E4 : 4D;
006E5 : 4D;
006E6 : 4D;
006E7 : 4D;
006E8 : 4D;
006E9 : 4D;
006EA : 4D;
006EB : 00;
006EC : 25;
006ED : 25;
006EE : 29;
006EF : 29;
006F0 : 29;
006F1 : 29;
006F2 : 2D;
006F3 : FF;
006F4 : 25;
006F5 : 25;
006F6 : 00;
006F7 : 25;
006F8 : 4D;
006F9 : 4D;
006FA : 2D;
006FB : 29;
006FC : 76;
006FD : 9A;
006FE : 00;
006FF : 29;
00700 : 31;
00701 : 00;
00702 : 05;
00703 : 05;
00704 : 05;
00705 : 4D;
00706 : 4D;
00707 : 4D;
00708 : 4D;
00709 : 4D;
0070A : 00;
0070B : 00;
0070C : 00;
0070D : 29;
0070E : 29;
0070F : 29;
00710 : 29;
00711 : 29;
00712 : 51;
00713 : FF;
00714 : 4D;
00715 : 29;
00716 : 00;
00717 : 71;
00718 : 4D;
00719 : 4D;
0071A : 4D;
0071B : 29;
0071C : 09;
0071D : 09;
0071E : 76;
0071F : 29;
00720 : 2D;
00721 : 00;
00722 : 05;
00723 : 09;
00724 : 29;
00725 : 4D;
00726 : 4D;
00727 : 4D;
00728 : 4D;
00729 : 71;
0072A : 00;
0072B : 00;
0072C : 00;
0072D : 05;
0072E : 25;
0072F : 29;
00730 : 29;
00731 : 29;
00732 : 51;
00733 : DA;
00734 : 4D;
00735 : 29;
00736 : 24;
00737 : 75;
00738 : 4D;
00739 : 4D;
0073A : 4D;
0073B : 29;
0073C : 29;
0073D : 29;
0073E : 76;
0073F : 29;
00740 : 49;
00741 : 04;
00742 : 4D;
00743 : 4D;
00744 : 76;
00745 : 09;
00746 : 29;
00747 : 29;
00748 : 25;
00749 : 00;
0074A : 49;
0074B : 49;
0074C : 2D;
0074D : 71;
0074E : 29;
0074F : 29;
00750 : 00;
00751 : 25;
00752 : 29;
00753 : FF;
00754 : 24;
00755 : 00;
00756 : 51;
00757 : 4D;
00758 : 49;
00759 : 25;
0075A : 29;
0075B : 25;
0075C : 29;
0075D : 29;
0075E : 25;
0075F : 29;
00760 : 4D;
00761 : 00;
00762 : 00;
00763 : 00;
00764 : 29;
00765 : 4D;
00766 : 05;
00767 : 29;
00768 : 00;
00769 : 00;
0076A : 4D;
0076B : 49;
0076C : 4D;
0076D : 49;
0076E : 9A;
0076F : 9A;
00770 : 00;
00771 : 00;
00772 : 04;
00773 : 6D;
00774 : 25;
00775 : 00;
00776 : 4D;
00777 : 4D;
00778 : 49;
00779 : 25;
0077A : 29;
0077B : 25;
0077C : 49;
0077D : 49;
0077E : 29;
0077F : 4D;
00780 : 49;
00781 : 49;
00782 : 49;
00783 : 00;
00784 : 00;
00785 : 04;
00786 : 76;
00787 : 76;
00788 : 49;
00789 : 29;
0078A : 49;
0078B : 4D;
0078C : 4D;
0078D : 4D;
0078E : 4D;
0078F : 49;
00790 : 75;
00791 : 04;
00792 : 00;
00793 : 00;
00794 : 75;
00795 : 75;
00796 : 4D;
00797 : 4D;
00798 : 25;
00799 : 25;
0079A : 29;
0079B : 49;
0079C : 4D;
0079D : 4D;
0079E : 49;
0079F : 49;
007A0 : 49;
007A1 : 49;
007A2 : 49;
007A3 : 4D;
007A4 : 00;
007A5 : 00;
007A6 : 09;
007A7 : 04;
007A8 : 49;
007A9 : 49;
007AA : 49;
007AB : 4D;
007AC : 4D;
007AD : 4D;
007AE : 49;
007AF : 4D;
007B0 : 2D;
007B1 : 71;
007B2 : 00;
007B3 : 00;
007B4 : 29;
007B5 : 4D;
007B6 : 4D;
007B7 : 29;
007B8 : 29;
007B9 : 25;
007BA : 25;
007BB : 49;
007BC : 4D;
007BD : 4D;
007BE : 29;
007BF : 29;
007C0 : 29;
007C1 : 29;
007C2 : 49;
007C3 : 49;
007C4 : 29;
007C5 : 00;
007C6 : 00;
007C7 : 4D;
007C8 : 49;
007C9 : 29;
007CA : 49;
007CB : 49;
007CC : 49;
007CD : 4D;
007CE : 49;
007CF : 4D;
007D0 : 4D;
007D1 : 49;
007D2 : 29;
007D3 : 00;
007D4 : 4D;
007D5 : 4D;
007D6 : 25;
007D7 : 25;
007D8 : 25;
007D9 : 25;
007DA : 25;
007DB : 25;
007DC : 25;
007DD : 25;
007DE : 29;
007DF : 29;
007E0 : 49;
007E1 : 49;
007E2 : 29;
007E3 : 29;
007E4 : 29;
007E5 : 00;
007E6 : 00;
007E7 : 2D;
007E8 : 29;
007E9 : 49;
007EA : 49;
007EB : 49;
007EC : 4D;
007ED : 4D;
007EE : 4D;
007EF : 4D;
007F0 : 4D;
007F1 : 4D;
007F2 : 49;
007F3 : 00;
007F4 : 49;
007F5 : 4D;
007F6 : 25;
007F7 : 25;
007F8 : 25;
007F9 : 25;
007FA : 25;
007FB : 29;
007FC : 29;
007FD : 25;
007FE : 25;
007FF : 29;
00800 : FF;
00801 : FF;
00802 : FF;
00803 : FF;
00804 : FF;
00805 : FF;
00806 : FF;
00807 : FF;
00808 : FF;
00809 : FF;
0080A : FF;
0080B : FF;
0080C : FF;
0080D : FF;
0080E : FF;
0080F : FF;
00810 : FF;
00811 : FF;
00812 : FF;
00813 : FF;
00814 : FF;
00815 : FF;
00816 : FF;
00817 : FF;
00818 : FF;
00819 : FF;
0081A : FF;
0081B : FF;
0081C : FF;
0081D : FF;
0081E : FF;
0081F : FF;
00820 : 7A;
00821 : 7A;
00822 : 7A;
00823 : 7A;
00824 : 7A;
00825 : 7A;
00826 : 7A;
00827 : 09;
00828 : 71;
00829 : FF;
0082A : FF;
0082B : DA;
0082C : 7A;
0082D : 7A;
0082E : 7A;
0082F : 7A;
00830 : 9A;
00831 : FF;
00832 : 7A;
00833 : 7A;
00834 : 7A;
00835 : 7A;
00836 : 7A;
00837 : 7A;
00838 : 9A;
00839 : 7A;
0083A : 09;
0083B : 29;
0083C : 7A;
0083D : 7A;
0083E : 7A;
0083F : 7A;
00840 : 7A;
00841 : 7A;
00842 : 7A;
00843 : 7A;
00844 : 7A;
00845 : 7A;
00846 : 7A;
00847 : 05;
00848 : 71;
00849 : FF;
0084A : FF;
0084B : 9A;
0084C : 7A;
0084D : 5A;
0084E : 5A;
0084F : 5A;
00850 : 7A;
00851 : FF;
00852 : 7A;
00853 : 7A;
00854 : 5A;
00855 : 5A;
00856 : 7A;
00857 : 7A;
00858 : 7A;
00859 : 7A;
0085A : 09;
0085B : 05;
0085C : 7A;
0085D : 7A;
0085E : 7A;
0085F : 7A;
00860 : 7A;
00861 : 7A;
00862 : 7A;
00863 : 7A;
00864 : 7A;
00865 : 7A;
00866 : 7A;
00867 : DA;
00868 : BA;
00869 : DA;
0086A : 9A;
0086B : 7A;
0086C : 7A;
0086D : 7A;
0086E : 7A;
0086F : 5A;
00870 : 7A;
00871 : DA;
00872 : 56;
00873 : 5A;
00874 : 5A;
00875 : 5A;
00876 : 9A;
00877 : 7A;
00878 : 7A;
00879 : 7A;
0087A : 7A;
0087B : 7A;
0087C : 7A;
0087D : 76;
0087E : 7A;
0087F : 7A;
00880 : 7A;
00881 : 7A;
00882 : 7A;
00883 : 7A;
00884 : 7A;
00885 : 7A;
00886 : 7A;
00887 : FF;
00888 : FF;
00889 : BA;
0088A : 7A;
0088B : 7A;
0088C : 7A;
0088D : 7A;
0088E : 5A;
0088F : 5A;
00890 : 7A;
00891 : DA;
00892 : 56;
00893 : 5A;
00894 : 5A;
00895 : 7A;
00896 : BA;
00897 : 7A;
00898 : 7A;
00899 : 7A;
0089A : 7A;
0089B : 5A;
0089C : 09;
0089D : 51;
0089E : 7A;
0089F : 7A;
008A0 : 7A;
008A1 : 7A;
008A2 : 7A;
008A3 : 7A;
008A4 : 7A;
008A5 : 7A;
008A6 : 9A;
008A7 : FF;
008A8 : DA;
008A9 : 56;
008AA : BA;
008AB : 7A;
008AC : 7A;
008AD : 5A;
008AE : 7A;
008AF : 5A;
008B0 : 7A;
008B1 : 7A;
008B2 : 5A;
008B3 : 5A;
008B4 : 7A;
008B5 : BA;
008B6 : 7A;
008B7 : 7A;
008B8 : 7A;
008B9 : 7A;
008BA : 7A;
008BB : 7A;
008BC : 05;
008BD : 05;
008BE : 9A;
008BF : FF;
008C0 : 7A;
008C1 : 7A;
008C2 : 7A;
008C3 : 7A;
008C4 : 7A;
008C5 : 9A;
008C6 : DA;
008C7 : BA;
008C8 : 9A;
008C9 : 2D;
008CA : 51;
008CB : 56;
008CC : 9A;
008CD : 9A;
008CE : 9A;
008CF : 7A;
008D0 : 31;
008D1 : 5A;
008D2 : 5A;
008D3 : 5A;
008D4 : BA;
008D5 : BA;
008D6 : 7A;
008D7 : 7A;
008D8 : 7A;
008D9 : 7A;
008DA : 7A;
008DB : 7A;
008DC : 51;
008DD : 09;
008DE : FF;
008DF : FF;
008E0 : 7A;
008E1 : 7A;
008E2 : 7A;
008E3 : 7A;
008E4 : 7A;
008E5 : FF;
008E6 : FF;
008E7 : 7A;
008E8 : 7A;
008E9 : 7A;
008EA : 7A;
008EB : 0D;
008EC : 0D;
008ED : 4D;
008EE : DA;
008EF : 2D;
008F0 : 7A;
008F1 : 5A;
008F2 : 5A;
008F3 : 7A;
008F4 : 7A;
008F5 : 7A;
008F6 : 7A;
008F7 : 7A;
008F8 : 7A;
008F9 : 7A;
008FA : 7A;
008FB : 7A;
008FC : 7A;
008FD : 7A;
008FE : 29;
008FF : 4D;
00900 : 7A;
00901 : 7A;
00902 : 7A;
00903 : 9A;
00904 : BA;
00905 : FF;
00906 : FF;
00907 : 7A;
00908 : 7A;
00909 : 7A;
0090A : 7A;
0090B : 31;
0090C : 31;
0090D : 51;
0090E : DA;
0090F : 2D;
00910 : 5A;
00911 : 5A;
00912 : 9A;
00913 : 9A;
00914 : 7A;
00915 : 7A;
00916 : 7A;
00917 : 7A;
00918 : 7A;
00919 : 7A;
0091A : 7A;
0091B : 7A;
0091C : 7A;
0091D : 7A;
0091E : 2D;
0091F : 51;
00920 : 7A;
00921 : 5A;
00922 : 5A;
00923 : DA;
00924 : FF;
00925 : BA;
00926 : 7A;
00927 : 7A;
00928 : 7A;
00929 : 7A;
0092A : 7A;
0092B : 7A;
0092C : 7A;
0092D : 09;
0092E : 00;
0092F : 7A;
00930 : 7A;
00931 : 7A;
00932 : 7A;
00933 : 7A;
00934 : 7A;
00935 : 7A;
00936 : 7A;
00937 : 7A;
00938 : 7A;
00939 : 7A;
0093A : 5A;
0093B : 7A;
0093C : 7A;
0093D : 7A;
0093E : 7A;
0093F : 31;
00940 : 5A;
00941 : 5A;
00942 : 5A;
00943 : FF;
00944 : FF;
00945 : 7A;
00946 : 7A;
00947 : 7A;
00948 : 7A;
00949 : 7A;
0094A : 7A;
0094B : 7A;
0094C : 7A;
0094D : 2D;
0094E : 05;
0094F : 7A;
00950 : 7A;
00951 : BA;
00952 : 7A;
00953 : 7A;
00954 : 7A;
00955 : 7A;
00956 : 7A;
00957 : 7A;
00958 : 7A;
00959 : 7A;
0095A : 7A;
0095B : 7A;
0095C : 7A;
0095D : 7A;
0095E : 9A;
0095F : DA;
00960 : 5A;
00961 : 5A;
00962 : FF;
00963 : FF;
00964 : 9A;
00965 : 7A;
00966 : 7A;
00967 : 7A;
00968 : 7A;
00969 : 7A;
0096A : 7A;
0096B : 7A;
0096C : 7A;
0096D : 7A;
0096E : 7A;
0096F : 7A;
00970 : DA;
00971 : 9A;
00972 : 7A;
00973 : 7A;
00974 : 7A;
00975 : 7A;
00976 : 7A;
00977 : 7A;
00978 : 7A;
00979 : 7A;
0097A : 7A;
0097B : 7A;
0097C : 7A;
0097D : 7A;
0097E : DA;
0097F : 75;
00980 : 5A;
00981 : DA;
00982 : FF;
00983 : DA;
00984 : 9A;
00985 : 7A;
00986 : 7A;
00987 : 7A;
00988 : 7A;
00989 : 7A;
0098A : 7A;
0098B : 7A;
0098C : 7A;
0098D : 7A;
0098E : 9A;
0098F : BA;
00990 : DA;
00991 : 9A;
00992 : 7A;
00993 : 7A;
00994 : 7A;
00995 : 7A;
00996 : 7A;
00997 : 7A;
00998 : 7A;
00999 : 7A;
0099A : 7A;
0099B : 7A;
0099C : 7A;
0099D : 7A;
0099E : DA;
0099F : 76;
009A0 : DA;
009A1 : DA;
009A2 : 9A;
009A3 : 7A;
009A4 : 7A;
009A5 : 7A;
009A6 : 7A;
009A7 : 7A;
009A8 : 7A;
009A9 : 7A;
009AA : 7A;
009AB : 7A;
009AC : 7A;
009AD : BA;
009AE : 9A;
009AF : 04;
009B0 : 7A;
009B1 : 7A;
009B2 : 7A;
009B3 : 7A;
009B4 : 7A;
009B5 : 7A;
009B6 : 7A;
009B7 : 7A;
009B8 : BA;
009B9 : BA;
009BA : 9A;
009BB : 9A;
009BC : 9A;
009BD : 9A;
009BE : 9A;
009BF : 2D;
009C0 : DA;
009C1 : 00;
009C2 : 7A;
009C3 : 7A;
009C4 : 7A;
009C5 : 7A;
009C6 : 7A;
009C7 : 5A;
009C8 : 7A;
009C9 : 7A;
009CA : 7A;
009CB : 7A;
009CC : BA;
009CD : 7A;
009CE : 7A;
009CF : 05;
009D0 : 9A;
009D1 : 7A;
009D2 : 7A;
009D3 : 7A;
009D4 : 7A;
009D5 : 7A;
009D6 : 7A;
009D7 : 7A;
009D8 : DA;
009D9 : BA;
009DA : BA;
009DB : BA;
009DC : 7A;
009DD : 9A;
009DE : 75;
009DF : 29;
009E0 : 29;
009E1 : 29;
009E2 : 7A;
009E3 : 7A;
009E4 : 7A;
009E5 : 7A;
009E6 : 7A;
009E7 : 7A;
009E8 : 7A;
009E9 : 7A;
009EA : 7A;
009EB : 9A;
009EC : 9A;
009ED : 7A;
009EE : 7A;
009EF : 7A;
009F0 : 24;
009F1 : DA;
009F2 : 7A;
009F3 : 7A;
009F4 : 7A;
009F5 : 9A;
009F6 : DA;
009F7 : 29;
009F8 : 29;
009F9 : 29;
009FA : BA;
009FB : DA;
009FC : DA;
009FD : DA;
009FE : 29;
009FF : 29;
00A00 : 29;
00A01 : 29;
00A02 : 29;
00A03 : 9A;
00A04 : 9A;
00A05 : 7A;
00A06 : 7A;
00A07 : 7A;
00A08 : 7A;
00A09 : 7A;
00A0A : BA;
00A0B : 7A;
00A0C : 7A;
00A0D : 7A;
00A0E : 7A;
00A0F : BA;
00A10 : DA;
00A11 : 00;
00A12 : FF;
00A13 : FF;
00A14 : FF;
00A15 : FF;
00A16 : 49;
00A17 : 29;
00A18 : 29;
00A19 : 29;
00A1A : 29;
00A1B : 29;
00A1C : 29;
00A1D : 49;
00A1E : 29;
00A1F : 29;
00A20 : 4D;
00A21 : 29;
00A22 : 29;
00A23 : 29;
00A24 : DA;
00A25 : 7A;
00A26 : 7A;
00A27 : 7A;
00A28 : 7A;
00A29 : 7A;
00A2A : 9A;
00A2B : 7A;
00A2C : 7A;
00A2D : 7A;
00A2E : 7A;
00A2F : DA;
00A30 : DA;
00A31 : 00;
00A32 : 29;
00A33 : 29;
00A34 : 29;
00A35 : 29;
00A36 : 29;
00A37 : 29;
00A38 : 29;
00A39 : 29;
00A3A : 29;
00A3B : 29;
00A3C : 49;
00A3D : 29;
00A3E : 29;
00A3F : 29;
00A40 : 4D;
00A41 : 4D;
00A42 : 4D;
00A43 : 29;
00A44 : 55;
00A45 : 9A;
00A46 : 7A;
00A47 : 7A;
00A48 : 7A;
00A49 : DA;
00A4A : 9A;
00A4B : 7A;
00A4C : 7A;
00A4D : 7A;
00A4E : 7A;
00A4F : FF;
00A50 : 4D;
00A51 : 00;
00A52 : 29;
00A53 : 29;
00A54 : 29;
00A55 : 29;
00A56 : 25;
00A57 : 25;
00A58 : 29;
00A59 : 25;
00A5A : 29;
00A5B : 29;
00A5C : 25;
00A5D : 29;
00A5E : 29;
00A5F : 29;
00A60 : 4D;
00A61 : 4D;
00A62 : 4D;
00A63 : 4D;
00A64 : 29;
00A65 : 9A;
00A66 : 9A;
00A67 : 9A;
00A68 : 9A;
00A69 : BA;
00A6A : 9A;
00A6B : 7A;
00A6C : 7A;
00A6D : 9A;
00A6E : DA;
00A6F : BA;
00A70 : 4D;
00A71 : 00;
00A72 : 29;
00A73 : 29;
00A74 : 29;
00A75 : 29;
00A76 : 29;
00A77 : 29;
00A78 : 29;
00A79 : 29;
00A7A : 29;
00A7B : 25;
00A7C : 29;
00A7D : 29;
00A7E : 29;
00A7F : 25;
00A80 : 4D;
00A81 : 4D;
00A82 : 4D;
00A83 : 4D;
00A84 : 4D;
00A85 : 96;
00A86 : 96;
00A87 : 95;
00A88 : 95;
00A89 : 71;
00A8A : DA;
00A8B : BA;
00A8C : BA;
00A8D : DA;
00A8E : DA;
00A8F : 29;
00A90 : 49;
00A91 : 00;
00A92 : 00;
00A93 : 00;
00A94 : 04;
00A95 : 25;
00A96 : 4D;
00A97 : 29;
00A98 : 49;
00A99 : 29;
00A9A : 25;
00A9B : 29;
00A9C : 29;
00A9D : 29;
00A9E : 29;
00A9F : 25;
00AA0 : 4D;
00AA1 : 4D;
00AA2 : 4D;
00AA3 : 4D;
00AA4 : 29;
00AA5 : 29;
00AA6 : 71;
00AA7 : 51;
00AA8 : 51;
00AA9 : 4D;
00AAA : DA;
00AAB : DA;
00AAC : DA;
00AAD : DA;
00AAE : DA;
00AAF : 29;
00AB0 : 49;
00AB1 : 00;
00AB2 : 00;
00AB3 : 00;
00AB4 : 00;
00AB5 : 04;
00AB6 : 49;
00AB7 : 4D;
00AB8 : 4D;
00AB9 : 4D;
00ABA : 49;
00ABB : 4D;
00ABC : 25;
00ABD : 29;
00ABE : 29;
00ABF : 00;
00AC0 : 4D;
00AC1 : 4D;
00AC2 : 4D;
00AC3 : 4D;
00AC4 : 4D;
00AC5 : 00;
00AC6 : 29;
00AC7 : 29;
00AC8 : 29;
00AC9 : 29;
00ACA : 29;
00ACB : 2D;
00ACC : 9A;
00ACD : 51;
00ACE : 51;
00ACF : 49;
00AD0 : 29;
00AD1 : 00;
00AD2 : 4D;
00AD3 : 51;
00AD4 : 56;
00AD5 : 71;
00AD6 : 00;
00AD7 : 29;
00AD8 : 05;
00AD9 : 4D;
00ADA : 4D;
00ADB : 4D;
00ADC : 29;
00ADD : 25;
00ADE : 00;
00ADF : 00;
00AE0 : 4D;
00AE1 : 4D;
00AE2 : 4D;
00AE3 : 4D;
00AE4 : 4D;
00AE5 : 00;
00AE6 : 00;
00AE7 : 25;
00AE8 : 29;
00AE9 : 29;
00AEA : 29;
00AEB : 29;
00AEC : 2D;
00AED : 05;
00AEE : 05;
00AEF : 25;
00AF0 : 00;
00AF1 : 49;
00AF2 : 4D;
00AF3 : 2D;
00AF4 : 2D;
00AF5 : 2D;
00AF6 : 7A;
00AF7 : 00;
00AF8 : 00;
00AF9 : 49;
00AFA : 4D;
00AFB : 4D;
00AFC : 00;
00AFD : 00;
00AFE : 00;
00AFF : 24;
00B00 : 4D;
00B01 : 4D;
00B02 : 4D;
00B03 : 29;
00B04 : 4D;
00B05 : 00;
00B06 : 00;
00B07 : 05;
00B08 : 05;
00B09 : 00;
00B0A : 29;
00B0B : 29;
00B0C : 2D;
00B0D : 05;
00B0E : 05;
00B0F : 00;
00B10 : 29;
00B11 : 75;
00B12 : 4D;
00B13 : 4D;
00B14 : 25;
00B15 : 29;
00B16 : 09;
00B17 : 76;
00B18 : 76;
00B19 : 29;
00B1A : 00;
00B1B : 00;
00B1C : 00;
00B1D : 00;
00B1E : 25;
00B1F : 6D;
00B20 : 4D;
00B21 : 4D;
00B22 : 4D;
00B23 : 96;
00B24 : 00;
00B25 : 00;
00B26 : 00;
00B27 : 05;
00B28 : 25;
00B29 : 00;
00B2A : 49;
00B2B : 29;
00B2C : 2D;
00B2D : 05;
00B2E : 05;
00B2F : 00;
00B30 : 29;
00B31 : 75;
00B32 : 4D;
00B33 : 4D;
00B34 : 29;
00B35 : 25;
00B36 : 29;
00B37 : 76;
00B38 : 76;
00B39 : 25;
00B3A : 00;
00B3B : 00;
00B3C : 00;
00B3D : 00;
00B3E : 25;
00B3F : 6D;
00B40 : 4D;
00B41 : 25;
00B42 : 25;
00B43 : 24;
00B44 : 00;
00B45 : 29;
00B46 : 29;
00B47 : 2D;
00B48 : 71;
00B49 : 4D;
00B4A : 00;
00B4B : 05;
00B4C : 25;
00B4D : 00;
00B4E : 04;
00B4F : 29;
00B50 : 51;
00B51 : 4D;
00B52 : 4D;
00B53 : 49;
00B54 : 29;
00B55 : 25;
00B56 : 29;
00B57 : 49;
00B58 : 29;
00B59 : 4D;
00B5A : 4D;
00B5B : 4D;
00B5C : 51;
00B5D : 51;
00B5E : 00;
00B5F : 25;
00B60 : 25;
00B61 : 25;
00B62 : 00;
00B63 : 25;
00B64 : 29;
00B65 : 49;
00B66 : 49;
00B67 : 4D;
00B68 : 75;
00B69 : 51;
00B6A : 00;
00B6B : 00;
00B6C : 25;
00B6D : 00;
00B6E : 00;
00B6F : 95;
00B70 : 4D;
00B71 : 4D;
00B72 : 29;
00B73 : 29;
00B74 : 29;
00B75 : 25;
00B76 : 4D;
00B77 : 4D;
00B78 : 4D;
00B79 : 4D;
00B7A : 4D;
00B7B : 4D;
00B7C : 55;
00B7D : 51;
00B7E : 00;
00B7F : 25;
00B80 : 25;
00B81 : 25;
00B82 : 25;
00B83 : 49;
00B84 : 29;
00B85 : 29;
00B86 : 29;
00B87 : 29;
00B88 : 29;
00B89 : 49;
00B8A : 9A;
00B8B : 00;
00B8C : 00;
00B8D : 00;
00B8E : 04;
00B8F : 4D;
00B90 : 49;
00B91 : 49;
00B92 : 25;
00B93 : 25;
00B94 : 4D;
00B95 : 4D;
00B96 : 4D;
00B97 : 4D;
00B98 : 4D;
00B99 : 29;
00B9A : 29;
00B9B : 29;
00B9C : 4D;
00B9D : 29;
00B9E : 04;
00B9F : 00;
00BA0 : 25;
00BA1 : 25;
00BA2 : 49;
00BA3 : 29;
00BA4 : 29;
00BA5 : 29;
00BA6 : 29;
00BA7 : 49;
00BA8 : 4D;
00BA9 : 4D;
00BAA : 29;
00BAB : 4D;
00BAC : 00;
00BAD : 71;
00BAE : 4D;
00BAF : 49;
00BB0 : 49;
00BB1 : 29;
00BB2 : 25;
00BB3 : 25;
00BB4 : 49;
00BB5 : 4D;
00BB6 : 4D;
00BB7 : 4D;
00BB8 : 49;
00BB9 : 29;
00BBA : 29;
00BBB : 29;
00BBC : 29;
00BBD : 29;
00BBE : 00;
00BBF : 00;
00BC0 : 25;
00BC1 : 49;
00BC2 : 49;
00BC3 : 29;
00BC4 : 49;
00BC5 : 29;
00BC6 : 29;
00BC7 : 29;
00BC8 : 4D;
00BC9 : 49;
00BCA : 4D;
00BCB : 29;
00BCC : 49;
00BCD : 49;
00BCE : 29;
00BCF : 49;
00BD0 : 25;
00BD1 : 25;
00BD2 : 25;
00BD3 : 25;
00BD4 : 25;
00BD5 : 29;
00BD6 : 29;
00BD7 : 29;
00BD8 : 29;
00BD9 : 29;
00BDA : 29;
00BDB : 29;
00BDC : 29;
00BDD : 29;
00BDE : 04;
00BDF : 00;
00BE0 : 25;
00BE1 : 49;
00BE2 : 49;
00BE3 : 29;
00BE4 : 49;
00BE5 : 49;
00BE6 : 49;
00BE7 : 49;
00BE8 : 29;
00BE9 : 29;
00BEA : 49;
00BEB : 49;
00BEC : 49;
00BED : 49;
00BEE : 49;
00BEF : 49;
00BF0 : 25;
00BF1 : 25;
00BF2 : 25;
00BF3 : 25;
00BF4 : 25;
00BF5 : 29;
00BF6 : 29;
00BF7 : 29;
00BF8 : 29;
00BF9 : 29;
00BFA : 29;
00BFB : 29;
00BFC : 29;
00BFD : 49;
00BFE : 25;
00BFF : 00;
00C00 : 2D;
00C01 : 2D;
00C02 : 2D;
00C03 : 2D;
00C04 : 2D;
00C05 : 2D;
00C06 : 2D;
00C07 : 2D;
00C08 : 2D;
00C09 : 2D;
00C0A : 2D;
00C0B : 2D;
00C0C : 2D;
00C0D : 2D;
00C0E : 2D;
00C0F : 2D;
00C10 : 2D;
00C11 : 2D;
00C12 : 2D;
00C13 : 2D;
00C14 : 2D;
00C15 : 2D;
00C16 : 2D;
00C17 : 2D;
00C18 : 2D;
00C19 : 2D;
00C1A : 2D;
00C1B : 2D;
00C1C : 2D;
00C1D : 2D;
00C1E : 2D;
00C1F : 2D;
00C20 : 5A;
00C21 : 5A;
00C22 : 5A;
00C23 : 2D;
00C24 : 2D;
00C25 : 2D;
00C26 : 2D;
00C27 : 2D;
00C28 : 2D;
00C29 : 2D;
00C2A : 2D;
00C2B : 2D;
00C2C : 2D;
00C2D : 2D;
00C2E : 2D;
00C2F : 2D;
00C30 : 2D;
00C31 : 2D;
00C32 : 2D;
00C33 : 2D;
00C34 : 2D;
00C35 : 2D;
00C36 : 2D;
00C37 : 2D;
00C38 : 2D;
00C39 : 2D;
00C3A : 2D;
00C3B : 2D;
00C3C : 2D;
00C3D : 2D;
00C3E : 2D;
00C3F : 2D;
00C40 : 25;
00C41 : BA;
00C42 : BA;
00C43 : 56;
00C44 : 31;
00C45 : 31;
00C46 : 31;
00C47 : 2D;
00C48 : 2D;
00C49 : 2D;
00C4A : 2D;
00C4B : 2D;
00C4C : 2D;
00C4D : 2D;
00C4E : 2D;
00C4F : 2D;
00C50 : 2D;
00C51 : 2D;
00C52 : 2D;
00C53 : 2D;
00C54 : 2D;
00C55 : 2D;
00C56 : 0D;
00C57 : 0D;
00C58 : 31;
00C59 : 7A;
00C5A : 7A;
00C5B : 36;
00C5C : 36;
00C5D : 2D;
00C5E : 0D;
00C5F : 25;
00C60 : 25;
00C61 : BA;
00C62 : BA;
00C63 : 5A;
00C64 : 5A;
00C65 : 5A;
00C66 : 56;
00C67 : 0D;
00C68 : 2D;
00C69 : 2D;
00C6A : 2D;
00C6B : 0D;
00C6C : 0D;
00C6D : 2D;
00C6E : 2D;
00C6F : 2D;
00C70 : 2D;
00C71 : 2D;
00C72 : 2D;
00C73 : 2D;
00C74 : 2D;
00C75 : 2D;
00C76 : 0D;
00C77 : 0D;
00C78 : 56;
00C79 : 9A;
00C7A : 9A;
00C7B : 36;
00C7C : 36;
00C7D : 2D;
00C7E : 0D;
00C7F : 25;
00C80 : 25;
00C81 : 25;
00C82 : BA;
00C83 : 5A;
00C84 : 7A;
00C85 : 9A;
00C86 : 9A;
00C87 : 31;
00C88 : 0D;
00C89 : 2D;
00C8A : 2D;
00C8B : 0D;
00C8C : 0D;
00C8D : 2D;
00C8E : 2D;
00C8F : 2D;
00C90 : 2D;
00C91 : 0D;
00C92 : 0D;
00C93 : 2D;
00C94 : 2D;
00C95 : 2D;
00C96 : 0D;
00C97 : 56;
00C98 : 56;
00C99 : 9A;
00C9A : 9A;
00C9B : 36;
00C9C : 2D;
00C9D : 0D;
00C9E : 25;
00C9F : 25;
00CA0 : 25;
00CA1 : 25;
00CA2 : BA;
00CA3 : 5A;
00CA4 : 5A;
00CA5 : 7A;
00CA6 : 7A;
00CA7 : 5A;
00CA8 : 5A;
00CA9 : 56;
00CAA : 31;
00CAB : 0D;
00CAC : 56;
00CAD : 56;
00CAE : 2D;
00CAF : 2D;
00CB0 : 2D;
00CB1 : 0D;
00CB2 : 0D;
00CB3 : 2D;
00CB4 : 2D;
00CB5 : 2D;
00CB6 : 0D;
00CB7 : 5A;
00CB8 : 9A;
00CB9 : 7A;
00CBA : 9A;
00CBB : 36;
00CBC : 2D;
00CBD : 0D;
00CBE : 25;
00CBF : 25;
00CC0 : 25;
00CC1 : 25;
00CC2 : BA;
00CC3 : 5A;
00CC4 : 5A;
00CC5 : 5A;
00CC6 : 5A;
00CC7 : 7A;
00CC8 : 5A;
00CC9 : 36;
00CCA : 31;
00CCB : 0D;
00CCC : 36;
00CCD : 56;
00CCE : 2D;
00CCF : 2D;
00CD0 : 0D;
00CD1 : 2D;
00CD2 : 0D;
00CD3 : 2D;
00CD4 : 2D;
00CD5 : 2D;
00CD6 : 2D;
00CD7 : 5A;
00CD8 : 9A;
00CD9 : 7A;
00CDA : 36;
00CDB : 36;
00CDC : 0D;
00CDD : 25;
00CDE : 25;
00CDF : 25;
00CE0 : 25;
00CE1 : 25;
00CE2 : BA;
00CE3 : 5A;
00CE4 : 5A;
00CE5 : 5A;
00CE6 : 5A;
00CE7 : BA;
00CE8 : 7A;
00CE9 : 56;
00CEA : 36;
00CEB : 36;
00CEC : 5A;
00CED : 5A;
00CEE : 5A;
00CEF : 0D;
00CF0 : 0D;
00CF1 : 0D;
00CF2 : 2D;
00CF3 : 0D;
00CF4 : 2D;
00CF5 : 31;
00CF6 : 0D;
00CF7 : 5A;
00CF8 : 9A;
00CF9 : 7A;
00CFA : 36;
00CFB : 2D;
00CFC : 0D;
00CFD : 25;
00CFE : 25;
00CFF : 25;
00D00 : 25;
00D01 : 25;
00D02 : 25;
00D03 : BA;
00D04 : 5A;
00D05 : 5A;
00D06 : 5A;
00D07 : BA;
00D08 : 7A;
00D09 : 5A;
00D0A : 5A;
00D0B : 5A;
00D0C : 5A;
00D0D : 5A;
00D0E : 5A;
00D0F : 0D;
00D10 : 2D;
00D11 : 2D;
00D12 : 0D;
00D13 : 2D;
00D14 : 2D;
00D15 : 2D;
00D16 : 0D;
00D17 : 7A;
00D18 : 9A;
00D19 : 9A;
00D1A : 36;
00D1B : 2D;
00D1C : 0D;
00D1D : 25;
00D1E : 25;
00D1F : 25;
00D20 : 25;
00D21 : 25;
00D22 : 25;
00D23 : BA;
00D24 : 5A;
00D25 : 5A;
00D26 : 5A;
00D27 : BA;
00D28 : 9A;
00D29 : 5A;
00D2A : 5A;
00D2B : 5A;
00D2C : 5A;
00D2D : 5A;
00D2E : 5A;
00D2F : 0D;
00D30 : 2D;
00D31 : 2D;
00D32 : 0D;
00D33 : 2D;
00D34 : 2D;
00D35 : 0D;
00D36 : 7A;
00D37 : 2D;
00D38 : 9A;
00D39 : 36;
00D3A : 2D;
00D3B : 2D;
00D3C : 25;
00D3D : 25;
00D3E : 25;
00D3F : 25;
00D40 : 25;
00D41 : 25;
00D42 : 25;
00D43 : 29;
00D44 : BA;
00D45 : 5A;
00D46 : 5A;
00D47 : BA;
00D48 : 7A;
00D49 : 5A;
00D4A : 5A;
00D4B : 5A;
00D4C : 5A;
00D4D : 5A;
00D4E : 5A;
00D4F : 2D;
00D50 : 2D;
00D51 : 2D;
00D52 : 2D;
00D53 : 2D;
00D54 : 2D;
00D55 : 0D;
00D56 : 7A;
00D57 : 05;
00D58 : 7A;
00D59 : 36;
00D5A : 2D;
00D5B : 2D;
00D5C : 25;
00D5D : 25;
00D5E : 25;
00D5F : 25;
00D60 : 25;
00D61 : 25;
00D62 : 25;
00D63 : 00;
00D64 : 00;
00D65 : 31;
00D66 : 5A;
00D67 : BA;
00D68 : 7A;
00D69 : 5A;
00D6A : 5A;
00D6B : 5A;
00D6C : 5A;
00D6D : 5A;
00D6E : 5A;
00D6F : 5A;
00D70 : 0D;
00D71 : 2D;
00D72 : 2D;
00D73 : 2D;
00D74 : 0D;
00D75 : 0D;
00D76 : 7A;
00D77 : 25;
00D78 : 25;
00D79 : 2D;
00D7A : 2D;
00D7B : 25;
00D7C : 25;
00D7D : 25;
00D7E : 25;
00D7F : 25;
00D80 : 25;
00D81 : 25;
00D82 : 25;
00D83 : 25;
00D84 : 00;
00D85 : 51;
00D86 : 7A;
00D87 : BA;
00D88 : 7A;
00D89 : 7A;
00D8A : 5A;
00D8B : 5A;
00D8C : 36;
00D8D : 31;
00D8E : 11;
00D8F : 5A;
00D90 : 11;
00D91 : 31;
00D92 : 31;
00D93 : 31;
00D94 : 0D;
00D95 : 0D;
00D96 : 7A;
00D97 : 25;
00D98 : 25;
00D99 : 2D;
00D9A : 2D;
00D9B : 25;
00D9C : 25;
00D9D : 25;
00D9E : 25;
00D9F : 25;
00DA0 : 25;
00DA1 : 25;
00DA2 : 25;
00DA3 : 25;
00DA4 : 04;
00DA5 : 4D;
00DA6 : 76;
00DA7 : BA;
00DA8 : BA;
00DA9 : BA;
00DAA : BA;
00DAB : BA;
00DAC : 32;
00DAD : 32;
00DAE : 36;
00DAF : 7A;
00DB0 : 56;
00DB1 : 32;
00DB2 : 31;
00DB3 : 2D;
00DB4 : 0D;
00DB5 : 0D;
00DB6 : 7A;
00DB7 : 25;
00DB8 : 25;
00DB9 : 25;
00DBA : 2D;
00DBB : 25;
00DBC : 25;
00DBD : 25;
00DBE : 25;
00DBF : 25;
00DC0 : 25;
00DC1 : 25;
00DC2 : 25;
00DC3 : 25;
00DC4 : 04;
00DC5 : 04;
00DC6 : 29;
00DC7 : DA;
00DC8 : BA;
00DC9 : BA;
00DCA : BA;
00DCB : BA;
00DCC : 32;
00DCD : 32;
00DCE : 51;
00DCF : DA;
00DD0 : 9A;
00DD1 : 36;
00DD2 : 0D;
00DD3 : 2D;
00DD4 : 56;
00DD5 : 36;
00DD6 : 7A;
00DD7 : 25;
00DD8 : 25;
00DD9 : 25;
00DDA : 25;
00DDB : 25;
00DDC : 25;
00DDD : 25;
00DDE : 25;
00DDF : 25;
00DE0 : 25;
00DE1 : 25;
00DE2 : 25;
00DE3 : 25;
00DE4 : 25;
00DE5 : 25;
00DE6 : 00;
00DE7 : BA;
00DE8 : BA;
00DE9 : BA;
00DEA : BA;
00DEB : 9A;
00DEC : 32;
00DED : 32;
00DEE : 55;
00DEF : DA;
00DF0 : 7A;
00DF1 : 32;
00DF2 : 0D;
00DF3 : 2D;
00DF4 : 56;
00DF5 : 5A;
00DF6 : 5A;
00DF7 : 25;
00DF8 : 25;
00DF9 : 25;
00DFA : 25;
00DFB : 25;
00DFC : 25;
00DFD : 25;
00DFE : 25;
00DFF : 25;
00E00 : 25;
00E01 : 25;
00E02 : 25;
00E03 : 25;
00E04 : 25;
00E05 : 25;
00E06 : 00;
00E07 : BA;
00E08 : BA;
00E09 : BA;
00E0A : 7A;
00E0B : 56;
00E0C : 32;
00E0D : 32;
00E0E : 51;
00E0F : DA;
00E10 : 7A;
00E11 : 32;
00E12 : 31;
00E13 : 0D;
00E14 : 56;
00E15 : 36;
00E16 : 5A;
00E17 : 25;
00E18 : 25;
00E19 : 25;
00E1A : 25;
00E1B : 25;
00E1C : 25;
00E1D : 25;
00E1E : 25;
00E1F : 25;
00E20 : 25;
00E21 : 25;
00E22 : 25;
00E23 : 25;
00E24 : 25;
00E25 : 25;
00E26 : 00;
00E27 : BA;
00E28 : BA;
00E29 : BA;
00E2A : 9A;
00E2B : 5A;
00E2C : 32;
00E2D : 56;
00E2E : 9A;
00E2F : BA;
00E30 : 7A;
00E31 : 32;
00E32 : 2D;
00E33 : 0D;
00E34 : 9A;
00E35 : BA;
00E36 : 00;
00E37 : 25;
00E38 : 25;
00E39 : 25;
00E3A : 25;
00E3B : 25;
00E3C : 25;
00E3D : 25;
00E3E : 25;
00E3F : 25;
00E40 : 25;
00E41 : 25;
00E42 : 25;
00E43 : 25;
00E44 : 25;
00E45 : 25;
00E46 : 00;
00E47 : 9A;
00E48 : DA;
00E49 : 9A;
00E4A : 9A;
00E4B : 7A;
00E4C : 32;
00E4D : 56;
00E4E : 9A;
00E4F : BA;
00E50 : 7A;
00E51 : 32;
00E52 : 2D;
00E53 : 2D;
00E54 : 7A;
00E55 : 9A;
00E56 : 00;
00E57 : 25;
00E58 : 25;
00E59 : 25;
00E5A : 25;
00E5B : 25;
00E5C : 25;
00E5D : 25;
00E5E : 25;
00E5F : 25;
00E60 : 25;
00E61 : 25;
00E62 : 25;
00E63 : 25;
00E64 : 25;
00E65 : 25;
00E66 : 04;
00E67 : BA;
00E68 : DA;
00E69 : 9A;
00E6A : 7A;
00E6B : 7A;
00E6C : 31;
00E6D : 76;
00E6E : BA;
00E6F : DA;
00E70 : 7A;
00E71 : 32;
00E72 : 0D;
00E73 : 0D;
00E74 : 56;
00E75 : 51;
00E76 : 00;
00E77 : 25;
00E78 : 25;
00E79 : 25;
00E7A : 25;
00E7B : 25;
00E7C : 25;
00E7D : 25;
00E7E : 25;
00E7F : 25;
00E80 : 25;
00E81 : 25;
00E82 : 25;
00E83 : 25;
00E84 : 25;
00E85 : 25;
00E86 : 25;
00E87 : 25;
00E88 : DA;
00E89 : 9A;
00E8A : 7A;
00E8B : 7A;
00E8C : 32;
00E8D : 7A;
00E8E : DA;
00E8F : DA;
00E90 : 7A;
00E91 : 32;
00E92 : 0D;
00E93 : 36;
00E94 : 9A;
00E95 : 75;
00E96 : 00;
00E97 : 25;
00E98 : 25;
00E99 : 25;
00E9A : 25;
00E9B : 25;
00E9C : 25;
00E9D : 25;
00E9E : 25;
00E9F : 25;
00EA0 : 25;
00EA1 : 25;
00EA2 : 25;
00EA3 : 25;
00EA4 : 25;
00EA5 : 25;
00EA6 : 25;
00EA7 : 25;
00EA8 : DA;
00EA9 : 9A;
00EAA : 7A;
00EAB : 7A;
00EAC : 5A;
00EAD : 7A;
00EAE : BA;
00EAF : BA;
00EB0 : 5A;
00EB1 : 36;
00EB2 : 0D;
00EB3 : 56;
00EB4 : 9A;
00EB5 : 75;
00EB6 : 00;
00EB7 : 25;
00EB8 : 25;
00EB9 : 25;
00EBA : 25;
00EBB : 25;
00EBC : 25;
00EBD : 25;
00EBE : 25;
00EBF : 25;
00EC0 : 25;
00EC1 : 25;
00EC2 : 25;
00EC3 : 25;
00EC4 : 25;
00EC5 : 25;
00EC6 : 25;
00EC7 : 25;
00EC8 : DA;
00EC9 : 7A;
00ECA : 7A;
00ECB : 7A;
00ECC : 7A;
00ECD : 9A;
00ECE : BA;
00ECF : BA;
00ED0 : 5A;
00ED1 : 36;
00ED2 : 0D;
00ED3 : 5A;
00ED4 : 9A;
00ED5 : 75;
00ED6 : 25;
00ED7 : 25;
00ED8 : 25;
00ED9 : 25;
00EDA : 25;
00EDB : 25;
00EDC : 25;
00EDD : 25;
00EDE : 25;
00EDF : 25;
00EE0 : 25;
00EE1 : 25;
00EE2 : 25;
00EE3 : 25;
00EE4 : 25;
00EE5 : 25;
00EE6 : 25;
00EE7 : 25;
00EE8 : DA;
00EE9 : 7A;
00EEA : 5A;
00EEB : 5A;
00EEC : 9A;
00EED : BA;
00EEE : BA;
00EEF : 7A;
00EF0 : 56;
00EF1 : 36;
00EF2 : 0D;
00EF3 : 5A;
00EF4 : 2D;
00EF5 : 29;
00EF6 : 25;
00EF7 : 25;
00EF8 : 25;
00EF9 : 25;
00EFA : 25;
00EFB : 25;
00EFC : 25;
00EFD : 25;
00EFE : 25;
00EFF : 25;
00F00 : 25;
00F01 : 25;
00F02 : 25;
00F03 : 25;
00F04 : 25;
00F05 : 25;
00F06 : 25;
00F07 : 25;
00F08 : DA;
00F09 : 7A;
00F0A : 5A;
00F0B : 5A;
00F0C : BA;
00F0D : BA;
00F0E : BA;
00F0F : 5A;
00F10 : 5A;
00F11 : 32;
00F12 : 0D;
00F13 : 56;
00F14 : 05;
00F15 : 04;
00F16 : 25;
00F17 : 25;
00F18 : 25;
00F19 : 25;
00F1A : 25;
00F1B : 25;
00F1C : 25;
00F1D : 25;
00F1E : 25;
00F1F : 25;
00F20 : 25;
00F21 : 25;
00F22 : 25;
00F23 : 25;
00F24 : 25;
00F25 : 25;
00F26 : 25;
00F27 : 25;
00F28 : DA;
00F29 : 7A;
00F2A : 5A;
00F2B : 5A;
00F2C : BA;
00F2D : BA;
00F2E : BA;
00F2F : 5A;
00F30 : 5A;
00F31 : 31;
00F32 : 0D;
00F33 : 56;
00F34 : 04;
00F35 : 25;
00F36 : 25;
00F37 : 25;
00F38 : 25;
00F39 : 25;
00F3A : 25;
00F3B : 25;
00F3C : 25;
00F3D : 25;
00F3E : 25;
00F3F : 25;
00F40 : 25;
00F41 : 25;
00F42 : 25;
00F43 : 25;
00F44 : 25;
00F45 : 25;
00F46 : 25;
00F47 : 25;
00F48 : DA;
00F49 : 7A;
00F4A : 9A;
00F4B : 5A;
00F4C : BA;
00F4D : BA;
00F4E : BA;
00F4F : 5A;
00F50 : 5A;
00F51 : 32;
00F52 : 0D;
00F53 : 56;
00F54 : 04;
00F55 : 25;
00F56 : 25;
00F57 : 25;
00F58 : 25;
00F59 : 25;
00F5A : 25;
00F5B : 25;
00F5C : 25;
00F5D : 25;
00F5E : 25;
00F5F : 25;
00F60 : 25;
00F61 : 25;
00F62 : 25;
00F63 : 25;
00F64 : 25;
00F65 : 25;
00F66 : 25;
00F67 : 25;
00F68 : DA;
00F69 : BA;
00F6A : 9A;
00F6B : 5A;
00F6C : BA;
00F6D : BA;
00F6E : BA;
00F6F : 7A;
00F70 : 5A;
00F71 : 32;
00F72 : 0D;
00F73 : 56;
00F74 : 25;
00F75 : 25;
00F76 : 25;
00F77 : 25;
00F78 : 25;
00F79 : 25;
00F7A : 25;
00F7B : 25;
00F7C : 25;
00F7D : 25;
00F7E : 25;
00F7F : 25;
00F80 : 25;
00F81 : 25;
00F82 : 25;
00F83 : 25;
00F84 : 25;
00F85 : 25;
00F86 : 25;
00F87 : 25;
00F88 : DA;
00F89 : BA;
00F8A : BA;
00F8B : 5A;
00F8C : BA;
00F8D : BA;
00F8E : BA;
00F8F : 7A;
00F90 : 5A;
00F91 : 36;
00F92 : 0D;
00F93 : 56;
00F94 : 25;
00F95 : 25;
00F96 : 25;
00F97 : 25;
00F98 : 25;
00F99 : 25;
00F9A : 25;
00F9B : 25;
00F9C : 25;
00F9D : 25;
00F9E : 25;
00F9F : 25;
00FA0 : 25;
00FA1 : 25;
00FA2 : 25;
00FA3 : 25;
00FA4 : 25;
00FA5 : 25;
00FA6 : 25;
00FA7 : 25;
00FA8 : 25;
00FA9 : BA;
00FAA : BA;
00FAB : 5A;
00FAC : BA;
00FAD : BA;
00FAE : BA;
00FAF : 7A;
00FB0 : 5A;
00FB1 : 32;
00FB2 : 0D;
00FB3 : 5A;
00FB4 : 25;
00FB5 : 25;
00FB6 : 25;
00FB7 : 25;
00FB8 : 25;
00FB9 : 25;
00FBA : 25;
00FBB : 25;
00FBC : 25;
00FBD : 25;
00FBE : 25;
00FBF : 25;
00FC0 : 25;
00FC1 : 25;
00FC2 : 25;
00FC3 : 25;
00FC4 : 25;
00FC5 : 25;
00FC6 : 25;
00FC7 : 25;
00FC8 : 25;
00FC9 : 9A;
00FCA : BA;
00FCB : 7A;
00FCC : BA;
00FCD : BA;
00FCE : BA;
00FCF : 7A;
00FD0 : 5A;
00FD1 : 56;
00FD2 : 56;
00FD3 : 5A;
00FD4 : 25;
00FD5 : 25;
00FD6 : 25;
00FD7 : 25;
00FD8 : 25;
00FD9 : 25;
00FDA : 25;
00FDB : 25;
00FDC : 25;
00FDD : 25;
00FDE : 25;
00FDF : 25;
00FE0 : 25;
00FE1 : 25;
00FE2 : 25;
00FE3 : 25;
00FE4 : 25;
00FE5 : 25;
00FE6 : 25;
00FE7 : 25;
00FE8 : 25;
00FE9 : 95;
00FEA : BA;
00FEB : BA;
00FEC : 7A;
00FED : BA;
00FEE : BA;
00FEF : 5A;
00FF0 : 5A;
00FF1 : 56;
00FF2 : 31;
00FF3 : 5A;
00FF4 : 25;
00FF5 : 25;
00FF6 : 25;
00FF7 : 25;
00FF8 : 25;
00FF9 : 25;
00FFA : 25;
00FFB : 25;
00FFC : 25;
00FFD : 25;
00FFE : 25;
00FFF : 25;
01000 : 25;
01001 : 25;
01002 : 25;
01003 : 25;
01004 : 25;
01005 : 25;
01006 : 25;
01007 : 25;
01008 : 25;
01009 : 25;
0100A : 25;
0100B : 25;
0100C : 25;
0100D : 25;
0100E : 25;
0100F : 25;
01010 : 25;
01011 : 25;
01012 : 25;
01013 : 25;
01014 : 25;
01015 : 25;
01016 : 25;
01017 : 25;
01018 : 25;
01019 : 25;
0101A : 25;
0101B : 25;
0101C : 25;
0101D : 25;
0101E : 25;
0101F : 25;
01020 : 25;
01021 : 25;
01022 : 25;
01023 : 25;
01024 : 25;
01025 : 25;
01026 : 25;
01027 : 25;
01028 : 25;
01029 : 25;
0102A : 25;
0102B : 25;
0102C : 25;
0102D : 25;
0102E : 25;
0102F : 25;
01030 : 25;
01031 : 25;
01032 : 25;
01033 : 25;
01034 : 25;
01035 : 25;
01036 : 25;
01037 : 25;
01038 : 25;
01039 : 25;
0103A : 25;
0103B : 25;
0103C : 25;
0103D : 25;
0103E : 25;
0103F : 25;
01040 : 25;
01041 : 25;
01042 : 25;
01043 : 25;
01044 : 25;
01045 : 25;
01046 : 25;
01047 : 25;
01048 : 25;
01049 : 25;
0104A : 25;
0104B : 25;
0104C : 25;
0104D : 25;
0104E : 25;
0104F : 25;
01050 : 25;
01051 : 25;
01052 : 25;
01053 : 25;
01054 : 25;
01055 : 25;
01056 : 25;
01057 : 25;
01058 : 25;
01059 : 25;
0105A : 25;
0105B : 25;
0105C : 25;
0105D : 25;
0105E : 25;
0105F : 25;
01060 : 25;
01061 : 25;
01062 : 25;
01063 : 25;
01064 : 25;
01065 : 25;
01066 : 25;
01067 : 25;
01068 : 25;
01069 : 25;
0106A : 25;
0106B : 25;
0106C : 25;
0106D : 25;
0106E : 25;
0106F : 25;
01070 : 25;
01071 : 25;
01072 : 25;
01073 : 25;
01074 : 25;
01075 : 25;
01076 : 25;
01077 : 25;
01078 : 25;
01079 : 25;
0107A : 25;
0107B : 25;
0107C : 25;
0107D : 25;
0107E : 25;
0107F : 25;
01080 : 25;
01081 : 25;
01082 : 25;
01083 : 25;
01084 : 25;
01085 : 25;
01086 : 25;
01087 : 25;
01088 : 25;
01089 : 25;
0108A : 25;
0108B : 25;
0108C : 25;
0108D : 25;
0108E : 25;
0108F : 25;
01090 : 25;
01091 : 25;
01092 : 25;
01093 : 25;
01094 : 25;
01095 : 25;
01096 : 25;
01097 : 25;
01098 : 25;
01099 : 25;
0109A : 25;
0109B : 25;
0109C : 25;
0109D : 25;
0109E : 25;
0109F : 25;
010A0 : 25;
010A1 : 25;
010A2 : 25;
010A3 : 25;
010A4 : 25;
010A5 : 25;
010A6 : 25;
010A7 : 25;
010A8 : 25;
010A9 : 25;
010AA : 25;
010AB : 25;
010AC : 25;
010AD : 25;
010AE : 25;
010AF : 25;
010B0 : 25;
010B1 : 25;
010B2 : 25;
010B3 : 25;
010B4 : 25;
010B5 : 25;
010B6 : 25;
010B7 : 25;
010B8 : 25;
010B9 : 25;
010BA : 25;
010BB : 25;
010BC : 25;
010BD : 25;
010BE : 25;
010BF : 25;
010C0 : 25;
010C1 : 25;
010C2 : 25;
010C3 : 25;
010C4 : 25;
010C5 : 25;
010C6 : 25;
010C7 : 25;
010C8 : 25;
010C9 : 25;
010CA : 25;
010CB : 25;
010CC : 25;
010CD : 25;
010CE : 25;
010CF : 25;
010D0 : 25;
010D1 : 25;
010D2 : 25;
010D3 : 25;
010D4 : 25;
010D5 : 25;
010D6 : 25;
010D7 : 25;
010D8 : 25;
010D9 : 25;
010DA : 25;
010DB : 25;
010DC : 25;
010DD : 25;
010DE : 25;
010DF : 25;
010E0 : 25;
010E1 : 25;
010E2 : 25;
010E3 : 25;
010E4 : 25;
010E5 : 25;
010E6 : 25;
010E7 : 25;
010E8 : 25;
010E9 : 25;
010EA : 25;
010EB : 25;
010EC : 25;
010ED : 25;
010EE : 25;
010EF : 25;
010F0 : 25;
010F1 : 25;
010F2 : 25;
010F3 : 25;
010F4 : 25;
010F5 : 25;
010F6 : 25;
010F7 : 25;
010F8 : 25;
010F9 : 25;
010FA : 25;
010FB : 25;
010FC : 25;
010FD : 25;
010FE : 25;
010FF : 25;
01100 : 25;
01101 : 25;
01102 : 25;
01103 : 25;
01104 : 25;
01105 : 25;
01106 : 25;
01107 : 25;
01108 : 25;
01109 : 25;
0110A : 25;
0110B : 25;
0110C : 25;
0110D : 25;
0110E : 25;
0110F : 25;
01110 : 25;
01111 : 25;
01112 : 25;
01113 : 25;
01114 : 25;
01115 : 25;
01116 : 25;
01117 : 25;
01118 : 25;
01119 : 25;
0111A : 25;
0111B : 25;
0111C : 25;
0111D : 25;
0111E : 25;
0111F : 25;
01120 : 25;
01121 : 25;
01122 : 25;
01123 : 25;
01124 : 25;
01125 : 25;
01126 : 25;
01127 : 25;
01128 : 25;
01129 : 25;
0112A : 25;
0112B : 25;
0112C : 25;
0112D : 25;
0112E : 25;
0112F : 25;
01130 : 25;
01131 : 25;
01132 : 25;
01133 : 25;
01134 : 25;
01135 : 25;
01136 : 25;
01137 : 25;
01138 : 25;
01139 : 25;
0113A : 25;
0113B : 25;
0113C : 25;
0113D : 25;
0113E : 25;
0113F : 25;
01140 : 25;
01141 : 25;
01142 : 25;
01143 : 25;
01144 : 25;
01145 : 25;
01146 : 25;
01147 : 25;
01148 : 25;
01149 : 25;
0114A : 25;
0114B : 25;
0114C : 25;
0114D : 25;
0114E : 25;
0114F : 25;
01150 : 25;
01151 : 25;
01152 : 25;
01153 : 25;
01154 : 25;
01155 : 25;
01156 : 25;
01157 : 25;
01158 : 25;
01159 : 25;
0115A : 25;
0115B : 25;
0115C : 25;
0115D : 25;
0115E : 25;
0115F : 25;
01160 : 25;
01161 : 25;
01162 : 25;
01163 : 25;
01164 : 25;
01165 : 25;
01166 : 25;
01167 : 25;
01168 : 25;
01169 : 25;
0116A : 25;
0116B : 25;
0116C : 25;
0116D : 25;
0116E : 25;
0116F : 25;
01170 : 25;
01171 : 25;
01172 : 25;
01173 : 25;
01174 : 25;
01175 : 25;
01176 : 25;
01177 : 25;
01178 : 25;
01179 : 25;
0117A : 25;
0117B : 25;
0117C : 25;
0117D : 25;
0117E : 25;
0117F : 25;
01180 : 25;
01181 : 25;
01182 : 25;
01183 : 25;
01184 : 25;
01185 : 25;
01186 : 25;
01187 : 25;
01188 : 25;
01189 : 25;
0118A : 25;
0118B : 25;
0118C : 25;
0118D : 25;
0118E : 25;
0118F : 25;
01190 : 25;
01191 : 25;
01192 : 25;
01193 : 25;
01194 : 25;
01195 : 25;
01196 : 25;
01197 : 25;
01198 : 25;
01199 : 25;
0119A : 25;
0119B : 25;
0119C : 25;
0119D : 25;
0119E : 25;
0119F : 25;
011A0 : 25;
011A1 : 25;
011A2 : 25;
011A3 : 25;
011A4 : 25;
011A5 : 25;
011A6 : 25;
011A7 : 25;
011A8 : 25;
011A9 : 25;
011AA : 25;
011AB : 25;
011AC : 25;
011AD : 25;
011AE : 25;
011AF : 25;
011B0 : 25;
011B1 : 25;
011B2 : 25;
011B3 : 25;
011B4 : 25;
011B5 : 25;
011B6 : 25;
011B7 : 25;
011B8 : 25;
011B9 : 25;
011BA : 25;
011BB : 25;
011BC : 25;
011BD : 25;
011BE : 25;
011BF : 25;
011C0 : 25;
011C1 : 25;
011C2 : 25;
011C3 : 25;
011C4 : 25;
011C5 : 25;
011C6 : 25;
011C7 : 25;
011C8 : 25;
011C9 : 25;
011CA : 25;
011CB : 25;
011CC : 25;
011CD : 25;
011CE : 25;
011CF : 25;
011D0 : 25;
011D1 : 25;
011D2 : 25;
011D3 : 25;
011D4 : 25;
011D5 : 25;
011D6 : 25;
011D7 : 25;
011D8 : 25;
011D9 : 25;
011DA : 25;
011DB : 25;
011DC : 25;
011DD : 25;
011DE : 25;
011DF : 25;
011E0 : 25;
011E1 : 25;
011E2 : 25;
011E3 : 25;
011E4 : 25;
011E5 : 25;
011E6 : 25;
011E7 : 25;
011E8 : 25;
011E9 : 25;
011EA : 25;
011EB : 25;
011EC : 25;
011ED : 25;
011EE : 25;
011EF : 25;
011F0 : 25;
011F1 : 25;
011F2 : 25;
011F3 : 25;
011F4 : 25;
011F5 : 25;
011F6 : 25;
011F7 : 25;
011F8 : 25;
011F9 : 25;
011FA : 25;
011FB : 25;
011FC : 25;
011FD : 25;
011FE : 25;
011FF : 25;
01200 : 25;
01201 : 25;
01202 : 25;
01203 : 25;
01204 : 25;
01205 : 25;
01206 : 25;
01207 : 25;
01208 : 25;
01209 : 25;
0120A : 25;
0120B : 25;
0120C : 25;
0120D : 25;
0120E : 25;
0120F : 25;
01210 : 25;
01211 : 25;
01212 : 25;
01213 : 25;
01214 : 25;
01215 : 25;
01216 : 25;
01217 : 25;
01218 : 25;
01219 : 25;
0121A : 25;
0121B : 25;
0121C : 25;
0121D : 25;
0121E : 25;
0121F : 25;
01220 : 25;
01221 : 25;
01222 : 25;
01223 : 25;
01224 : 25;
01225 : 25;
01226 : 25;
01227 : 25;
01228 : 25;
01229 : 25;
0122A : 25;
0122B : 25;
0122C : 25;
0122D : 25;
0122E : 25;
0122F : 25;
01230 : 25;
01231 : 25;
01232 : 25;
01233 : 25;
01234 : 25;
01235 : 25;
01236 : 25;
01237 : 25;
01238 : 25;
01239 : 25;
0123A : 25;
0123B : 25;
0123C : 25;
0123D : 25;
0123E : 25;
0123F : 25;
01240 : 25;
01241 : 25;
01242 : 25;
01243 : 25;
01244 : 25;
01245 : 25;
01246 : 25;
01247 : 25;
01248 : 25;
01249 : 25;
0124A : 25;
0124B : 25;
0124C : 25;
0124D : 25;
0124E : 25;
0124F : 25;
01250 : 25;
01251 : 25;
01252 : 25;
01253 : 25;
01254 : 25;
01255 : 25;
01256 : 25;
01257 : 25;
01258 : 25;
01259 : 25;
0125A : 25;
0125B : 25;
0125C : 25;
0125D : 25;
0125E : 25;
0125F : 25;
01260 : 25;
01261 : 25;
01262 : 25;
01263 : 25;
01264 : 25;
01265 : 25;
01266 : 25;
01267 : 25;
01268 : 25;
01269 : 25;
0126A : 25;
0126B : 25;
0126C : 25;
0126D : 25;
0126E : 25;
0126F : 25;
01270 : 25;
01271 : 25;
01272 : 25;
01273 : 25;
01274 : 25;
01275 : 25;
01276 : 25;
01277 : 25;
01278 : 25;
01279 : 25;
0127A : 25;
0127B : 25;
0127C : 25;
0127D : 25;
0127E : 25;
0127F : 25;
01280 : 25;
01281 : 25;
01282 : 25;
01283 : 25;
01284 : 25;
01285 : 25;
01286 : 25;
01287 : 25;
01288 : 25;
01289 : 25;
0128A : 25;
0128B : 25;
0128C : 25;
0128D : 25;
0128E : 25;
0128F : 25;
01290 : 25;
01291 : 25;
01292 : 25;
01293 : 25;
01294 : 25;
01295 : 25;
01296 : 25;
01297 : 25;
01298 : 25;
01299 : 25;
0129A : 25;
0129B : 25;
0129C : 25;
0129D : 25;
0129E : 25;
0129F : 25;
012A0 : 25;
012A1 : 25;
012A2 : 25;
012A3 : 25;
012A4 : 25;
012A5 : 25;
012A6 : 25;
012A7 : 25;
012A8 : 25;
012A9 : 25;
012AA : 25;
012AB : 25;
012AC : 25;
012AD : 25;
012AE : 25;
012AF : 25;
012B0 : 25;
012B1 : 25;
012B2 : 25;
012B3 : 25;
012B4 : 25;
012B5 : 25;
012B6 : 25;
012B7 : 25;
012B8 : 25;
012B9 : 25;
012BA : 25;
012BB : 25;
012BC : 25;
012BD : 25;
012BE : 25;
012BF : 25;
012C0 : 25;
012C1 : 25;
012C2 : 25;
012C3 : 25;
012C4 : 25;
012C5 : 25;
012C6 : 25;
012C7 : 25;
012C8 : 25;
012C9 : 25;
012CA : 25;
012CB : 25;
012CC : 25;
012CD : 25;
012CE : 25;
012CF : 25;
012D0 : 25;
012D1 : 25;
012D2 : 25;
012D3 : 25;
012D4 : 25;
012D5 : 25;
012D6 : 25;
012D7 : 25;
012D8 : 25;
012D9 : 25;
012DA : 25;
012DB : 25;
012DC : 25;
012DD : 25;
012DE : 25;
012DF : 25;
012E0 : 25;
012E1 : 25;
012E2 : 25;
012E3 : 25;
012E4 : 25;
012E5 : 25;
012E6 : 25;
012E7 : 25;
012E8 : 25;
012E9 : 25;
012EA : 25;
012EB : 25;
012EC : 25;
012ED : 25;
012EE : 25;
012EF : 25;
012F0 : 25;
012F1 : 25;
012F2 : 25;
012F3 : 25;
012F4 : 25;
012F5 : 25;
012F6 : 25;
012F7 : 25;
012F8 : 25;
012F9 : 25;
012FA : 25;
012FB : 25;
012FC : 25;
012FD : 25;
012FE : 25;
012FF : 25;
01300 : 25;
01301 : 25;
01302 : 25;
01303 : 25;
01304 : 25;
01305 : 25;
01306 : 25;
01307 : 25;
01308 : 25;
01309 : 25;
0130A : 25;
0130B : 25;
0130C : 25;
0130D : 25;
0130E : 25;
0130F : 25;
01310 : 25;
01311 : 25;
01312 : 25;
01313 : 25;
01314 : 25;
01315 : 25;
01316 : 25;
01317 : 25;
01318 : 25;
01319 : 25;
0131A : 25;
0131B : 25;
0131C : 25;
0131D : 25;
0131E : 25;
0131F : 25;
01320 : 25;
01321 : 25;
01322 : 25;
01323 : 25;
01324 : 25;
01325 : 25;
01326 : 25;
01327 : 25;
01328 : 25;
01329 : 25;
0132A : 25;
0132B : 25;
0132C : 25;
0132D : 25;
0132E : 25;
0132F : 25;
01330 : 25;
01331 : 25;
01332 : 25;
01333 : 25;
01334 : 25;
01335 : 25;
01336 : 25;
01337 : 25;
01338 : 25;
01339 : 25;
0133A : 25;
0133B : 25;
0133C : 25;
0133D : 25;
0133E : 25;
0133F : 25;
01340 : 25;
01341 : 25;
01342 : 25;
01343 : 25;
01344 : 25;
01345 : 25;
01346 : 25;
01347 : 25;
01348 : 25;
01349 : 25;
0134A : 25;
0134B : 25;
0134C : 25;
0134D : 25;
0134E : 25;
0134F : 25;
01350 : 25;
01351 : 25;
01352 : 25;
01353 : 25;
01354 : 25;
01355 : 25;
01356 : 25;
01357 : 25;
01358 : 25;
01359 : 25;
0135A : 25;
0135B : 25;
0135C : 25;
0135D : 25;
0135E : 25;
0135F : 25;
01360 : 25;
01361 : 25;
01362 : 25;
01363 : 25;
01364 : 25;
01365 : 25;
01366 : 25;
01367 : 25;
01368 : 25;
01369 : 25;
0136A : 25;
0136B : 25;
0136C : 25;
0136D : 25;
0136E : 25;
0136F : 25;
01370 : 25;
01371 : 25;
01372 : 25;
01373 : 25;
01374 : 25;
01375 : 25;
01376 : 25;
01377 : 25;
01378 : 25;
01379 : 25;
0137A : 25;
0137B : 25;
0137C : 25;
0137D : 25;
0137E : 25;
0137F : 25;
01380 : 25;
01381 : 25;
01382 : 25;
01383 : 25;
01384 : 25;
01385 : 25;
01386 : 25;
01387 : 25;
01388 : 25;
01389 : 25;
0138A : 25;
0138B : 25;
0138C : 25;
0138D : 25;
0138E : 25;
0138F : 25;
01390 : 25;
01391 : 25;
01392 : 25;
01393 : 25;
01394 : 25;
01395 : 25;
01396 : 25;
01397 : 25;
01398 : 25;
01399 : 25;
0139A : 25;
0139B : 25;
0139C : 25;
0139D : 25;
0139E : 25;
0139F : 25;
013A0 : 25;
013A1 : 25;
013A2 : 25;
013A3 : 25;
013A4 : 25;
013A5 : 25;
013A6 : 25;
013A7 : 25;
013A8 : 25;
013A9 : 25;
013AA : 25;
013AB : 25;
013AC : 25;
013AD : 25;
013AE : 25;
013AF : 25;
013B0 : 25;
013B1 : 25;
013B2 : 25;
013B3 : 25;
013B4 : 25;
013B5 : 25;
013B6 : 25;
013B7 : 25;
013B8 : 25;
013B9 : 25;
013BA : 25;
013BB : 25;
013BC : 25;
013BD : 25;
013BE : 25;
013BF : 25;
013C0 : 25;
013C1 : 25;
013C2 : 25;
013C3 : 25;
013C4 : 25;
013C5 : 25;
013C6 : 25;
013C7 : 25;
013C8 : 25;
013C9 : 25;
013CA : 25;
013CB : 25;
013CC : 25;
013CD : 25;
013CE : 25;
013CF : 25;
013D0 : 25;
013D1 : 25;
013D2 : 25;
013D3 : 25;
013D4 : 25;
013D5 : 25;
013D6 : 25;
013D7 : 25;
013D8 : 25;
013D9 : 25;
013DA : 25;
013DB : 25;
013DC : 25;
013DD : 25;
013DE : 25;
013DF : 25;
013E0 : 25;
013E1 : 25;
013E2 : 25;
013E3 : 25;
013E4 : 25;
013E5 : 25;
013E6 : 25;
013E7 : 25;
013E8 : 25;
013E9 : 25;
013EA : 25;
013EB : 25;
013EC : 25;
013ED : 25;
013EE : 25;
013EF : 25;
013F0 : 25;
013F1 : 25;
013F2 : 25;
013F3 : 25;
013F4 : 25;
013F5 : 25;
013F6 : 25;
013F7 : 25;
013F8 : 25;
013F9 : 25;
013FA : 25;
013FB : 25;
013FC : 25;
013FD : 25;
013FE : 25;
013FF : 25;
01400 : 25;
01401 : 25;
01402 : 9A;
01403 : 9A;
01404 : 9A;
01405 : 2D;
01406 : 2D;
01407 : 2D;
01408 : 2D;
01409 : 2D;
0140A : 2D;
0140B : 2D;
0140C : 2D;
0140D : 2D;
0140E : 2D;
0140F : 2D;
01410 : 2D;
01411 : 2D;
01412 : 2D;
01413 : 2D;
01414 : 2D;
01415 : 2D;
01416 : 2D;
01417 : 2D;
01418 : 2D;
01419 : 2D;
0141A : 2D;
0141B : 2D;
0141C : 2D;
0141D : 2D;
0141E : 2D;
0141F : 2D;
01420 : 25;
01421 : 25;
01422 : 25;
01423 : 9A;
01424 : 9A;
01425 : 9A;
01426 : 9A;
01427 : 2D;
01428 : 2D;
01429 : 2D;
0142A : 2D;
0142B : 2D;
0142C : 2D;
0142D : 2D;
0142E : 2D;
0142F : 2D;
01430 : 2D;
01431 : 2D;
01432 : 2D;
01433 : 2D;
01434 : 2D;
01435 : 2D;
01436 : 2D;
01437 : 2D;
01438 : 2D;
01439 : 2D;
0143A : 2D;
0143B : 2D;
0143C : 2D;
0143D : 2D;
0143E : 2D;
0143F : 2D;
01440 : 25;
01441 : 25;
01442 : 25;
01443 : 25;
01444 : 25;
01445 : 9A;
01446 : 7A;
01447 : 9A;
01448 : 2D;
01449 : 2D;
0144A : 2D;
0144B : 2D;
0144C : 2D;
0144D : 2D;
0144E : 2D;
0144F : 2D;
01450 : 2D;
01451 : 2D;
01452 : 2D;
01453 : 2D;
01454 : 2D;
01455 : 2D;
01456 : 2D;
01457 : 2D;
01458 : 2D;
01459 : 2D;
0145A : 2D;
0145B : 2D;
0145C : 2D;
0145D : 2D;
0145E : 2D;
0145F : 2D;
01460 : 25;
01461 : 25;
01462 : 25;
01463 : 25;
01464 : 25;
01465 : 5A;
01466 : 7A;
01467 : 9A;
01468 : 36;
01469 : 0D;
0146A : 2D;
0146B : 2D;
0146C : 2D;
0146D : 0D;
0146E : 2D;
0146F : 0D;
01470 : 0D;
01471 : 0D;
01472 : 2D;
01473 : 2D;
01474 : 0D;
01475 : 2D;
01476 : 2D;
01477 : 0D;
01478 : 2D;
01479 : 2D;
0147A : 0D;
0147B : 2D;
0147C : 2D;
0147D : 2D;
0147E : 2D;
0147F : 2D;
01480 : 25;
01481 : 25;
01482 : 25;
01483 : 25;
01484 : 25;
01485 : 25;
01486 : 9A;
01487 : 9A;
01488 : 5A;
01489 : 0D;
0148A : 2D;
0148B : 2D;
0148C : 2D;
0148D : 2D;
0148E : 2D;
0148F : 0D;
01490 : 0D;
01491 : 0D;
01492 : 0D;
01493 : 0D;
01494 : 0D;
01495 : 0D;
01496 : 0D;
01497 : 0D;
01498 : 0D;
01499 : 0D;
0149A : 0D;
0149B : 0D;
0149C : 2D;
0149D : 2D;
0149E : 2D;
0149F : 2D;
014A0 : 25;
014A1 : 25;
014A2 : 25;
014A3 : 25;
014A4 : 25;
014A5 : 25;
014A6 : 25;
014A7 : 9A;
014A8 : 9A;
014A9 : 36;
014AA : 5A;
014AB : 2D;
014AC : 2D;
014AD : 0D;
014AE : 0D;
014AF : 0D;
014B0 : 0D;
014B1 : 0D;
014B2 : 31;
014B3 : 0D;
014B4 : 2D;
014B5 : 2D;
014B6 : 2D;
014B7 : 0D;
014B8 : 2D;
014B9 : 0D;
014BA : 0D;
014BB : 2D;
014BC : 0D;
014BD : 2D;
014BE : 2D;
014BF : 2D;
014C0 : 25;
014C1 : 25;
014C2 : 25;
014C3 : 25;
014C4 : 25;
014C5 : 25;
014C6 : 25;
014C7 : 25;
014C8 : 9A;
014C9 : 36;
014CA : 5A;
014CB : 56;
014CC : 0D;
014CD : 2D;
014CE : 0D;
014CF : 0D;
014D0 : 0D;
014D1 : 0D;
014D2 : 11;
014D3 : 32;
014D4 : 31;
014D5 : 0D;
014D6 : 2D;
014D7 : 0D;
014D8 : 0D;
014D9 : 0D;
014DA : 0D;
014DB : 2D;
014DC : 0D;
014DD : 0D;
014DE : 0D;
014DF : 2D;
014E0 : 25;
014E1 : 25;
014E2 : 25;
014E3 : 25;
014E4 : 25;
014E5 : 25;
014E6 : 25;
014E7 : 25;
014E8 : 4D;
014E9 : 9A;
014EA : 5A;
014EB : 5A;
014EC : 31;
014ED : 0D;
014EE : 0D;
014EF : 2D;
014F0 : 0D;
014F1 : 0D;
014F2 : 31;
014F3 : 36;
014F4 : 36;
014F5 : 0D;
014F6 : 2D;
014F7 : 0D;
014F8 : 2D;
014F9 : 2D;
014FA : 0D;
014FB : 0D;
014FC : 56;
014FD : 0D;
014FE : 2D;
014FF : 0D;
01500 : 25;
01501 : 25;
01502 : 25;
01503 : 25;
01504 : 25;
01505 : 25;
01506 : 25;
01507 : 25;
01508 : 25;
01509 : 7A;
0150A : 5A;
0150B : 5A;
0150C : 31;
0150D : 56;
0150E : 56;
0150F : 2D;
01510 : 2D;
01511 : 0D;
01512 : 31;
01513 : 5A;
01514 : 5A;
01515 : 11;
01516 : 2D;
01517 : 2D;
01518 : 2D;
01519 : 2D;
0151A : 0D;
0151B : 11;
0151C : 5A;
0151D : 0D;
0151E : 2D;
0151F : 0D;
01520 : 25;
01521 : 25;
01522 : 25;
01523 : 25;
01524 : 25;
01525 : 25;
01526 : 25;
01527 : 25;
01528 : 25;
01529 : BA;
0152A : 7A;
0152B : BA;
0152C : 36;
0152D : 36;
0152E : 56;
0152F : 0D;
01530 : 11;
01531 : 5A;
01532 : 5A;
01533 : 5A;
01534 : 5A;
01535 : 0D;
01536 : 2D;
01537 : 2D;
01538 : 2D;
01539 : 0D;
0153A : 36;
0153B : 5A;
0153C : 5A;
0153D : 31;
0153E : 0D;
0153F : 0D;
01540 : 25;
01541 : 25;
01542 : 25;
01543 : 25;
01544 : 25;
01545 : 25;
01546 : 25;
01547 : 25;
01548 : 25;
01549 : BA;
0154A : 9A;
0154B : 9A;
0154C : 5A;
0154D : 36;
0154E : 36;
0154F : 56;
01550 : 36;
01551 : 7A;
01552 : 5A;
01553 : 5A;
01554 : 5A;
01555 : 36;
01556 : 2D;
01557 : 0D;
01558 : 0D;
01559 : 5A;
0155A : 5A;
0155B : 5A;
0155C : 5A;
0155D : 31;
0155E : 0D;
0155F : 56;
01560 : 25;
01561 : 25;
01562 : 25;
01563 : 25;
01564 : 25;
01565 : 25;
01566 : 25;
01567 : 25;
01568 : 25;
01569 : DA;
0156A : BA;
0156B : BA;
0156C : 5A;
0156D : 05;
0156E : 05;
0156F : 5A;
01570 : 7A;
01571 : 5A;
01572 : 5A;
01573 : 5A;
01574 : 5A;
01575 : 36;
01576 : 31;
01577 : 0D;
01578 : 0D;
01579 : 5A;
0157A : 5A;
0157B : 5A;
0157C : 5A;
0157D : 31;
0157E : 0D;
0157F : 5A;
01580 : 25;
01581 : 25;
01582 : 25;
01583 : 25;
01584 : 25;
01585 : 25;
01586 : 25;
01587 : 25;
01588 : 25;
01589 : BA;
0158A : BA;
0158B : BA;
0158C : 5A;
0158D : 04;
0158E : 04;
0158F : 5A;
01590 : 7A;
01591 : 5A;
01592 : 5A;
01593 : 5A;
01594 : 5A;
01595 : 36;
01596 : 36;
01597 : 31;
01598 : 31;
01599 : 5A;
0159A : 5A;
0159B : 5A;
0159C : 5A;
0159D : 11;
0159E : 0D;
0159F : 56;
015A0 : 25;
015A1 : 25;
015A2 : 25;
015A3 : 25;
015A4 : 25;
015A5 : 25;
015A6 : 25;
015A7 : 25;
015A8 : 25;
015A9 : B6;
015AA : 71;
015AB : BA;
015AC : 56;
015AD : 25;
015AE : 04;
015AF : 5A;
015B0 : 9A;
015B1 : 5A;
015B2 : 5A;
015B3 : 5A;
015B4 : 5A;
015B5 : 9A;
015B6 : 9A;
015B7 : 5A;
015B8 : 5A;
015B9 : 5A;
015BA : 5A;
015BB : 5A;
015BC : 5A;
015BD : 31;
015BE : 0D;
015BF : 7A;
015C0 : 25;
015C1 : 25;
015C2 : 25;
015C3 : 25;
015C4 : 25;
015C5 : 25;
015C6 : 25;
015C7 : 25;
015C8 : 25;
015C9 : 00;
015CA : 00;
015CB : BA;
015CC : 56;
015CD : 25;
015CE : 04;
015CF : 5A;
015D0 : 9A;
015D1 : 5A;
015D2 : 5A;
015D3 : 5A;
015D4 : 5A;
015D5 : 9A;
015D6 : 9A;
015D7 : 5A;
015D8 : 5A;
015D9 : 5A;
015DA : 5A;
015DB : 5A;
015DC : 5A;
015DD : 11;
015DE : 0D;
015DF : 7A;
015E0 : 25;
015E1 : 25;
015E2 : 25;
015E3 : 25;
015E4 : 25;
015E5 : 25;
015E6 : 25;
015E7 : 25;
015E8 : 25;
015E9 : 25;
015EA : 00;
015EB : 9A;
015EC : 7A;
015ED : 25;
015EE : 04;
015EF : 5A;
015F0 : 9A;
015F1 : 5A;
015F2 : 5A;
015F3 : 5A;
015F4 : 5A;
015F5 : BA;
015F6 : BA;
015F7 : 5A;
015F8 : 5A;
015F9 : 5A;
015FA : 5A;
015FB : 5A;
015FC : 0D;
015FD : 0D;
015FE : 0D;
015FF : 7A;
01600 : 25;
01601 : 25;
01602 : 25;
01603 : 25;
01604 : 25;
01605 : 25;
01606 : 25;
01607 : 25;
01608 : 25;
01609 : 25;
0160A : 00;
0160B : 9A;
0160C : 05;
0160D : 25;
0160E : 04;
0160F : 7A;
01610 : BA;
01611 : 5A;
01612 : 5A;
01613 : 5A;
01614 : 5A;
01615 : BA;
01616 : BA;
01617 : 5A;
01618 : 5A;
01619 : 5A;
0161A : 5A;
0161B : 5A;
0161C : 0D;
0161D : 0D;
0161E : 0D;
0161F : 7A;
01620 : 25;
01621 : 25;
01622 : 25;
01623 : 25;
01624 : 25;
01625 : 25;
01626 : 25;
01627 : 25;
01628 : 25;
01629 : 25;
0162A : 00;
0162B : 9A;
0162C : 25;
0162D : 25;
0162E : 04;
0162F : 7A;
01630 : BA;
01631 : 7A;
01632 : 7A;
01633 : 5A;
01634 : 5A;
01635 : BA;
01636 : BA;
01637 : BA;
01638 : 5A;
01639 : 5A;
0163A : 5A;
0163B : 5A;
0163C : 0D;
0163D : 0D;
0163E : 0D;
0163F : 7A;
01640 : 25;
01641 : 25;
01642 : 25;
01643 : 25;
01644 : 25;
01645 : 25;
01646 : 25;
01647 : 25;
01648 : 25;
01649 : 25;
0164A : 00;
0164B : 9A;
0164C : 25;
0164D : 25;
0164E : 04;
0164F : 9A;
01650 : BA;
01651 : 7A;
01652 : 7A;
01653 : 5A;
01654 : 5A;
01655 : BA;
01656 : BA;
01657 : BA;
01658 : 5A;
01659 : 5A;
0165A : 5A;
0165B : 5A;
0165C : 0D;
0165D : 0D;
0165E : 0D;
0165F : 9A;
01660 : 25;
01661 : 25;
01662 : 25;
01663 : 25;
01664 : 25;
01665 : 25;
01666 : 25;
01667 : 25;
01668 : 25;
01669 : 25;
0166A : 05;
0166B : 04;
0166C : 25;
0166D : 25;
0166E : 04;
0166F : 9A;
01670 : DA;
01671 : 9A;
01672 : 7A;
01673 : 5A;
01674 : 5A;
01675 : BA;
01676 : DA;
01677 : BA;
01678 : 5A;
01679 : 5A;
0167A : 5A;
0167B : 5A;
0167C : 0D;
0167D : 2D;
0167E : 0D;
0167F : 9A;
01680 : 25;
01681 : 25;
01682 : 25;
01683 : 25;
01684 : 25;
01685 : 25;
01686 : 25;
01687 : 25;
01688 : 25;
01689 : 25;
0168A : 25;
0168B : 25;
0168C : 25;
0168D : 25;
0168E : 00;
0168F : 9A;
01690 : DA;
01691 : DA;
01692 : BA;
01693 : 5A;
01694 : 5A;
01695 : BA;
01696 : DA;
01697 : BA;
01698 : 5A;
01699 : 5A;
0169A : 5A;
0169B : 5A;
0169C : 0D;
0169D : 0D;
0169E : 0D;
0169F : 9A;
016A0 : 25;
016A1 : 25;
016A2 : 25;
016A3 : 25;
016A4 : 25;
016A5 : 25;
016A6 : 25;
016A7 : 25;
016A8 : 25;
016A9 : 25;
016AA : 25;
016AB : 25;
016AC : 25;
016AD : 25;
016AE : 25;
016AF : 25;
016B0 : DA;
016B1 : DA;
016B2 : BA;
016B3 : 5A;
016B4 : 5A;
016B5 : BA;
016B6 : DA;
016B7 : DA;
016B8 : 5A;
016B9 : 7A;
016BA : 56;
016BB : 2D;
016BC : 0D;
016BD : 5A;
016BE : 7A;
016BF : 25;
016C0 : 25;
016C1 : 25;
016C2 : 25;
016C3 : 25;
016C4 : 25;
016C5 : 25;
016C6 : 25;
016C7 : 25;
016C8 : 25;
016C9 : 25;
016CA : 25;
016CB : 25;
016CC : 25;
016CD : 25;
016CE : 25;
016CF : 25;
016D0 : DA;
016D1 : DA;
016D2 : BA;
016D3 : 9A;
016D4 : 5A;
016D5 : BA;
016D6 : DA;
016D7 : DA;
016D8 : 5A;
016D9 : 5A;
016DA : 56;
016DB : 2D;
016DC : 0D;
016DD : 5A;
016DE : 9A;
016DF : 25;
016E0 : 25;
016E1 : 25;
016E2 : 25;
016E3 : 25;
016E4 : 25;
016E5 : 25;
016E6 : 25;
016E7 : 25;
016E8 : 25;
016E9 : 25;
016EA : 25;
016EB : 25;
016EC : 25;
016ED : 25;
016EE : 25;
016EF : 25;
016F0 : DA;
016F1 : DA;
016F2 : BA;
016F3 : 9A;
016F4 : 5A;
016F5 : BA;
016F6 : BA;
016F7 : BA;
016F8 : 5A;
016F9 : 5A;
016FA : 56;
016FB : 2D;
016FC : 2D;
016FD : 56;
016FE : 9A;
016FF : 25;
01700 : 25;
01701 : 25;
01702 : 25;
01703 : 25;
01704 : 25;
01705 : 25;
01706 : 25;
01707 : 25;
01708 : 25;
01709 : 25;
0170A : 25;
0170B : 25;
0170C : 25;
0170D : 25;
0170E : 25;
0170F : 25;
01710 : DA;
01711 : BA;
01712 : BA;
01713 : 9A;
01714 : 5A;
01715 : BA;
01716 : BA;
01717 : BA;
01718 : 5A;
01719 : 5A;
0171A : 56;
0171B : 2D;
0171C : 0D;
0171D : 5A;
0171E : 9A;
0171F : 25;
01720 : 25;
01721 : 25;
01722 : 25;
01723 : 25;
01724 : 25;
01725 : 25;
01726 : 25;
01727 : 25;
01728 : 25;
01729 : 25;
0172A : 25;
0172B : 25;
0172C : 25;
0172D : 25;
0172E : 25;
0172F : 25;
01730 : BA;
01731 : BA;
01732 : BA;
01733 : 9A;
01734 : 5A;
01735 : BA;
01736 : BA;
01737 : BA;
01738 : 5A;
01739 : 5A;
0173A : 56;
0173B : 2D;
0173C : 2D;
0173D : 56;
0173E : 9A;
0173F : 25;
01740 : 25;
01741 : 25;
01742 : 25;
01743 : 25;
01744 : 25;
01745 : 25;
01746 : 25;
01747 : 25;
01748 : 25;
01749 : 25;
0174A : 25;
0174B : 25;
0174C : 25;
0174D : 25;
0174E : 25;
0174F : 25;
01750 : 2D;
01751 : 9A;
01752 : BA;
01753 : 9A;
01754 : 56;
01755 : 9A;
01756 : 9A;
01757 : BA;
01758 : 5A;
01759 : 5A;
0175A : 56;
0175B : 2D;
0175C : 2D;
0175D : 5A;
0175E : 7A;
0175F : 25;
01760 : 25;
01761 : 25;
01762 : 25;
01763 : 25;
01764 : 25;
01765 : 25;
01766 : 25;
01767 : 25;
01768 : 25;
01769 : 25;
0176A : 25;
0176B : 25;
0176C : 25;
0176D : 25;
0176E : 25;
0176F : 25;
01770 : 2D;
01771 : 9A;
01772 : BA;
01773 : 9A;
01774 : 5A;
01775 : 7A;
01776 : 7A;
01777 : 9A;
01778 : 5A;
01779 : 5A;
0177A : 56;
0177B : 2D;
0177C : 2D;
0177D : 5A;
0177E : 7A;
0177F : 25;
01780 : 25;
01781 : 25;
01782 : 25;
01783 : 25;
01784 : 25;
01785 : 25;
01786 : 25;
01787 : 25;
01788 : 25;
01789 : 25;
0178A : 25;
0178B : 25;
0178C : 25;
0178D : 25;
0178E : 25;
0178F : 25;
01790 : 25;
01791 : 9A;
01792 : BA;
01793 : BA;
01794 : 56;
01795 : 56;
01796 : 7A;
01797 : 9A;
01798 : 5A;
01799 : 56;
0179A : 7A;
0179B : 2D;
0179C : 2D;
0179D : 5A;
0179E : 9A;
0179F : 25;
017A0 : 25;
017A1 : 25;
017A2 : 25;
017A3 : 25;
017A4 : 25;
017A5 : 25;
017A6 : 25;
017A7 : 25;
017A8 : 25;
017A9 : 25;
017AA : 25;
017AB : 25;
017AC : 25;
017AD : 25;
017AE : 25;
017AF : 25;
017B0 : 25;
017B1 : 9A;
017B2 : BA;
017B3 : 7A;
017B4 : 9A;
017B5 : 35;
017B6 : 56;
017B7 : 36;
017B8 : 5A;
017B9 : 0D;
017BA : 2D;
017BB : 2D;
017BC : 2D;
017BD : 5A;
017BE : 9A;
017BF : 25;
017C0 : 25;
017C1 : 25;
017C2 : 25;
017C3 : 25;
017C4 : 25;
017C5 : 25;
017C6 : 25;
017C7 : 25;
017C8 : 25;
017C9 : 25;
017CA : 25;
017CB : 25;
017CC : 25;
017CD : 25;
017CE : 25;
017CF : 25;
017D0 : 25;
017D1 : 75;
017D2 : 9A;
017D3 : 56;
017D4 : BA;
017D5 : 35;
017D6 : 36;
017D7 : 36;
017D8 : 5A;
017D9 : 0D;
017DA : 2D;
017DB : 2D;
017DC : 2D;
017DD : 56;
017DE : 9A;
017DF : 25;
017E0 : 25;
017E1 : 25;
017E2 : 25;
017E3 : 25;
017E4 : 25;
017E5 : 25;
017E6 : 25;
017E7 : 25;
017E8 : 25;
017E9 : 25;
017EA : 25;
017EB : 25;
017EC : 25;
017ED : 25;
017EE : 25;
017EF : 25;
017F0 : 25;
017F1 : 75;
017F2 : 9A;
017F3 : 56;
017F4 : BA;
017F5 : 35;
017F6 : 36;
017F7 : 36;
017F8 : 5A;
017F9 : 0D;
017FA : 2D;
017FB : 2D;
017FC : 2D;
017FD : 56;
017FE : 9A;
017FF : 25;
01800 : 2D;
01801 : 2D;
01802 : 2D;
01803 : 2D;
01804 : 2D;
01805 : 2D;
01806 : 2D;
01807 : 2D;
01808 : 2D;
01809 : 2D;
0180A : 2D;
0180B : 2D;
0180C : 2D;
0180D : 2D;
0180E : 2D;
0180F : 2D;
01810 : 2D;
01811 : 2D;
01812 : 2D;
01813 : 2D;
01814 : 2D;
01815 : 2D;
01816 : 2D;
01817 : 2D;
01818 : 2D;
01819 : 2D;
0181A : 2D;
0181B : 2D;
0181C : 0D;
0181D : 0D;
0181E : 0D;
0181F : 0D;
01820 : 2D;
01821 : 2D;
01822 : 2D;
01823 : 2D;
01824 : 2D;
01825 : 2D;
01826 : 2D;
01827 : 2D;
01828 : 2D;
01829 : 2D;
0182A : 2D;
0182B : 2D;
0182C : 2D;
0182D : 2D;
0182E : 2D;
0182F : 2D;
01830 : 2D;
01831 : 2D;
01832 : 2D;
01833 : 2D;
01834 : 2D;
01835 : 2D;
01836 : 2D;
01837 : 2D;
01838 : 2D;
01839 : 2D;
0183A : 2D;
0183B : 2D;
0183C : 2D;
0183D : 2D;
0183E : 0D;
0183F : 25;
01840 : 2D;
01841 : 2D;
01842 : 2D;
01843 : 2D;
01844 : 2D;
01845 : 2D;
01846 : 2D;
01847 : 0D;
01848 : 2D;
01849 : 51;
0184A : 71;
0184B : 36;
0184C : 56;
0184D : 11;
0184E : 31;
0184F : 2D;
01850 : 2D;
01851 : 2D;
01852 : 2D;
01853 : 2D;
01854 : 31;
01855 : 2D;
01856 : 2D;
01857 : 2D;
01858 : 2D;
01859 : 2D;
0185A : 2D;
0185B : 0D;
0185C : 0D;
0185D : 0D;
0185E : 25;
0185F : 25;
01860 : 2D;
01861 : 2D;
01862 : 2D;
01863 : 2D;
01864 : 0D;
01865 : 2D;
01866 : 2D;
01867 : 0D;
01868 : 7A;
01869 : 2D;
0186A : 00;
0186B : 9A;
0186C : 5A;
0186D : 7A;
0186E : 7A;
0186F : 11;
01870 : 11;
01871 : 11;
01872 : 32;
01873 : 31;
01874 : 31;
01875 : 31;
01876 : 0D;
01877 : 31;
01878 : 0D;
01879 : 0D;
0187A : 0D;
0187B : 0D;
0187C : 0D;
0187D : 0D;
0187E : 25;
0187F : 25;
01880 : 2D;
01881 : 2D;
01882 : 2D;
01883 : 2D;
01884 : 0D;
01885 : 2D;
01886 : 2D;
01887 : 2D;
01888 : 7A;
01889 : 29;
0188A : 04;
0188B : 9A;
0188C : 5A;
0188D : 5A;
0188E : 5A;
0188F : 31;
01890 : 32;
01891 : 31;
01892 : 11;
01893 : 5A;
01894 : 31;
01895 : 31;
01896 : 0D;
01897 : 11;
01898 : 0D;
01899 : 0D;
0189A : 0D;
0189B : 0D;
0189C : 0D;
0189D : 0D;
0189E : 25;
0189F : 25;
018A0 : 2D;
018A1 : 0D;
018A2 : 2D;
018A3 : 0D;
018A4 : 0D;
018A5 : 0D;
018A6 : 0D;
018A7 : 36;
018A8 : 7A;
018A9 : 2D;
018AA : 04;
018AB : 04;
018AC : 31;
018AD : 5A;
018AE : 7A;
018AF : 5A;
018B0 : 36;
018B1 : 36;
018B2 : 0D;
018B3 : 5A;
018B4 : 5A;
018B5 : 36;
018B6 : 2D;
018B7 : 11;
018B8 : 31;
018B9 : 0D;
018BA : 31;
018BB : 0D;
018BC : 0D;
018BD : 25;
018BE : 25;
018BF : 25;
018C0 : 0D;
018C1 : 5A;
018C2 : 32;
018C3 : 2D;
018C4 : 2D;
018C5 : 2D;
018C6 : 0D;
018C7 : 56;
018C8 : 7A;
018C9 : 2D;
018CA : 04;
018CB : 00;
018CC : 2D;
018CD : 2D;
018CE : 7A;
018CF : 5A;
018D0 : 36;
018D1 : 0D;
018D2 : 31;
018D3 : 5A;
018D4 : 5A;
018D5 : 36;
018D6 : 31;
018D7 : 11;
018D8 : 56;
018D9 : 5A;
018DA : 11;
018DB : 0D;
018DC : 0D;
018DD : 25;
018DE : 25;
018DF : 25;
018E0 : 5A;
018E1 : 5A;
018E2 : 5A;
018E3 : 5A;
018E4 : 0D;
018E5 : 2D;
018E6 : 0D;
018E7 : 7A;
018E8 : 05;
018E9 : 05;
018EA : 05;
018EB : 25;
018EC : 04;
018ED : 00;
018EE : BA;
018EF : 9A;
018F0 : 7A;
018F1 : 7A;
018F2 : 11;
018F3 : 5A;
018F4 : 5A;
018F5 : 36;
018F6 : 11;
018F7 : 0D;
018F8 : 5A;
018F9 : 7A;
018FA : 31;
018FB : 0D;
018FC : 0D;
018FD : 25;
018FE : 25;
018FF : 25;
01900 : 5A;
01901 : 5A;
01902 : 5A;
01903 : 5A;
01904 : 0D;
01905 : 0D;
01906 : 0D;
01907 : 7A;
01908 : 00;
01909 : 25;
0190A : 25;
0190B : 25;
0190C : 25;
0190D : 00;
0190E : 9A;
0190F : 9A;
01910 : 7A;
01911 : 7A;
01912 : 31;
01913 : 5A;
01914 : 5A;
01915 : 36;
01916 : 31;
01917 : 31;
01918 : 5A;
01919 : 7A;
0191A : 31;
0191B : 0D;
0191C : 0D;
0191D : 25;
0191E : 25;
0191F : 25;
01920 : 5A;
01921 : BA;
01922 : BA;
01923 : 5A;
01924 : 5A;
01925 : 11;
01926 : 0D;
01927 : 7A;
01928 : 00;
01929 : 25;
0192A : 25;
0192B : 25;
0192C : 25;
0192D : 24;
0192E : 00;
0192F : BA;
01930 : 9A;
01931 : 9A;
01932 : 11;
01933 : 5A;
01934 : 5A;
01935 : 31;
01936 : 0D;
01937 : 5A;
01938 : 0D;
01939 : 0D;
0193A : 2D;
0193B : 0D;
0193C : 0D;
0193D : 25;
0193E : 25;
0193F : 25;
01940 : 5A;
01941 : BA;
01942 : 9A;
01943 : 9A;
01944 : 56;
01945 : 11;
01946 : 0D;
01947 : 7A;
01948 : 25;
01949 : 25;
0194A : 25;
0194B : 25;
0194C : 25;
0194D : 24;
0194E : 00;
0194F : BA;
01950 : BA;
01951 : 9A;
01952 : 36;
01953 : 5A;
01954 : 3A;
01955 : 7A;
01956 : 7A;
01957 : 7A;
01958 : 0D;
01959 : 2D;
0195A : 2D;
0195B : 0D;
0195C : 0D;
0195D : 25;
0195E : 25;
0195F : 25;
01960 : 7A;
01961 : BA;
01962 : 9A;
01963 : BA;
01964 : 36;
01965 : 5A;
01966 : 55;
01967 : 04;
01968 : 25;
01969 : 25;
0196A : 25;
0196B : 25;
0196C : 25;
0196D : 25;
0196E : 24;
0196F : 00;
01970 : DA;
01971 : BA;
01972 : BA;
01973 : 5A;
01974 : 5A;
01975 : 9A;
01976 : BA;
01977 : 5A;
01978 : 0D;
01979 : 0D;
0197A : 0D;
0197B : 0D;
0197C : 25;
0197D : 25;
0197E : 25;
0197F : 25;
01980 : 05;
01981 : BA;
01982 : 9A;
01983 : BA;
01984 : 36;
01985 : 7A;
01986 : 76;
01987 : 00;
01988 : 25;
01989 : 25;
0198A : 25;
0198B : 25;
0198C : 25;
0198D : 25;
0198E : 25;
0198F : 00;
01990 : DA;
01991 : BA;
01992 : BA;
01993 : 5A;
01994 : 5A;
01995 : 9A;
01996 : BA;
01997 : 5A;
01998 : 0D;
01999 : 0D;
0199A : 2D;
0199B : 0D;
0199C : 25;
0199D : 25;
0199E : 25;
0199F : 25;
019A0 : 00;
019A1 : BA;
019A2 : 9A;
019A3 : BA;
019A4 : 36;
019A5 : 7A;
019A6 : 9A;
019A7 : 00;
019A8 : 25;
019A9 : 25;
019AA : 25;
019AB : 25;
019AC : 25;
019AD : 25;
019AE : 25;
019AF : 00;
019B0 : DA;
019B1 : BA;
019B2 : BA;
019B3 : 5A;
019B4 : 5A;
019B5 : 9A;
019B6 : BA;
019B7 : 5A;
019B8 : 0D;
019B9 : 2D;
019BA : 0D;
019BB : 0D;
019BC : 25;
019BD : 25;
019BE : 25;
019BF : 25;
019C0 : 00;
019C1 : BA;
019C2 : 9A;
019C3 : BA;
019C4 : 56;
019C5 : 7A;
019C6 : 9A;
019C7 : 24;
019C8 : 25;
019C9 : 25;
019CA : 25;
019CB : 25;
019CC : 25;
019CD : 25;
019CE : 25;
019CF : 00;
019D0 : DA;
019D1 : BA;
019D2 : BA;
019D3 : 5A;
019D4 : 5A;
019D5 : 9A;
019D6 : BA;
019D7 : 5A;
019D8 : 0D;
019D9 : 0D;
019DA : 0D;
019DB : 0D;
019DC : 25;
019DD : 25;
019DE : 25;
019DF : 25;
019E0 : 00;
019E1 : 9A;
019E2 : 7A;
019E3 : BA;
019E4 : 56;
019E5 : 7A;
019E6 : BA;
019E7 : 24;
019E8 : 25;
019E9 : 25;
019EA : 25;
019EB : 25;
019EC : 25;
019ED : 25;
019EE : 25;
019EF : 00;
019F0 : BA;
019F1 : 7A;
019F2 : BA;
019F3 : 5A;
019F4 : 5A;
019F5 : 9A;
019F6 : BA;
019F7 : 7A;
019F8 : 56;
019F9 : 2D;
019FA : 0D;
019FB : 0D;
019FC : 25;
019FD : 25;
019FE : 25;
019FF : 25;
01A00 : 00;
01A01 : 29;
01A02 : 51;
01A03 : 9A;
01A04 : BA;
01A05 : 5A;
01A06 : BA;
01A07 : 24;
01A08 : 25;
01A09 : 25;
01A0A : 25;
01A0B : 25;
01A0C : 25;
01A0D : 25;
01A0E : 25;
01A0F : 25;
01A10 : 00;
01A11 : 51;
01A12 : DA;
01A13 : 5A;
01A14 : 5A;
01A15 : BA;
01A16 : BA;
01A17 : 7A;
01A18 : 36;
01A19 : 76;
01A1A : 2D;
01A1B : 0D;
01A1C : 25;
01A1D : 25;
01A1E : 25;
01A1F : 25;
01A20 : 00;
01A21 : 00;
01A22 : 09;
01A23 : 7A;
01A24 : BA;
01A25 : 05;
01A26 : 4D;
01A27 : 24;
01A28 : 25;
01A29 : 25;
01A2A : 25;
01A2B : 25;
01A2C : 25;
01A2D : 25;
01A2E : 25;
01A2F : 25;
01A30 : 00;
01A31 : 71;
01A32 : DA;
01A33 : 7A;
01A34 : BA;
01A35 : BA;
01A36 : BA;
01A37 : 7A;
01A38 : 5A;
01A39 : 7A;
01A3A : 0D;
01A3B : 0D;
01A3C : 25;
01A3D : 25;
01A3E : 25;
01A3F : 25;
01A40 : 25;
01A41 : 00;
01A42 : 09;
01A43 : 5A;
01A44 : BA;
01A45 : 00;
01A46 : 25;
01A47 : 24;
01A48 : 25;
01A49 : 25;
01A4A : 25;
01A4B : 25;
01A4C : 25;
01A4D : 25;
01A4E : 25;
01A4F : 25;
01A50 : 00;
01A51 : 71;
01A52 : DA;
01A53 : 7A;
01A54 : BA;
01A55 : BA;
01A56 : BA;
01A57 : 7A;
01A58 : 7A;
01A59 : 7A;
01A5A : 0D;
01A5B : 0D;
01A5C : 25;
01A5D : 25;
01A5E : 25;
01A5F : 25;
01A60 : 25;
01A61 : 00;
01A62 : 09;
01A63 : 5A;
01A64 : BA;
01A65 : 00;
01A66 : 25;
01A67 : 25;
01A68 : 25;
01A69 : 25;
01A6A : 25;
01A6B : 25;
01A6C : 25;
01A6D : 25;
01A6E : 25;
01A6F : 25;
01A70 : 00;
01A71 : 4D;
01A72 : BA;
01A73 : 7A;
01A74 : BA;
01A75 : DA;
01A76 : BA;
01A77 : 7A;
01A78 : 7A;
01A79 : 9A;
01A7A : 31;
01A7B : 0D;
01A7C : 25;
01A7D : 25;
01A7E : 25;
01A7F : 25;
01A80 : 25;
01A81 : 00;
01A82 : 09;
01A83 : 5A;
01A84 : BA;
01A85 : 00;
01A86 : 25;
01A87 : 25;
01A88 : 25;
01A89 : 25;
01A8A : 25;
01A8B : 25;
01A8C : 25;
01A8D : 25;
01A8E : 25;
01A8F : 25;
01A90 : 00;
01A91 : 2D;
01A92 : BA;
01A93 : 7A;
01A94 : BA;
01A95 : DA;
01A96 : DA;
01A97 : 7A;
01A98 : 7A;
01A99 : 7A;
01A9A : 0D;
01A9B : 25;
01A9C : 25;
01A9D : 25;
01A9E : 25;
01A9F : 25;
01AA0 : 25;
01AA1 : 04;
01AA2 : 09;
01AA3 : 09;
01AA4 : BA;
01AA5 : 00;
01AA6 : 25;
01AA7 : 25;
01AA8 : 25;
01AA9 : 25;
01AAA : 25;
01AAB : 25;
01AAC : 25;
01AAD : 25;
01AAE : 25;
01AAF : 05;
01AB0 : 00;
01AB1 : 29;
01AB2 : 9A;
01AB3 : BA;
01AB4 : DA;
01AB5 : BA;
01AB6 : 9A;
01AB7 : 7A;
01AB8 : 7A;
01AB9 : 32;
01ABA : 31;
01ABB : 25;
01ABC : 25;
01ABD : 25;
01ABE : 25;
01ABF : 25;
01AC0 : 25;
01AC1 : 25;
01AC2 : 25;
01AC3 : 25;
01AC4 : BA;
01AC5 : 00;
01AC6 : 25;
01AC7 : 25;
01AC8 : 25;
01AC9 : 25;
01ACA : 25;
01ACB : 25;
01ACC : 25;
01ACD : 25;
01ACE : 25;
01ACF : 25;
01AD0 : 00;
01AD1 : 2D;
01AD2 : BA;
01AD3 : BA;
01AD4 : BA;
01AD5 : BA;
01AD6 : 9A;
01AD7 : 7A;
01AD8 : 7A;
01AD9 : 32;
01ADA : 31;
01ADB : 25;
01ADC : 25;
01ADD : 25;
01ADE : 25;
01ADF : 25;
01AE0 : 25;
01AE1 : 25;
01AE2 : 25;
01AE3 : 25;
01AE4 : BA;
01AE5 : 00;
01AE6 : 25;
01AE7 : 25;
01AE8 : 25;
01AE9 : 25;
01AEA : 25;
01AEB : 25;
01AEC : 25;
01AED : 25;
01AEE : 25;
01AEF : 25;
01AF0 : 25;
01AF1 : 29;
01AF2 : 9A;
01AF3 : BA;
01AF4 : DA;
01AF5 : DA;
01AF6 : BA;
01AF7 : 7A;
01AF8 : 7A;
01AF9 : 32;
01AFA : 11;
01AFB : 25;
01AFC : 25;
01AFD : 25;
01AFE : 25;
01AFF : 25;
01B00 : 25;
01B01 : 25;
01B02 : 25;
01B03 : 25;
01B04 : BA;
01B05 : 00;
01B06 : 25;
01B07 : 25;
01B08 : 25;
01B09 : 25;
01B0A : 25;
01B0B : 25;
01B0C : 25;
01B0D : 25;
01B0E : 25;
01B0F : 25;
01B10 : 25;
01B11 : 29;
01B12 : 9A;
01B13 : BA;
01B14 : DA;
01B15 : DA;
01B16 : DA;
01B17 : 7A;
01B18 : 7A;
01B19 : 32;
01B1A : 0D;
01B1B : 25;
01B1C : 25;
01B1D : 25;
01B1E : 25;
01B1F : 25;
01B20 : 25;
01B21 : 25;
01B22 : 25;
01B23 : 25;
01B24 : BA;
01B25 : 04;
01B26 : 25;
01B27 : 25;
01B28 : 25;
01B29 : 25;
01B2A : 25;
01B2B : 25;
01B2C : 25;
01B2D : 25;
01B2E : 25;
01B2F : 25;
01B30 : 25;
01B31 : 05;
01B32 : 04;
01B33 : 9A;
01B34 : 9A;
01B35 : DA;
01B36 : DA;
01B37 : 7A;
01B38 : 0D;
01B39 : 11;
01B3A : 56;
01B3B : 25;
01B3C : 25;
01B3D : 25;
01B3E : 25;
01B3F : 25;
01B40 : 25;
01B41 : 25;
01B42 : 25;
01B43 : 04;
01B44 : 29;
01B45 : 25;
01B46 : 25;
01B47 : 25;
01B48 : 25;
01B49 : 25;
01B4A : 25;
01B4B : 25;
01B4C : 25;
01B4D : 25;
01B4E : 25;
01B4F : 25;
01B50 : 25;
01B51 : 25;
01B52 : 00;
01B53 : 56;
01B54 : BA;
01B55 : BA;
01B56 : BA;
01B57 : 9A;
01B58 : 0D;
01B59 : 11;
01B5A : 56;
01B5B : 25;
01B5C : 25;
01B5D : 25;
01B5E : 25;
01B5F : 25;
01B60 : 25;
01B61 : 25;
01B62 : 25;
01B63 : 25;
01B64 : 25;
01B65 : 25;
01B66 : 25;
01B67 : 25;
01B68 : 25;
01B69 : 25;
01B6A : 25;
01B6B : 25;
01B6C : 25;
01B6D : 25;
01B6E : 25;
01B6F : 25;
01B70 : 25;
01B71 : 25;
01B72 : 00;
01B73 : 5A;
01B74 : 9A;
01B75 : BA;
01B76 : BA;
01B77 : 7A;
01B78 : 0D;
01B79 : 11;
01B7A : 5A;
01B7B : 25;
01B7C : 25;
01B7D : 25;
01B7E : 25;
01B7F : 25;
01B80 : 25;
01B81 : 25;
01B82 : 25;
01B83 : 25;
01B84 : 25;
01B85 : 25;
01B86 : 25;
01B87 : 25;
01B88 : 25;
01B89 : 25;
01B8A : 25;
01B8B : 25;
01B8C : 25;
01B8D : 25;
01B8E : 25;
01B8F : 25;
01B90 : 25;
01B91 : 25;
01B92 : 00;
01B93 : 56;
01B94 : 9A;
01B95 : BA;
01B96 : BA;
01B97 : 9A;
01B98 : 0D;
01B99 : 0D;
01B9A : 25;
01B9B : 25;
01B9C : 25;
01B9D : 25;
01B9E : 25;
01B9F : 25;
01BA0 : 25;
01BA1 : 25;
01BA2 : 25;
01BA3 : 25;
01BA4 : 25;
01BA5 : 25;
01BA6 : 25;
01BA7 : 25;
01BA8 : 25;
01BA9 : 25;
01BAA : 25;
01BAB : 25;
01BAC : 25;
01BAD : 25;
01BAE : 25;
01BAF : 25;
01BB0 : 25;
01BB1 : 25;
01BB2 : 00;
01BB3 : 56;
01BB4 : 9A;
01BB5 : BA;
01BB6 : BA;
01BB7 : 9A;
01BB8 : 0D;
01BB9 : 0D;
01BBA : 25;
01BBB : 25;
01BBC : 25;
01BBD : 25;
01BBE : 25;
01BBF : 25;
01BC0 : 25;
01BC1 : 25;
01BC2 : 25;
01BC3 : 25;
01BC4 : 25;
01BC5 : 25;
01BC6 : 25;
01BC7 : 25;
01BC8 : 25;
01BC9 : 25;
01BCA : 25;
01BCB : 25;
01BCC : 25;
01BCD : 25;
01BCE : 25;
01BCF : 25;
01BD0 : 25;
01BD1 : 25;
01BD2 : 00;
01BD3 : 56;
01BD4 : 7A;
01BD5 : BA;
01BD6 : BA;
01BD7 : 31;
01BD8 : 0D;
01BD9 : 0D;
01BDA : 25;
01BDB : 25;
01BDC : 25;
01BDD : 25;
01BDE : 25;
01BDF : 25;
01BE0 : 25;
01BE1 : 25;
01BE2 : 25;
01BE3 : 25;
01BE4 : 25;
01BE5 : 25;
01BE6 : 25;
01BE7 : 25;
01BE8 : 25;
01BE9 : 25;
01BEA : 25;
01BEB : 25;
01BEC : 25;
01BED : 25;
01BEE : 25;
01BEF : 25;
01BF0 : 25;
01BF1 : 25;
01BF2 : 00;
01BF3 : 56;
01BF4 : 7A;
01BF5 : BA;
01BF6 : BA;
01BF7 : 31;
01BF8 : 0D;
01BF9 : 0D;
01BFA : 25;
01BFB : 25;
01BFC : 25;
01BFD : 25;
01BFE : 25;
01BFF : 25;
01C00 : 00;
01C01 : 5A;
01C02 : 5A;
01C03 : 5A;
01C04 : 5A;
01C05 : 5A;
01C06 : 5A;
01C07 : 5A;
01C08 : 5A;
01C09 : 2D;
01C0A : 2D;
01C0B : 2D;
01C0C : 2D;
01C0D : 2D;
01C0E : 2D;
01C0F : 2D;
01C10 : 2D;
01C11 : 2D;
01C12 : 2D;
01C13 : 2D;
01C14 : 2D;
01C15 : 2D;
01C16 : 2D;
01C17 : 2D;
01C18 : 2D;
01C19 : 2D;
01C1A : 0D;
01C1B : 0D;
01C1C : 51;
01C1D : 51;
01C1E : 25;
01C1F : 25;
01C20 : 25;
01C21 : 5A;
01C22 : 5A;
01C23 : 5A;
01C24 : 5A;
01C25 : 31;
01C26 : 36;
01C27 : 36;
01C28 : 36;
01C29 : 55;
01C2A : 55;
01C2B : 2D;
01C2C : 2D;
01C2D : 2D;
01C2E : 0D;
01C2F : 2D;
01C30 : 2D;
01C31 : 2D;
01C32 : 2D;
01C33 : 2D;
01C34 : 2D;
01C35 : 2D;
01C36 : 2D;
01C37 : 2D;
01C38 : 31;
01C39 : 56;
01C3A : 2D;
01C3B : 51;
01C3C : 51;
01C3D : 25;
01C3E : 25;
01C3F : 25;
01C40 : 25;
01C41 : 25;
01C42 : 5A;
01C43 : 31;
01C44 : 2D;
01C45 : 31;
01C46 : 36;
01C47 : 36;
01C48 : 36;
01C49 : 55;
01C4A : 55;
01C4B : 2D;
01C4C : 2D;
01C4D : 2D;
01C4E : 0D;
01C4F : 2D;
01C50 : 2D;
01C51 : 2D;
01C52 : 2D;
01C53 : 2D;
01C54 : 2D;
01C55 : 2D;
01C56 : 2D;
01C57 : 2D;
01C58 : 31;
01C59 : 56;
01C5A : 2D;
01C5B : 51;
01C5C : 25;
01C5D : 25;
01C5E : 25;
01C5F : 25;
01C60 : 25;
01C61 : 25;
01C62 : 25;
01C63 : 5A;
01C64 : 5A;
01C65 : 5A;
01C66 : 5A;
01C67 : 5A;
01C68 : 7A;
01C69 : 7A;
01C6A : 7A;
01C6B : 31;
01C6C : 2D;
01C6D : 0D;
01C6E : 2D;
01C6F : 2D;
01C70 : 2D;
01C71 : 2D;
01C72 : 2D;
01C73 : 2D;
01C74 : 0D;
01C75 : 0D;
01C76 : 0D;
01C77 : 31;
01C78 : 51;
01C79 : 7A;
01C7A : 4D;
01C7B : 25;
01C7C : 25;
01C7D : 25;
01C7E : 25;
01C7F : 25;
01C80 : 25;
01C81 : 25;
01C82 : 25;
01C83 : 25;
01C84 : 25;
01C85 : 5A;
01C86 : 76;
01C87 : 56;
01C88 : 5A;
01C89 : 5A;
01C8A : 5A;
01C8B : 31;
01C8C : 32;
01C8D : 2D;
01C8E : 0D;
01C8F : 0D;
01C90 : 56;
01C91 : 0D;
01C92 : 0D;
01C93 : 56;
01C94 : 0D;
01C95 : 0D;
01C96 : 0D;
01C97 : 5A;
01C98 : 00;
01C99 : 00;
01C9A : 25;
01C9B : 25;
01C9C : 25;
01C9D : 25;
01C9E : 25;
01C9F : 25;
01CA0 : 25;
01CA1 : 25;
01CA2 : 25;
01CA3 : 25;
01CA4 : 25;
01CA5 : 25;
01CA6 : 25;
01CA7 : 5A;
01CA8 : 5A;
01CA9 : 5A;
01CAA : 7A;
01CAB : 9A;
01CAC : 32;
01CAD : 36;
01CAE : 31;
01CAF : 0D;
01CB0 : 56;
01CB1 : 0D;
01CB2 : 2D;
01CB3 : 56;
01CB4 : 0D;
01CB5 : 56;
01CB6 : 56;
01CB7 : 7A;
01CB8 : 04;
01CB9 : 25;
01CBA : 25;
01CBB : 25;
01CBC : 25;
01CBD : 25;
01CBE : 25;
01CBF : 25;
01CC0 : 25;
01CC1 : 25;
01CC2 : 25;
01CC3 : 25;
01CC4 : 25;
01CC5 : 25;
01CC6 : 25;
01CC7 : 25;
01CC8 : 56;
01CC9 : 7A;
01CCA : 9A;
01CCB : 7A;
01CCC : 36;
01CCD : 36;
01CCE : 32;
01CCF : 0D;
01CD0 : 56;
01CD1 : 0D;
01CD2 : 2D;
01CD3 : 56;
01CD4 : 0D;
01CD5 : 36;
01CD6 : 36;
01CD7 : 7A;
01CD8 : 04;
01CD9 : 25;
01CDA : 25;
01CDB : 25;
01CDC : 25;
01CDD : 25;
01CDE : 25;
01CDF : 25;
01CE0 : 25;
01CE1 : 25;
01CE2 : 25;
01CE3 : 25;
01CE4 : 25;
01CE5 : 25;
01CE6 : 25;
01CE7 : 25;
01CE8 : 00;
01CE9 : BA;
01CEA : 9A;
01CEB : 7A;
01CEC : 36;
01CED : 36;
01CEE : 32;
01CEF : 0D;
01CF0 : 56;
01CF1 : 36;
01CF2 : 56;
01CF3 : 2D;
01CF4 : 0D;
01CF5 : 56;
01CF6 : 56;
01CF7 : 51;
01CF8 : 25;
01CF9 : 25;
01CFA : 25;
01CFB : 25;
01CFC : 25;
01CFD : 25;
01CFE : 25;
01CFF : 25;
01D00 : 25;
01D01 : 25;
01D02 : 25;
01D03 : 25;
01D04 : 25;
01D05 : 25;
01D06 : 25;
01D07 : 25;
01D08 : 00;
01D09 : BA;
01D0A : 7A;
01D0B : 5A;
01D0C : 36;
01D0D : 36;
01D0E : 32;
01D0F : 0D;
01D10 : 56;
01D11 : 56;
01D12 : 56;
01D13 : 2D;
01D14 : 0D;
01D15 : 5A;
01D16 : 51;
01D17 : 00;
01D18 : 25;
01D19 : 25;
01D1A : 25;
01D1B : 25;
01D1C : 25;
01D1D : 25;
01D1E : 25;
01D1F : 25;
01D20 : 25;
01D21 : 25;
01D22 : 25;
01D23 : 25;
01D24 : 25;
01D25 : 25;
01D26 : 25;
01D27 : 25;
01D28 : 00;
01D29 : BA;
01D2A : 9A;
01D2B : BA;
01D2C : BA;
01D2D : 7A;
01D2E : 7A;
01D2F : 36;
01D30 : 56;
01D31 : 56;
01D32 : 56;
01D33 : 0D;
01D34 : 0D;
01D35 : 7A;
01D36 : 75;
01D37 : 25;
01D38 : 25;
01D39 : 25;
01D3A : 25;
01D3B : 25;
01D3C : 25;
01D3D : 25;
01D3E : 25;
01D3F : 25;
01D40 : 25;
01D41 : 25;
01D42 : 25;
01D43 : 25;
01D44 : 25;
01D45 : 25;
01D46 : 25;
01D47 : 25;
01D48 : 00;
01D49 : BA;
01D4A : 9A;
01D4B : BA;
01D4C : BA;
01D4D : 7A;
01D4E : 5A;
01D4F : 56;
01D50 : 56;
01D51 : 56;
01D52 : 56;
01D53 : 0D;
01D54 : 31;
01D55 : 7A;
01D56 : 75;
01D57 : 25;
01D58 : 25;
01D59 : 25;
01D5A : 25;
01D5B : 25;
01D5C : 25;
01D5D : 25;
01D5E : 25;
01D5F : 25;
01D60 : 25;
01D61 : 25;
01D62 : 25;
01D63 : 25;
01D64 : 25;
01D65 : 25;
01D66 : 25;
01D67 : 25;
01D68 : 25;
01D69 : 25;
01D6A : BA;
01D6B : BA;
01D6C : BA;
01D6D : 5A;
01D6E : 5A;
01D6F : 56;
01D70 : 56;
01D71 : 56;
01D72 : 0D;
01D73 : 0D;
01D74 : 5A;
01D75 : 5A;
01D76 : 25;
01D77 : 25;
01D78 : 25;
01D79 : 25;
01D7A : 25;
01D7B : 25;
01D7C : 25;
01D7D : 25;
01D7E : 25;
01D7F : 25;
01D80 : 25;
01D81 : 25;
01D82 : 25;
01D83 : 25;
01D84 : 25;
01D85 : 25;
01D86 : 25;
01D87 : 25;
01D88 : 25;
01D89 : 25;
01D8A : 00;
01D8B : 05;
01D8C : BA;
01D8D : 7A;
01D8E : 56;
01D8F : 56;
01D90 : 0D;
01D91 : 0D;
01D92 : 0D;
01D93 : 56;
01D94 : 75;
01D95 : 25;
01D96 : 25;
01D97 : 25;
01D98 : 25;
01D99 : 25;
01D9A : 25;
01D9B : 25;
01D9C : 25;
01D9D : 25;
01D9E : 25;
01D9F : 25;
01DA0 : 25;
01DA1 : 25;
01DA2 : 25;
01DA3 : 25;
01DA4 : 25;
01DA5 : 25;
01DA6 : 25;
01DA7 : 25;
01DA8 : 25;
01DA9 : 25;
01DAA : 00;
01DAB : 29;
01DAC : BA;
01DAD : 9A;
01DAE : 5A;
01DAF : 7A;
01DB0 : 31;
01DB1 : 2E;
01DB2 : 0D;
01DB3 : 31;
01DB4 : 71;
01DB5 : 25;
01DB6 : 25;
01DB7 : 25;
01DB8 : 25;
01DB9 : 25;
01DBA : 25;
01DBB : 25;
01DBC : 25;
01DBD : 25;
01DBE : 25;
01DBF : 25;
01DC0 : 25;
01DC1 : 25;
01DC2 : 25;
01DC3 : 25;
01DC4 : 25;
01DC5 : 25;
01DC6 : 25;
01DC7 : 25;
01DC8 : 25;
01DC9 : 25;
01DCA : 00;
01DCB : 29;
01DCC : DA;
01DCD : DA;
01DCE : BA;
01DCF : 7A;
01DD0 : 7A;
01DD1 : 2D;
01DD2 : 0D;
01DD3 : 7A;
01DD4 : 25;
01DD5 : 25;
01DD6 : 25;
01DD7 : 25;
01DD8 : 25;
01DD9 : 25;
01DDA : 25;
01DDB : 25;
01DDC : 25;
01DDD : 25;
01DDE : 25;
01DDF : 25;
01DE0 : 25;
01DE1 : 25;
01DE2 : 25;
01DE3 : 25;
01DE4 : 25;
01DE5 : 25;
01DE6 : 25;
01DE7 : 25;
01DE8 : 25;
01DE9 : 25;
01DEA : 00;
01DEB : 04;
01DEC : 75;
01DED : DA;
01DEE : BA;
01DEF : 7A;
01DF0 : 7A;
01DF1 : 0D;
01DF2 : 32;
01DF3 : 7A;
01DF4 : 25;
01DF5 : 25;
01DF6 : 25;
01DF7 : 25;
01DF8 : 25;
01DF9 : 25;
01DFA : 25;
01DFB : 25;
01DFC : 25;
01DFD : 25;
01DFE : 25;
01DFF : 25;
01E00 : 25;
01E01 : 25;
01E02 : 25;
01E03 : 25;
01E04 : 25;
01E05 : 25;
01E06 : 25;
01E07 : 25;
01E08 : 25;
01E09 : 25;
01E0A : 25;
01E0B : 04;
01E0C : 04;
01E0D : DA;
01E0E : BA;
01E0F : 9A;
01E10 : 7A;
01E11 : 0D;
01E12 : 5A;
01E13 : 7A;
01E14 : 25;
01E15 : 25;
01E16 : 25;
01E17 : 25;
01E18 : 25;
01E19 : 25;
01E1A : 25;
01E1B : 25;
01E1C : 25;
01E1D : 25;
01E1E : 25;
01E1F : 25;
01E20 : 25;
01E21 : 25;
01E22 : 25;
01E23 : 25;
01E24 : 25;
01E25 : 25;
01E26 : 25;
01E27 : 25;
01E28 : 25;
01E29 : 25;
01E2A : 25;
01E2B : 25;
01E2C : 00;
01E2D : DA;
01E2E : DA;
01E2F : DA;
01E30 : 7A;
01E31 : 0D;
01E32 : 32;
01E33 : 7A;
01E34 : 25;
01E35 : 25;
01E36 : 25;
01E37 : 25;
01E38 : 25;
01E39 : 25;
01E3A : 25;
01E3B : 25;
01E3C : 25;
01E3D : 25;
01E3E : 25;
01E3F : 25;
01E40 : 25;
01E41 : 25;
01E42 : 25;
01E43 : 25;
01E44 : 25;
01E45 : 25;
01E46 : 25;
01E47 : 25;
01E48 : 25;
01E49 : 25;
01E4A : 25;
01E4B : 25;
01E4C : 00;
01E4D : BA;
01E4E : DA;
01E4F : BA;
01E50 : 7A;
01E51 : 31;
01E52 : 56;
01E53 : 7A;
01E54 : 25;
01E55 : 25;
01E56 : 25;
01E57 : 25;
01E58 : 25;
01E59 : 25;
01E5A : 25;
01E5B : 25;
01E5C : 25;
01E5D : 25;
01E5E : 25;
01E5F : 25;
01E60 : 25;
01E61 : 25;
01E62 : 25;
01E63 : 25;
01E64 : 25;
01E65 : 25;
01E66 : 25;
01E67 : 25;
01E68 : 25;
01E69 : 25;
01E6A : 25;
01E6B : 25;
01E6C : 04;
01E6D : BA;
01E6E : BA;
01E6F : BA;
01E70 : 7A;
01E71 : 31;
01E72 : 56;
01E73 : 7A;
01E74 : 25;
01E75 : 25;
01E76 : 25;
01E77 : 25;
01E78 : 25;
01E79 : 25;
01E7A : 25;
01E7B : 25;
01E7C : 25;
01E7D : 25;
01E7E : 25;
01E7F : 25;
01E80 : 25;
01E81 : 25;
01E82 : 25;
01E83 : 25;
01E84 : 25;
01E85 : 25;
01E86 : 25;
01E87 : 25;
01E88 : 25;
01E89 : 25;
01E8A : 25;
01E8B : 25;
01E8C : 25;
01E8D : 51;
01E8E : 9A;
01E8F : BA;
01E90 : 7A;
01E91 : 5A;
01E92 : 7A;
01E93 : 00;
01E94 : 25;
01E95 : 25;
01E96 : 25;
01E97 : 25;
01E98 : 25;
01E99 : 25;
01E9A : 25;
01E9B : 25;
01E9C : 25;
01E9D : 25;
01E9E : 25;
01E9F : 25;
01EA0 : 25;
01EA1 : 25;
01EA2 : 25;
01EA3 : 25;
01EA4 : 25;
01EA5 : 25;
01EA6 : 25;
01EA7 : 25;
01EA8 : 25;
01EA9 : 25;
01EAA : 25;
01EAB : 25;
01EAC : 25;
01EAD : 51;
01EAE : 7A;
01EAF : BA;
01EB0 : BA;
01EB1 : 5A;
01EB2 : 7A;
01EB3 : 00;
01EB4 : 25;
01EB5 : 25;
01EB6 : 25;
01EB7 : 25;
01EB8 : 25;
01EB9 : 25;
01EBA : 25;
01EBB : 25;
01EBC : 25;
01EBD : 25;
01EBE : 25;
01EBF : 25;
01EC0 : 25;
01EC1 : 25;
01EC2 : 25;
01EC3 : 25;
01EC4 : 25;
01EC5 : 25;
01EC6 : 25;
01EC7 : 25;
01EC8 : 25;
01EC9 : 25;
01ECA : 25;
01ECB : 25;
01ECC : 25;
01ECD : 51;
01ECE : 7A;
01ECF : BA;
01ED0 : DA;
01ED1 : 5A;
01ED2 : 7A;
01ED3 : 00;
01ED4 : 25;
01ED5 : 25;
01ED6 : 25;
01ED7 : 25;
01ED8 : 25;
01ED9 : 25;
01EDA : 25;
01EDB : 25;
01EDC : 25;
01EDD : 25;
01EDE : 25;
01EDF : 25;
01EE0 : 25;
01EE1 : 25;
01EE2 : 25;
01EE3 : 25;
01EE4 : 25;
01EE5 : 25;
01EE6 : 25;
01EE7 : 25;
01EE8 : 25;
01EE9 : 25;
01EEA : 25;
01EEB : 25;
01EEC : 25;
01EED : 00;
01EEE : 5A;
01EEF : 7A;
01EF0 : BA;
01EF1 : 7A;
01EF2 : 7A;
01EF3 : 25;
01EF4 : 25;
01EF5 : 25;
01EF6 : 25;
01EF7 : 25;
01EF8 : 25;
01EF9 : 25;
01EFA : 25;
01EFB : 25;
01EFC : 25;
01EFD : 25;
01EFE : 25;
01EFF : 25;
01F00 : 25;
01F01 : 25;
01F02 : 25;
01F03 : 25;
01F04 : 25;
01F05 : 25;
01F06 : 25;
01F07 : 25;
01F08 : 25;
01F09 : 25;
01F0A : 25;
01F0B : 25;
01F0C : 25;
01F0D : 00;
01F0E : 5A;
01F0F : 7A;
01F10 : BA;
01F11 : 9A;
01F12 : 7A;
01F13 : 25;
01F14 : 25;
01F15 : 25;
01F16 : 25;
01F17 : 25;
01F18 : 25;
01F19 : 25;
01F1A : 25;
01F1B : 25;
01F1C : 25;
01F1D : 25;
01F1E : 25;
01F1F : 25;
01F20 : 25;
01F21 : 25;
01F22 : 25;
01F23 : 25;
01F24 : 25;
01F25 : 25;
01F26 : 25;
01F27 : 25;
01F28 : 25;
01F29 : 25;
01F2A : 25;
01F2B : 25;
01F2C : 25;
01F2D : 00;
01F2E : 5A;
01F2F : 7A;
01F30 : BA;
01F31 : 9A;
01F32 : 00;
01F33 : 25;
01F34 : 25;
01F35 : 25;
01F36 : 25;
01F37 : 25;
01F38 : 25;
01F39 : 25;
01F3A : 25;
01F3B : 25;
01F3C : 25;
01F3D : 25;
01F3E : 25;
01F3F : 25;
01F40 : 25;
01F41 : 25;
01F42 : 25;
01F43 : 25;
01F44 : 25;
01F45 : 25;
01F46 : 25;
01F47 : 25;
01F48 : 25;
01F49 : 25;
01F4A : 25;
01F4B : 25;
01F4C : 25;
01F4D : 25;
01F4E : 5A;
01F4F : 7A;
01F50 : 7A;
01F51 : 76;
01F52 : 04;
01F53 : 25;
01F54 : 25;
01F55 : 25;
01F56 : 25;
01F57 : 25;
01F58 : 25;
01F59 : 25;
01F5A : 25;
01F5B : 25;
01F5C : 25;
01F5D : 25;
01F5E : 25;
01F5F : 25;
01F60 : 25;
01F61 : 25;
01F62 : 25;
01F63 : 25;
01F64 : 25;
01F65 : 25;
01F66 : 25;
01F67 : 25;
01F68 : 25;
01F69 : 25;
01F6A : 25;
01F6B : 25;
01F6C : 25;
01F6D : 25;
01F6E : 05;
01F6F : 7A;
01F70 : 7A;
01F71 : 7A;
01F72 : 00;
01F73 : 25;
01F74 : 25;
01F75 : 25;
01F76 : 25;
01F77 : 25;
01F78 : 25;
01F79 : 25;
01F7A : 25;
01F7B : 25;
01F7C : 25;
01F7D : 25;
01F7E : 25;
01F7F : 25;
01F80 : 25;
01F81 : 25;
01F82 : 25;
01F83 : 25;
01F84 : 25;
01F85 : 25;
01F86 : 25;
01F87 : 25;
01F88 : 25;
01F89 : 25;
01F8A : 25;
01F8B : 25;
01F8C : 25;
01F8D : 25;
01F8E : 25;
01F8F : 7A;
01F90 : 7A;
01F91 : 7A;
01F92 : 25;
01F93 : 25;
01F94 : 25;
01F95 : 25;
01F96 : 25;
01F97 : 25;
01F98 : 25;
01F99 : 25;
01F9A : 25;
01F9B : 25;
01F9C : 25;
01F9D : 25;
01F9E : 25;
01F9F : 25;
01FA0 : 25;
01FA1 : 25;
01FA2 : 25;
01FA3 : 25;
01FA4 : 25;
01FA5 : 25;
01FA6 : 25;
01FA7 : 25;
01FA8 : 25;
01FA9 : 25;
01FAA : 25;
01FAB : 25;
01FAC : 25;
01FAD : 25;
01FAE : 25;
01FAF : 25;
01FB0 : 7A;
01FB1 : 7A;
01FB2 : 25;
01FB3 : 25;
01FB4 : 25;
01FB5 : 25;
01FB6 : 25;
01FB7 : 25;
01FB8 : 25;
01FB9 : 25;
01FBA : 25;
01FBB : 25;
01FBC : 25;
01FBD : 25;
01FBE : 25;
01FBF : 25;
01FC0 : 25;
01FC1 : 25;
01FC2 : 25;
01FC3 : 25;
01FC4 : 25;
01FC5 : 25;
01FC6 : 25;
01FC7 : 25;
01FC8 : 25;
01FC9 : 25;
01FCA : 25;
01FCB : 25;
01FCC : 25;
01FCD : 25;
01FCE : 25;
01FCF : 25;
01FD0 : 25;
01FD1 : 7A;
01FD2 : 25;
01FD3 : 25;
01FD4 : 25;
01FD5 : 25;
01FD6 : 25;
01FD7 : 25;
01FD8 : 25;
01FD9 : 25;
01FDA : 25;
01FDB : 25;
01FDC : 25;
01FDD : 25;
01FDE : 25;
01FDF : 25;
01FE0 : 25;
01FE1 : 25;
01FE2 : 25;
01FE3 : 25;
01FE4 : 25;
01FE5 : 25;
01FE6 : 25;
01FE7 : 25;
01FE8 : 25;
01FE9 : 25;
01FEA : 25;
01FEB : 25;
01FEC : 25;
01FED : 25;
01FEE : 25;
01FEF : 25;
01FF0 : 25;
01FF1 : 25;
01FF2 : 25;
01FF3 : 25;
01FF4 : 25;
01FF5 : 25;
01FF6 : 25;
01FF7 : 25;
01FF8 : 25;
01FF9 : 25;
01FFA : 25;
01FFB : 25;
01FFC : 25;
01FFD : 25;
01FFE : 25;
01FFF : 25;
02000 : 25;
02001 : BA;
02002 : 5A;
02003 : 0D;
02004 : 0D;
02005 : 0D;
02006 : 0D;
02007 : 0D;
02008 : 0D;
02009 : 0D;
0200A : 0D;
0200B : 0D;
0200C : 0D;
0200D : 0D;
0200E : 0D;
0200F : 0D;
02010 : 0D;
02011 : 0D;
02012 : 0D;
02013 : 0D;
02014 : 0D;
02015 : 0D;
02016 : 0D;
02017 : 0D;
02018 : 0D;
02019 : 0D;
0201A : 0D;
0201B : 0D;
0201C : 0D;
0201D : 0D;
0201E : 0D;
0201F : 0D;
02020 : 25;
02021 : 25;
02022 : BA;
02023 : 5A;
02024 : 2D;
02025 : 2D;
02026 : 2D;
02027 : 2D;
02028 : 2D;
02029 : 2D;
0202A : 2D;
0202B : 2D;
0202C : 2D;
0202D : 2D;
0202E : 2D;
0202F : 2D;
02030 : 2D;
02031 : 2D;
02032 : 2D;
02033 : 2D;
02034 : 2D;
02035 : 2D;
02036 : 2D;
02037 : 2D;
02038 : 2D;
02039 : 2D;
0203A : 2D;
0203B : 2D;
0203C : 2D;
0203D : 0D;
0203E : 0D;
0203F : 0D;
02040 : 25;
02041 : 25;
02042 : BA;
02043 : 5A;
02044 : 5A;
02045 : 0D;
02046 : 31;
02047 : 5A;
02048 : 31;
02049 : 36;
0204A : 56;
0204B : 2D;
0204C : 2D;
0204D : 2D;
0204E : 2D;
0204F : 2D;
02050 : 2D;
02051 : 2D;
02052 : 2D;
02053 : 2D;
02054 : 2D;
02055 : 2D;
02056 : 2D;
02057 : 2D;
02058 : 31;
02059 : 52;
0205A : 56;
0205B : 0D;
0205C : 0D;
0205D : 0D;
0205E : 0D;
0205F : 25;
02060 : 25;
02061 : 25;
02062 : 25;
02063 : BA;
02064 : 5A;
02065 : 56;
02066 : 5A;
02067 : 7A;
02068 : 36;
02069 : 36;
0206A : 56;
0206B : 2D;
0206C : 0D;
0206D : 2D;
0206E : 2D;
0206F : 31;
02070 : 5A;
02071 : 31;
02072 : 0D;
02073 : 2D;
02074 : 2D;
02075 : 2D;
02076 : 2D;
02077 : 0D;
02078 : 0D;
02079 : 31;
0207A : 56;
0207B : 0D;
0207C : 2D;
0207D : 0D;
0207E : 0D;
0207F : 25;
02080 : 25;
02081 : 25;
02082 : 25;
02083 : 25;
02084 : BA;
02085 : 5A;
02086 : 7A;
02087 : BA;
02088 : 7A;
02089 : 5A;
0208A : 56;
0208B : 2D;
0208C : 2D;
0208D : 2D;
0208E : 2D;
0208F : 56;
02090 : 5A;
02091 : 5A;
02092 : 7A;
02093 : 2D;
02094 : 2D;
02095 : 2D;
02096 : 2D;
02097 : 0D;
02098 : 56;
02099 : 56;
0209A : 56;
0209B : 0D;
0209C : 2D;
0209D : 0D;
0209E : 25;
0209F : 25;
020A0 : 25;
020A1 : 25;
020A2 : 25;
020A3 : 25;
020A4 : BA;
020A5 : BA;
020A6 : BA;
020A7 : BA;
020A8 : BA;
020A9 : 56;
020AA : 5A;
020AB : 5A;
020AC : 11;
020AD : 0D;
020AE : 0D;
020AF : 5A;
020B0 : 9A;
020B1 : 7A;
020B2 : 7A;
020B3 : 31;
020B4 : 2D;
020B5 : 2D;
020B6 : 2D;
020B7 : 0D;
020B8 : 56;
020B9 : 0D;
020BA : 2D;
020BB : 2D;
020BC : 2D;
020BD : 0D;
020BE : 25;
020BF : 25;
020C0 : 25;
020C1 : 25;
020C2 : 25;
020C3 : 25;
020C4 : 25;
020C5 : BA;
020C6 : DA;
020C7 : BA;
020C8 : BA;
020C9 : 56;
020CA : 5A;
020CB : 5A;
020CC : 11;
020CD : 32;
020CE : 7A;
020CF : 5A;
020D0 : 9A;
020D1 : 7A;
020D2 : 5A;
020D3 : 2D;
020D4 : 2D;
020D5 : 2D;
020D6 : 2D;
020D7 : 0D;
020D8 : 56;
020D9 : 0D;
020DA : 2D;
020DB : 2D;
020DC : 2D;
020DD : 2D;
020DE : 25;
020DF : 25;
020E0 : 25;
020E1 : 25;
020E2 : 25;
020E3 : 25;
020E4 : 25;
020E5 : 04;
020E6 : BA;
020E7 : BA;
020E8 : BA;
020E9 : 7A;
020EA : 9A;
020EB : 5A;
020EC : 36;
020ED : 56;
020EE : 5A;
020EF : 5A;
020F0 : 9A;
020F1 : 7A;
020F2 : 5A;
020F3 : 7A;
020F4 : 2D;
020F5 : 2D;
020F6 : 0D;
020F7 : 31;
020F8 : 56;
020F9 : 0D;
020FA : 2D;
020FB : 2D;
020FC : 2D;
020FD : 0D;
020FE : 25;
020FF : 25;
02100 : 25;
02101 : 25;
02102 : 25;
02103 : 25;
02104 : 25;
02105 : 25;
02106 : 9A;
02107 : 7A;
02108 : BA;
02109 : 75;
0210A : 7A;
0210B : 5A;
0210C : 5A;
0210D : 5A;
0210E : 5A;
0210F : 7A;
02110 : 9A;
02111 : 7A;
02112 : 5A;
02113 : 7A;
02114 : 2D;
02115 : 2D;
02116 : 0D;
02117 : 56;
02118 : 56;
02119 : 0D;
0211A : 2D;
0211B : 2D;
0211C : 31;
0211D : 31;
0211E : 25;
0211F : 25;
02120 : 25;
02121 : 25;
02122 : 25;
02123 : 25;
02124 : 25;
02125 : 25;
02126 : 00;
02127 : DA;
02128 : DA;
02129 : DA;
0212A : BA;
0212B : 5A;
0212C : 5A;
0212D : 5A;
0212E : 5A;
0212F : 5A;
02130 : 9A;
02131 : BA;
02132 : BA;
02133 : 56;
02134 : 2D;
02135 : 2D;
02136 : 32;
02137 : 5A;
02138 : 56;
02139 : 0D;
0213A : 2D;
0213B : 2D;
0213C : 2D;
0213D : 31;
0213E : 25;
0213F : 25;
02140 : 25;
02141 : 25;
02142 : 25;
02143 : 25;
02144 : 25;
02145 : 25;
02146 : 25;
02147 : DA;
02148 : DA;
02149 : BA;
0214A : BA;
0214B : 5A;
0214C : 5A;
0214D : 56;
0214E : 56;
0214F : 31;
02150 : 9A;
02151 : BA;
02152 : BA;
02153 : 25;
02154 : 2D;
02155 : 2D;
02156 : 32;
02157 : 36;
02158 : 56;
02159 : 0D;
0215A : 2D;
0215B : 2D;
0215C : 31;
0215D : 31;
0215E : 25;
0215F : 25;
02160 : 25;
02161 : 25;
02162 : 25;
02163 : 25;
02164 : 25;
02165 : 25;
02166 : 25;
02167 : BA;
02168 : DA;
02169 : BA;
0216A : BA;
0216B : 5A;
0216C : 7A;
0216D : 2D;
0216E : 00;
0216F : 00;
02170 : 9A;
02171 : BA;
02172 : BA;
02173 : 25;
02174 : 5A;
02175 : 5A;
02176 : 5A;
02177 : 56;
02178 : 56;
02179 : 0D;
0217A : 31;
0217B : 31;
0217C : 2D;
0217D : 25;
0217E : 25;
0217F : 25;
02180 : 25;
02181 : 25;
02182 : 25;
02183 : 25;
02184 : 25;
02185 : 25;
02186 : 25;
02187 : BA;
02188 : DA;
02189 : BA;
0218A : BA;
0218B : 7A;
0218C : 7A;
0218D : 4D;
0218E : 25;
0218F : 25;
02190 : 7A;
02191 : BA;
02192 : BA;
02193 : 25;
02194 : 36;
02195 : 5A;
02196 : 5A;
02197 : 36;
02198 : 5A;
02199 : 0D;
0219A : 31;
0219B : 2D;
0219C : 31;
0219D : 25;
0219E : 25;
0219F : 25;
021A0 : 25;
021A1 : 25;
021A2 : 25;
021A3 : 25;
021A4 : 25;
021A5 : 25;
021A6 : 25;
021A7 : 51;
021A8 : 9A;
021A9 : BA;
021AA : BA;
021AB : 7A;
021AC : 51;
021AD : 4D;
021AE : 25;
021AF : 25;
021B0 : 7A;
021B1 : 9A;
021B2 : 25;
021B3 : 25;
021B4 : 56;
021B5 : 5A;
021B6 : 5A;
021B7 : 5A;
021B8 : 56;
021B9 : 31;
021BA : 2D;
021BB : 2D;
021BC : 9A;
021BD : 25;
021BE : 25;
021BF : 25;
021C0 : 25;
021C1 : 25;
021C2 : 25;
021C3 : 25;
021C4 : 25;
021C5 : 25;
021C6 : 25;
021C7 : 00;
021C8 : BA;
021C9 : BA;
021CA : BA;
021CB : 7A;
021CC : 04;
021CD : 00;
021CE : 25;
021CF : 25;
021D0 : 2D;
021D1 : 31;
021D2 : 25;
021D3 : 25;
021D4 : 56;
021D5 : 5A;
021D6 : 5A;
021D7 : 5A;
021D8 : 5A;
021D9 : 51;
021DA : 2D;
021DB : 2D;
021DC : BA;
021DD : 25;
021DE : 25;
021DF : 25;
021E0 : 25;
021E1 : 25;
021E2 : 25;
021E3 : 25;
021E4 : 25;
021E5 : 25;
021E6 : 25;
021E7 : 00;
021E8 : BA;
021E9 : BA;
021EA : BA;
021EB : 7A;
021EC : 00;
021ED : 25;
021EE : 25;
021EF : 25;
021F0 : 25;
021F1 : 25;
021F2 : 25;
021F3 : 25;
021F4 : 56;
021F5 : 5A;
021F6 : 56;
021F7 : 9A;
021F8 : 56;
021F9 : 0D;
021FA : 0D;
021FB : 32;
021FC : BA;
021FD : 25;
021FE : 25;
021FF : 25;
02200 : 25;
02201 : 25;
02202 : 25;
02203 : 25;
02204 : 25;
02205 : 25;
02206 : 25;
02207 : 25;
02208 : 76;
02209 : 9A;
0220A : 9A;
0220B : 52;
0220C : 25;
0220D : 25;
0220E : 25;
0220F : 25;
02210 : 25;
02211 : 25;
02212 : 25;
02213 : 25;
02214 : 25;
02215 : 5A;
02216 : 5A;
02217 : 9A;
02218 : 36;
02219 : 0D;
0221A : 0D;
0221B : 56;
0221C : 00;
0221D : 25;
0221E : 25;
0221F : 25;
02220 : 25;
02221 : 25;
02222 : 25;
02223 : 25;
02224 : 25;
02225 : 25;
02226 : 25;
02227 : 00;
02228 : 2D;
02229 : 31;
0222A : 52;
0222B : 51;
0222C : 25;
0222D : 25;
0222E : 25;
0222F : 25;
02230 : 25;
02231 : 25;
02232 : 25;
02233 : 25;
02234 : 25;
02235 : 5A;
02236 : 7A;
02237 : 9A;
02238 : 56;
02239 : 0D;
0223A : 31;
0223B : 9A;
0223C : 00;
0223D : 25;
0223E : 25;
0223F : 25;
02240 : 25;
02241 : 25;
02242 : 25;
02243 : 25;
02244 : 25;
02245 : 25;
02246 : 25;
02247 : 25;
02248 : 4D;
02249 : 31;
0224A : 7A;
0224B : 25;
0224C : 25;
0224D : 25;
0224E : 25;
0224F : 25;
02250 : 25;
02251 : 25;
02252 : 25;
02253 : 25;
02254 : 25;
02255 : 5A;
02256 : 7A;
02257 : 9A;
02258 : 56;
02259 : 0D;
0225A : 31;
0225B : 7A;
0225C : 00;
0225D : 25;
0225E : 25;
0225F : 25;
02260 : 25;
02261 : 25;
02262 : 25;
02263 : 25;
02264 : 25;
02265 : 25;
02266 : 25;
02267 : 25;
02268 : 00;
02269 : 09;
0226A : 49;
0226B : 25;
0226C : 25;
0226D : 25;
0226E : 25;
0226F : 25;
02270 : 25;
02271 : 25;
02272 : 25;
02273 : 25;
02274 : 25;
02275 : 9A;
02276 : 7A;
02277 : 2D;
02278 : 36;
02279 : 11;
0227A : 31;
0227B : 75;
0227C : 04;
0227D : 25;
0227E : 25;
0227F : 25;
02280 : 25;
02281 : 25;
02282 : 25;
02283 : 25;
02284 : 25;
02285 : 25;
02286 : 25;
02287 : 25;
02288 : 25;
02289 : 05;
0228A : 51;
0228B : 25;
0228C : 25;
0228D : 25;
0228E : 25;
0228F : 25;
02290 : 25;
02291 : 25;
02292 : 25;
02293 : 25;
02294 : 25;
02295 : BA;
02296 : 7A;
02297 : 0D;
02298 : 0D;
02299 : 7A;
0229A : 9A;
0229B : 00;
0229C : 25;
0229D : 25;
0229E : 25;
0229F : 25;
022A0 : 25;
022A1 : 25;
022A2 : 25;
022A3 : 25;
022A4 : 25;
022A5 : 25;
022A6 : 25;
022A7 : 25;
022A8 : 25;
022A9 : 25;
022AA : 25;
022AB : 25;
022AC : 25;
022AD : 25;
022AE : 25;
022AF : 25;
022B0 : 25;
022B1 : 25;
022B2 : 25;
022B3 : 25;
022B4 : 25;
022B5 : BA;
022B6 : 7A;
022B7 : 7A;
022B8 : 0D;
022B9 : 7A;
022BA : 76;
022BB : 00;
022BC : 25;
022BD : 25;
022BE : 25;
022BF : 25;
022C0 : 25;
022C1 : 25;
022C2 : 25;
022C3 : 25;
022C4 : 25;
022C5 : 25;
022C6 : 25;
022C7 : 25;
022C8 : 25;
022C9 : 25;
022CA : 25;
022CB : 25;
022CC : 25;
022CD : 25;
022CE : 25;
022CF : 25;
022D0 : 25;
022D1 : 25;
022D2 : 25;
022D3 : 25;
022D4 : 25;
022D5 : BA;
022D6 : 9A;
022D7 : 7A;
022D8 : 0D;
022D9 : 7A;
022DA : 00;
022DB : 25;
022DC : 25;
022DD : 25;
022DE : 25;
022DF : 25;
022E0 : 25;
022E1 : 25;
022E2 : 25;
022E3 : 25;
022E4 : 25;
022E5 : 25;
022E6 : 25;
022E7 : 25;
022E8 : 25;
022E9 : 25;
022EA : 25;
022EB : 25;
022EC : 25;
022ED : 25;
022EE : 25;
022EF : 25;
022F0 : 25;
022F1 : 25;
022F2 : 25;
022F3 : 25;
022F4 : 25;
022F5 : 25;
022F6 : BA;
022F7 : 5A;
022F8 : 0D;
022F9 : 7A;
022FA : 00;
022FB : 25;
022FC : 25;
022FD : 25;
022FE : 25;
022FF : 25;
02300 : 25;
02301 : 25;
02302 : 25;
02303 : 25;
02304 : 25;
02305 : 25;
02306 : 25;
02307 : 25;
02308 : 25;
02309 : 25;
0230A : 25;
0230B : 25;
0230C : 25;
0230D : 25;
0230E : 25;
0230F : 25;
02310 : 25;
02311 : 25;
02312 : 25;
02313 : 25;
02314 : 25;
02315 : 25;
02316 : BA;
02317 : 5A;
02318 : 0D;
02319 : 7A;
0231A : 00;
0231B : 25;
0231C : 25;
0231D : 25;
0231E : 25;
0231F : 25;
02320 : 25;
02321 : 25;
02322 : 25;
02323 : 25;
02324 : 25;
02325 : 25;
02326 : 25;
02327 : 25;
02328 : 25;
02329 : 25;
0232A : 25;
0232B : 25;
0232C : 25;
0232D : 25;
0232E : 25;
0232F : 25;
02330 : 25;
02331 : 25;
02332 : 25;
02333 : 25;
02334 : 25;
02335 : 25;
02336 : 9A;
02337 : 56;
02338 : 0D;
02339 : 9A;
0233A : 00;
0233B : 25;
0233C : 25;
0233D : 25;
0233E : 25;
0233F : 25;
02340 : 25;
02341 : 25;
02342 : 25;
02343 : 25;
02344 : 25;
02345 : 25;
02346 : 25;
02347 : 25;
02348 : 25;
02349 : 25;
0234A : 25;
0234B : 25;
0234C : 25;
0234D : 25;
0234E : 25;
0234F : 25;
02350 : 25;
02351 : 25;
02352 : 25;
02353 : 25;
02354 : 25;
02355 : 25;
02356 : BA;
02357 : 56;
02358 : 7A;
02359 : 00;
0235A : 25;
0235B : 25;
0235C : 25;
0235D : 25;
0235E : 25;
0235F : 25;
02360 : 25;
02361 : 25;
02362 : 25;
02363 : 25;
02364 : 25;
02365 : 25;
02366 : 25;
02367 : 25;
02368 : 25;
02369 : 25;
0236A : 25;
0236B : 25;
0236C : 25;
0236D : 25;
0236E : 25;
0236F : 25;
02370 : 25;
02371 : 25;
02372 : 25;
02373 : 25;
02374 : 25;
02375 : 25;
02376 : 9A;
02377 : 56;
02378 : 7A;
02379 : 00;
0237A : 25;
0237B : 25;
0237C : 25;
0237D : 25;
0237E : 25;
0237F : 25;
02380 : 25;
02381 : 25;
02382 : 25;
02383 : 25;
02384 : 25;
02385 : 25;
02386 : 25;
02387 : 25;
02388 : 25;
02389 : 25;
0238A : 25;
0238B : 25;
0238C : 25;
0238D : 25;
0238E : 25;
0238F : 25;
02390 : 25;
02391 : 25;
02392 : 25;
02393 : 25;
02394 : 25;
02395 : 25;
02396 : BA;
02397 : 56;
02398 : 7A;
02399 : 25;
0239A : 25;
0239B : 25;
0239C : 25;
0239D : 25;
0239E : 25;
0239F : 25;
023A0 : 25;
023A1 : 25;
023A2 : 25;
023A3 : 25;
023A4 : 25;
023A5 : 25;
023A6 : 25;
023A7 : 25;
023A8 : 25;
023A9 : 25;
023AA : 25;
023AB : 25;
023AC : 25;
023AD : 25;
023AE : 25;
023AF : 25;
023B0 : 25;
023B1 : 25;
023B2 : 25;
023B3 : 25;
023B4 : 25;
023B5 : 25;
023B6 : 25;
023B7 : 5A;
023B8 : 00;
023B9 : 25;
023BA : 25;
023BB : 25;
023BC : 25;
023BD : 25;
023BE : 25;
023BF : 25;
023C0 : 25;
023C1 : 25;
023C2 : 25;
023C3 : 25;
023C4 : 25;
023C5 : 25;
023C6 : 25;
023C7 : 25;
023C8 : 25;
023C9 : 25;
023CA : 25;
023CB : 25;
023CC : 25;
023CD : 25;
023CE : 25;
023CF : 25;
023D0 : 25;
023D1 : 25;
023D2 : 25;
023D3 : 25;
023D4 : 25;
023D5 : 25;
023D6 : 25;
023D7 : 36;
023D8 : 00;
023D9 : 25;
023DA : 25;
023DB : 25;
023DC : 25;
023DD : 25;
023DE : 25;
023DF : 25;
023E0 : 25;
023E1 : 25;
023E2 : 25;
023E3 : 25;
023E4 : 25;
023E5 : 25;
023E6 : 25;
023E7 : 25;
023E8 : 25;
023E9 : 25;
023EA : 25;
023EB : 25;
023EC : 25;
023ED : 25;
023EE : 25;
023EF : 25;
023F0 : 25;
023F1 : 25;
023F2 : 25;
023F3 : 25;
023F4 : 25;
023F5 : 25;
023F6 : 25;
023F7 : 25;
023F8 : 25;
023F9 : 25;
023FA : 25;
023FB : 25;
023FC : 25;
023FD : 25;
023FE : 25;
023FF : 25;
02400 : 0D;
02401 : 0D;
02402 : 0D;
02403 : 0D;
02404 : 2D;
02405 : 2D;
02406 : 0D;
02407 : 2D;
02408 : 2D;
02409 : 2D;
0240A : 2D;
0240B : 0D;
0240C : 0D;
0240D : 0D;
0240E : 2D;
0240F : 2D;
02410 : 0D;
02411 : 2D;
02412 : 2D;
02413 : 2D;
02414 : 2D;
02415 : 0D;
02416 : 0D;
02417 : 0D;
02418 : 0D;
02419 : 0D;
0241A : 2D;
0241B : 2D;
0241C : 2D;
0241D : 2D;
0241E : 2D;
0241F : 2D;
02420 : 0D;
02421 : 0D;
02422 : 0D;
02423 : 0D;
02424 : 0D;
02425 : 2D;
02426 : 2D;
02427 : 2D;
02428 : 2D;
02429 : 2D;
0242A : 2D;
0242B : 0D;
0242C : 0D;
0242D : 0D;
0242E : 0D;
0242F : 2D;
02430 : 2D;
02431 : 2D;
02432 : 2D;
02433 : 2D;
02434 : 2D;
02435 : 0D;
02436 : 0D;
02437 : 0D;
02438 : 0D;
02439 : 2D;
0243A : 2D;
0243B : 2D;
0243C : 0D;
0243D : 2D;
0243E : 0D;
0243F : 0D;
02440 : 25;
02441 : 71;
02442 : 2D;
02443 : 2D;
02444 : 2D;
02445 : 2D;
02446 : 2D;
02447 : 0D;
02448 : 2D;
02449 : 0D;
0244A : 0D;
0244B : 2D;
0244C : 2D;
0244D : 2D;
0244E : 2D;
0244F : 2D;
02450 : 2D;
02451 : 0D;
02452 : 2D;
02453 : 0D;
02454 : 0D;
02455 : 2D;
02456 : 2D;
02457 : 2D;
02458 : 2D;
02459 : 2D;
0245A : 2D;
0245B : 2D;
0245C : 2D;
0245D : 2D;
0245E : 0D;
0245F : 0D;
02460 : 25;
02461 : 51;
02462 : 32;
02463 : 0D;
02464 : 2D;
02465 : 2D;
02466 : 2D;
02467 : 2D;
02468 : 2D;
02469 : 0D;
0246A : 0D;
0246B : 2D;
0246C : 2D;
0246D : 0D;
0246E : 2D;
0246F : 2D;
02470 : 2D;
02471 : 2D;
02472 : 2D;
02473 : 0D;
02474 : 0D;
02475 : 0D;
02476 : 0D;
02477 : 0D;
02478 : 0D;
02479 : 0D;
0247A : 31;
0247B : 0D;
0247C : 2D;
0247D : 0D;
0247E : 2D;
0247F : 0D;
02480 : 25;
02481 : 51;
02482 : 32;
02483 : 0D;
02484 : 0D;
02485 : 0D;
02486 : 2D;
02487 : 2D;
02488 : 2D;
02489 : 2D;
0248A : 2D;
0248B : 2D;
0248C : 0D;
0248D : 0D;
0248E : 2D;
0248F : 2D;
02490 : 2D;
02491 : 2D;
02492 : 0D;
02493 : 0D;
02494 : 2D;
02495 : 2D;
02496 : 2D;
02497 : 0D;
02498 : 0D;
02499 : 0D;
0249A : 2D;
0249B : 2D;
0249C : 0D;
0249D : 2D;
0249E : 2D;
0249F : 25;
024A0 : 25;
024A1 : 51;
024A2 : 32;
024A3 : 0D;
024A4 : 2D;
024A5 : 2D;
024A6 : 2D;
024A7 : 2D;
024A8 : 0D;
024A9 : 2D;
024AA : 0D;
024AB : 0D;
024AC : 5A;
024AD : 5A;
024AE : 5A;
024AF : 0D;
024B0 : 2D;
024B1 : 0D;
024B2 : 0D;
024B3 : 0D;
024B4 : 2D;
024B5 : 0D;
024B6 : 0D;
024B7 : 5A;
024B8 : 0D;
024B9 : 2D;
024BA : 2D;
024BB : 0D;
024BC : 2D;
024BD : 2D;
024BE : 31;
024BF : 25;
024C0 : 25;
024C1 : 51;
024C2 : 56;
024C3 : 31;
024C4 : 0D;
024C5 : 2D;
024C6 : 2D;
024C7 : 2D;
024C8 : 2D;
024C9 : 2D;
024CA : 0D;
024CB : 0D;
024CC : 5A;
024CD : 3A;
024CE : 5A;
024CF : 0D;
024D0 : 2D;
024D1 : 0D;
024D2 : 2D;
024D3 : 0D;
024D4 : 0D;
024D5 : 0D;
024D6 : 0D;
024D7 : 5A;
024D8 : 36;
024D9 : 32;
024DA : 31;
024DB : 0D;
024DC : 2D;
024DD : 0D;
024DE : 2D;
024DF : 25;
024E0 : 25;
024E1 : 31;
024E2 : 9A;
024E3 : 31;
024E4 : 0D;
024E5 : 0D;
024E6 : 0D;
024E7 : 31;
024E8 : 31;
024E9 : 2D;
024EA : 0D;
024EB : 0D;
024EC : 5A;
024ED : 5A;
024EE : 5A;
024EF : 0D;
024F0 : 2D;
024F1 : 2D;
024F2 : 2D;
024F3 : 0D;
024F4 : 0D;
024F5 : 0D;
024F6 : 0D;
024F7 : 5A;
024F8 : 5A;
024F9 : 31;
024FA : 2D;
024FB : 2D;
024FC : 2D;
024FD : 0D;
024FE : 0D;
024FF : 25;
02500 : 25;
02501 : 2D;
02502 : 9A;
02503 : 31;
02504 : 32;
02505 : 0D;
02506 : 2D;
02507 : 0D;
02508 : 31;
02509 : 31;
0250A : 2D;
0250B : 0D;
0250C : 5A;
0250D : 5A;
0250E : 5A;
0250F : 0D;
02510 : 0D;
02511 : 2D;
02512 : 0D;
02513 : 0D;
02514 : 0D;
02515 : 0D;
02516 : 0D;
02517 : 5A;
02518 : 5A;
02519 : 31;
0251A : 2D;
0251B : 2D;
0251C : 2D;
0251D : 2D;
0251E : 2D;
0251F : 25;
02520 : 25;
02521 : 2D;
02522 : 7A;
02523 : 5A;
02524 : 5A;
02525 : 36;
02526 : 2D;
02527 : 0D;
02528 : 56;
02529 : 36;
0252A : 2D;
0252B : 7A;
0252C : 5A;
0252D : 5A;
0252E : 5A;
0252F : 0D;
02530 : 2D;
02531 : 0D;
02532 : 0D;
02533 : 2D;
02534 : 0D;
02535 : 0D;
02536 : 0D;
02537 : 5A;
02538 : 5A;
02539 : 0D;
0253A : 0D;
0253B : 5A;
0253C : 11;
0253D : 0D;
0253E : 25;
0253F : 25;
02540 : 25;
02541 : 09;
02542 : 7A;
02543 : 5A;
02544 : 5A;
02545 : 36;
02546 : 0D;
02547 : 9A;
02548 : 56;
02549 : 36;
0254A : 2D;
0254B : 32;
0254C : 5A;
0254D : 5A;
0254E : 5A;
0254F : 31;
02550 : 2D;
02551 : 2D;
02552 : 0D;
02553 : 0D;
02554 : 2D;
02555 : 31;
02556 : 56;
02557 : 3A;
02558 : 5A;
02559 : 36;
0255A : 56;
0255B : 5A;
0255C : 11;
0255D : 0D;
0255E : 25;
0255F : 25;
02560 : 25;
02561 : 09;
02562 : 7A;
02563 : 7A;
02564 : 5A;
02565 : 5A;
02566 : 56;
02567 : 9A;
02568 : 7A;
02569 : 56;
0256A : 2D;
0256B : 2D;
0256C : 5A;
0256D : 5A;
0256E : 5A;
0256F : 5A;
02570 : 0D;
02571 : 2D;
02572 : 0D;
02573 : 0D;
02574 : 2D;
02575 : 32;
02576 : 3A;
02577 : 3A;
02578 : 5A;
02579 : 5A;
0257A : 56;
0257B : BA;
0257C : 7A;
0257D : 56;
0257E : 25;
0257F : 25;
02580 : 25;
02581 : 25;
02582 : 7A;
02583 : 9A;
02584 : 56;
02585 : 5A;
02586 : 5A;
02587 : 9A;
02588 : 7A;
02589 : 56;
0258A : 31;
0258B : 0D;
0258C : 5A;
0258D : 5A;
0258E : 5A;
0258F : 36;
02590 : 0D;
02591 : 0D;
02592 : 2D;
02593 : 0D;
02594 : 2D;
02595 : 32;
02596 : 3A;
02597 : 3A;
02598 : 11;
02599 : 5A;
0259A : 5A;
0259B : BA;
0259C : 5A;
0259D : 25;
0259E : 25;
0259F : 25;
025A0 : 25;
025A1 : 25;
025A2 : 76;
025A3 : 9A;
025A4 : 5A;
025A5 : 5A;
025A6 : 5A;
025A7 : BA;
025A8 : BA;
025A9 : 9A;
025AA : 36;
025AB : 32;
025AC : 5A;
025AD : 5A;
025AE : 5A;
025AF : 5A;
025B0 : 31;
025B1 : 0D;
025B2 : 2D;
025B3 : 0D;
025B4 : 2D;
025B5 : 31;
025B6 : 5A;
025B7 : 5A;
025B8 : 11;
025B9 : 5A;
025BA : 5A;
025BB : BA;
025BC : 7A;
025BD : 25;
025BE : 25;
025BF : 25;
025C0 : 25;
025C1 : 25;
025C2 : 04;
025C3 : BA;
025C4 : 5A;
025C5 : 5A;
025C6 : 9A;
025C7 : 00;
025C8 : BA;
025C9 : 7A;
025CA : 36;
025CB : 31;
025CC : 5A;
025CD : 5A;
025CE : 5A;
025CF : 5A;
025D0 : 5A;
025D1 : 36;
025D2 : 0D;
025D3 : 0D;
025D4 : 2D;
025D5 : 11;
025D6 : 5A;
025D7 : 5A;
025D8 : 11;
025D9 : 5A;
025DA : 5A;
025DB : BA;
025DC : 7A;
025DD : 25;
025DE : 25;
025DF : 25;
025E0 : 25;
025E1 : 25;
025E2 : 25;
025E3 : BA;
025E4 : 9A;
025E5 : 56;
025E6 : 7A;
025E7 : 00;
025E8 : DA;
025E9 : 9A;
025EA : 7A;
025EB : 5A;
025EC : 5A;
025ED : 5A;
025EE : 5A;
025EF : 5A;
025F0 : 5A;
025F1 : 32;
025F2 : 0D;
025F3 : 0D;
025F4 : 5A;
025F5 : 5A;
025F6 : 5A;
025F7 : 5A;
025F8 : 0D;
025F9 : 56;
025FA : 9A;
025FB : BA;
025FC : BA;
025FD : 25;
025FE : 25;
025FF : 25;
02600 : 25;
02601 : 25;
02602 : 25;
02603 : BA;
02604 : 9A;
02605 : 5A;
02606 : 7A;
02607 : 00;
02608 : DA;
02609 : BA;
0260A : 9A;
0260B : 5A;
0260C : 5A;
0260D : 5A;
0260E : 5A;
0260F : 5A;
02610 : 5A;
02611 : 31;
02612 : 0D;
02613 : 0D;
02614 : 5A;
02615 : 5A;
02616 : 5A;
02617 : 11;
02618 : 0D;
02619 : 36;
0261A : 5A;
0261B : 31;
0261C : BA;
0261D : 25;
0261E : 25;
0261F : 25;
02620 : 25;
02621 : 25;
02622 : 25;
02623 : BA;
02624 : 9A;
02625 : 5A;
02626 : 7A;
02627 : 00;
02628 : DA;
02629 : BA;
0262A : 9A;
0262B : 5A;
0262C : 5A;
0262D : 7A;
0262E : 7A;
0262F : 5A;
02630 : 5A;
02631 : 0D;
02632 : 0D;
02633 : 0D;
02634 : 5A;
02635 : 5A;
02636 : 5A;
02637 : 0D;
02638 : 0D;
02639 : 32;
0263A : 31;
0263B : 04;
0263C : 9A;
0263D : 25;
0263E : 25;
0263F : 25;
02640 : 25;
02641 : 25;
02642 : 04;
02643 : BA;
02644 : 5A;
02645 : 56;
02646 : 7A;
02647 : 00;
02648 : DA;
02649 : BA;
0264A : 9A;
0264B : 5A;
0264C : 5A;
0264D : 7A;
0264E : 7A;
0264F : 3A;
02650 : 5A;
02651 : 0D;
02652 : 0D;
02653 : 0D;
02654 : 5A;
02655 : 5A;
02656 : 5A;
02657 : 0D;
02658 : 0D;
02659 : 36;
0265A : 56;
0265B : 00;
0265C : 25;
0265D : 25;
0265E : 25;
0265F : 25;
02660 : 25;
02661 : 25;
02662 : 29;
02663 : 75;
02664 : 5A;
02665 : 35;
02666 : 56;
02667 : 00;
02668 : BA;
02669 : BA;
0266A : BA;
0266B : 5A;
0266C : 5A;
0266D : 7A;
0266E : 7A;
0266F : 36;
02670 : 5A;
02671 : 0D;
02672 : 0D;
02673 : 0D;
02674 : 5A;
02675 : 5A;
02676 : 5A;
02677 : 11;
02678 : 56;
02679 : 0D;
0267A : 04;
0267B : 00;
0267C : 25;
0267D : 25;
0267E : 25;
0267F : 25;
02680 : 25;
02681 : 25;
02682 : 29;
02683 : 29;
02684 : 7A;
02685 : 31;
02686 : 55;
02687 : 00;
02688 : 95;
02689 : 9A;
0268A : BA;
0268B : 7A;
0268C : 5A;
0268D : 7A;
0268E : 5A;
0268F : 9A;
02690 : 56;
02691 : 0D;
02692 : 0D;
02693 : 32;
02694 : 5A;
02695 : 5A;
02696 : 5A;
02697 : 0D;
02698 : 56;
02699 : 09;
0269A : 00;
0269B : 00;
0269C : 25;
0269D : 25;
0269E : 25;
0269F : 25;
026A0 : 25;
026A1 : 25;
026A2 : 24;
026A3 : 00;
026A4 : BA;
026A5 : 09;
026A6 : 00;
026A7 : 04;
026A8 : 00;
026A9 : 29;
026AA : BA;
026AB : BA;
026AC : 5A;
026AD : 5A;
026AE : 5A;
026AF : 9A;
026B0 : 36;
026B1 : 0D;
026B2 : 31;
026B3 : 5A;
026B4 : 5A;
026B5 : 5A;
026B6 : 7A;
026B7 : 31;
026B8 : 5A;
026B9 : 29;
026BA : 00;
026BB : 25;
026BC : 25;
026BD : 25;
026BE : 25;
026BF : 25;
026C0 : 25;
026C1 : 25;
026C2 : 25;
026C3 : 25;
026C4 : BA;
026C5 : 04;
026C6 : 25;
026C7 : 25;
026C8 : 00;
026C9 : 29;
026CA : BA;
026CB : BA;
026CC : 5A;
026CD : 5A;
026CE : 5A;
026CF : 9A;
026D0 : 5A;
026D1 : 7A;
026D2 : 5A;
026D3 : 5A;
026D4 : 5A;
026D5 : 5A;
026D6 : 56;
026D7 : 2D;
026D8 : 5A;
026D9 : 09;
026DA : 00;
026DB : 24;
026DC : 25;
026DD : 25;
026DE : 25;
026DF : 25;
026E0 : 25;
026E1 : 25;
026E2 : 25;
026E3 : 25;
026E4 : BA;
026E5 : 04;
026E6 : 25;
026E7 : 25;
026E8 : 00;
026E9 : 49;
026EA : BA;
026EB : BA;
026EC : 5A;
026ED : 5A;
026EE : 5A;
026EF : 5A;
026F0 : BA;
026F1 : 35;
026F2 : 5A;
026F3 : 5A;
026F4 : 5A;
026F5 : 56;
026F6 : 56;
026F7 : 2D;
026F8 : 5A;
026F9 : 09;
026FA : 00;
026FB : 24;
026FC : 25;
026FD : 25;
026FE : 25;
026FF : 25;
02700 : 25;
02701 : 25;
02702 : 25;
02703 : 25;
02704 : BA;
02705 : 04;
02706 : 25;
02707 : 25;
02708 : 00;
02709 : 4D;
0270A : BA;
0270B : BA;
0270C : 7A;
0270D : 5A;
0270E : 5A;
0270F : 5A;
02710 : BA;
02711 : 56;
02712 : 5A;
02713 : 5A;
02714 : 5A;
02715 : 56;
02716 : 36;
02717 : 2D;
02718 : 7A;
02719 : 0D;
0271A : 00;
0271B : 25;
0271C : 25;
0271D : 25;
0271E : 25;
0271F : 25;
02720 : 25;
02721 : 25;
02722 : 25;
02723 : 25;
02724 : 96;
02725 : 05;
02726 : 25;
02727 : 25;
02728 : 00;
02729 : 4D;
0272A : 9A;
0272B : BA;
0272C : BA;
0272D : 5A;
0272E : 5A;
0272F : 5A;
02730 : BA;
02731 : 55;
02732 : 5A;
02733 : 5A;
02734 : 5A;
02735 : 56;
02736 : 2D;
02737 : 0D;
02738 : 56;
02739 : 29;
0273A : 00;
0273B : 25;
0273C : 25;
0273D : 25;
0273E : 25;
0273F : 25;
02740 : 25;
02741 : 25;
02742 : 25;
02743 : 25;
02744 : 00;
02745 : 25;
02746 : 25;
02747 : 25;
02748 : 00;
02749 : 4D;
0274A : 9A;
0274B : BA;
0274C : BA;
0274D : 56;
0274E : 5A;
0274F : 5A;
02750 : BA;
02751 : 55;
02752 : 5A;
02753 : 5A;
02754 : 5A;
02755 : 56;
02756 : 31;
02757 : 56;
02758 : 09;
02759 : 05;
0275A : 24;
0275B : 25;
0275C : 25;
0275D : 25;
0275E : 25;
0275F : 25;
02760 : 25;
02761 : 25;
02762 : 25;
02763 : 25;
02764 : 00;
02765 : 25;
02766 : 25;
02767 : 25;
02768 : 00;
02769 : 4D;
0276A : 9A;
0276B : BA;
0276C : BA;
0276D : 56;
0276E : 5A;
0276F : 5A;
02770 : BA;
02771 : 55;
02772 : 5A;
02773 : 5A;
02774 : 5A;
02775 : 56;
02776 : 31;
02777 : 5A;
02778 : 04;
02779 : 00;
0277A : 05;
0277B : 25;
0277C : 25;
0277D : 25;
0277E : 25;
0277F : 25;
02780 : 05;
02781 : 25;
02782 : 25;
02783 : 25;
02784 : 25;
02785 : 25;
02786 : 25;
02787 : 25;
02788 : 00;
02789 : 29;
0278A : BA;
0278B : BA;
0278C : BA;
0278D : 7A;
0278E : 5A;
0278F : 5A;
02790 : BA;
02791 : 55;
02792 : 5A;
02793 : 5A;
02794 : 5A;
02795 : 56;
02796 : 11;
02797 : 7A;
02798 : 04;
02799 : 25;
0279A : 25;
0279B : 25;
0279C : 25;
0279D : 25;
0279E : 25;
0279F : 25;
027A0 : 25;
027A1 : 25;
027A2 : 25;
027A3 : 25;
027A4 : 25;
027A5 : 25;
027A6 : 05;
027A7 : 05;
027A8 : 04;
027A9 : 05;
027AA : 09;
027AB : BA;
027AC : BA;
027AD : 9A;
027AE : 7A;
027AF : 5A;
027B0 : BA;
027B1 : 55;
027B2 : 5A;
027B3 : 5A;
027B4 : 56;
027B5 : 32;
027B6 : 31;
027B7 : 5A;
027B8 : 00;
027B9 : 25;
027BA : 25;
027BB : 25;
027BC : 25;
027BD : 25;
027BE : 25;
027BF : 25;
027C0 : 25;
027C1 : 25;
027C2 : 25;
027C3 : 25;
027C4 : 25;
027C5 : 25;
027C6 : 25;
027C7 : 25;
027C8 : 25;
027C9 : 24;
027CA : 00;
027CB : 56;
027CC : BA;
027CD : BA;
027CE : BA;
027CF : 5A;
027D0 : BA;
027D1 : 55;
027D2 : 5A;
027D3 : 5A;
027D4 : 0D;
027D5 : 2D;
027D6 : 2D;
027D7 : 7A;
027D8 : 00;
027D9 : 25;
027DA : 25;
027DB : 25;
027DC : 25;
027DD : 25;
027DE : 25;
027DF : 25;
027E0 : 25;
027E1 : 25;
027E2 : 25;
027E3 : 25;
027E4 : 25;
027E5 : 25;
027E6 : 25;
027E7 : 25;
027E8 : 25;
027E9 : 25;
027EA : 04;
027EB : 7A;
027EC : BA;
027ED : BA;
027EE : BA;
027EF : 5A;
027F0 : BA;
027F1 : 55;
027F2 : 5A;
027F3 : 5A;
027F4 : 2D;
027F5 : 2D;
027F6 : 2D;
027F7 : 7A;
027F8 : 00;
027F9 : 25;
027FA : 25;
027FB : 25;
027FC : 25;
027FD : 25;
027FE : 25;
027FF : 25;
02800 : 25;
02801 : 4D;
02802 : 29;
02803 : 49;
02804 : 49;
02805 : 29;
02806 : 29;
02807 : 49;
02808 : 4D;
02809 : 4D;
0280A : 25;
0280B : 29;
0280C : 29;
0280D : 25;
0280E : 25;
0280F : 25;
02810 : 25;
02811 : 25;
02812 : 49;
02813 : 29;
02814 : 25;
02815 : 25;
02816 : 25;
02817 : 29;
02818 : 29;
02819 : 29;
0281A : 29;
0281B : 49;
0281C : 49;
0281D : 49;
0281E : 49;
0281F : 25;
02820 : 4D;
02821 : 29;
02822 : 29;
02823 : 29;
02824 : 05;
02825 : 29;
02826 : 49;
02827 : 49;
02828 : 71;
02829 : 71;
0282A : 51;
0282B : 71;
0282C : 25;
0282D : 29;
0282E : 71;
0282F : 51;
02830 : 51;
02831 : 4D;
02832 : 4D;
02833 : 25;
02834 : 25;
02835 : 25;
02836 : 51;
02837 : 71;
02838 : 71;
02839 : 51;
0283A : 51;
0283B : 49;
0283C : 25;
0283D : 25;
0283E : 4D;
0283F : 4D;
02840 : 51;
02841 : 29;
02842 : 29;
02843 : 29;
02844 : 05;
02845 : 49;
02846 : 49;
02847 : 51;
02848 : 71;
02849 : 71;
0284A : 51;
0284B : 51;
0284C : 49;
0284D : 25;
0284E : 4D;
0284F : 71;
02850 : 51;
02851 : 4D;
02852 : 71;
02853 : 49;
02854 : 25;
02855 : 25;
02856 : 51;
02857 : 51;
02858 : 71;
02859 : 71;
0285A : 71;
0285B : 4D;
0285C : 49;
0285D : 6D;
0285E : 51;
0285F : 51;
02860 : 51;
02861 : 29;
02862 : 29;
02863 : 29;
02864 : 49;
02865 : 49;
02866 : 71;
02867 : 71;
02868 : 71;
02869 : 51;
0286A : 51;
0286B : 51;
0286C : 29;
0286D : 05;
0286E : 29;
0286F : 51;
02870 : 51;
02871 : 51;
02872 : 71;
02873 : 4D;
02874 : 25;
02875 : 25;
02876 : 51;
02877 : 51;
02878 : 51;
02879 : 71;
0287A : 6D;
0287B : 4D;
0287C : 49;
0287D : 51;
0287E : 4D;
0287F : 51;
02880 : 51;
02881 : 51;
02882 : 51;
02883 : 29;
02884 : 29;
02885 : 71;
02886 : 71;
02887 : 71;
02888 : 71;
02889 : 51;
0288A : 51;
0288B : 71;
0288C : 71;
0288D : 71;
0288E : 49;
0288F : 49;
02890 : 49;
02891 : 71;
02892 : 49;
02893 : 25;
02894 : 29;
02895 : 25;
02896 : 4D;
02897 : 51;
02898 : 4D;
02899 : 4D;
0289A : 49;
0289B : 29;
0289C : 49;
0289D : 6D;
0289E : 51;
0289F : 51;
028A0 : 71;
028A1 : 51;
028A2 : 71;
028A3 : 2D;
028A4 : 29;
028A5 : 71;
028A6 : 71;
028A7 : 51;
028A8 : 71;
028A9 : 51;
028AA : 51;
028AB : 51;
028AC : 51;
028AD : 51;
028AE : 49;
028AF : 49;
028B0 : 49;
028B1 : 71;
028B2 : 29;
028B3 : 05;
028B4 : 25;
028B5 : 25;
028B6 : 29;
028B7 : 4D;
028B8 : 49;
028B9 : 29;
028BA : 29;
028BB : 29;
028BC : 49;
028BD : 71;
028BE : 71;
028BF : 51;
028C0 : 51;
028C1 : 51;
028C2 : 51;
028C3 : 31;
028C4 : 2D;
028C5 : 51;
028C6 : 75;
028C7 : 75;
028C8 : 51;
028C9 : 51;
028CA : 51;
028CB : 51;
028CC : 51;
028CD : 76;
028CE : 49;
028CF : 49;
028D0 : 49;
028D1 : 49;
028D2 : 29;
028D3 : 00;
028D4 : 25;
028D5 : 25;
028D6 : 29;
028D7 : 4D;
028D8 : 49;
028D9 : 29;
028DA : 29;
028DB : 29;
028DC : 49;
028DD : 49;
028DE : 29;
028DF : 51;
028E0 : 75;
028E1 : 75;
028E2 : 75;
028E3 : 31;
028E4 : 4D;
028E5 : 51;
028E6 : 29;
028E7 : 29;
028E8 : 75;
028E9 : 75;
028EA : 75;
028EB : 75;
028EC : 71;
028ED : 4D;
028EE : 49;
028EF : 49;
028F0 : 49;
028F1 : 49;
028F2 : 29;
028F3 : 05;
028F4 : 05;
028F5 : 05;
028F6 : 49;
028F7 : 49;
028F8 : 29;
028F9 : 29;
028FA : 29;
028FB : 29;
028FC : 29;
028FD : 29;
028FE : 29;
028FF : 4D;
02900 : 76;
02901 : 7A;
02902 : 7A;
02903 : 4D;
02904 : 4D;
02905 : 51;
02906 : 29;
02907 : 29;
02908 : 4D;
02909 : 4D;
0290A : 51;
0290B : 51;
0290C : 4D;
0290D : 49;
0290E : 49;
0290F : 49;
02910 : 49;
02911 : 49;
02912 : 05;
02913 : 05;
02914 : 00;
02915 : 00;
02916 : 49;
02917 : 49;
02918 : 29;
02919 : 29;
0291A : 29;
0291B : 29;
0291C : 29;
0291D : 29;
0291E : 29;
0291F : 29;
02920 : 2D;
02921 : 2D;
02922 : 2D;
02923 : 4D;
02924 : 4D;
02925 : 29;
02926 : 29;
02927 : 29;
02928 : 6D;
02929 : 4D;
0292A : 4D;
0292B : 6D;
0292C : 49;
0292D : 49;
0292E : 49;
0292F : 49;
02930 : 49;
02931 : 49;
02932 : 05;
02933 : 04;
02934 : 00;
02935 : 04;
02936 : 49;
02937 : 49;
02938 : 29;
02939 : 29;
0293A : 29;
0293B : 05;
0293C : 29;
0293D : 29;
0293E : 29;
0293F : 29;
02940 : 4D;
02941 : 4D;
02942 : 4D;
02943 : 4D;
02944 : 4D;
02945 : 29;
02946 : 4D;
02947 : 4D;
02948 : 6D;
02949 : 49;
0294A : 49;
0294B : 4D;
0294C : 49;
0294D : 49;
0294E : 49;
0294F : 49;
02950 : 49;
02951 : 7A;
02952 : 29;
02953 : 25;
02954 : 00;
02955 : 00;
02956 : 29;
02957 : 29;
02958 : 29;
02959 : 29;
0295A : 05;
0295B : 00;
0295C : 05;
0295D : 05;
0295E : 29;
0295F : 29;
02960 : 00;
02961 : 4D;
02962 : 4D;
02963 : 4D;
02964 : 4D;
02965 : 05;
02966 : 4D;
02967 : 29;
02968 : 6D;
02969 : 49;
0296A : 49;
0296B : 49;
0296C : 49;
0296D : 49;
0296E : 49;
0296F : 49;
02970 : 29;
02971 : 7A;
02972 : 29;
02973 : 25;
02974 : 00;
02975 : 00;
02976 : 25;
02977 : 29;
02978 : 29;
02979 : 29;
0297A : 00;
0297B : 00;
0297C : 25;
0297D : 25;
0297E : 00;
0297F : 00;
02980 : 4D;
02981 : 4D;
02982 : 05;
02983 : 49;
02984 : 49;
02985 : 00;
02986 : 25;
02987 : 25;
02988 : 29;
02989 : 49;
0298A : 49;
0298B : 49;
0298C : 49;
0298D : 49;
0298E : 29;
0298F : 2D;
02990 : 7A;
02991 : 51;
02992 : 29;
02993 : 29;
02994 : 00;
02995 : 00;
02996 : 25;
02997 : 25;
02998 : 25;
02999 : 25;
0299A : 00;
0299B : 00;
0299C : 25;
0299D : 25;
0299E : 4D;
0299F : 4D;
029A0 : 4D;
029A1 : 29;
029A2 : 25;
029A3 : 25;
029A4 : 25;
029A5 : 00;
029A6 : 00;
029A7 : 25;
029A8 : 49;
029A9 : 29;
029AA : 49;
029AB : 49;
029AC : 49;
029AD : 49;
029AE : 51;
029AF : 51;
029B0 : 51;
029B1 : 51;
029B2 : 29;
029B3 : 29;
029B4 : 00;
029B5 : 00;
029B6 : 29;
029B7 : 29;
029B8 : 05;
029B9 : 05;
029BA : 00;
029BB : 00;
029BC : 25;
029BD : 25;
029BE : 4D;
029BF : 71;
029C0 : 4D;
029C1 : 71;
029C2 : 71;
029C3 : 05;
029C4 : 29;
029C5 : 29;
029C6 : 29;
029C7 : 29;
029C8 : 00;
029C9 : 00;
029CA : 00;
029CB : 04;
029CC : 05;
029CD : 05;
029CE : 51;
029CF : 4D;
029D0 : 4D;
029D1 : 4D;
029D2 : 29;
029D3 : 29;
029D4 : 04;
029D5 : 00;
029D6 : 71;
029D7 : 51;
029D8 : 51;
029D9 : 51;
029DA : 71;
029DB : 49;
029DC : 4D;
029DD : 4D;
029DE : 71;
029DF : 71;
029E0 : 71;
029E1 : 71;
029E2 : 71;
029E3 : 25;
029E4 : 25;
029E5 : 29;
029E6 : 25;
029E7 : 29;
029E8 : 00;
029E9 : 00;
029EA : 00;
029EB : 00;
029EC : 05;
029ED : 00;
029EE : 4D;
029EF : 49;
029F0 : 4D;
029F1 : 4D;
029F2 : 29;
029F3 : 29;
029F4 : 04;
029F5 : 00;
029F6 : 4D;
029F7 : 51;
029F8 : 51;
029F9 : 51;
029FA : 4D;
029FB : 49;
029FC : 4D;
029FD : 4D;
029FE : 71;
029FF : 51;
02A00 : 71;
02A01 : 71;
02A02 : 71;
02A03 : 71;
02A04 : 29;
02A05 : 4D;
02A06 : 4D;
02A07 : 4D;
02A08 : 4D;
02A09 : 4D;
02A0A : 6D;
02A0B : 29;
02A0C : 05;
02A0D : 29;
02A0E : 4D;
02A0F : 4D;
02A10 : 4D;
02A11 : 4D;
02A12 : 25;
02A13 : 25;
02A14 : 25;
02A15 : 25;
02A16 : 29;
02A17 : 4D;
02A18 : 71;
02A19 : 71;
02A1A : 71;
02A1B : 4D;
02A1C : 4D;
02A1D : 4D;
02A1E : 51;
02A1F : 71;
02A20 : 71;
02A21 : 71;
02A22 : 75;
02A23 : 91;
02A24 : 49;
02A25 : 4D;
02A26 : 4D;
02A27 : 4D;
02A28 : 6D;
02A29 : 4D;
02A2A : 6D;
02A2B : 71;
02A2C : 71;
02A2D : 71;
02A2E : 6D;
02A2F : 25;
02A30 : 4D;
02A31 : 4D;
02A32 : 25;
02A33 : 25;
02A34 : 25;
02A35 : 25;
02A36 : 29;
02A37 : 49;
02A38 : 6D;
02A39 : 4D;
02A3A : 4D;
02A3B : 4D;
02A3C : 4D;
02A3D : 4D;
02A3E : 51;
02A3F : 71;
02A40 : 71;
02A41 : 71;
02A42 : 75;
02A43 : 71;
02A44 : 49;
02A45 : 4D;
02A46 : 4D;
02A47 : 4D;
02A48 : 4D;
02A49 : 4D;
02A4A : 6D;
02A4B : 71;
02A4C : 71;
02A4D : 51;
02A4E : 51;
02A4F : 29;
02A50 : 4D;
02A51 : 4D;
02A52 : 25;
02A53 : 25;
02A54 : 25;
02A55 : 25;
02A56 : 29;
02A57 : 29;
02A58 : 6D;
02A59 : 4D;
02A5A : 4D;
02A5B : 4D;
02A5C : 51;
02A5D : 4D;
02A5E : 6D;
02A5F : 71;
02A60 : 71;
02A61 : 76;
02A62 : 9A;
02A63 : 4D;
02A64 : 29;
02A65 : 4D;
02A66 : 4D;
02A67 : 51;
02A68 : 4D;
02A69 : 4D;
02A6A : 51;
02A6B : 51;
02A6C : 51;
02A6D : 4D;
02A6E : 76;
02A6F : 76;
02A70 : 4D;
02A71 : 49;
02A72 : 00;
02A73 : 25;
02A74 : 05;
02A75 : 05;
02A76 : 2D;
02A77 : 56;
02A78 : 51;
02A79 : 4D;
02A7A : 4D;
02A7B : 4D;
02A7C : 4D;
02A7D : 51;
02A7E : 4D;
02A7F : 71;
02A80 : 51;
02A81 : 76;
02A82 : 29;
02A83 : 29;
02A84 : 29;
02A85 : 4D;
02A86 : 51;
02A87 : 51;
02A88 : 4D;
02A89 : 51;
02A8A : 56;
02A8B : 5A;
02A8C : 29;
02A8D : 29;
02A8E : 4D;
02A8F : 4D;
02A90 : 25;
02A91 : 25;
02A92 : 05;
02A93 : 05;
02A94 : 29;
02A95 : 51;
02A96 : 51;
02A97 : 51;
02A98 : 51;
02A99 : 51;
02A9A : 4D;
02A9B : 4D;
02A9C : 4D;
02A9D : 51;
02A9E : 71;
02A9F : 71;
02AA0 : 4D;
02AA1 : 29;
02AA2 : 29;
02AA3 : 29;
02AA4 : 29;
02AA5 : 49;
02AA6 : 75;
02AA7 : 55;
02AA8 : 4D;
02AA9 : 51;
02AAA : 51;
02AAB : 09;
02AAC : 05;
02AAD : 05;
02AAE : 25;
02AAF : 6D;
02AB0 : 25;
02AB1 : 25;
02AB2 : 05;
02AB3 : 29;
02AB4 : 55;
02AB5 : 51;
02AB6 : 71;
02AB7 : 71;
02AB8 : 51;
02AB9 : 51;
02ABA : 29;
02ABB : 29;
02ABC : 29;
02ABD : 29;
02ABE : 51;
02ABF : 4D;
02AC0 : 4D;
02AC1 : 4D;
02AC2 : 29;
02AC3 : 29;
02AC4 : 29;
02AC5 : 4D;
02AC6 : 75;
02AC7 : 75;
02AC8 : 4D;
02AC9 : 51;
02ACA : 6D;
02ACB : 4D;
02ACC : 25;
02ACD : 25;
02ACE : 25;
02ACF : 4D;
02AD0 : 25;
02AD1 : 25;
02AD2 : 04;
02AD3 : 29;
02AD4 : 71;
02AD5 : 71;
02AD6 : 4D;
02AD7 : 6D;
02AD8 : 29;
02AD9 : 29;
02ADA : 49;
02ADB : 29;
02ADC : 29;
02ADD : 51;
02ADE : 49;
02ADF : 4D;
02AE0 : 4D;
02AE1 : 49;
02AE2 : 49;
02AE3 : 29;
02AE4 : 29;
02AE5 : 4D;
02AE6 : 49;
02AE7 : 4D;
02AE8 : 71;
02AE9 : 29;
02AEA : 49;
02AEB : 4D;
02AEC : 05;
02AED : 05;
02AEE : 25;
02AEF : 05;
02AF0 : 05;
02AF1 : 25;
02AF2 : 29;
02AF3 : 4D;
02AF4 : 4D;
02AF5 : 4D;
02AF6 : 4D;
02AF7 : 4D;
02AF8 : 29;
02AF9 : 49;
02AFA : 29;
02AFB : 29;
02AFC : 51;
02AFD : 51;
02AFE : 4D;
02AFF : 51;
02B00 : 51;
02B01 : 4D;
02B02 : 51;
02B03 : 29;
02B04 : 29;
02B05 : 49;
02B06 : 49;
02B07 : 4D;
02B08 : 71;
02B09 : 49;
02B0A : 4D;
02B0B : 4D;
02B0C : 25;
02B0D : 25;
02B0E : 25;
02B0F : 25;
02B10 : 25;
02B11 : 04;
02B12 : 29;
02B13 : 29;
02B14 : 4D;
02B15 : 4D;
02B16 : 4D;
02B17 : 4D;
02B18 : 4D;
02B19 : 4D;
02B1A : 2D;
02B1B : 29;
02B1C : 51;
02B1D : 51;
02B1E : 4D;
02B1F : 4D;
02B20 : 4D;
02B21 : 51;
02B22 : 51;
02B23 : 49;
02B24 : 29;
02B25 : 49;
02B26 : 49;
02B27 : 4D;
02B28 : 49;
02B29 : 49;
02B2A : 49;
02B2B : 49;
02B2C : 25;
02B2D : 25;
02B2E : 25;
02B2F : 05;
02B30 : 00;
02B31 : 24;
02B32 : 49;
02B33 : 4D;
02B34 : 4D;
02B35 : 4D;
02B36 : 4D;
02B37 : 4D;
02B38 : 51;
02B39 : 4D;
02B3A : 49;
02B3B : 49;
02B3C : 51;
02B3D : 51;
02B3E : 4D;
02B3F : 4D;
02B40 : 51;
02B41 : 51;
02B42 : 51;
02B43 : 25;
02B44 : 25;
02B45 : 49;
02B46 : 49;
02B47 : 4D;
02B48 : 49;
02B49 : 49;
02B4A : 6D;
02B4B : 49;
02B4C : 25;
02B4D : 25;
02B4E : 25;
02B4F : 25;
02B50 : 00;
02B51 : 25;
02B52 : 29;
02B53 : 4D;
02B54 : 4D;
02B55 : 4D;
02B56 : 4D;
02B57 : 4D;
02B58 : 4D;
02B59 : 51;
02B5A : 4D;
02B5B : 51;
02B5C : 29;
02B5D : 51;
02B5E : 71;
02B5F : 71;
02B60 : 51;
02B61 : 4D;
02B62 : 29;
02B63 : 29;
02B64 : 25;
02B65 : 49;
02B66 : 49;
02B67 : 49;
02B68 : 6D;
02B69 : 6D;
02B6A : 49;
02B6B : 49;
02B6C : 25;
02B6D : 25;
02B6E : 25;
02B6F : 25;
02B70 : 4D;
02B71 : 25;
02B72 : 05;
02B73 : 29;
02B74 : 29;
02B75 : 4D;
02B76 : 4D;
02B77 : 4D;
02B78 : 4D;
02B79 : 4D;
02B7A : 51;
02B7B : 51;
02B7C : 29;
02B7D : 29;
02B7E : 51;
02B7F : 51;
02B80 : 51;
02B81 : 05;
02B82 : 71;
02B83 : 29;
02B84 : 25;
02B85 : 49;
02B86 : 49;
02B87 : 71;
02B88 : 49;
02B89 : 29;
02B8A : 29;
02B8B : 29;
02B8C : 29;
02B8D : 25;
02B8E : 25;
02B8F : 00;
02B90 : 49;
02B91 : 25;
02B92 : 05;
02B93 : 29;
02B94 : 4D;
02B95 : 4D;
02B96 : 4D;
02B97 : 71;
02B98 : 71;
02B99 : 51;
02B9A : 51;
02B9B : 51;
02B9C : 51;
02B9D : 29;
02B9E : 29;
02B9F : 51;
02BA0 : 4D;
02BA1 : 25;
02BA2 : 29;
02BA3 : 25;
02BA4 : 49;
02BA5 : 29;
02BA6 : 6D;
02BA7 : 49;
02BA8 : 29;
02BA9 : 71;
02BAA : 71;
02BAB : 71;
02BAC : 29;
02BAD : 49;
02BAE : 00;
02BAF : 00;
02BB0 : 4D;
02BB1 : 4D;
02BB2 : 04;
02BB3 : 00;
02BB4 : 25;
02BB5 : 29;
02BB6 : 29;
02BB7 : 29;
02BB8 : 29;
02BB9 : 51;
02BBA : 51;
02BBB : 51;
02BBC : 51;
02BBD : 51;
02BBE : 51;
02BBF : 29;
02BC0 : 25;
02BC1 : 00;
02BC2 : 05;
02BC3 : 49;
02BC4 : 49;
02BC5 : 29;
02BC6 : 29;
02BC7 : 49;
02BC8 : 29;
02BC9 : 71;
02BCA : 71;
02BCB : 71;
02BCC : 71;
02BCD : 29;
02BCE : 49;
02BCF : 04;
02BD0 : 4D;
02BD1 : 25;
02BD2 : 25;
02BD3 : 05;
02BD4 : 4D;
02BD5 : 4D;
02BD6 : 4D;
02BD7 : 4D;
02BD8 : 51;
02BD9 : 51;
02BDA : 51;
02BDB : 51;
02BDC : 51;
02BDD : 51;
02BDE : 29;
02BDF : 29;
02BE0 : 25;
02BE1 : 00;
02BE2 : 49;
02BE3 : 49;
02BE4 : 25;
02BE5 : 29;
02BE6 : 29;
02BE7 : 29;
02BE8 : 71;
02BE9 : 71;
02BEA : 71;
02BEB : 71;
02BEC : 71;
02BED : 4D;
02BEE : 29;
02BEF : 49;
02BF0 : 4D;
02BF1 : 25;
02BF2 : 25;
02BF3 : 25;
02BF4 : 25;
02BF5 : 25;
02BF6 : 4D;
02BF7 : 4D;
02BF8 : 51;
02BF9 : 51;
02BFA : 51;
02BFB : 51;
02BFC : 29;
02BFD : 29;
02BFE : 25;
02BFF : 25;
02C00 : 25;
02C01 : 25;
02C02 : 25;
02C03 : 25;
02C04 : 25;
02C05 : 25;
02C06 : 25;
02C07 : 25;
02C08 : 25;
02C09 : 25;
02C0A : 25;
02C0B : 25;
02C0C : 25;
02C0D : 25;
02C0E : 25;
02C0F : 25;
02C10 : 25;
02C11 : 25;
02C12 : 25;
02C13 : 25;
02C14 : 25;
02C15 : 25;
02C16 : 25;
02C17 : 25;
02C18 : 25;
02C19 : 25;
02C1A : 25;
02C1B : 25;
02C1C : 25;
02C1D : 25;
02C1E : 25;
02C1F : 25;
02C20 : 25;
02C21 : 25;
02C22 : 25;
02C23 : 25;
02C24 : 25;
02C25 : 25;
02C26 : 25;
02C27 : 25;
02C28 : 25;
02C29 : 25;
02C2A : 25;
02C2B : 25;
02C2C : 25;
02C2D : 25;
02C2E : 25;
02C2F : 25;
02C30 : 25;
02C31 : 25;
02C32 : 25;
02C33 : 25;
02C34 : 25;
02C35 : 25;
02C36 : 25;
02C37 : 25;
02C38 : 25;
02C39 : 25;
02C3A : 25;
02C3B : 25;
02C3C : 25;
02C3D : 25;
02C3E : 25;
02C3F : 25;
02C40 : 25;
02C41 : 25;
02C42 : 25;
02C43 : 25;
02C44 : 25;
02C45 : 25;
02C46 : 25;
02C47 : 25;
02C48 : 25;
02C49 : 25;
02C4A : 25;
02C4B : 25;
02C4C : 25;
02C4D : 25;
02C4E : 25;
02C4F : 25;
02C50 : 25;
02C51 : 25;
02C52 : 25;
02C53 : 25;
02C54 : 25;
02C55 : 25;
02C56 : 25;
02C57 : 25;
02C58 : 25;
02C59 : 25;
02C5A : 25;
02C5B : 25;
02C5C : 25;
02C5D : 25;
02C5E : 25;
02C5F : 25;
02C60 : 25;
02C61 : 25;
02C62 : 25;
02C63 : 25;
02C64 : 25;
02C65 : 25;
02C66 : 25;
02C67 : 25;
02C68 : 25;
02C69 : 25;
02C6A : 25;
02C6B : 25;
02C6C : 25;
02C6D : 25;
02C6E : 25;
02C6F : 25;
02C70 : 25;
02C71 : 25;
02C72 : 25;
02C73 : 25;
02C74 : 25;
02C75 : 25;
02C76 : 25;
02C77 : 25;
02C78 : 25;
02C79 : 25;
02C7A : 25;
02C7B : 25;
02C7C : 25;
02C7D : 25;
02C7E : 25;
02C7F : 25;
02C80 : 25;
02C81 : 25;
02C82 : 25;
02C83 : 25;
02C84 : 25;
02C85 : 25;
02C86 : 25;
02C87 : 25;
02C88 : 25;
02C89 : 25;
02C8A : 25;
02C8B : 25;
02C8C : 25;
02C8D : 25;
02C8E : 25;
02C8F : 25;
02C90 : 25;
02C91 : 25;
02C92 : 25;
02C93 : 25;
02C94 : 25;
02C95 : 25;
02C96 : 25;
02C97 : 25;
02C98 : 25;
02C99 : 25;
02C9A : 25;
02C9B : 25;
02C9C : 25;
02C9D : 25;
02C9E : 25;
02C9F : 25;
02CA0 : 25;
02CA1 : 25;
02CA2 : 25;
02CA3 : 25;
02CA4 : 25;
02CA5 : 25;
02CA6 : 25;
02CA7 : 25;
02CA8 : 25;
02CA9 : 25;
02CAA : 25;
02CAB : 25;
02CAC : 25;
02CAD : 25;
02CAE : 25;
02CAF : 25;
02CB0 : D1;
02CB1 : D6;
02CB2 : 25;
02CB3 : 25;
02CB4 : 25;
02CB5 : 25;
02CB6 : 25;
02CB7 : 25;
02CB8 : 25;
02CB9 : 25;
02CBA : 25;
02CBB : 25;
02CBC : 25;
02CBD : 25;
02CBE : 25;
02CBF : 25;
02CC0 : 25;
02CC1 : 25;
02CC2 : 25;
02CC3 : 25;
02CC4 : 25;
02CC5 : 25;
02CC6 : 25;
02CC7 : 25;
02CC8 : 25;
02CC9 : 25;
02CCA : 25;
02CCB : 25;
02CCC : 25;
02CCD : 25;
02CCE : 25;
02CCF : 25;
02CD0 : D6;
02CD1 : D2;
02CD2 : A9;
02CD3 : 25;
02CD4 : 25;
02CD5 : 25;
02CD6 : 25;
02CD7 : 25;
02CD8 : 25;
02CD9 : 25;
02CDA : 25;
02CDB : 25;
02CDC : 25;
02CDD : 25;
02CDE : 25;
02CDF : 25;
02CE0 : 25;
02CE1 : 25;
02CE2 : 25;
02CE3 : 25;
02CE4 : 25;
02CE5 : 25;
02CE6 : 25;
02CE7 : 25;
02CE8 : 25;
02CE9 : 25;
02CEA : 25;
02CEB : 25;
02CEC : 25;
02CED : 25;
02CEE : 25;
02CEF : B1;
02CF0 : D6;
02CF1 : D6;
02CF2 : CD;
02CF3 : 20;
02CF4 : 25;
02CF5 : 25;
02CF6 : 25;
02CF7 : 25;
02CF8 : 25;
02CF9 : 25;
02CFA : 25;
02CFB : 25;
02CFC : 25;
02CFD : 25;
02CFE : 25;
02CFF : 25;
02D00 : 25;
02D01 : 25;
02D02 : 25;
02D03 : 25;
02D04 : 25;
02D05 : 25;
02D06 : 25;
02D07 : 25;
02D08 : 25;
02D09 : 25;
02D0A : 25;
02D0B : 25;
02D0C : 25;
02D0D : 20;
02D0E : 25;
02D0F : DA;
02D10 : D6;
02D11 : D6;
02D12 : C9;
02D13 : 85;
02D14 : 20;
02D15 : 25;
02D16 : 25;
02D17 : 25;
02D18 : 25;
02D19 : 25;
02D1A : 25;
02D1B : 25;
02D1C : 25;
02D1D : 25;
02D1E : 25;
02D1F : 25;
02D20 : 25;
02D21 : 25;
02D22 : 25;
02D23 : 25;
02D24 : 25;
02D25 : 25;
02D26 : 25;
02D27 : 25;
02D28 : 25;
02D29 : 25;
02D2A : 25;
02D2B : 25;
02D2C : 25;
02D2D : 20;
02D2E : DA;
02D2F : D6;
02D30 : D6;
02D31 : D6;
02D32 : C9;
02D33 : C9;
02D34 : 40;
02D35 : 25;
02D36 : 25;
02D37 : 25;
02D38 : 25;
02D39 : 25;
02D3A : 25;
02D3B : 25;
02D3C : 25;
02D3D : 25;
02D3E : 25;
02D3F : 25;
02D40 : 25;
02D41 : 25;
02D42 : 25;
02D43 : 25;
02D44 : 25;
02D45 : 25;
02D46 : 25;
02D47 : 25;
02D48 : 25;
02D49 : 25;
02D4A : 25;
02D4B : 25;
02D4C : 25;
02D4D : B1;
02D4E : D6;
02D4F : D6;
02D50 : D6;
02D51 : D6;
02D52 : C9;
02D53 : C5;
02D54 : C9;
02D55 : 65;
02D56 : 25;
02D57 : 25;
02D58 : 25;
02D59 : 25;
02D5A : 25;
02D5B : 25;
02D5C : 25;
02D5D : 25;
02D5E : 25;
02D5F : 25;
02D60 : 25;
02D61 : 25;
02D62 : 25;
02D63 : 25;
02D64 : 25;
02D65 : 25;
02D66 : 25;
02D67 : 25;
02D68 : 25;
02D69 : 25;
02D6A : 25;
02D6B : 20;
02D6C : 25;
02D6D : D6;
02D6E : DA;
02D6F : D6;
02D70 : D6;
02D71 : D6;
02D72 : C9;
02D73 : C5;
02D74 : C5;
02D75 : 85;
02D76 : 25;
02D77 : 25;
02D78 : 25;
02D79 : 25;
02D7A : 25;
02D7B : 25;
02D7C : 25;
02D7D : 25;
02D7E : 25;
02D7F : 25;
02D80 : 25;
02D81 : 25;
02D82 : 25;
02D83 : 25;
02D84 : 25;
02D85 : 25;
02D86 : 25;
02D87 : 25;
02D88 : 25;
02D89 : 25;
02D8A : 25;
02D8B : 20;
02D8C : D6;
02D8D : D1;
02D8E : D6;
02D8F : D6;
02D90 : D6;
02D91 : D6;
02D92 : CD;
02D93 : C9;
02D94 : C9;
02D95 : C9;
02D96 : A9;
02D97 : 25;
02D98 : 25;
02D99 : 25;
02D9A : 25;
02D9B : 25;
02D9C : 25;
02D9D : 25;
02D9E : 25;
02D9F : 25;
02DA0 : 25;
02DA1 : 25;
02DA2 : 25;
02DA3 : 25;
02DA4 : 25;
02DA5 : 25;
02DA6 : 25;
02DA7 : 25;
02DA8 : 25;
02DA9 : 25;
02DAA : 25;
02DAB : 20;
02DAC : DA;
02DAD : D2;
02DAE : D2;
02DAF : D6;
02DB0 : D6;
02DB1 : D6;
02DB2 : C9;
02DB3 : C9;
02DB4 : C9;
02DB5 : C9;
02DB6 : C9;
02DB7 : 20;
02DB8 : 25;
02DB9 : 25;
02DBA : 25;
02DBB : 25;
02DBC : 25;
02DBD : 25;
02DBE : 25;
02DBF : 25;
02DC0 : 25;
02DC1 : 25;
02DC2 : 25;
02DC3 : 25;
02DC4 : 25;
02DC5 : 25;
02DC6 : 25;
02DC7 : 25;
02DC8 : 25;
02DC9 : 25;
02DCA : 25;
02DCB : 20;
02DCC : D6;
02DCD : CD;
02DCE : CD;
02DCF : D6;
02DD0 : D6;
02DD1 : DA;
02DD2 : D6;
02DD3 : D2;
02DD4 : CE;
02DD5 : A5;
02DD6 : C9;
02DD7 : 20;
02DD8 : 25;
02DD9 : 25;
02DDA : 25;
02DDB : 25;
02DDC : 25;
02DDD : 25;
02DDE : 25;
02DDF : 25;
02DE0 : 25;
02DE1 : 25;
02DE2 : 25;
02DE3 : 20;
02DE4 : 25;
02DE5 : 25;
02DE6 : 25;
02DE7 : 25;
02DE8 : 25;
02DE9 : 25;
02DEA : 25;
02DEB : 20;
02DEC : D6;
02DED : CD;
02DEE : CD;
02DEF : C9;
02DF0 : D6;
02DF1 : DA;
02DF2 : D2;
02DF3 : 85;
02DF4 : CE;
02DF5 : A5;
02DF6 : A9;
02DF7 : 00;
02DF8 : 25;
02DF9 : 25;
02DFA : 25;
02DFB : 25;
02DFC : 25;
02DFD : 25;
02DFE : 25;
02DFF : 25;
02E00 : 25;
02E01 : 25;
02E02 : 20;
02E03 : D2;
02E04 : 25;
02E05 : 20;
02E06 : 25;
02E07 : 25;
02E08 : 25;
02E09 : 25;
02E0A : 25;
02E0B : 20;
02E0C : D6;
02E0D : CD;
02E0E : CD;
02E0F : C9;
02E10 : CE;
02E11 : D6;
02E12 : D2;
02E13 : A9;
02E14 : C9;
02E15 : C9;
02E16 : A9;
02E17 : 00;
02E18 : 25;
02E19 : 25;
02E1A : 25;
02E1B : 25;
02E1C : 25;
02E1D : 25;
02E1E : 25;
02E1F : 25;
02E20 : 25;
02E21 : 25;
02E22 : 20;
02E23 : D6;
02E24 : D6;
02E25 : D6;
02E26 : DA;
02E27 : DA;
02E28 : 25;
02E29 : 25;
02E2A : 25;
02E2B : 20;
02E2C : D6;
02E2D : D2;
02E2E : D2;
02E2F : D2;
02E30 : CD;
02E31 : CE;
02E32 : C9;
02E33 : A5;
02E34 : A5;
02E35 : A5;
02E36 : A9;
02E37 : 00;
02E38 : 25;
02E39 : 25;
02E3A : 25;
02E3B : B1;
02E3C : 8D;
02E3D : 8D;
02E3E : 8D;
02E3F : 25;
02E40 : 25;
02E41 : 25;
02E42 : 20;
02E43 : D2;
02E44 : D2;
02E45 : D6;
02E46 : DA;
02E47 : DA;
02E48 : 25;
02E49 : AD;
02E4A : 25;
02E4B : 20;
02E4C : D6;
02E4D : CD;
02E4E : D2;
02E4F : D6;
02E50 : CE;
02E51 : CE;
02E52 : 81;
02E53 : 85;
02E54 : A5;
02E55 : A5;
02E56 : 85;
02E57 : 00;
02E58 : 25;
02E59 : 25;
02E5A : 20;
02E5B : DA;
02E5C : DA;
02E5D : DA;
02E5E : DA;
02E5F : 25;
02E60 : 25;
02E61 : 25;
02E62 : 20;
02E63 : DA;
02E64 : D2;
02E65 : D6;
02E66 : D2;
02E67 : CD;
02E68 : DA;
02E69 : DA;
02E6A : 25;
02E6B : 20;
02E6C : D6;
02E6D : CD;
02E6E : C9;
02E6F : CD;
02E70 : CD;
02E71 : D2;
02E72 : 85;
02E73 : C9;
02E74 : C5;
02E75 : 89;
02E76 : 45;
02E77 : 00;
02E78 : 20;
02E79 : D6;
02E7A : D6;
02E7B : D6;
02E7C : DA;
02E7D : DA;
02E7E : CD;
02E7F : 25;
02E80 : 25;
02E81 : 25;
02E82 : 20;
02E83 : D6;
02E84 : D6;
02E85 : D6;
02E86 : D2;
02E87 : CD;
02E88 : CD;
02E89 : D6;
02E8A : D6;
02E8B : 20;
02E8C : D6;
02E8D : CD;
02E8E : C9;
02E8F : C9;
02E90 : CD;
02E91 : D2;
02E92 : 85;
02E93 : C9;
02E94 : C9;
02E95 : 89;
02E96 : 45;
02E97 : 00;
02E98 : 8D;
02E99 : D6;
02E9A : D6;
02E9B : D6;
02E9C : D6;
02E9D : D2;
02E9E : D2;
02E9F : 25;
02EA0 : 25;
02EA1 : 25;
02EA2 : 40;
02EA3 : D1;
02EA4 : DA;
02EA5 : D6;
02EA6 : D2;
02EA7 : CD;
02EA8 : CD;
02EA9 : CD;
02EAA : C9;
02EAB : 20;
02EAC : D6;
02EAD : C9;
02EAE : C9;
02EAF : C9;
02EB0 : CD;
02EB1 : D6;
02EB2 : A5;
02EB3 : 85;
02EB4 : C5;
02EB5 : A9;
02EB6 : 45;
02EB7 : 00;
02EB8 : 65;
02EB9 : D6;
02EBA : D6;
02EBB : D6;
02EBC : C9;
02EBD : C9;
02EBE : D2;
02EBF : 25;
02EC0 : 25;
02EC1 : 25;
02EC2 : 40;
02EC3 : D2;
02EC4 : D6;
02EC5 : D6;
02EC6 : D2;
02EC7 : CD;
02EC8 : CD;
02EC9 : CD;
02ECA : A5;
02ECB : 40;
02ECC : D6;
02ECD : C9;
02ECE : C9;
02ECF : C9;
02ED0 : CD;
02ED1 : D6;
02ED2 : 85;
02ED3 : 85;
02ED4 : C9;
02ED5 : A9;
02ED6 : 45;
02ED7 : 00;
02ED8 : 65;
02ED9 : D6;
02EDA : D6;
02EDB : D2;
02EDC : C9;
02EDD : C9;
02EDE : D2;
02EDF : 25;
02EE0 : 25;
02EE1 : 25;
02EE2 : D2;
02EE3 : C9;
02EE4 : C9;
02EE5 : DA;
02EE6 : D2;
02EE7 : CD;
02EE8 : C9;
02EE9 : C9;
02EEA : C9;
02EEB : C5;
02EEC : D6;
02EED : CD;
02EEE : C5;
02EEF : C9;
02EF0 : CD;
02EF1 : D2;
02EF2 : 85;
02EF3 : 85;
02EF4 : C5;
02EF5 : A9;
02EF6 : 20;
02EF7 : 20;
02EF8 : 65;
02EF9 : D6;
02EFA : D2;
02EFB : D2;
02EFC : C9;
02EFD : C9;
02EFE : CD;
02EFF : 25;
02F00 : 25;
02F01 : 25;
02F02 : D2;
02F03 : CD;
02F04 : CD;
02F05 : 85;
02F06 : CD;
02F07 : D2;
02F08 : C9;
02F09 : C9;
02F0A : C9;
02F0B : C9;
02F0C : 61;
02F0D : D6;
02F0E : D2;
02F0F : C5;
02F10 : CD;
02F11 : D2;
02F12 : 85;
02F13 : 85;
02F14 : C9;
02F15 : A9;
02F16 : 65;
02F17 : 20;
02F18 : 65;
02F19 : D2;
02F1A : D2;
02F1B : 85;
02F1C : 81;
02F1D : A5;
02F1E : CD;
02F1F : 25;
02F20 : 25;
02F21 : 25;
02F22 : 20;
02F23 : D2;
02F24 : 85;
02F25 : 85;
02F26 : C9;
02F27 : C9;
02F28 : C9;
02F29 : C9;
02F2A : C9;
02F2B : C9;
02F2C : 61;
02F2D : D6;
02F2E : D2;
02F2F : C5;
02F30 : C9;
02F31 : D2;
02F32 : 85;
02F33 : 85;
02F34 : A5;
02F35 : C9;
02F36 : D2;
02F37 : 20;
02F38 : 65;
02F39 : C9;
02F3A : CD;
02F3B : A1;
02F3C : CE;
02F3D : C9;
02F3E : 20;
02F3F : 25;
02F40 : 25;
02F41 : 25;
02F42 : 20;
02F43 : D2;
02F44 : A5;
02F45 : 85;
02F46 : C9;
02F47 : C9;
02F48 : C9;
02F49 : C9;
02F4A : C9;
02F4B : C9;
02F4C : 61;
02F4D : D6;
02F4E : D2;
02F4F : C5;
02F50 : C9;
02F51 : D2;
02F52 : 85;
02F53 : 85;
02F54 : 40;
02F55 : 85;
02F56 : D2;
02F57 : 20;
02F58 : 65;
02F59 : CD;
02F5A : CD;
02F5B : A1;
02F5C : CE;
02F5D : CD;
02F5E : 24;
02F5F : 25;
02F60 : 25;
02F61 : 25;
02F62 : 20;
02F63 : C9;
02F64 : C9;
02F65 : CE;
02F66 : 85;
02F67 : A5;
02F68 : C9;
02F69 : C9;
02F6A : C9;
02F6B : C9;
02F6C : C9;
02F6D : D6;
02F6E : D2;
02F6F : C5;
02F70 : C9;
02F71 : D2;
02F72 : 85;
02F73 : 61;
02F74 : 45;
02F75 : 61;
02F76 : CE;
02F77 : 65;
02F78 : A9;
02F79 : C9;
02F7A : 85;
02F7B : CE;
02F7C : A5;
02F7D : 61;
02F7E : 00;
02F7F : 25;
02F80 : 25;
02F81 : 25;
02F82 : 20;
02F83 : A9;
02F84 : C9;
02F85 : CD;
02F86 : A5;
02F87 : A5;
02F88 : C9;
02F89 : C9;
02F8A : C9;
02F8B : C9;
02F8C : A5;
02F8D : D6;
02F8E : D2;
02F8F : C5;
02F90 : C9;
02F91 : D2;
02F92 : 85;
02F93 : 65;
02F94 : 41;
02F95 : 65;
02F96 : CE;
02F97 : 65;
02F98 : A9;
02F99 : 85;
02F9A : 65;
02F9B : D2;
02F9C : 85;
02F9D : 45;
02F9E : 25;
02F9F : 25;
02FA0 : 25;
02FA1 : 25;
02FA2 : 25;
02FA3 : 00;
02FA4 : 89;
02FA5 : C9;
02FA6 : A5;
02FA7 : A9;
02FA8 : 85;
02FA9 : C9;
02FAA : C9;
02FAB : C9;
02FAC : 61;
02FAD : CE;
02FAE : D2;
02FAF : C5;
02FB0 : A5;
02FB1 : CE;
02FB2 : 85;
02FB3 : 65;
02FB4 : A9;
02FB5 : C9;
02FB6 : CE;
02FB7 : 61;
02FB8 : 85;
02FB9 : 85;
02FBA : 65;
02FBB : 89;
02FBC : 20;
02FBD : 20;
02FBE : 25;
02FBF : 25;
02FC0 : 25;
02FC1 : 25;
02FC2 : 25;
02FC3 : 20;
02FC4 : 20;
02FC5 : CE;
02FC6 : C9;
02FC7 : A5;
02FC8 : 61;
02FC9 : C9;
02FCA : C5;
02FCB : C9;
02FCC : 61;
02FCD : CE;
02FCE : CE;
02FCF : C5;
02FD0 : A5;
02FD1 : CD;
02FD2 : 89;
02FD3 : 65;
02FD4 : A9;
02FD5 : C9;
02FD6 : CE;
02FD7 : 61;
02FD8 : 41;
02FD9 : 85;
02FDA : 89;
02FDB : 85;
02FDC : 20;
02FDD : 00;
02FDE : 25;
02FDF : 25;
02FE0 : 25;
02FE1 : 25;
02FE2 : 25;
02FE3 : 25;
02FE4 : 25;
02FE5 : 65;
02FE6 : 85;
02FE7 : CE;
02FE8 : A5;
02FE9 : 85;
02FEA : C9;
02FEB : C9;
02FEC : 85;
02FED : 89;
02FEE : A5;
02FEF : D2;
02FF0 : 85;
02FF1 : 89;
02FF2 : 45;
02FF3 : 65;
02FF4 : A9;
02FF5 : C9;
02FF6 : C9;
02FF7 : 61;
02FF8 : 41;
02FF9 : 89;
02FFA : 89;
02FFB : 20;
02FFC : 25;
02FFD : 25;
02FFE : 25;
02FFF : 25;
03000 : 25;
03001 : 25;
03002 : 20;
03003 : 65;
03004 : 65;
03005 : A5;
03006 : C5;
03007 : C5;
03008 : C5;
03009 : 81;
0300A : C5;
0300B : C9;
0300C : 65;
0300D : 89;
0300E : CE;
0300F : 85;
03010 : 61;
03011 : A9;
03012 : C5;
03013 : C9;
03014 : C5;
03015 : 65;
03016 : 85;
03017 : 85;
03018 : 41;
03019 : 65;
0301A : 65;
0301B : 65;
0301C : 20;
0301D : 20;
0301E : 20;
0301F : 25;
03020 : 25;
03021 : 25;
03022 : 25;
03023 : 20;
03024 : 20;
03025 : C5;
03026 : C5;
03027 : C9;
03028 : CE;
03029 : C5;
0302A : C5;
0302B : C5;
0302C : 65;
0302D : 85;
0302E : D2;
0302F : 85;
03030 : 85;
03031 : CE;
03032 : A5;
03033 : C5;
03034 : 65;
03035 : C9;
03036 : CA;
03037 : A5;
03038 : C9;
03039 : 20;
0303A : 20;
0303B : 20;
0303C : 25;
0303D : 25;
0303E : 25;
0303F : 25;
03040 : 25;
03041 : 25;
03042 : 25;
03043 : 25;
03044 : 25;
03045 : 20;
03046 : AD;
03047 : 85;
03048 : C5;
03049 : C5;
0304A : C9;
0304B : CE;
0304C : 20;
0304D : 85;
0304E : CE;
0304F : A5;
03050 : 85;
03051 : 85;
03052 : 81;
03053 : C5;
03054 : 40;
03055 : C9;
03056 : CA;
03057 : A5;
03058 : C5;
03059 : 20;
0305A : 25;
0305B : 25;
0305C : 25;
0305D : 25;
0305E : 25;
0305F : 25;
03060 : 25;
03061 : 25;
03062 : 25;
03063 : 25;
03064 : 25;
03065 : 25;
03066 : A5;
03067 : C9;
03068 : 85;
03069 : 81;
0306A : C5;
0306B : C9;
0306C : 41;
0306D : A5;
0306E : CA;
0306F : CE;
03070 : A5;
03071 : 85;
03072 : A5;
03073 : C5;
03074 : 41;
03075 : CD;
03076 : C9;
03077 : CE;
03078 : C5;
03079 : 41;
0307A : 45;
0307B : 45;
0307C : 45;
0307D : 25;
0307E : 25;
0307F : 25;
03080 : 25;
03081 : 25;
03082 : 25;
03083 : 25;
03084 : 25;
03085 : CD;
03086 : C9;
03087 : C5;
03088 : A5;
03089 : C5;
0308A : C5;
0308B : C5;
0308C : 85;
0308D : A5;
0308E : C9;
0308F : C9;
03090 : C9;
03091 : C9;
03092 : C5;
03093 : C5;
03094 : 40;
03095 : C9;
03096 : CA;
03097 : A5;
03098 : C5;
03099 : 41;
0309A : 20;
0309B : 20;
0309C : 45;
0309D : 45;
0309E : 25;
0309F : 25;
030A0 : 25;
030A1 : 25;
030A2 : 45;
030A3 : 45;
030A4 : 45;
030A5 : D2;
030A6 : CE;
030A7 : A5;
030A8 : C5;
030A9 : C5;
030AA : C9;
030AB : CE;
030AC : 81;
030AD : C9;
030AE : C9;
030AF : C9;
030B0 : C9;
030B1 : C9;
030B2 : C5;
030B3 : C5;
030B4 : 40;
030B5 : CD;
030B6 : C9;
030B7 : CE;
030B8 : C5;
030B9 : 85;
030BA : C5;
030BB : 20;
030BC : 45;
030BD : 45;
030BE : 45;
030BF : 25;
030C0 : 25;
030C1 : 45;
030C2 : 00;
030C3 : 20;
030C4 : D2;
030C5 : A9;
030C6 : C9;
030C7 : C5;
030C8 : C9;
030C9 : C5;
030CA : C9;
030CB : 65;
030CC : A9;
030CD : A5;
030CE : CA;
030CF : CE;
030D0 : A5;
030D1 : 85;
030D2 : A5;
030D3 : C5;
030D4 : 40;
030D5 : A9;
030D6 : A5;
030D7 : C9;
030D8 : C1;
030D9 : A5;
030DA : A5;
030DB : 40;
030DC : 45;
030DD : 45;
030DE : 45;
030DF : 25;
030E0 : 25;
030E1 : 45;
030E2 : 00;
030E3 : 85;
030E4 : D2;
030E5 : C9;
030E6 : C5;
030E7 : C5;
030E8 : CE;
030E9 : A5;
030EA : A9;
030EB : 20;
030EC : D2;
030ED : A5;
030EE : C9;
030EF : C9;
030F0 : C9;
030F1 : C9;
030F2 : C5;
030F3 : C5;
030F4 : 40;
030F5 : 41;
030F6 : 40;
030F7 : D2;
030F8 : D2;
030F9 : A5;
030FA : 85;
030FB : 44;
030FC : 45;
030FD : 45;
030FE : 45;
030FF : 25;
03100 : 25;
03101 : 45;
03102 : 00;
03103 : A5;
03104 : D2;
03105 : CA;
03106 : C9;
03107 : C9;
03108 : 89;
03109 : 65;
0310A : 89;
0310B : 20;
0310C : D2;
0310D : C9;
0310E : C9;
0310F : C9;
03110 : C9;
03111 : C9;
03112 : C5;
03113 : C5;
03114 : 40;
03115 : 20;
03116 : 20;
03117 : D2;
03118 : D2;
03119 : 89;
0311A : CD;
0311B : 40;
0311C : 45;
0311D : 45;
0311E : 25;
0311F : 25;
03120 : 25;
03121 : 45;
03122 : 00;
03123 : CE;
03124 : CE;
03125 : D2;
03126 : 89;
03127 : D6;
03128 : D2;
03129 : 65;
0312A : 00;
0312B : 20;
0312C : D6;
0312D : A5;
0312E : C9;
0312F : CE;
03130 : D2;
03131 : CE;
03132 : C9;
03133 : C5;
03134 : 61;
03135 : 20;
03136 : 00;
03137 : DA;
03138 : 8D;
03139 : CD;
0313A : CE;
0313B : 40;
0313C : 45;
0313D : 45;
0313E : 25;
0313F : 25;
03140 : 25;
03141 : 45;
03142 : 00;
03143 : CE;
03144 : D2;
03145 : 89;
03146 : D6;
03147 : D6;
03148 : 45;
03149 : 20;
0314A : 40;
0314B : 20;
0314C : D2;
0314D : C5;
0314E : C9;
0314F : C9;
03150 : D2;
03151 : CD;
03152 : C9;
03153 : C9;
03154 : A9;
03155 : 65;
03156 : 20;
03157 : 00;
03158 : 45;
03159 : CD;
0315A : 65;
0315B : 44;
0315C : 45;
0315D : 25;
0315E : 25;
0315F : 25;
03160 : 25;
03161 : 45;
03162 : 00;
03163 : DA;
03164 : 8D;
03165 : DA;
03166 : 41;
03167 : 45;
03168 : 45;
03169 : 45;
0316A : 45;
0316B : 40;
0316C : D6;
0316D : C5;
0316E : C9;
0316F : C9;
03170 : D2;
03171 : CE;
03172 : C5;
03173 : C5;
03174 : C5;
03175 : 61;
03176 : 20;
03177 : 00;
03178 : 45;
03179 : 40;
0317A : 40;
0317B : 40;
0317C : 45;
0317D : 25;
0317E : 25;
0317F : 25;
03180 : 25;
03181 : 45;
03182 : 20;
03183 : D6;
03184 : B1;
03185 : D6;
03186 : 45;
03187 : 45;
03188 : 45;
03189 : 45;
0318A : 45;
0318B : 20;
0318C : D6;
0318D : A5;
0318E : C5;
0318F : C9;
03190 : D2;
03191 : CE;
03192 : C9;
03193 : C5;
03194 : C9;
03195 : 85;
03196 : 41;
03197 : 20;
03198 : 45;
03199 : 45;
0319A : 45;
0319B : 45;
0319C : 45;
0319D : 25;
0319E : 25;
0319F : 25;
031A0 : 25;
031A1 : 45;
031A2 : 45;
031A3 : 45;
031A4 : 45;
031A5 : 45;
031A6 : 45;
031A7 : 45;
031A8 : 45;
031A9 : 45;
031AA : 45;
031AB : 00;
031AC : D6;
031AD : A5;
031AE : C9;
031AF : D2;
031B0 : D6;
031B1 : D6;
031B2 : D2;
031B3 : C5;
031B4 : C9;
031B5 : C9;
031B6 : A5;
031B7 : 20;
031B8 : 45;
031B9 : 45;
031BA : 45;
031BB : 45;
031BC : 45;
031BD : 25;
031BE : 25;
031BF : 25;
031C0 : 25;
031C1 : 25;
031C2 : 45;
031C3 : 45;
031C4 : 45;
031C5 : 45;
031C6 : 45;
031C7 : 45;
031C8 : 45;
031C9 : 25;
031CA : 45;
031CB : 00;
031CC : D6;
031CD : A5;
031CE : CD;
031CF : DA;
031D0 : DA;
031D1 : D6;
031D2 : D2;
031D3 : C5;
031D4 : C5;
031D5 : CE;
031D6 : D6;
031D7 : 20;
031D8 : 45;
031D9 : 45;
031DA : 45;
031DB : 45;
031DC : 25;
031DD : 25;
031DE : 25;
031DF : 25;
031E0 : 25;
031E1 : 25;
031E2 : 45;
031E3 : 45;
031E4 : 45;
031E5 : 45;
031E6 : 45;
031E7 : 45;
031E8 : 45;
031E9 : 25;
031EA : 45;
031EB : 00;
031EC : D2;
031ED : D6;
031EE : D6;
031EF : DA;
031F0 : DA;
031F1 : DA;
031F2 : D6;
031F3 : D2;
031F4 : C9;
031F5 : CD;
031F6 : D2;
031F7 : 20;
031F8 : 45;
031F9 : 45;
031FA : 25;
031FB : 45;
031FC : 25;
031FD : 25;
031FE : 25;
031FF : 25;
03200 : 25;
03201 : 25;
03202 : 25;
03203 : 45;
03204 : 45;
03205 : 45;
03206 : 25;
03207 : 45;
03208 : 45;
03209 : 45;
0320A : 45;
0320B : 44;
0320C : D6;
0320D : D6;
0320E : D6;
0320F : DA;
03210 : DA;
03211 : D6;
03212 : D2;
03213 : D2;
03214 : C9;
03215 : CE;
03216 : D6;
03217 : 20;
03218 : 45;
03219 : 45;
0321A : 45;
0321B : 25;
0321C : 25;
0321D : 25;
0321E : 25;
0321F : 25;
03220 : 25;
03221 : 25;
03222 : 25;
03223 : 45;
03224 : 45;
03225 : 25;
03226 : 45;
03227 : 45;
03228 : 45;
03229 : 45;
0322A : 45;
0322B : 20;
0322C : D6;
0322D : D6;
0322E : D6;
0322F : D6;
03230 : DA;
03231 : D6;
03232 : D2;
03233 : D2;
03234 : CE;
03235 : 61;
03236 : 20;
03237 : 45;
03238 : 45;
03239 : 45;
0323A : 25;
0323B : 25;
0323C : 25;
0323D : 25;
0323E : 25;
0323F : 25;
03240 : 25;
03241 : 25;
03242 : 45;
03243 : 45;
03244 : 45;
03245 : 25;
03246 : 25;
03247 : 45;
03248 : 45;
03249 : 45;
0324A : 45;
0324B : 45;
0324C : 00;
0324D : DA;
0324E : D6;
0324F : DA;
03250 : DA;
03251 : D6;
03252 : CE;
03253 : D2;
03254 : D6;
03255 : 65;
03256 : 20;
03257 : 45;
03258 : 45;
03259 : 45;
0325A : 25;
0325B : 25;
0325C : 25;
0325D : 25;
0325E : 25;
0325F : 25;
03260 : 25;
03261 : 25;
03262 : 25;
03263 : 25;
03264 : 45;
03265 : 25;
03266 : 45;
03267 : 45;
03268 : 45;
03269 : 25;
0326A : 45;
0326B : 45;
0326C : 45;
0326D : 20;
0326E : D6;
0326F : D6;
03270 : D6;
03271 : DA;
03272 : D6;
03273 : D6;
03274 : 45;
03275 : 25;
03276 : 45;
03277 : 45;
03278 : 45;
03279 : 25;
0327A : 25;
0327B : 25;
0327C : 25;
0327D : 25;
0327E : 25;
0327F : 25;
03280 : 25;
03281 : 25;
03282 : 25;
03283 : 25;
03284 : 25;
03285 : 25;
03286 : 45;
03287 : 45;
03288 : 45;
03289 : 25;
0328A : 25;
0328B : 45;
0328C : 45;
0328D : 45;
0328E : 00;
0328F : D6;
03290 : D6;
03291 : DA;
03292 : D6;
03293 : DA;
03294 : 20;
03295 : 45;
03296 : 45;
03297 : 45;
03298 : 25;
03299 : 25;
0329A : 25;
0329B : 25;
0329C : 25;
0329D : 25;
0329E : 25;
0329F : 25;
032A0 : 25;
032A1 : 25;
032A2 : 25;
032A3 : 25;
032A4 : 25;
032A5 : 25;
032A6 : 25;
032A7 : 25;
032A8 : 25;
032A9 : 45;
032AA : 45;
032AB : 45;
032AC : 45;
032AD : 45;
032AE : 45;
032AF : 20;
032B0 : 89;
032B1 : D2;
032B2 : DA;
032B3 : 20;
032B4 : 45;
032B5 : 45;
032B6 : 45;
032B7 : 25;
032B8 : 25;
032B9 : 25;
032BA : 25;
032BB : 25;
032BC : 25;
032BD : 25;
032BE : 25;
032BF : 25;
032C0 : 25;
032C1 : 25;
032C2 : 25;
032C3 : 25;
032C4 : 25;
032C5 : 25;
032C6 : 25;
032C7 : 25;
032C8 : 25;
032C9 : 25;
032CA : 25;
032CB : 45;
032CC : 45;
032CD : 45;
032CE : 45;
032CF : 25;
032D0 : 65;
032D1 : D2;
032D2 : B1;
032D3 : 00;
032D4 : 45;
032D5 : 45;
032D6 : 45;
032D7 : 25;
032D8 : 25;
032D9 : 25;
032DA : 25;
032DB : 25;
032DC : 25;
032DD : 25;
032DE : 25;
032DF : 25;
032E0 : 25;
032E1 : 25;
032E2 : 25;
032E3 : 25;
032E4 : 25;
032E5 : 25;
032E6 : 25;
032E7 : 25;
032E8 : 25;
032E9 : 25;
032EA : 25;
032EB : 25;
032EC : 25;
032ED : 45;
032EE : 45;
032EF : 25;
032F0 : 45;
032F1 : 45;
032F2 : 45;
032F3 : 25;
032F4 : 45;
032F5 : 25;
032F6 : 25;
032F7 : 25;
032F8 : 25;
032F9 : 25;
032FA : 25;
032FB : 25;
032FC : 25;
032FD : 25;
032FE : 25;
032FF : 25;
03300 : 25;
03301 : 25;
03302 : 25;
03303 : 25;
03304 : 25;
03305 : 25;
03306 : 25;
03307 : 25;
03308 : 25;
03309 : 25;
0330A : 25;
0330B : 25;
0330C : 25;
0330D : 25;
0330E : 25;
0330F : 45;
03310 : 45;
03311 : 45;
03312 : 25;
03313 : 45;
03314 : 25;
03315 : 25;
03316 : 25;
03317 : 25;
03318 : 25;
03319 : 25;
0331A : 25;
0331B : 25;
0331C : 25;
0331D : 25;
0331E : 25;
0331F : 25;
03320 : 25;
03321 : 25;
03322 : 25;
03323 : 25;
03324 : 25;
03325 : 25;
03326 : 25;
03327 : 25;
03328 : 25;
03329 : 25;
0332A : 25;
0332B : 25;
0332C : 25;
0332D : 25;
0332E : 25;
0332F : 25;
03330 : 25;
03331 : 45;
03332 : 45;
03333 : 25;
03334 : 25;
03335 : 25;
03336 : 25;
03337 : 25;
03338 : 25;
03339 : 25;
0333A : 25;
0333B : 25;
0333C : 25;
0333D : 25;
0333E : 25;
0333F : 25;
03340 : 25;
03341 : 25;
03342 : 25;
03343 : 25;
03344 : 25;
03345 : 25;
03346 : 25;
03347 : 25;
03348 : 25;
03349 : 25;
0334A : 25;
0334B : 25;
0334C : 25;
0334D : 25;
0334E : 25;
0334F : 25;
03350 : 25;
03351 : 25;
03352 : 25;
03353 : 25;
03354 : 25;
03355 : 25;
03356 : 25;
03357 : 25;
03358 : 25;
03359 : 25;
0335A : 25;
0335B : 25;
0335C : 25;
0335D : 25;
0335E : 25;
0335F : 25;
03360 : 25;
03361 : 25;
03362 : 25;
03363 : 25;
03364 : 25;
03365 : 25;
03366 : 25;
03367 : 25;
03368 : 25;
03369 : 25;
0336A : 25;
0336B : 25;
0336C : 25;
0336D : 25;
0336E : 25;
0336F : 25;
03370 : 25;
03371 : 25;
03372 : 25;
03373 : 25;
03374 : 25;
03375 : 25;
03376 : 25;
03377 : 25;
03378 : 25;
03379 : 25;
0337A : 25;
0337B : 25;
0337C : 25;
0337D : 25;
0337E : 25;
0337F : 25;
03380 : 25;
03381 : 25;
03382 : 25;
03383 : 25;
03384 : 25;
03385 : 25;
03386 : 25;
03387 : 25;
03388 : 25;
03389 : 25;
0338A : 25;
0338B : 25;
0338C : 25;
0338D : 25;
0338E : 25;
0338F : 25;
03390 : 25;
03391 : 25;
03392 : 25;
03393 : 25;
03394 : 25;
03395 : 25;
03396 : 25;
03397 : 25;
03398 : 25;
03399 : 25;
0339A : 25;
0339B : 25;
0339C : 25;
0339D : 25;
0339E : 25;
0339F : 25;
033A0 : 25;
033A1 : 25;
033A2 : 25;
033A3 : 25;
033A4 : 25;
033A5 : 25;
033A6 : 25;
033A7 : 25;
033A8 : 25;
033A9 : 25;
033AA : 25;
033AB : 25;
033AC : 25;
033AD : 25;
033AE : 25;
033AF : 25;
033B0 : 25;
033B1 : 25;
033B2 : 25;
033B3 : 25;
033B4 : 25;
033B5 : 25;
033B6 : 25;
033B7 : 25;
033B8 : 25;
033B9 : 25;
033BA : 25;
033BB : 25;
033BC : 25;
033BD : 25;
033BE : 25;
033BF : 25;
033C0 : 25;
033C1 : 25;
033C2 : 25;
033C3 : 25;
033C4 : 25;
033C5 : 25;
033C6 : 25;
033C7 : 25;
033C8 : 25;
033C9 : 25;
033CA : 25;
033CB : 25;
033CC : 25;
033CD : 25;
033CE : 25;
033CF : 25;
033D0 : 25;
033D1 : 25;
033D2 : 25;
033D3 : 25;
033D4 : 25;
033D5 : 25;
033D6 : 25;
033D7 : 25;
033D8 : 25;
033D9 : 25;
033DA : 25;
033DB : 25;
033DC : 25;
033DD : 25;
033DE : 25;
033DF : 25;
033E0 : 25;
033E1 : 25;
033E2 : 25;
033E3 : 25;
033E4 : 25;
033E5 : 25;
033E6 : 25;
033E7 : 25;
033E8 : 25;
033E9 : 25;
033EA : 25;
033EB : 25;
033EC : 25;
033ED : 25;
033EE : 25;
033EF : 25;
033F0 : 25;
033F1 : 25;
033F2 : 25;
033F3 : 25;
033F4 : 25;
033F5 : 25;
033F6 : 25;
033F7 : 25;
033F8 : 25;
033F9 : 25;
033FA : 25;
033FB : 25;
033FC : 25;
033FD : 25;
033FE : 25;
033FF : 25;
03400 : 25;
03401 : 25;
03402 : 25;
03403 : 25;
03404 : 25;
03405 : 25;
03406 : 25;
03407 : 25;
03408 : 25;
03409 : 95;
0340A : BA;
0340B : DA;
0340C : 9A;
0340D : BA;
0340E : BA;
0340F : 7A;
03410 : 5A;
03411 : 5A;
03412 : 5A;
03413 : 56;
03414 : 25;
03415 : 25;
03416 : 25;
03417 : 25;
03418 : 25;
03419 : 25;
0341A : 25;
0341B : 25;
0341C : 25;
0341D : 25;
0341E : 25;
0341F : 25;
03420 : 25;
03421 : 25;
03422 : 25;
03423 : 25;
03424 : 25;
03425 : 25;
03426 : 25;
03427 : 25;
03428 : 25;
03429 : 75;
0342A : BA;
0342B : BA;
0342C : 7A;
0342D : 7A;
0342E : BA;
0342F : 7A;
03430 : 5A;
03431 : 5A;
03432 : 5A;
03433 : 56;
03434 : 25;
03435 : 25;
03436 : 25;
03437 : 25;
03438 : 25;
03439 : 25;
0343A : 25;
0343B : 25;
0343C : 25;
0343D : 25;
0343E : 25;
0343F : 25;
03440 : 25;
03441 : 25;
03442 : 25;
03443 : 25;
03444 : 25;
03445 : 25;
03446 : 25;
03447 : 25;
03448 : 25;
03449 : 51;
0344A : 55;
0344B : BA;
0344C : 7A;
0344D : 7A;
0344E : BA;
0344F : 7A;
03450 : 5A;
03451 : 5A;
03452 : 7A;
03453 : 25;
03454 : 25;
03455 : 25;
03456 : 25;
03457 : 25;
03458 : 25;
03459 : 25;
0345A : 25;
0345B : 25;
0345C : 25;
0345D : 25;
0345E : 25;
0345F : 25;
03460 : 25;
03461 : 25;
03462 : 25;
03463 : 25;
03464 : 25;
03465 : 25;
03466 : 25;
03467 : 25;
03468 : 25;
03469 : 4D;
0346A : 55;
0346B : BA;
0346C : 7A;
0346D : 9A;
0346E : BA;
0346F : BA;
03470 : 9A;
03471 : 5A;
03472 : 7A;
03473 : 25;
03474 : 25;
03475 : 25;
03476 : 25;
03477 : 25;
03478 : 25;
03479 : 25;
0347A : 25;
0347B : 25;
0347C : 25;
0347D : 25;
0347E : 25;
0347F : 25;
03480 : 25;
03481 : 25;
03482 : 25;
03483 : 25;
03484 : 25;
03485 : 25;
03486 : 25;
03487 : 25;
03488 : 25;
03489 : 4D;
0348A : 51;
0348B : BA;
0348C : 7A;
0348D : 9A;
0348E : BA;
0348F : BA;
03490 : 9A;
03491 : 56;
03492 : 51;
03493 : 25;
03494 : 25;
03495 : 25;
03496 : 25;
03497 : 25;
03498 : 25;
03499 : 25;
0349A : 25;
0349B : 25;
0349C : 25;
0349D : 25;
0349E : 25;
0349F : 25;
034A0 : 25;
034A1 : 25;
034A2 : 25;
034A3 : 25;
034A4 : 25;
034A5 : 25;
034A6 : 25;
034A7 : 25;
034A8 : 25;
034A9 : 4D;
034AA : 31;
034AB : BA;
034AC : 9A;
034AD : 9A;
034AE : BA;
034AF : 9A;
034B0 : 7A;
034B1 : 56;
034B2 : 51;
034B3 : 25;
034B4 : 25;
034B5 : 25;
034B6 : 25;
034B7 : 25;
034B8 : 25;
034B9 : 25;
034BA : 25;
034BB : 25;
034BC : 25;
034BD : 25;
034BE : 25;
034BF : 25;
034C0 : 25;
034C1 : 25;
034C2 : 25;
034C3 : 25;
034C4 : 25;
034C5 : 25;
034C6 : 25;
034C7 : 25;
034C8 : 25;
034C9 : 2D;
034CA : 31;
034CB : BA;
034CC : BA;
034CD : BA;
034CE : BA;
034CF : 7A;
034D0 : 7A;
034D1 : 31;
034D2 : 51;
034D3 : 25;
034D4 : 25;
034D5 : 25;
034D6 : 25;
034D7 : 25;
034D8 : 25;
034D9 : 25;
034DA : 25;
034DB : 25;
034DC : 25;
034DD : 25;
034DE : 25;
034DF : 25;
034E0 : 25;
034E1 : 25;
034E2 : 25;
034E3 : 25;
034E4 : 25;
034E5 : 25;
034E6 : 25;
034E7 : 25;
034E8 : 25;
034E9 : 4D;
034EA : 51;
034EB : BA;
034EC : BA;
034ED : BA;
034EE : BA;
034EF : 7A;
034F0 : 7A;
034F1 : 35;
034F2 : 51;
034F3 : 25;
034F4 : 25;
034F5 : 25;
034F6 : 25;
034F7 : 25;
034F8 : 25;
034F9 : 25;
034FA : 25;
034FB : 25;
034FC : 25;
034FD : 25;
034FE : 25;
034FF : 25;
03500 : 25;
03501 : 25;
03502 : 25;
03503 : 25;
03504 : 25;
03505 : 25;
03506 : 25;
03507 : 25;
03508 : 25;
03509 : 25;
0350A : 25;
0350B : 9A;
0350C : BA;
0350D : BA;
0350E : BA;
0350F : 7A;
03510 : 7A;
03511 : 36;
03512 : 31;
03513 : 25;
03514 : 25;
03515 : 25;
03516 : 25;
03517 : 25;
03518 : 25;
03519 : 25;
0351A : 25;
0351B : 25;
0351C : 25;
0351D : 25;
0351E : 25;
0351F : 25;
03520 : 25;
03521 : 25;
03522 : 25;
03523 : 25;
03524 : 25;
03525 : 25;
03526 : 25;
03527 : 25;
03528 : 25;
03529 : 25;
0352A : 25;
0352B : 9A;
0352C : BA;
0352D : BA;
0352E : BA;
0352F : 7A;
03530 : 7A;
03531 : 36;
03532 : 51;
03533 : 25;
03534 : 25;
03535 : 25;
03536 : 25;
03537 : 25;
03538 : 25;
03539 : 25;
0353A : 25;
0353B : 25;
0353C : 25;
0353D : 25;
0353E : 25;
0353F : 25;
03540 : 25;
03541 : 25;
03542 : 25;
03543 : 25;
03544 : 25;
03545 : 25;
03546 : 25;
03547 : 25;
03548 : 25;
03549 : 25;
0354A : 25;
0354B : 9A;
0354C : BA;
0354D : BA;
0354E : BA;
0354F : 7A;
03550 : 7A;
03551 : 51;
03552 : 2D;
03553 : 25;
03554 : 25;
03555 : 25;
03556 : 25;
03557 : 25;
03558 : 25;
03559 : 25;
0355A : 25;
0355B : 25;
0355C : 25;
0355D : 25;
0355E : 25;
0355F : 25;
03560 : 25;
03561 : 25;
03562 : 25;
03563 : 25;
03564 : 25;
03565 : 25;
03566 : 25;
03567 : 25;
03568 : 25;
03569 : 25;
0356A : 25;
0356B : 7A;
0356C : BA;
0356D : BA;
0356E : BA;
0356F : 7A;
03570 : 7A;
03571 : 55;
03572 : 29;
03573 : 25;
03574 : 25;
03575 : 25;
03576 : 25;
03577 : 25;
03578 : 25;
03579 : 25;
0357A : 25;
0357B : 25;
0357C : 25;
0357D : 25;
0357E : 25;
0357F : 25;
03580 : 25;
03581 : 25;
03582 : 25;
03583 : 25;
03584 : 25;
03585 : 25;
03586 : 25;
03587 : 25;
03588 : 25;
03589 : 25;
0358A : 25;
0358B : 7A;
0358C : BA;
0358D : BA;
0358E : BA;
0358F : 5A;
03590 : 36;
03591 : 2D;
03592 : 25;
03593 : 25;
03594 : 25;
03595 : 25;
03596 : 25;
03597 : 25;
03598 : 25;
03599 : 25;
0359A : 25;
0359B : 25;
0359C : 25;
0359D : 25;
0359E : 25;
0359F : 25;
035A0 : 25;
035A1 : 25;
035A2 : 25;
035A3 : 25;
035A4 : 25;
035A5 : 25;
035A6 : 25;
035A7 : 25;
035A8 : 25;
035A9 : 25;
035AA : 25;
035AB : 7A;
035AC : BA;
035AD : BA;
035AE : BA;
035AF : 7A;
035B0 : 36;
035B1 : 2D;
035B2 : 25;
035B3 : 25;
035B4 : 25;
035B5 : 25;
035B6 : 25;
035B7 : 25;
035B8 : 25;
035B9 : 25;
035BA : 25;
035BB : 25;
035BC : 25;
035BD : 25;
035BE : 25;
035BF : 25;
035C0 : 25;
035C1 : 25;
035C2 : 25;
035C3 : 25;
035C4 : 25;
035C5 : 25;
035C6 : 25;
035C7 : 25;
035C8 : 25;
035C9 : 25;
035CA : 25;
035CB : 25;
035CC : BA;
035CD : BA;
035CE : BA;
035CF : 7A;
035D0 : 36;
035D1 : 2D;
035D2 : 25;
035D3 : 25;
035D4 : 25;
035D5 : 25;
035D6 : 25;
035D7 : 25;
035D8 : 25;
035D9 : 25;
035DA : 25;
035DB : 25;
035DC : 25;
035DD : 25;
035DE : 25;
035DF : 25;
035E0 : 25;
035E1 : 25;
035E2 : 25;
035E3 : 25;
035E4 : 25;
035E5 : 25;
035E6 : 25;
035E7 : 25;
035E8 : 25;
035E9 : 25;
035EA : 25;
035EB : 25;
035EC : BA;
035ED : BA;
035EE : BA;
035EF : 7A;
035F0 : 36;
035F1 : 2D;
035F2 : 25;
035F3 : 25;
035F4 : 25;
035F5 : 25;
035F6 : 25;
035F7 : 25;
035F8 : 25;
035F9 : 25;
035FA : 25;
035FB : 25;
035FC : 25;
035FD : 25;
035FE : 25;
035FF : 25;
03600 : 25;
03601 : 25;
03602 : 25;
03603 : 25;
03604 : 25;
03605 : 25;
03606 : 25;
03607 : 25;
03608 : 25;
03609 : 25;
0360A : 25;
0360B : 25;
0360C : BA;
0360D : BA;
0360E : BA;
0360F : 7A;
03610 : 09;
03611 : 25;
03612 : 25;
03613 : 25;
03614 : 25;
03615 : 25;
03616 : 25;
03617 : 25;
03618 : 25;
03619 : 25;
0361A : 25;
0361B : 25;
0361C : 25;
0361D : 25;
0361E : 25;
0361F : 25;
03620 : 25;
03621 : 25;
03622 : 25;
03623 : 25;
03624 : 25;
03625 : 25;
03626 : 25;
03627 : 25;
03628 : 25;
03629 : 25;
0362A : 25;
0362B : 25;
0362C : BA;
0362D : 9A;
0362E : BA;
0362F : 7A;
03630 : 05;
03631 : 25;
03632 : 25;
03633 : 25;
03634 : 25;
03635 : 25;
03636 : 25;
03637 : 25;
03638 : 25;
03639 : 25;
0363A : 25;
0363B : 25;
0363C : 25;
0363D : 25;
0363E : 25;
0363F : 25;
03640 : 25;
03641 : 25;
03642 : 25;
03643 : 25;
03644 : 25;
03645 : 25;
03646 : 25;
03647 : 25;
03648 : 25;
03649 : 25;
0364A : 25;
0364B : 25;
0364C : BA;
0364D : 9A;
0364E : BA;
0364F : 5A;
03650 : 05;
03651 : 25;
03652 : 25;
03653 : 25;
03654 : 25;
03655 : 25;
03656 : 25;
03657 : 25;
03658 : 25;
03659 : 25;
0365A : 25;
0365B : 25;
0365C : 25;
0365D : 25;
0365E : 25;
0365F : 25;
03660 : 25;
03661 : 25;
03662 : 25;
03663 : 25;
03664 : 25;
03665 : 25;
03666 : 25;
03667 : 25;
03668 : 25;
03669 : 25;
0366A : 25;
0366B : 25;
0366C : BA;
0366D : 7A;
0366E : 9A;
0366F : 56;
03670 : 05;
03671 : 25;
03672 : 25;
03673 : 25;
03674 : 25;
03675 : 25;
03676 : 25;
03677 : 25;
03678 : 25;
03679 : 25;
0367A : 25;
0367B : 25;
0367C : 25;
0367D : 25;
0367E : 25;
0367F : 25;
03680 : 25;
03681 : 25;
03682 : 25;
03683 : 25;
03684 : 25;
03685 : 25;
03686 : 25;
03687 : 25;
03688 : 25;
03689 : 25;
0368A : 25;
0368B : 25;
0368C : 9A;
0368D : 76;
0368E : 7A;
0368F : 56;
03690 : 09;
03691 : 25;
03692 : 25;
03693 : 25;
03694 : 25;
03695 : 25;
03696 : 25;
03697 : 25;
03698 : 25;
03699 : 25;
0369A : 25;
0369B : 25;
0369C : 25;
0369D : 25;
0369E : 25;
0369F : 25;
036A0 : 25;
036A1 : 25;
036A2 : 25;
036A3 : 25;
036A4 : 25;
036A5 : 25;
036A6 : 25;
036A7 : 25;
036A8 : 25;
036A9 : 25;
036AA : 25;
036AB : 25;
036AC : 9A;
036AD : 56;
036AE : 7A;
036AF : 31;
036B0 : 09;
036B1 : 25;
036B2 : 25;
036B3 : 25;
036B4 : 25;
036B5 : 25;
036B6 : 25;
036B7 : 25;
036B8 : 25;
036B9 : 25;
036BA : 25;
036BB : 25;
036BC : 25;
036BD : 25;
036BE : 25;
036BF : 25;
036C0 : 25;
036C1 : 25;
036C2 : 25;
036C3 : 25;
036C4 : 25;
036C5 : 25;
036C6 : 25;
036C7 : 25;
036C8 : 25;
036C9 : 25;
036CA : 25;
036CB : 25;
036CC : 9A;
036CD : 35;
036CE : 5A;
036CF : 31;
036D0 : 09;
036D1 : 25;
036D2 : 25;
036D3 : 25;
036D4 : 25;
036D5 : 25;
036D6 : 25;
036D7 : 25;
036D8 : 25;
036D9 : 25;
036DA : 25;
036DB : 25;
036DC : 25;
036DD : 25;
036DE : 25;
036DF : 25;
036E0 : 25;
036E1 : 25;
036E2 : 25;
036E3 : 25;
036E4 : 25;
036E5 : 25;
036E6 : 25;
036E7 : 25;
036E8 : 25;
036E9 : 25;
036EA : 25;
036EB : 25;
036EC : 9A;
036ED : 36;
036EE : 5A;
036EF : 36;
036F0 : 09;
036F1 : 25;
036F2 : 25;
036F3 : 25;
036F4 : 25;
036F5 : 25;
036F6 : 25;
036F7 : 25;
036F8 : 25;
036F9 : 25;
036FA : 25;
036FB : 25;
036FC : 25;
036FD : 25;
036FE : 25;
036FF : 25;
03700 : 25;
03701 : 25;
03702 : 25;
03703 : 25;
03704 : 25;
03705 : 25;
03706 : 25;
03707 : 25;
03708 : 25;
03709 : 25;
0370A : 25;
0370B : 25;
0370C : 9A;
0370D : 35;
0370E : 5A;
0370F : 36;
03710 : 05;
03711 : 25;
03712 : 25;
03713 : 25;
03714 : 25;
03715 : 25;
03716 : 25;
03717 : 25;
03718 : 25;
03719 : 25;
0371A : 25;
0371B : 25;
0371C : 25;
0371D : 25;
0371E : 25;
0371F : 25;
03720 : 25;
03721 : 25;
03722 : 25;
03723 : 25;
03724 : 25;
03725 : 25;
03726 : 25;
03727 : 25;
03728 : 25;
03729 : 25;
0372A : 25;
0372B : 25;
0372C : 9A;
0372D : 35;
0372E : 5A;
0372F : 36;
03730 : 05;
03731 : 25;
03732 : 25;
03733 : 25;
03734 : 25;
03735 : 25;
03736 : 25;
03737 : 25;
03738 : 25;
03739 : 25;
0373A : 25;
0373B : 25;
0373C : 25;
0373D : 25;
0373E : 25;
0373F : 25;
03740 : 25;
03741 : 25;
03742 : 25;
03743 : 25;
03744 : 25;
03745 : 25;
03746 : 25;
03747 : 25;
03748 : 25;
03749 : 25;
0374A : 25;
0374B : 25;
0374C : 76;
0374D : 31;
0374E : 5A;
0374F : 31;
03750 : 04;
03751 : 25;
03752 : 25;
03753 : 25;
03754 : 25;
03755 : 25;
03756 : 25;
03757 : 25;
03758 : 25;
03759 : 25;
0375A : 25;
0375B : 25;
0375C : 25;
0375D : 25;
0375E : 25;
0375F : 25;
03760 : 25;
03761 : 25;
03762 : 25;
03763 : 25;
03764 : 25;
03765 : 25;
03766 : 25;
03767 : 25;
03768 : 25;
03769 : 25;
0376A : 25;
0376B : 25;
0376C : 75;
0376D : 2D;
0376E : 56;
0376F : 51;
03770 : 04;
03771 : 25;
03772 : 25;
03773 : 25;
03774 : 25;
03775 : 25;
03776 : 25;
03777 : 25;
03778 : 25;
03779 : 25;
0377A : 25;
0377B : 25;
0377C : 25;
0377D : 25;
0377E : 25;
0377F : 25;
03780 : 25;
03781 : 25;
03782 : 25;
03783 : 25;
03784 : 25;
03785 : 25;
03786 : 25;
03787 : 25;
03788 : 25;
03789 : 25;
0378A : 25;
0378B : 25;
0378C : 25;
0378D : 05;
0378E : 56;
0378F : 25;
03790 : 25;
03791 : 25;
03792 : 25;
03793 : 25;
03794 : 25;
03795 : 25;
03796 : 25;
03797 : 25;
03798 : 25;
03799 : 25;
0379A : 25;
0379B : 25;
0379C : 25;
0379D : 25;
0379E : 25;
0379F : 25;
037A0 : 25;
037A1 : 25;
037A2 : 25;
037A3 : 25;
037A4 : 25;
037A5 : 25;
037A6 : 25;
037A7 : 25;
037A8 : 25;
037A9 : 25;
037AA : 25;
037AB : 25;
037AC : 25;
037AD : 05;
037AE : 76;
037AF : 25;
037B0 : 25;
037B1 : 25;
037B2 : 25;
037B3 : 25;
037B4 : 25;
037B5 : 25;
037B6 : 25;
037B7 : 25;
037B8 : 25;
037B9 : 25;
037BA : 25;
037BB : 25;
037BC : 25;
037BD : 25;
037BE : 25;
037BF : 25;
037C0 : 25;
037C1 : 25;
037C2 : 25;
037C3 : 25;
037C4 : 25;
037C5 : 25;
037C6 : 25;
037C7 : 25;
037C8 : 25;
037C9 : 25;
037CA : 25;
037CB : 25;
037CC : 25;
037CD : 25;
037CE : 25;
037CF : 25;
037D0 : 25;
037D1 : 25;
037D2 : 25;
037D3 : 25;
037D4 : 25;
037D5 : 25;
037D6 : 25;
037D7 : 25;
037D8 : 25;
037D9 : 25;
037DA : 25;
037DB : 25;
037DC : 25;
037DD : 25;
037DE : 25;
037DF : 25;
037E0 : 25;
037E1 : 25;
037E2 : 25;
037E3 : 25;
037E4 : 25;
037E5 : 25;
037E6 : 25;
037E7 : 25;
037E8 : 25;
037E9 : 25;
037EA : 25;
037EB : 25;
037EC : 25;
037ED : 25;
037EE : 25;
037EF : 25;
037F0 : 25;
037F1 : 25;
037F2 : 25;
037F3 : 25;
037F4 : 25;
037F5 : 25;
037F6 : 25;
037F7 : 25;
037F8 : 25;
037F9 : 25;
037FA : 25;
037FB : 25;
037FC : 25;
037FD : 25;
037FE : 25;
037FF : 25;
03800 : 25;
03801 : 25;
03802 : 25;
03803 : 25;
03804 : 25;
03805 : 25;
03806 : 25;
03807 : 25;
03808 : 25;
03809 : 25;
0380A : 25;
0380B : 25;
0380C : 25;
0380D : 25;
0380E : 25;
0380F : 25;
03810 : 25;
03811 : 25;
03812 : 25;
03813 : 25;
03814 : 25;
03815 : 25;
03816 : 25;
03817 : 25;
03818 : 25;
03819 : 25;
0381A : 25;
0381B : 25;
0381C : 25;
0381D : 25;
0381E : 25;
0381F : 25;
03820 : 25;
03821 : 25;
03822 : 25;
03823 : 25;
03824 : 25;
03825 : 25;
03826 : 25;
03827 : 25;
03828 : 25;
03829 : 25;
0382A : 25;
0382B : 25;
0382C : 25;
0382D : 25;
0382E : 25;
0382F : 25;
03830 : 25;
03831 : 25;
03832 : 25;
03833 : 25;
03834 : 25;
03835 : 25;
03836 : 25;
03837 : 25;
03838 : 25;
03839 : 25;
0383A : 25;
0383B : 25;
0383C : 25;
0383D : 25;
0383E : 25;
0383F : 25;
03840 : 25;
03841 : 25;
03842 : 25;
03843 : 25;
03844 : 25;
03845 : 25;
03846 : 25;
03847 : 25;
03848 : 25;
03849 : 25;
0384A : 25;
0384B : 25;
0384C : 25;
0384D : 25;
0384E : 25;
0384F : 25;
03850 : 25;
03851 : 25;
03852 : 25;
03853 : 25;
03854 : 25;
03855 : 25;
03856 : 25;
03857 : 25;
03858 : 25;
03859 : 25;
0385A : 25;
0385B : 25;
0385C : 25;
0385D : 25;
0385E : 25;
0385F : 25;
03860 : 25;
03861 : 25;
03862 : 25;
03863 : 25;
03864 : 25;
03865 : 25;
03866 : 25;
03867 : 25;
03868 : 25;
03869 : 25;
0386A : 25;
0386B : 25;
0386C : 25;
0386D : 25;
0386E : 25;
0386F : 25;
03870 : 25;
03871 : 25;
03872 : 25;
03873 : 25;
03874 : 25;
03875 : 25;
03876 : 25;
03877 : 25;
03878 : 25;
03879 : 25;
0387A : 25;
0387B : 25;
0387C : 25;
0387D : 25;
0387E : 25;
0387F : 25;
03880 : 25;
03881 : 25;
03882 : 25;
03883 : 25;
03884 : 25;
03885 : 25;
03886 : 25;
03887 : 25;
03888 : 25;
03889 : 25;
0388A : 25;
0388B : 25;
0388C : 25;
0388D : 25;
0388E : 25;
0388F : 25;
03890 : 25;
03891 : 25;
03892 : 25;
03893 : 25;
03894 : 25;
03895 : 25;
03896 : 25;
03897 : 25;
03898 : 25;
03899 : 25;
0389A : 25;
0389B : 25;
0389C : 25;
0389D : 25;
0389E : 25;
0389F : 25;
038A0 : 25;
038A1 : 25;
038A2 : 25;
038A3 : 25;
038A4 : 25;
038A5 : 25;
038A6 : 25;
038A7 : 25;
038A8 : 25;
038A9 : 25;
038AA : 25;
038AB : 25;
038AC : 25;
038AD : 25;
038AE : 25;
038AF : 25;
038B0 : 25;
038B1 : 25;
038B2 : 25;
038B3 : 25;
038B4 : 25;
038B5 : 25;
038B6 : 25;
038B7 : 25;
038B8 : 25;
038B9 : 25;
038BA : 25;
038BB : 25;
038BC : 25;
038BD : 25;
038BE : 25;
038BF : 25;
038C0 : 25;
038C1 : 25;
038C2 : 25;
038C3 : 25;
038C4 : 25;
038C5 : 25;
038C6 : 25;
038C7 : 25;
038C8 : 25;
038C9 : 25;
038CA : 25;
038CB : 25;
038CC : 25;
038CD : 25;
038CE : 25;
038CF : 25;
038D0 : 25;
038D1 : 25;
038D2 : 25;
038D3 : 25;
038D4 : 25;
038D5 : 25;
038D6 : 25;
038D7 : 25;
038D8 : 25;
038D9 : 25;
038DA : 25;
038DB : 25;
038DC : 25;
038DD : 25;
038DE : 25;
038DF : 25;
038E0 : 25;
038E1 : 25;
038E2 : 25;
038E3 : 25;
038E4 : 25;
038E5 : 25;
038E6 : 25;
038E7 : 25;
038E8 : 25;
038E9 : 25;
038EA : 25;
038EB : 25;
038EC : 25;
038ED : 25;
038EE : 25;
038EF : 25;
038F0 : 25;
038F1 : 25;
038F2 : 25;
038F3 : 25;
038F4 : 25;
038F5 : 25;
038F6 : 25;
038F7 : 25;
038F8 : 25;
038F9 : 25;
038FA : 25;
038FB : 25;
038FC : 25;
038FD : 25;
038FE : 25;
038FF : 25;
03900 : 25;
03901 : 25;
03902 : 25;
03903 : 25;
03904 : 25;
03905 : 25;
03906 : 25;
03907 : 25;
03908 : 25;
03909 : 25;
0390A : 25;
0390B : 25;
0390C : 25;
0390D : 25;
0390E : 25;
0390F : 25;
03910 : 25;
03911 : 25;
03912 : 25;
03913 : 25;
03914 : 25;
03915 : 25;
03916 : 25;
03917 : 25;
03918 : 25;
03919 : 25;
0391A : 25;
0391B : 25;
0391C : 25;
0391D : 25;
0391E : 25;
0391F : 25;
03920 : 25;
03921 : 25;
03922 : 25;
03923 : 25;
03924 : 25;
03925 : 25;
03926 : 25;
03927 : 25;
03928 : 25;
03929 : 25;
0392A : 25;
0392B : 25;
0392C : 25;
0392D : 25;
0392E : 25;
0392F : 25;
03930 : 25;
03931 : 25;
03932 : 25;
03933 : 25;
03934 : 25;
03935 : 25;
03936 : 25;
03937 : 25;
03938 : 25;
03939 : 25;
0393A : 25;
0393B : 25;
0393C : 25;
0393D : 25;
0393E : 25;
0393F : 25;
03940 : 25;
03941 : 25;
03942 : 25;
03943 : 25;
03944 : 25;
03945 : 25;
03946 : 25;
03947 : 25;
03948 : 25;
03949 : 25;
0394A : 25;
0394B : 25;
0394C : 25;
0394D : 25;
0394E : 25;
0394F : 25;
03950 : 25;
03951 : 25;
03952 : 25;
03953 : 25;
03954 : 25;
03955 : 25;
03956 : 25;
03957 : 25;
03958 : 25;
03959 : 25;
0395A : 25;
0395B : 25;
0395C : 25;
0395D : 25;
0395E : 25;
0395F : 25;
03960 : 25;
03961 : 25;
03962 : 25;
03963 : 25;
03964 : 25;
03965 : 25;
03966 : 25;
03967 : 25;
03968 : 25;
03969 : 25;
0396A : 25;
0396B : 25;
0396C : 25;
0396D : 25;
0396E : 25;
0396F : 25;
03970 : 25;
03971 : 25;
03972 : 25;
03973 : 25;
03974 : 25;
03975 : 25;
03976 : 25;
03977 : 25;
03978 : 25;
03979 : 25;
0397A : 25;
0397B : 25;
0397C : 25;
0397D : 25;
0397E : 25;
0397F : 25;
03980 : 25;
03981 : 25;
03982 : 25;
03983 : 25;
03984 : 25;
03985 : 25;
03986 : 25;
03987 : 25;
03988 : 25;
03989 : 25;
0398A : 25;
0398B : 25;
0398C : 25;
0398D : 25;
0398E : 25;
0398F : 25;
03990 : 25;
03991 : 25;
03992 : 25;
03993 : 25;
03994 : 25;
03995 : 25;
03996 : 25;
03997 : 25;
03998 : 25;
03999 : 25;
0399A : 25;
0399B : 25;
0399C : 25;
0399D : 25;
0399E : 25;
0399F : 25;
039A0 : 25;
039A1 : 25;
039A2 : 25;
039A3 : 25;
039A4 : 25;
039A5 : 25;
039A6 : 25;
039A7 : 25;
039A8 : 25;
039A9 : 25;
039AA : 25;
039AB : 25;
039AC : 25;
039AD : 25;
039AE : 25;
039AF : 25;
039B0 : 25;
039B1 : 25;
039B2 : 25;
039B3 : 25;
039B4 : 25;
039B5 : 25;
039B6 : 25;
039B7 : 25;
039B8 : 25;
039B9 : 25;
039BA : 25;
039BB : 25;
039BC : 25;
039BD : 25;
039BE : 25;
039BF : 25;
039C0 : 25;
039C1 : 25;
039C2 : 25;
039C3 : 25;
039C4 : 25;
039C5 : 25;
039C6 : 25;
039C7 : 25;
039C8 : 25;
039C9 : 25;
039CA : 25;
039CB : 25;
039CC : 25;
039CD : 25;
039CE : 25;
039CF : 25;
039D0 : 25;
039D1 : 25;
039D2 : 25;
039D3 : 25;
039D4 : 25;
039D5 : 25;
039D6 : 25;
039D7 : 25;
039D8 : 25;
039D9 : 25;
039DA : 25;
039DB : 25;
039DC : 25;
039DD : 25;
039DE : 25;
039DF : 25;
039E0 : 25;
039E1 : 25;
039E2 : 25;
039E3 : 25;
039E4 : 25;
039E5 : 25;
039E6 : 25;
039E7 : 25;
039E8 : 25;
039E9 : 25;
039EA : 25;
039EB : 25;
039EC : 25;
039ED : 25;
039EE : 25;
039EF : 25;
039F0 : 25;
039F1 : 25;
039F2 : 25;
039F3 : 25;
039F4 : 25;
039F5 : 25;
039F6 : 25;
039F7 : 25;
039F8 : 25;
039F9 : 25;
039FA : 25;
039FB : 25;
039FC : 25;
039FD : 25;
039FE : 25;
039FF : 25;
03A00 : 25;
03A01 : 25;
03A02 : 25;
03A03 : 25;
03A04 : 25;
03A05 : 25;
03A06 : 25;
03A07 : 25;
03A08 : 25;
03A09 : 25;
03A0A : 25;
03A0B : 25;
03A0C : 25;
03A0D : 25;
03A0E : 25;
03A0F : 25;
03A10 : 25;
03A11 : 25;
03A12 : 25;
03A13 : 25;
03A14 : 25;
03A15 : 25;
03A16 : 25;
03A17 : 25;
03A18 : 25;
03A19 : 25;
03A1A : 25;
03A1B : 25;
03A1C : 25;
03A1D : 25;
03A1E : 25;
03A1F : 25;
03A20 : 25;
03A21 : 25;
03A22 : 25;
03A23 : 25;
03A24 : 25;
03A25 : 25;
03A26 : 25;
03A27 : 25;
03A28 : 25;
03A29 : 25;
03A2A : 25;
03A2B : 25;
03A2C : 25;
03A2D : 25;
03A2E : 25;
03A2F : 25;
03A30 : 25;
03A31 : 25;
03A32 : 25;
03A33 : 25;
03A34 : 25;
03A35 : 25;
03A36 : 25;
03A37 : 25;
03A38 : 25;
03A39 : 25;
03A3A : 25;
03A3B : 25;
03A3C : 25;
03A3D : 25;
03A3E : 25;
03A3F : 25;
03A40 : 25;
03A41 : 25;
03A42 : 25;
03A43 : 25;
03A44 : 25;
03A45 : 25;
03A46 : 25;
03A47 : 25;
03A48 : 25;
03A49 : 25;
03A4A : 25;
03A4B : 25;
03A4C : 25;
03A4D : 25;
03A4E : 25;
03A4F : 25;
03A50 : 25;
03A51 : 25;
03A52 : 25;
03A53 : 25;
03A54 : 25;
03A55 : 25;
03A56 : 25;
03A57 : 25;
03A58 : 25;
03A59 : 25;
03A5A : 25;
03A5B : 25;
03A5C : 25;
03A5D : 25;
03A5E : 25;
03A5F : 25;
03A60 : 25;
03A61 : 25;
03A62 : 25;
03A63 : 25;
03A64 : 25;
03A65 : 25;
03A66 : 25;
03A67 : 25;
03A68 : 25;
03A69 : 25;
03A6A : 25;
03A6B : 25;
03A6C : 25;
03A6D : 25;
03A6E : 25;
03A6F : 25;
03A70 : 25;
03A71 : 25;
03A72 : 25;
03A73 : 25;
03A74 : 25;
03A75 : 25;
03A76 : 25;
03A77 : 25;
03A78 : 25;
03A79 : 25;
03A7A : 25;
03A7B : 25;
03A7C : 25;
03A7D : 25;
03A7E : 25;
03A7F : 25;
03A80 : 25;
03A81 : 25;
03A82 : 25;
03A83 : 25;
03A84 : 25;
03A85 : 25;
03A86 : 25;
03A87 : 25;
03A88 : 25;
03A89 : 25;
03A8A : 25;
03A8B : 25;
03A8C : 25;
03A8D : 25;
03A8E : 25;
03A8F : 25;
03A90 : 25;
03A91 : 25;
03A92 : 25;
03A93 : 25;
03A94 : 25;
03A95 : 25;
03A96 : 25;
03A97 : 25;
03A98 : 25;
03A99 : 25;
03A9A : 25;
03A9B : 25;
03A9C : 25;
03A9D : 25;
03A9E : 25;
03A9F : 25;
03AA0 : 25;
03AA1 : 25;
03AA2 : 25;
03AA3 : 25;
03AA4 : 25;
03AA5 : 25;
03AA6 : 25;
03AA7 : 25;
03AA8 : 25;
03AA9 : 25;
03AAA : 25;
03AAB : 25;
03AAC : 25;
03AAD : 25;
03AAE : 25;
03AAF : 25;
03AB0 : 25;
03AB1 : 25;
03AB2 : 25;
03AB3 : 25;
03AB4 : 25;
03AB5 : 25;
03AB6 : 25;
03AB7 : 25;
03AB8 : 25;
03AB9 : 25;
03ABA : 25;
03ABB : 25;
03ABC : 25;
03ABD : 25;
03ABE : 25;
03ABF : 25;
03AC0 : 25;
03AC1 : 25;
03AC2 : 25;
03AC3 : 25;
03AC4 : 25;
03AC5 : 25;
03AC6 : 25;
03AC7 : 25;
03AC8 : 25;
03AC9 : 25;
03ACA : 25;
03ACB : 25;
03ACC : 25;
03ACD : 25;
03ACE : 25;
03ACF : 25;
03AD0 : 25;
03AD1 : 25;
03AD2 : 25;
03AD3 : 25;
03AD4 : 25;
03AD5 : 25;
03AD6 : 25;
03AD7 : 25;
03AD8 : 25;
03AD9 : 25;
03ADA : 25;
03ADB : 25;
03ADC : 25;
03ADD : 25;
03ADE : 25;
03ADF : 25;
03AE0 : 25;
03AE1 : 25;
03AE2 : 25;
03AE3 : 25;
03AE4 : 25;
03AE5 : 25;
03AE6 : 25;
03AE7 : 25;
03AE8 : 25;
03AE9 : 25;
03AEA : 25;
03AEB : 25;
03AEC : 25;
03AED : 25;
03AEE : 25;
03AEF : 25;
03AF0 : 25;
03AF1 : 25;
03AF2 : 25;
03AF3 : 25;
03AF4 : 25;
03AF5 : 25;
03AF6 : 25;
03AF7 : 25;
03AF8 : 25;
03AF9 : 25;
03AFA : 25;
03AFB : 25;
03AFC : 25;
03AFD : 25;
03AFE : 25;
03AFF : 25;
03B00 : 25;
03B01 : 25;
03B02 : 25;
03B03 : 25;
03B04 : 25;
03B05 : 25;
03B06 : 25;
03B07 : 25;
03B08 : 25;
03B09 : 25;
03B0A : 25;
03B0B : 25;
03B0C : 25;
03B0D : 25;
03B0E : 25;
03B0F : 25;
03B10 : 25;
03B11 : 25;
03B12 : 25;
03B13 : 25;
03B14 : 25;
03B15 : 25;
03B16 : 25;
03B17 : 25;
03B18 : 25;
03B19 : 25;
03B1A : 25;
03B1B : 25;
03B1C : 25;
03B1D : 25;
03B1E : 25;
03B1F : 25;
03B20 : 25;
03B21 : 25;
03B22 : 25;
03B23 : 25;
03B24 : 25;
03B25 : 25;
03B26 : 25;
03B27 : 25;
03B28 : 25;
03B29 : 25;
03B2A : 25;
03B2B : 25;
03B2C : 25;
03B2D : 25;
03B2E : 25;
03B2F : 25;
03B30 : 25;
03B31 : 25;
03B32 : 25;
03B33 : 25;
03B34 : 25;
03B35 : 25;
03B36 : 25;
03B37 : 25;
03B38 : 25;
03B39 : 25;
03B3A : 25;
03B3B : 25;
03B3C : 25;
03B3D : 25;
03B3E : 25;
03B3F : 25;
03B40 : 25;
03B41 : 25;
03B42 : 25;
03B43 : 25;
03B44 : 25;
03B45 : 25;
03B46 : 25;
03B47 : 25;
03B48 : 25;
03B49 : 25;
03B4A : 25;
03B4B : 25;
03B4C : 25;
03B4D : 25;
03B4E : 25;
03B4F : 25;
03B50 : 25;
03B51 : 25;
03B52 : 25;
03B53 : 25;
03B54 : 25;
03B55 : 25;
03B56 : 25;
03B57 : 25;
03B58 : 25;
03B59 : 25;
03B5A : 25;
03B5B : 25;
03B5C : 25;
03B5D : 25;
03B5E : 25;
03B5F : 25;
03B60 : 25;
03B61 : 25;
03B62 : 25;
03B63 : 25;
03B64 : 25;
03B65 : 25;
03B66 : 25;
03B67 : 25;
03B68 : 25;
03B69 : 25;
03B6A : 25;
03B6B : 25;
03B6C : 25;
03B6D : 25;
03B6E : 25;
03B6F : 25;
03B70 : 25;
03B71 : 25;
03B72 : 25;
03B73 : 25;
03B74 : 25;
03B75 : 25;
03B76 : 25;
03B77 : 25;
03B78 : 25;
03B79 : 25;
03B7A : 25;
03B7B : 25;
03B7C : 25;
03B7D : 25;
03B7E : 25;
03B7F : 25;
03B80 : 25;
03B81 : 25;
03B82 : 25;
03B83 : 25;
03B84 : 25;
03B85 : 25;
03B86 : 25;
03B87 : 25;
03B88 : 25;
03B89 : 25;
03B8A : 25;
03B8B : 25;
03B8C : 25;
03B8D : 25;
03B8E : 25;
03B8F : 25;
03B90 : 25;
03B91 : 25;
03B92 : 25;
03B93 : 25;
03B94 : 25;
03B95 : 25;
03B96 : 25;
03B97 : 25;
03B98 : 25;
03B99 : 25;
03B9A : 25;
03B9B : 25;
03B9C : 25;
03B9D : 25;
03B9E : 25;
03B9F : 25;
03BA0 : 25;
03BA1 : 25;
03BA2 : 25;
03BA3 : 25;
03BA4 : 25;
03BA5 : 25;
03BA6 : 25;
03BA7 : 25;
03BA8 : 25;
03BA9 : 25;
03BAA : 25;
03BAB : 25;
03BAC : 25;
03BAD : 25;
03BAE : 25;
03BAF : 25;
03BB0 : 25;
03BB1 : 25;
03BB2 : 25;
03BB3 : 25;
03BB4 : 25;
03BB5 : 25;
03BB6 : 25;
03BB7 : 25;
03BB8 : 25;
03BB9 : 25;
03BBA : 25;
03BBB : 25;
03BBC : 25;
03BBD : 25;
03BBE : 25;
03BBF : 25;
03BC0 : 25;
03BC1 : 25;
03BC2 : 25;
03BC3 : 25;
03BC4 : 25;
03BC5 : 25;
03BC6 : 25;
03BC7 : 25;
03BC8 : 25;
03BC9 : 25;
03BCA : 25;
03BCB : 25;
03BCC : 25;
03BCD : 25;
03BCE : 25;
03BCF : 25;
03BD0 : 25;
03BD1 : 25;
03BD2 : 25;
03BD3 : 25;
03BD4 : 25;
03BD5 : 25;
03BD6 : 25;
03BD7 : 25;
03BD8 : 25;
03BD9 : 25;
03BDA : 25;
03BDB : 25;
03BDC : 25;
03BDD : 25;
03BDE : 25;
03BDF : 25;
03BE0 : 25;
03BE1 : 25;
03BE2 : 25;
03BE3 : 25;
03BE4 : 25;
03BE5 : 25;
03BE6 : 25;
03BE7 : 25;
03BE8 : 25;
03BE9 : 25;
03BEA : 25;
03BEB : 25;
03BEC : 25;
03BED : 25;
03BEE : 25;
03BEF : 25;
03BF0 : 25;
03BF1 : 25;
03BF2 : 25;
03BF3 : 25;
03BF4 : 25;
03BF5 : 25;
03BF6 : 25;
03BF7 : 25;
03BF8 : 25;
03BF9 : 25;
03BFA : 25;
03BFB : 25;
03BFC : 25;
03BFD : 25;
03BFE : 25;
03BFF : 25;
03C00 : 25;
03C01 : 25;
03C02 : 25;
03C03 : 25;
03C04 : 25;
03C05 : 25;
03C06 : 25;
03C07 : 25;
03C08 : 25;
03C09 : 25;
03C0A : 25;
03C0B : 25;
03C0C : 25;
03C0D : 25;
03C0E : 25;
03C0F : 25;
03C10 : 25;
03C11 : 75;
03C12 : 9A;
03C13 : 56;
03C14 : BA;
03C15 : 31;
03C16 : 36;
03C17 : 36;
03C18 : 5A;
03C19 : 0D;
03C1A : 2D;
03C1B : 2D;
03C1C : 5A;
03C1D : 56;
03C1E : 7A;
03C1F : 25;
03C20 : 25;
03C21 : 25;
03C22 : 25;
03C23 : 25;
03C24 : 25;
03C25 : 25;
03C26 : 25;
03C27 : 25;
03C28 : 25;
03C29 : 25;
03C2A : 25;
03C2B : 25;
03C2C : 25;
03C2D : 25;
03C2E : 25;
03C2F : 25;
03C30 : 25;
03C31 : 75;
03C32 : 9A;
03C33 : 56;
03C34 : BA;
03C35 : 31;
03C36 : 36;
03C37 : 36;
03C38 : 5A;
03C39 : 0D;
03C3A : 2D;
03C3B : 2D;
03C3C : 5A;
03C3D : 5A;
03C3E : 7A;
03C3F : 25;
03C40 : 25;
03C41 : 25;
03C42 : 25;
03C43 : 25;
03C44 : 25;
03C45 : 25;
03C46 : 25;
03C47 : 25;
03C48 : 25;
03C49 : 25;
03C4A : 25;
03C4B : 25;
03C4C : 25;
03C4D : 25;
03C4E : 25;
03C4F : 25;
03C50 : 25;
03C51 : 25;
03C52 : 2D;
03C53 : 5A;
03C54 : 7A;
03C55 : 36;
03C56 : 36;
03C57 : 36;
03C58 : 5A;
03C59 : 0D;
03C5A : 2D;
03C5B : 2D;
03C5C : 5A;
03C5D : 09;
03C5E : 25;
03C5F : 25;
03C60 : 25;
03C61 : 25;
03C62 : 25;
03C63 : 25;
03C64 : 25;
03C65 : 25;
03C66 : 25;
03C67 : 25;
03C68 : 25;
03C69 : 25;
03C6A : 25;
03C6B : 25;
03C6C : 25;
03C6D : 25;
03C6E : 25;
03C6F : 25;
03C70 : 25;
03C71 : 25;
03C72 : 2D;
03C73 : 5A;
03C74 : 7A;
03C75 : 56;
03C76 : 5A;
03C77 : 5A;
03C78 : 5A;
03C79 : 0D;
03C7A : 2D;
03C7B : 2D;
03C7C : 5A;
03C7D : 09;
03C7E : 25;
03C7F : 25;
03C80 : 25;
03C81 : 25;
03C82 : 25;
03C83 : 25;
03C84 : 25;
03C85 : 25;
03C86 : 25;
03C87 : 25;
03C88 : 25;
03C89 : 25;
03C8A : 25;
03C8B : 25;
03C8C : 25;
03C8D : 25;
03C8E : 25;
03C8F : 25;
03C90 : 25;
03C91 : 25;
03C92 : 4D;
03C93 : 7A;
03C94 : 5A;
03C95 : 56;
03C96 : 7A;
03C97 : 7A;
03C98 : 5A;
03C99 : 0D;
03C9A : 2D;
03C9B : 2D;
03C9C : 5A;
03C9D : 05;
03C9E : 25;
03C9F : 25;
03CA0 : 25;
03CA1 : 25;
03CA2 : 25;
03CA3 : 25;
03CA4 : 25;
03CA5 : 25;
03CA6 : 25;
03CA7 : 25;
03CA8 : 25;
03CA9 : 25;
03CAA : 25;
03CAB : 25;
03CAC : 25;
03CAD : 25;
03CAE : 25;
03CAF : 25;
03CB0 : 25;
03CB1 : 25;
03CB2 : 2D;
03CB3 : 7A;
03CB4 : 5A;
03CB5 : 56;
03CB6 : 7A;
03CB7 : 9A;
03CB8 : 5A;
03CB9 : 2D;
03CBA : 2D;
03CBB : 2D;
03CBC : 5A;
03CBD : 05;
03CBE : 25;
03CBF : 25;
03CC0 : 25;
03CC1 : 25;
03CC2 : 25;
03CC3 : 25;
03CC4 : 25;
03CC5 : 25;
03CC6 : 25;
03CC7 : 25;
03CC8 : 25;
03CC9 : 25;
03CCA : 25;
03CCB : 25;
03CCC : 25;
03CCD : 25;
03CCE : 25;
03CCF : 25;
03CD0 : 25;
03CD1 : 25;
03CD2 : 2D;
03CD3 : 5A;
03CD4 : 5A;
03CD5 : 56;
03CD6 : 5A;
03CD7 : 9A;
03CD8 : 56;
03CD9 : 31;
03CDA : 31;
03CDB : 31;
03CDC : 5A;
03CDD : 05;
03CDE : 25;
03CDF : 25;
03CE0 : 25;
03CE1 : 25;
03CE2 : 25;
03CE3 : 25;
03CE4 : 25;
03CE5 : 25;
03CE6 : 25;
03CE7 : 25;
03CE8 : 25;
03CE9 : 25;
03CEA : 25;
03CEB : 25;
03CEC : 25;
03CED : 25;
03CEE : 25;
03CEF : 25;
03CF0 : 25;
03CF1 : 25;
03CF2 : 29;
03CF3 : 7A;
03CF4 : 5A;
03CF5 : 7A;
03CF6 : 5A;
03CF7 : 9A;
03CF8 : 56;
03CF9 : 56;
03CFA : 32;
03CFB : 31;
03CFC : 5A;
03CFD : 05;
03CFE : 25;
03CFF : 25;
03D00 : 25;
03D01 : 25;
03D02 : 25;
03D03 : 25;
03D04 : 25;
03D05 : 25;
03D06 : 25;
03D07 : 25;
03D08 : 25;
03D09 : 25;
03D0A : 25;
03D0B : 25;
03D0C : 25;
03D0D : 25;
03D0E : 25;
03D0F : 25;
03D10 : 25;
03D11 : 25;
03D12 : 29;
03D13 : 5A;
03D14 : 36;
03D15 : 5A;
03D16 : 5A;
03D17 : 9A;
03D18 : 7A;
03D19 : 2D;
03D1A : 2D;
03D1B : 31;
03D1C : 5A;
03D1D : 05;
03D1E : 25;
03D1F : 25;
03D20 : 25;
03D21 : 25;
03D22 : 25;
03D23 : 25;
03D24 : 25;
03D25 : 25;
03D26 : 25;
03D27 : 25;
03D28 : 25;
03D29 : 25;
03D2A : 25;
03D2B : 25;
03D2C : 25;
03D2D : 25;
03D2E : 25;
03D2F : 25;
03D30 : 25;
03D31 : 25;
03D32 : 29;
03D33 : 5A;
03D34 : 36;
03D35 : 9A;
03D36 : 7A;
03D37 : 9A;
03D38 : 5A;
03D39 : 0D;
03D3A : 2D;
03D3B : 2D;
03D3C : 5A;
03D3D : 09;
03D3E : 25;
03D3F : 25;
03D40 : 25;
03D41 : 25;
03D42 : 25;
03D43 : 25;
03D44 : 25;
03D45 : 25;
03D46 : 25;
03D47 : 25;
03D48 : 25;
03D49 : 25;
03D4A : 25;
03D4B : 25;
03D4C : 25;
03D4D : 25;
03D4E : 25;
03D4F : 25;
03D50 : 25;
03D51 : 25;
03D52 : 29;
03D53 : 5A;
03D54 : 5A;
03D55 : 9A;
03D56 : 7A;
03D57 : 5A;
03D58 : 5A;
03D59 : 0D;
03D5A : 2D;
03D5B : 36;
03D5C : 5A;
03D5D : 09;
03D5E : 25;
03D5F : 25;
03D60 : 25;
03D61 : 25;
03D62 : 25;
03D63 : 25;
03D64 : 25;
03D65 : 25;
03D66 : 25;
03D67 : 25;
03D68 : 25;
03D69 : 25;
03D6A : 25;
03D6B : 25;
03D6C : 25;
03D6D : 25;
03D6E : 25;
03D6F : 25;
03D70 : 25;
03D71 : 25;
03D72 : 29;
03D73 : 5A;
03D74 : 5A;
03D75 : 7A;
03D76 : 5A;
03D77 : 5A;
03D78 : 5A;
03D79 : 0D;
03D7A : 31;
03D7B : 5A;
03D7C : 51;
03D7D : 04;
03D7E : 25;
03D7F : 25;
03D80 : 25;
03D81 : 25;
03D82 : 25;
03D83 : 25;
03D84 : 25;
03D85 : 25;
03D86 : 25;
03D87 : 25;
03D88 : 25;
03D89 : 25;
03D8A : 25;
03D8B : 25;
03D8C : 25;
03D8D : 25;
03D8E : 25;
03D8F : 25;
03D90 : 25;
03D91 : 25;
03D92 : 09;
03D93 : 5A;
03D94 : 5A;
03D95 : 5A;
03D96 : 5A;
03D97 : 5A;
03D98 : 56;
03D99 : 0D;
03D9A : 31;
03D9B : 5A;
03D9C : 25;
03D9D : 25;
03D9E : 25;
03D9F : 25;
03DA0 : 25;
03DA1 : 25;
03DA2 : 25;
03DA3 : 25;
03DA4 : 25;
03DA5 : 25;
03DA6 : 25;
03DA7 : 25;
03DA8 : 25;
03DA9 : 25;
03DAA : 25;
03DAB : 25;
03DAC : 25;
03DAD : 25;
03DAE : 25;
03DAF : 25;
03DB0 : 25;
03DB1 : 25;
03DB2 : 29;
03DB3 : 5A;
03DB4 : 5A;
03DB5 : 5A;
03DB6 : 5A;
03DB7 : 5A;
03DB8 : 36;
03DB9 : 0D;
03DBA : 31;
03DBB : 7A;
03DBC : 25;
03DBD : 25;
03DBE : 25;
03DBF : 25;
03DC0 : 25;
03DC1 : 25;
03DC2 : 25;
03DC3 : 25;
03DC4 : 25;
03DC5 : 25;
03DC6 : 25;
03DC7 : 25;
03DC8 : 25;
03DC9 : 25;
03DCA : 25;
03DCB : 25;
03DCC : 25;
03DCD : 25;
03DCE : 25;
03DCF : 25;
03DD0 : 25;
03DD1 : 25;
03DD2 : 25;
03DD3 : 04;
03DD4 : 5A;
03DD5 : 5A;
03DD6 : 5A;
03DD7 : 5A;
03DD8 : 5A;
03DD9 : 11;
03DDA : 31;
03DDB : 7A;
03DDC : 25;
03DDD : 25;
03DDE : 25;
03DDF : 25;
03DE0 : 25;
03DE1 : 25;
03DE2 : 25;
03DE3 : 25;
03DE4 : 25;
03DE5 : 25;
03DE6 : 25;
03DE7 : 25;
03DE8 : 25;
03DE9 : 25;
03DEA : 25;
03DEB : 25;
03DEC : 25;
03DED : 25;
03DEE : 25;
03DEF : 25;
03DF0 : 25;
03DF1 : 25;
03DF2 : 25;
03DF3 : 25;
03DF4 : 7A;
03DF5 : 5A;
03DF6 : 5A;
03DF7 : 5A;
03DF8 : 5A;
03DF9 : 31;
03DFA : 32;
03DFB : 5A;
03DFC : 25;
03DFD : 25;
03DFE : 25;
03DFF : 25;
03E00 : 25;
03E01 : 25;
03E02 : 25;
03E03 : 25;
03E04 : 25;
03E05 : 25;
03E06 : 25;
03E07 : 25;
03E08 : 25;
03E09 : 25;
03E0A : 25;
03E0B : 25;
03E0C : 25;
03E0D : 25;
03E0E : 25;
03E0F : 25;
03E10 : 25;
03E11 : 25;
03E12 : 25;
03E13 : 25;
03E14 : BA;
03E15 : 5A;
03E16 : 5A;
03E17 : 5A;
03E18 : 5A;
03E19 : 36;
03E1A : 56;
03E1B : 5A;
03E1C : 25;
03E1D : 25;
03E1E : 25;
03E1F : 25;
03E20 : 25;
03E21 : 25;
03E22 : 25;
03E23 : 25;
03E24 : 25;
03E25 : 25;
03E26 : 25;
03E27 : 25;
03E28 : 25;
03E29 : 25;
03E2A : 25;
03E2B : 25;
03E2C : 25;
03E2D : 25;
03E2E : 25;
03E2F : 25;
03E30 : 25;
03E31 : 25;
03E32 : 25;
03E33 : 25;
03E34 : 9A;
03E35 : 5A;
03E36 : 5A;
03E37 : 5A;
03E38 : 5A;
03E39 : 5A;
03E3A : 5A;
03E3B : 7A;
03E3C : 25;
03E3D : 25;
03E3E : 25;
03E3F : 25;
03E40 : 25;
03E41 : 25;
03E42 : 25;
03E43 : 25;
03E44 : 25;
03E45 : 25;
03E46 : 25;
03E47 : 25;
03E48 : 25;
03E49 : 25;
03E4A : 25;
03E4B : 25;
03E4C : 25;
03E4D : 25;
03E4E : 25;
03E4F : 25;
03E50 : 25;
03E51 : 25;
03E52 : 25;
03E53 : 25;
03E54 : 9A;
03E55 : 9A;
03E56 : 7A;
03E57 : 5A;
03E58 : 5A;
03E59 : 5A;
03E5A : 5A;
03E5B : 5A;
03E5C : 25;
03E5D : 25;
03E5E : 25;
03E5F : 25;
03E60 : 25;
03E61 : 25;
03E62 : 25;
03E63 : 25;
03E64 : 25;
03E65 : 25;
03E66 : 25;
03E67 : 25;
03E68 : 25;
03E69 : 25;
03E6A : 25;
03E6B : 25;
03E6C : 25;
03E6D : 25;
03E6E : 25;
03E6F : 25;
03E70 : 25;
03E71 : 25;
03E72 : 25;
03E73 : 25;
03E74 : 7A;
03E75 : BA;
03E76 : 9A;
03E77 : 5A;
03E78 : 5A;
03E79 : 5A;
03E7A : 5A;
03E7B : 5A;
03E7C : 25;
03E7D : 25;
03E7E : 25;
03E7F : 25;
03E80 : 25;
03E81 : 25;
03E82 : 25;
03E83 : 25;
03E84 : 25;
03E85 : 25;
03E86 : 25;
03E87 : 25;
03E88 : 25;
03E89 : 25;
03E8A : 25;
03E8B : 25;
03E8C : 25;
03E8D : 25;
03E8E : 25;
03E8F : 25;
03E90 : 25;
03E91 : 25;
03E92 : 25;
03E93 : 25;
03E94 : 7A;
03E95 : BA;
03E96 : BA;
03E97 : 5A;
03E98 : 5A;
03E99 : 5A;
03E9A : 5A;
03E9B : 7A;
03E9C : 25;
03E9D : 25;
03E9E : 25;
03E9F : 25;
03EA0 : 25;
03EA1 : 25;
03EA2 : 25;
03EA3 : 25;
03EA4 : 25;
03EA5 : 25;
03EA6 : 25;
03EA7 : 25;
03EA8 : 25;
03EA9 : 25;
03EAA : 25;
03EAB : 25;
03EAC : 25;
03EAD : 25;
03EAE : 25;
03EAF : 25;
03EB0 : 25;
03EB1 : 25;
03EB2 : 25;
03EB3 : 25;
03EB4 : 7A;
03EB5 : BA;
03EB6 : BA;
03EB7 : 5A;
03EB8 : 5A;
03EB9 : 5A;
03EBA : 5A;
03EBB : 7A;
03EBC : 25;
03EBD : 25;
03EBE : 25;
03EBF : 25;
03EC0 : 25;
03EC1 : 25;
03EC2 : 25;
03EC3 : 25;
03EC4 : 25;
03EC5 : 25;
03EC6 : 25;
03EC7 : 25;
03EC8 : 25;
03EC9 : 25;
03ECA : 25;
03ECB : 25;
03ECC : 25;
03ECD : 25;
03ECE : 25;
03ECF : 25;
03ED0 : 25;
03ED1 : 25;
03ED2 : 25;
03ED3 : 25;
03ED4 : 7A;
03ED5 : BA;
03ED6 : BA;
03ED7 : 5A;
03ED8 : 5A;
03ED9 : 5A;
03EDA : 5A;
03EDB : 7A;
03EDC : 25;
03EDD : 25;
03EDE : 25;
03EDF : 25;
03EE0 : 25;
03EE1 : 25;
03EE2 : 25;
03EE3 : 25;
03EE4 : 25;
03EE5 : 25;
03EE6 : 25;
03EE7 : 25;
03EE8 : 25;
03EE9 : 25;
03EEA : 25;
03EEB : 25;
03EEC : 25;
03EED : 25;
03EEE : 25;
03EEF : 25;
03EF0 : 25;
03EF1 : 25;
03EF2 : 25;
03EF3 : 25;
03EF4 : 7A;
03EF5 : BA;
03EF6 : BA;
03EF7 : 5A;
03EF8 : 5A;
03EF9 : 5A;
03EFA : 5A;
03EFB : 7A;
03EFC : 25;
03EFD : 25;
03EFE : 25;
03EFF : 25;
03F00 : 25;
03F01 : 25;
03F02 : 25;
03F03 : 25;
03F04 : 25;
03F05 : 25;
03F06 : 25;
03F07 : 25;
03F08 : 25;
03F09 : 25;
03F0A : 25;
03F0B : 25;
03F0C : 25;
03F0D : 25;
03F0E : 25;
03F0F : 25;
03F10 : 25;
03F11 : 25;
03F12 : 25;
03F13 : 25;
03F14 : 7A;
03F15 : BA;
03F16 : BA;
03F17 : 5A;
03F18 : 56;
03F19 : 56;
03F1A : 31;
03F1B : 7A;
03F1C : 25;
03F1D : 25;
03F1E : 25;
03F1F : 25;
03F20 : 25;
03F21 : 25;
03F22 : 25;
03F23 : 25;
03F24 : 25;
03F25 : 25;
03F26 : 25;
03F27 : 25;
03F28 : 25;
03F29 : 25;
03F2A : 25;
03F2B : 25;
03F2C : 25;
03F2D : 25;
03F2E : 25;
03F2F : 25;
03F30 : 25;
03F31 : 25;
03F32 : 25;
03F33 : 25;
03F34 : 7A;
03F35 : BA;
03F36 : BA;
03F37 : 7A;
03F38 : 5A;
03F39 : 31;
03F3A : 31;
03F3B : 7A;
03F3C : 25;
03F3D : 25;
03F3E : 25;
03F3F : 25;
03F40 : 25;
03F41 : 25;
03F42 : 25;
03F43 : 25;
03F44 : 25;
03F45 : 25;
03F46 : 25;
03F47 : 25;
03F48 : 25;
03F49 : 25;
03F4A : 25;
03F4B : 25;
03F4C : 25;
03F4D : 25;
03F4E : 25;
03F4F : 25;
03F50 : 25;
03F51 : 25;
03F52 : 25;
03F53 : 25;
03F54 : 9A;
03F55 : BA;
03F56 : BA;
03F57 : 9A;
03F58 : 36;
03F59 : 31;
03F5A : 31;
03F5B : 7A;
03F5C : 25;
03F5D : 25;
03F5E : 25;
03F5F : 25;
03F60 : 25;
03F61 : 25;
03F62 : 25;
03F63 : 25;
03F64 : 25;
03F65 : 25;
03F66 : 25;
03F67 : 25;
03F68 : 25;
03F69 : 25;
03F6A : 25;
03F6B : 25;
03F6C : 25;
03F6D : 25;
03F6E : 25;
03F6F : 25;
03F70 : 25;
03F71 : 25;
03F72 : 25;
03F73 : 25;
03F74 : 9A;
03F75 : BA;
03F76 : 9A;
03F77 : 9A;
03F78 : 2D;
03F79 : 31;
03F7A : 31;
03F7B : 7A;
03F7C : 25;
03F7D : 25;
03F7E : 25;
03F7F : 25;
03F80 : 25;
03F81 : 25;
03F82 : 25;
03F83 : 25;
03F84 : 25;
03F85 : 25;
03F86 : 25;
03F87 : 25;
03F88 : 25;
03F89 : 25;
03F8A : 25;
03F8B : 25;
03F8C : 25;
03F8D : 25;
03F8E : 25;
03F8F : 25;
03F90 : 25;
03F91 : 25;
03F92 : 6D;
03F93 : BA;
03F94 : BA;
03F95 : 56;
03F96 : 5A;
03F97 : 5A;
03F98 : 32;
03F99 : 31;
03F9A : 31;
03F9B : 5A;
03F9C : 75;
03F9D : 25;
03F9E : 25;
03F9F : 25;
03FA0 : 25;
03FA1 : 25;
03FA2 : 25;
03FA3 : 25;
03FA4 : 25;
03FA5 : 25;
03FA6 : 25;
03FA7 : 25;
03FA8 : 25;
03FA9 : 25;
03FAA : 25;
03FAB : 25;
03FAC : 25;
03FAD : 25;
03FAE : 25;
03FAF : 25;
03FB0 : 25;
03FB1 : 25;
03FB2 : 04;
03FB3 : 9A;
03FB4 : BA;
03FB5 : 56;
03FB6 : 5A;
03FB7 : 5A;
03FB8 : 0D;
03FB9 : 2D;
03FBA : 0D;
03FBB : 5A;
03FBC : 5A;
03FBD : 25;
03FBE : 25;
03FBF : 25;
03FC0 : 25;
03FC1 : 25;
03FC2 : 25;
03FC3 : 25;
03FC4 : 25;
03FC5 : 25;
03FC6 : 25;
03FC7 : 25;
03FC8 : 25;
03FC9 : 25;
03FCA : 25;
03FCB : 25;
03FCC : 25;
03FCD : 25;
03FCE : 25;
03FCF : 25;
03FD0 : 25;
03FD1 : 25;
03FD2 : 04;
03FD3 : 9A;
03FD4 : BA;
03FD5 : 56;
03FD6 : 5A;
03FD7 : 5A;
03FD8 : 2D;
03FD9 : 2D;
03FDA : 0D;
03FDB : 5A;
03FDC : 5A;
03FDD : 25;
03FDE : 25;
03FDF : 25;
03FE0 : 25;
03FE1 : 25;
03FE2 : 25;
03FE3 : 25;
03FE4 : 25;
03FE5 : 25;
03FE6 : 25;
03FE7 : 25;
03FE8 : 25;
03FE9 : 25;
03FEA : 25;
03FEB : 25;
03FEC : 25;
03FED : 25;
03FEE : 25;
03FEF : 25;
03FF0 : 25;
03FF1 : 25;
03FF2 : 04;
03FF3 : 9A;
03FF4 : BA;
03FF5 : 56;
03FF6 : 5A;
03FF7 : 5A;
03FF8 : 2D;
03FF9 : 2D;
03FFA : 0D;
03FFB : 5A;
03FFC : 7A;
03FFD : 25;
03FFE : 25;
03FFF : 25;
04000 : 25;
04001 : 25;
04002 : 25;
04003 : 25;
04004 : 25;
04005 : 25;
04006 : 25;
04007 : 25;
04008 : 25;
04009 : 25;
0400A : 25;
0400B : 25;
0400C : 25;
0400D : 25;
0400E : 25;
0400F : 25;
04010 : 25;
04011 : 24;
04012 : 00;
04013 : 56;
04014 : 7A;
04015 : BA;
04016 : BA;
04017 : 31;
04018 : 5A;
04019 : 56;
0401A : 25;
0401B : 25;
0401C : 25;
0401D : 25;
0401E : 25;
0401F : 25;
04020 : 25;
04021 : 25;
04022 : 25;
04023 : 25;
04024 : 25;
04025 : 25;
04026 : 25;
04027 : 25;
04028 : 25;
04029 : 25;
0402A : 25;
0402B : 25;
0402C : 25;
0402D : 25;
0402E : 25;
0402F : 25;
04030 : 25;
04031 : 24;
04032 : 00;
04033 : 56;
04034 : 9A;
04035 : 9A;
04036 : BA;
04037 : 31;
04038 : 5A;
04039 : 5A;
0403A : 25;
0403B : 25;
0403C : 25;
0403D : 25;
0403E : 25;
0403F : 25;
04040 : 25;
04041 : 25;
04042 : 25;
04043 : 25;
04044 : 25;
04045 : 25;
04046 : 25;
04047 : 25;
04048 : 25;
04049 : 25;
0404A : 25;
0404B : 25;
0404C : 25;
0404D : 25;
0404E : 25;
0404F : 25;
04050 : 25;
04051 : 25;
04052 : 25;
04053 : 00;
04054 : 51;
04055 : 9A;
04056 : BA;
04057 : 31;
04058 : 7A;
04059 : BA;
0405A : 25;
0405B : 25;
0405C : 25;
0405D : 25;
0405E : 25;
0405F : 25;
04060 : 25;
04061 : 25;
04062 : 25;
04063 : 25;
04064 : 25;
04065 : 25;
04066 : 25;
04067 : 25;
04068 : 25;
04069 : 25;
0406A : 25;
0406B : 25;
0406C : 25;
0406D : 25;
0406E : 25;
0406F : 25;
04070 : 25;
04071 : 25;
04072 : 25;
04073 : 00;
04074 : 95;
04075 : 9A;
04076 : BA;
04077 : 31;
04078 : 7A;
04079 : BA;
0407A : 25;
0407B : 25;
0407C : 25;
0407D : 25;
0407E : 25;
0407F : 25;
04080 : 25;
04081 : 25;
04082 : 25;
04083 : 25;
04084 : 25;
04085 : 25;
04086 : 25;
04087 : 25;
04088 : 25;
04089 : 25;
0408A : 25;
0408B : 25;
0408C : 25;
0408D : 25;
0408E : 25;
0408F : 25;
04090 : 25;
04091 : 25;
04092 : 25;
04093 : 00;
04094 : 71;
04095 : BA;
04096 : BA;
04097 : 31;
04098 : 7A;
04099 : DA;
0409A : 25;
0409B : 25;
0409C : 25;
0409D : 25;
0409E : 25;
0409F : 25;
040A0 : 25;
040A1 : 25;
040A2 : 25;
040A3 : 25;
040A4 : 25;
040A5 : 25;
040A6 : 25;
040A7 : 25;
040A8 : 25;
040A9 : 25;
040AA : 25;
040AB : 25;
040AC : 25;
040AD : 25;
040AE : 25;
040AF : 25;
040B0 : 25;
040B1 : 25;
040B2 : 25;
040B3 : 00;
040B4 : 71;
040B5 : BA;
040B6 : BA;
040B7 : 31;
040B8 : 7A;
040B9 : 25;
040BA : 25;
040BB : 25;
040BC : 25;
040BD : 25;
040BE : 25;
040BF : 25;
040C0 : 25;
040C1 : 25;
040C2 : 25;
040C3 : 25;
040C4 : 25;
040C5 : 25;
040C6 : 25;
040C7 : 25;
040C8 : 25;
040C9 : 25;
040CA : 25;
040CB : 25;
040CC : 25;
040CD : 25;
040CE : 25;
040CF : 25;
040D0 : 25;
040D1 : 25;
040D2 : 25;
040D3 : 00;
040D4 : 71;
040D5 : BA;
040D6 : BA;
040D7 : 31;
040D8 : 56;
040D9 : 25;
040DA : 25;
040DB : 25;
040DC : 25;
040DD : 25;
040DE : 25;
040DF : 25;
040E0 : 25;
040E1 : 25;
040E2 : 25;
040E3 : 25;
040E4 : 25;
040E5 : 25;
040E6 : 25;
040E7 : 25;
040E8 : 25;
040E9 : 25;
040EA : 25;
040EB : 25;
040EC : 25;
040ED : 25;
040EE : 25;
040EF : 25;
040F0 : 25;
040F1 : 25;
040F2 : 25;
040F3 : 00;
040F4 : 51;
040F5 : 9A;
040F6 : BA;
040F7 : 56;
040F8 : 56;
040F9 : 25;
040FA : 25;
040FB : 25;
040FC : 25;
040FD : 25;
040FE : 25;
040FF : 25;
04100 : 25;
04101 : 25;
04102 : 25;
04103 : 25;
04104 : 25;
04105 : 25;
04106 : 25;
04107 : 25;
04108 : 25;
04109 : 25;
0410A : 25;
0410B : 25;
0410C : 25;
0410D : 25;
0410E : 25;
0410F : 25;
04110 : 25;
04111 : 25;
04112 : 25;
04113 : 00;
04114 : 4D;
04115 : 7A;
04116 : BA;
04117 : 7A;
04118 : 7A;
04119 : 25;
0411A : 25;
0411B : 25;
0411C : 25;
0411D : 25;
0411E : 25;
0411F : 25;
04120 : 25;
04121 : 25;
04122 : 25;
04123 : 25;
04124 : 25;
04125 : 25;
04126 : 25;
04127 : 25;
04128 : 25;
04129 : 25;
0412A : 25;
0412B : 25;
0412C : 25;
0412D : 25;
0412E : 25;
0412F : 25;
04130 : 25;
04131 : 25;
04132 : 25;
04133 : 00;
04134 : 2D;
04135 : 5A;
04136 : 9A;
04137 : 7A;
04138 : 7A;
04139 : 25;
0413A : 25;
0413B : 25;
0413C : 25;
0413D : 25;
0413E : 25;
0413F : 25;
04140 : 25;
04141 : 25;
04142 : 25;
04143 : 25;
04144 : 25;
04145 : 25;
04146 : 25;
04147 : 25;
04148 : 25;
04149 : 25;
0414A : 25;
0414B : 25;
0414C : 25;
0414D : 25;
0414E : 25;
0414F : 25;
04150 : 25;
04151 : 25;
04152 : 25;
04153 : 04;
04154 : 2D;
04155 : 56;
04156 : 9A;
04157 : BA;
04158 : 25;
04159 : 25;
0415A : 25;
0415B : 25;
0415C : 25;
0415D : 25;
0415E : 25;
0415F : 25;
04160 : 25;
04161 : 25;
04162 : 25;
04163 : 25;
04164 : 25;
04165 : 25;
04166 : 25;
04167 : 25;
04168 : 25;
04169 : 25;
0416A : 25;
0416B : 25;
0416C : 25;
0416D : 25;
0416E : 25;
0416F : 25;
04170 : 25;
04171 : 25;
04172 : 25;
04173 : 04;
04174 : 4D;
04175 : 7A;
04176 : 9A;
04177 : BA;
04178 : 25;
04179 : 25;
0417A : 25;
0417B : 25;
0417C : 25;
0417D : 25;
0417E : 25;
0417F : 25;
04180 : 25;
04181 : 25;
04182 : 25;
04183 : 25;
04184 : 25;
04185 : 25;
04186 : 25;
04187 : 25;
04188 : 25;
04189 : 25;
0418A : 25;
0418B : 25;
0418C : 25;
0418D : 25;
0418E : 25;
0418F : 25;
04190 : 25;
04191 : 25;
04192 : 25;
04193 : 24;
04194 : 04;
04195 : 29;
04196 : 9A;
04197 : BA;
04198 : 25;
04199 : 25;
0419A : 25;
0419B : 25;
0419C : 25;
0419D : 25;
0419E : 25;
0419F : 25;
041A0 : 25;
041A1 : 25;
041A2 : 25;
041A3 : 25;
041A4 : 25;
041A5 : 25;
041A6 : 25;
041A7 : 25;
041A8 : 25;
041A9 : 25;
041AA : 25;
041AB : 25;
041AC : 25;
041AD : 25;
041AE : 25;
041AF : 25;
041B0 : 25;
041B1 : 25;
041B2 : 25;
041B3 : 04;
041B4 : 04;
041B5 : 09;
041B6 : 7A;
041B7 : BA;
041B8 : 25;
041B9 : 25;
041BA : 25;
041BB : 25;
041BC : 25;
041BD : 25;
041BE : 25;
041BF : 25;
041C0 : 25;
041C1 : 25;
041C2 : 25;
041C3 : 25;
041C4 : 25;
041C5 : 25;
041C6 : 25;
041C7 : 25;
041C8 : 25;
041C9 : 25;
041CA : 25;
041CB : 25;
041CC : 25;
041CD : 25;
041CE : 25;
041CF : 25;
041D0 : 25;
041D1 : 25;
041D2 : 25;
041D3 : 04;
041D4 : 00;
041D5 : 04;
041D6 : 5A;
041D7 : 7A;
041D8 : 25;
041D9 : 25;
041DA : 25;
041DB : 25;
041DC : 25;
041DD : 25;
041DE : 25;
041DF : 25;
041E0 : 25;
041E1 : 25;
041E2 : 25;
041E3 : 25;
041E4 : 25;
041E5 : 25;
041E6 : 25;
041E7 : 25;
041E8 : 25;
041E9 : 25;
041EA : 25;
041EB : 25;
041EC : 25;
041ED : 25;
041EE : 25;
041EF : 25;
041F0 : 25;
041F1 : 25;
041F2 : 25;
041F3 : 25;
041F4 : 00;
041F5 : 04;
041F6 : 56;
041F7 : 7A;
041F8 : 25;
041F9 : 25;
041FA : 25;
041FB : 25;
041FC : 25;
041FD : 25;
041FE : 25;
041FF : 25;
04200 : 25;
04201 : 25;
04202 : 25;
04203 : 25;
04204 : 25;
04205 : 25;
04206 : 25;
04207 : 25;
04208 : 25;
04209 : 25;
0420A : 25;
0420B : 25;
0420C : 25;
0420D : 25;
0420E : 25;
0420F : 25;
04210 : 25;
04211 : 25;
04212 : 25;
04213 : 25;
04214 : 25;
04215 : 00;
04216 : 04;
04217 : 9A;
04218 : 25;
04219 : 25;
0421A : 25;
0421B : 25;
0421C : 25;
0421D : 25;
0421E : 25;
0421F : 25;
04220 : 25;
04221 : 25;
04222 : 25;
04223 : 25;
04224 : 25;
04225 : 25;
04226 : 25;
04227 : 25;
04228 : 25;
04229 : 25;
0422A : 25;
0422B : 25;
0422C : 25;
0422D : 25;
0422E : 25;
0422F : 25;
04230 : 25;
04231 : 25;
04232 : 25;
04233 : 25;
04234 : 25;
04235 : 24;
04236 : 00;
04237 : 29;
04238 : 25;
04239 : 25;
0423A : 25;
0423B : 25;
0423C : 25;
0423D : 25;
0423E : 25;
0423F : 25;
04240 : 25;
04241 : 25;
04242 : 25;
04243 : 25;
04244 : 25;
04245 : 25;
04246 : 25;
04247 : 25;
04248 : 25;
04249 : 25;
0424A : 25;
0424B : 25;
0424C : 25;
0424D : 25;
0424E : 25;
0424F : 25;
04250 : 25;
04251 : 25;
04252 : 25;
04253 : 25;
04254 : 25;
04255 : 25;
04256 : 00;
04257 : 25;
04258 : 25;
04259 : 25;
0425A : 25;
0425B : 25;
0425C : 25;
0425D : 25;
0425E : 25;
0425F : 25;
04260 : 25;
04261 : 25;
04262 : 25;
04263 : 25;
04264 : 25;
04265 : 25;
04266 : 25;
04267 : 25;
04268 : 25;
04269 : 25;
0426A : 25;
0426B : 25;
0426C : 25;
0426D : 25;
0426E : 25;
0426F : 25;
04270 : 25;
04271 : 25;
04272 : 25;
04273 : 25;
04274 : 25;
04275 : 25;
04276 : 25;
04277 : 25;
04278 : 25;
04279 : 25;
0427A : 25;
0427B : 25;
0427C : 25;
0427D : 25;
0427E : 25;
0427F : 25;
04280 : 25;
04281 : 25;
04282 : 25;
04283 : 25;
04284 : 25;
04285 : 25;
04286 : 25;
04287 : 25;
04288 : 25;
04289 : 25;
0428A : 25;
0428B : 25;
0428C : 25;
0428D : 25;
0428E : 25;
0428F : 25;
04290 : 25;
04291 : 25;
04292 : 25;
04293 : 25;
04294 : 25;
04295 : 25;
04296 : 25;
04297 : 25;
04298 : 25;
04299 : 25;
0429A : 25;
0429B : 25;
0429C : 25;
0429D : 25;
0429E : 25;
0429F : 25;
042A0 : 25;
042A1 : 25;
042A2 : 25;
042A3 : 25;
042A4 : 25;
042A5 : 25;
042A6 : 25;
042A7 : 25;
042A8 : 25;
042A9 : 25;
042AA : 25;
042AB : 25;
042AC : 25;
042AD : 25;
042AE : 25;
042AF : 25;
042B0 : 25;
042B1 : 25;
042B2 : 25;
042B3 : 25;
042B4 : 25;
042B5 : 25;
042B6 : 25;
042B7 : 25;
042B8 : 25;
042B9 : 25;
042BA : 25;
042BB : 25;
042BC : 25;
042BD : 25;
042BE : 25;
042BF : 25;
042C0 : 25;
042C1 : 25;
042C2 : 25;
042C3 : 25;
042C4 : 25;
042C5 : 25;
042C6 : 25;
042C7 : 25;
042C8 : 25;
042C9 : 25;
042CA : 25;
042CB : 25;
042CC : 25;
042CD : 25;
042CE : 25;
042CF : 25;
042D0 : 25;
042D1 : 25;
042D2 : 25;
042D3 : 25;
042D4 : 25;
042D5 : 25;
042D6 : 25;
042D7 : 25;
042D8 : 25;
042D9 : 25;
042DA : 25;
042DB : 25;
042DC : 25;
042DD : 25;
042DE : 25;
042DF : 25;
042E0 : 25;
042E1 : 25;
042E2 : 25;
042E3 : 25;
042E4 : 25;
042E5 : 25;
042E6 : 25;
042E7 : 25;
042E8 : 25;
042E9 : 25;
042EA : 25;
042EB : 25;
042EC : 25;
042ED : 25;
042EE : 25;
042EF : 25;
042F0 : 25;
042F1 : 25;
042F2 : 25;
042F3 : 25;
042F4 : 25;
042F5 : 25;
042F6 : 25;
042F7 : 25;
042F8 : 25;
042F9 : 25;
042FA : 25;
042FB : 25;
042FC : 25;
042FD : 25;
042FE : 25;
042FF : 25;
04300 : 25;
04301 : 25;
04302 : 25;
04303 : 25;
04304 : 25;
04305 : 25;
04306 : 25;
04307 : 25;
04308 : 25;
04309 : 25;
0430A : 25;
0430B : 25;
0430C : 25;
0430D : 25;
0430E : 25;
0430F : 25;
04310 : 25;
04311 : 25;
04312 : 25;
04313 : 25;
04314 : 25;
04315 : 25;
04316 : 25;
04317 : 25;
04318 : 25;
04319 : 25;
0431A : 25;
0431B : 25;
0431C : 25;
0431D : 25;
0431E : 25;
0431F : 25;
04320 : 25;
04321 : 25;
04322 : 25;
04323 : 25;
04324 : 25;
04325 : 25;
04326 : 25;
04327 : 25;
04328 : 25;
04329 : 25;
0432A : 25;
0432B : 25;
0432C : 25;
0432D : 25;
0432E : 25;
0432F : 25;
04330 : 25;
04331 : 25;
04332 : 25;
04333 : 25;
04334 : 25;
04335 : 25;
04336 : 25;
04337 : 25;
04338 : 25;
04339 : 25;
0433A : 25;
0433B : 25;
0433C : 25;
0433D : 25;
0433E : 25;
0433F : 25;
04340 : 25;
04341 : 25;
04342 : 25;
04343 : 25;
04344 : 25;
04345 : 25;
04346 : 25;
04347 : 25;
04348 : 25;
04349 : 25;
0434A : 25;
0434B : 25;
0434C : 25;
0434D : 25;
0434E : 25;
0434F : 25;
04350 : 25;
04351 : 25;
04352 : 25;
04353 : 25;
04354 : 25;
04355 : 25;
04356 : 25;
04357 : 25;
04358 : 25;
04359 : 25;
0435A : 25;
0435B : 25;
0435C : 25;
0435D : 25;
0435E : 25;
0435F : 25;
04360 : 25;
04361 : 25;
04362 : 25;
04363 : 25;
04364 : 25;
04365 : 25;
04366 : 25;
04367 : 25;
04368 : 25;
04369 : 25;
0436A : 25;
0436B : 25;
0436C : 25;
0436D : 25;
0436E : 25;
0436F : 25;
04370 : 25;
04371 : 25;
04372 : 25;
04373 : 25;
04374 : 25;
04375 : 25;
04376 : 25;
04377 : 25;
04378 : 25;
04379 : 25;
0437A : 25;
0437B : 25;
0437C : 25;
0437D : 25;
0437E : 25;
0437F : 25;
04380 : 25;
04381 : 25;
04382 : 25;
04383 : 25;
04384 : 25;
04385 : 25;
04386 : 25;
04387 : 25;
04388 : 25;
04389 : 25;
0438A : 25;
0438B : 25;
0438C : 25;
0438D : 25;
0438E : 25;
0438F : 25;
04390 : 25;
04391 : 25;
04392 : 25;
04393 : 25;
04394 : 25;
04395 : 25;
04396 : 25;
04397 : 25;
04398 : 25;
04399 : 25;
0439A : 25;
0439B : 25;
0439C : 25;
0439D : 25;
0439E : 25;
0439F : 25;
043A0 : 25;
043A1 : 25;
043A2 : 25;
043A3 : 25;
043A4 : 25;
043A5 : 25;
043A6 : 25;
043A7 : 25;
043A8 : 25;
043A9 : 25;
043AA : 25;
043AB : 25;
043AC : 25;
043AD : 25;
043AE : 25;
043AF : 25;
043B0 : 25;
043B1 : 25;
043B2 : 25;
043B3 : 25;
043B4 : 25;
043B5 : 25;
043B6 : 25;
043B7 : 25;
043B8 : 25;
043B9 : 25;
043BA : 25;
043BB : 25;
043BC : 25;
043BD : 25;
043BE : 25;
043BF : 25;
043C0 : 25;
043C1 : 25;
043C2 : 25;
043C3 : 25;
043C4 : 25;
043C5 : 25;
043C6 : 25;
043C7 : 25;
043C8 : 25;
043C9 : 25;
043CA : 25;
043CB : 25;
043CC : 25;
043CD : 25;
043CE : 25;
043CF : 25;
043D0 : 25;
043D1 : 25;
043D2 : 25;
043D3 : 25;
043D4 : 25;
043D5 : 25;
043D6 : 25;
043D7 : 25;
043D8 : 25;
043D9 : 25;
043DA : 25;
043DB : 25;
043DC : 25;
043DD : 25;
043DE : 25;
043DF : 25;
043E0 : 25;
043E1 : 25;
043E2 : 25;
043E3 : 25;
043E4 : 25;
043E5 : 25;
043E6 : 25;
043E7 : 25;
043E8 : 25;
043E9 : 25;
043EA : 25;
043EB : 25;
043EC : 25;
043ED : 25;
043EE : 25;
043EF : 25;
043F0 : 25;
043F1 : 25;
043F2 : 25;
043F3 : 25;
043F4 : 25;
043F5 : 25;
043F6 : 25;
043F7 : 25;
043F8 : 25;
043F9 : 25;
043FA : 25;
043FB : 25;
043FC : 25;
043FD : 25;
043FE : 25;
043FF : 25;
04400 : 25;
04401 : 25;
04402 : 25;
04403 : 25;
04404 : 25;
04405 : 25;
04406 : 25;
04407 : 25;
04408 : 25;
04409 : 25;
0440A : 25;
0440B : 25;
0440C : 25;
0440D : 25;
0440E : 25;
0440F : 25;
04410 : 25;
04411 : 25;
04412 : 25;
04413 : 25;
04414 : 25;
04415 : 25;
04416 : 25;
04417 : 25;
04418 : 25;
04419 : 25;
0441A : 25;
0441B : 25;
0441C : 25;
0441D : 25;
0441E : 25;
0441F : 25;
04420 : 25;
04421 : 25;
04422 : 25;
04423 : 25;
04424 : 25;
04425 : 25;
04426 : 25;
04427 : 25;
04428 : 25;
04429 : 25;
0442A : 25;
0442B : 25;
0442C : 25;
0442D : 25;
0442E : 25;
0442F : 25;
04430 : 25;
04431 : 25;
04432 : 25;
04433 : 25;
04434 : 25;
04435 : 25;
04436 : 25;
04437 : 25;
04438 : 25;
04439 : 25;
0443A : 25;
0443B : 25;
0443C : 25;
0443D : 25;
0443E : 25;
0443F : 25;
04440 : 25;
04441 : 25;
04442 : 25;
04443 : 25;
04444 : 25;
04445 : 25;
04446 : 25;
04447 : 25;
04448 : 25;
04449 : 25;
0444A : 25;
0444B : 25;
0444C : 25;
0444D : 25;
0444E : 25;
0444F : 25;
04450 : 25;
04451 : 25;
04452 : 25;
04453 : 25;
04454 : 25;
04455 : 25;
04456 : 25;
04457 : 25;
04458 : 25;
04459 : 25;
0445A : 25;
0445B : 25;
0445C : 25;
0445D : 25;
0445E : 25;
0445F : 25;
04460 : 25;
04461 : 25;
04462 : 25;
04463 : 25;
04464 : 25;
04465 : 25;
04466 : 25;
04467 : 25;
04468 : 25;
04469 : 25;
0446A : 25;
0446B : 25;
0446C : 25;
0446D : 25;
0446E : 25;
0446F : 25;
04470 : 25;
04471 : 25;
04472 : 25;
04473 : 25;
04474 : 25;
04475 : 25;
04476 : 25;
04477 : 25;
04478 : 25;
04479 : 25;
0447A : 25;
0447B : 25;
0447C : 25;
0447D : 25;
0447E : 25;
0447F : 25;
04480 : 25;
04481 : 25;
04482 : 25;
04483 : 25;
04484 : 25;
04485 : 25;
04486 : 25;
04487 : 25;
04488 : 25;
04489 : 25;
0448A : 25;
0448B : 25;
0448C : 25;
0448D : 25;
0448E : 25;
0448F : 25;
04490 : 25;
04491 : 25;
04492 : 25;
04493 : 25;
04494 : 25;
04495 : 25;
04496 : 25;
04497 : 25;
04498 : 25;
04499 : 25;
0449A : 25;
0449B : 25;
0449C : 25;
0449D : 25;
0449E : 25;
0449F : 25;
044A0 : 25;
044A1 : 25;
044A2 : 25;
044A3 : 25;
044A4 : 25;
044A5 : 25;
044A6 : 25;
044A7 : 25;
044A8 : 25;
044A9 : 25;
044AA : 25;
044AB : 25;
044AC : 25;
044AD : 25;
044AE : 25;
044AF : 25;
044B0 : 25;
044B1 : 25;
044B2 : 25;
044B3 : 25;
044B4 : 25;
044B5 : 25;
044B6 : 25;
044B7 : 25;
044B8 : 25;
044B9 : 25;
044BA : 25;
044BB : 25;
044BC : 25;
044BD : 25;
044BE : 25;
044BF : 25;
044C0 : 25;
044C1 : 25;
044C2 : 25;
044C3 : 25;
044C4 : 25;
044C5 : 25;
044C6 : 25;
044C7 : 25;
044C8 : 25;
044C9 : 25;
044CA : 25;
044CB : 25;
044CC : 25;
044CD : 25;
044CE : 25;
044CF : 25;
044D0 : 25;
044D1 : 25;
044D2 : 25;
044D3 : 25;
044D4 : 25;
044D5 : 25;
044D6 : 25;
044D7 : 25;
044D8 : 25;
044D9 : 25;
044DA : 25;
044DB : 25;
044DC : 25;
044DD : 25;
044DE : 25;
044DF : 25;
044E0 : 25;
044E1 : 25;
044E2 : 25;
044E3 : 25;
044E4 : 25;
044E5 : 25;
044E6 : 25;
044E7 : 25;
044E8 : 25;
044E9 : 25;
044EA : 25;
044EB : 25;
044EC : 25;
044ED : 25;
044EE : 25;
044EF : 25;
044F0 : 25;
044F1 : 25;
044F2 : 25;
044F3 : 25;
044F4 : 25;
044F5 : 25;
044F6 : 25;
044F7 : 25;
044F8 : 25;
044F9 : 25;
044FA : 25;
044FB : 25;
044FC : 25;
044FD : 25;
044FE : 25;
044FF : 25;
04500 : 25;
04501 : 25;
04502 : 25;
04503 : 25;
04504 : 25;
04505 : 25;
04506 : 25;
04507 : 25;
04508 : 25;
04509 : 25;
0450A : 25;
0450B : 25;
0450C : 25;
0450D : 25;
0450E : 25;
0450F : 25;
04510 : 25;
04511 : 25;
04512 : 25;
04513 : 25;
04514 : 25;
04515 : 25;
04516 : 25;
04517 : 25;
04518 : 25;
04519 : 25;
0451A : 25;
0451B : 25;
0451C : 25;
0451D : 25;
0451E : 25;
0451F : 25;
04520 : 25;
04521 : 25;
04522 : 25;
04523 : 25;
04524 : 25;
04525 : 25;
04526 : 25;
04527 : 25;
04528 : 25;
04529 : 25;
0452A : 25;
0452B : 25;
0452C : 25;
0452D : 25;
0452E : 25;
0452F : 25;
04530 : 25;
04531 : 25;
04532 : 25;
04533 : 25;
04534 : 25;
04535 : 25;
04536 : 25;
04537 : 25;
04538 : 25;
04539 : 25;
0453A : 25;
0453B : 25;
0453C : 25;
0453D : 25;
0453E : 25;
0453F : 25;
04540 : 25;
04541 : 25;
04542 : 25;
04543 : 25;
04544 : 25;
04545 : 25;
04546 : 25;
04547 : 25;
04548 : 25;
04549 : 25;
0454A : 25;
0454B : 25;
0454C : 25;
0454D : 25;
0454E : 25;
0454F : 25;
04550 : 25;
04551 : 25;
04552 : 25;
04553 : 25;
04554 : 25;
04555 : 25;
04556 : 25;
04557 : 25;
04558 : 25;
04559 : 25;
0455A : 25;
0455B : 25;
0455C : 25;
0455D : 25;
0455E : 25;
0455F : 25;
04560 : 25;
04561 : 25;
04562 : 25;
04563 : 25;
04564 : 25;
04565 : 25;
04566 : 25;
04567 : 25;
04568 : 25;
04569 : 25;
0456A : 25;
0456B : 25;
0456C : 25;
0456D : 25;
0456E : 25;
0456F : 25;
04570 : 25;
04571 : 25;
04572 : 25;
04573 : 25;
04574 : 25;
04575 : 25;
04576 : 25;
04577 : 25;
04578 : 25;
04579 : 25;
0457A : 25;
0457B : 25;
0457C : 25;
0457D : 25;
0457E : 25;
0457F : 25;
04580 : 25;
04581 : 25;
04582 : 25;
04583 : 25;
04584 : 25;
04585 : 25;
04586 : 25;
04587 : 25;
04588 : 25;
04589 : 25;
0458A : 25;
0458B : 25;
0458C : 25;
0458D : 25;
0458E : 25;
0458F : 25;
04590 : 25;
04591 : 25;
04592 : 25;
04593 : 25;
04594 : 25;
04595 : 25;
04596 : 25;
04597 : 25;
04598 : 25;
04599 : 25;
0459A : 25;
0459B : 25;
0459C : 25;
0459D : 25;
0459E : 25;
0459F : 25;
045A0 : 25;
045A1 : 25;
045A2 : 25;
045A3 : 25;
045A4 : 25;
045A5 : 25;
045A6 : 25;
045A7 : 25;
045A8 : 25;
045A9 : 25;
045AA : 25;
045AB : 25;
045AC : 25;
045AD : 25;
045AE : 25;
045AF : 25;
045B0 : 25;
045B1 : 25;
045B2 : 25;
045B3 : 25;
045B4 : 25;
045B5 : 25;
045B6 : 25;
045B7 : 25;
045B8 : 25;
045B9 : 25;
045BA : 25;
045BB : 25;
045BC : 25;
045BD : 25;
045BE : 25;
045BF : 25;
045C0 : 25;
045C1 : 25;
045C2 : 25;
045C3 : 25;
045C4 : 25;
045C5 : 25;
045C6 : 25;
045C7 : 25;
045C8 : 25;
045C9 : 25;
045CA : 25;
045CB : 25;
045CC : 25;
045CD : 25;
045CE : 25;
045CF : 25;
045D0 : 25;
045D1 : 25;
045D2 : 25;
045D3 : 25;
045D4 : 25;
045D5 : 25;
045D6 : 25;
045D7 : 25;
045D8 : 25;
045D9 : 25;
045DA : 25;
045DB : 25;
045DC : 25;
045DD : 25;
045DE : 25;
045DF : 25;
045E0 : 25;
045E1 : 25;
045E2 : 25;
045E3 : 25;
045E4 : 25;
045E5 : 25;
045E6 : 25;
045E7 : 25;
045E8 : 25;
045E9 : 25;
045EA : 25;
045EB : 25;
045EC : 25;
045ED : 25;
045EE : 25;
045EF : 25;
045F0 : 25;
045F1 : 25;
045F2 : 25;
045F3 : 25;
045F4 : 25;
045F5 : 25;
045F6 : 25;
045F7 : 25;
045F8 : 25;
045F9 : 25;
045FA : 25;
045FB : 25;
045FC : 25;
045FD : 25;
045FE : 25;
045FF : 25;
04600 : 25;
04601 : 25;
04602 : 25;
04603 : 25;
04604 : 25;
04605 : 25;
04606 : 25;
04607 : 25;
04608 : 25;
04609 : 25;
0460A : 25;
0460B : 25;
0460C : 25;
0460D : 25;
0460E : 25;
0460F : 25;
04610 : 25;
04611 : 25;
04612 : 25;
04613 : 25;
04614 : 25;
04615 : 25;
04616 : 25;
04617 : 25;
04618 : 25;
04619 : 25;
0461A : 25;
0461B : 25;
0461C : 25;
0461D : 25;
0461E : 25;
0461F : 25;
04620 : 25;
04621 : 25;
04622 : 25;
04623 : 25;
04624 : 25;
04625 : 25;
04626 : 25;
04627 : 25;
04628 : 25;
04629 : 25;
0462A : 25;
0462B : 25;
0462C : 25;
0462D : 25;
0462E : 25;
0462F : 25;
04630 : 25;
04631 : 25;
04632 : 25;
04633 : 25;
04634 : 25;
04635 : 25;
04636 : 25;
04637 : 25;
04638 : 25;
04639 : 25;
0463A : 25;
0463B : 25;
0463C : 25;
0463D : 25;
0463E : 25;
0463F : 25;
04640 : 25;
04641 : 25;
04642 : 25;
04643 : 25;
04644 : 25;
04645 : 25;
04646 : 25;
04647 : 25;
04648 : 25;
04649 : 25;
0464A : 25;
0464B : 25;
0464C : 25;
0464D : 25;
0464E : 25;
0464F : 25;
04650 : 25;
04651 : 25;
04652 : 25;
04653 : 25;
04654 : 25;
04655 : 25;
04656 : 25;
04657 : 25;
04658 : 25;
04659 : 25;
0465A : 25;
0465B : 25;
0465C : 25;
0465D : 25;
0465E : 25;
0465F : 25;
04660 : 25;
04661 : 25;
04662 : 25;
04663 : 25;
04664 : 25;
04665 : 25;
04666 : 25;
04667 : 25;
04668 : 25;
04669 : 25;
0466A : 25;
0466B : 25;
0466C : 25;
0466D : 25;
0466E : 25;
0466F : 25;
04670 : 25;
04671 : 25;
04672 : 25;
04673 : 25;
04674 : 25;
04675 : 25;
04676 : 25;
04677 : 25;
04678 : 25;
04679 : 25;
0467A : 25;
0467B : 25;
0467C : 25;
0467D : 25;
0467E : 25;
0467F : 25;
04680 : 25;
04681 : 25;
04682 : 25;
04683 : 25;
04684 : 25;
04685 : 25;
04686 : 25;
04687 : 25;
04688 : 25;
04689 : 25;
0468A : 25;
0468B : 25;
0468C : 25;
0468D : 25;
0468E : 25;
0468F : 25;
04690 : 25;
04691 : 25;
04692 : 25;
04693 : 25;
04694 : 25;
04695 : 25;
04696 : 25;
04697 : 25;
04698 : 25;
04699 : 25;
0469A : 25;
0469B : 25;
0469C : 25;
0469D : 25;
0469E : 25;
0469F : 25;
046A0 : 25;
046A1 : 25;
046A2 : 25;
046A3 : 25;
046A4 : 25;
046A5 : 25;
046A6 : 25;
046A7 : 25;
046A8 : 25;
046A9 : 25;
046AA : 25;
046AB : 25;
046AC : 25;
046AD : 25;
046AE : 25;
046AF : 25;
046B0 : 25;
046B1 : 25;
046B2 : 25;
046B3 : 25;
046B4 : 25;
046B5 : 25;
046B6 : 25;
046B7 : 25;
046B8 : 25;
046B9 : 25;
046BA : 25;
046BB : 25;
046BC : 25;
046BD : 25;
046BE : 25;
046BF : 25;
046C0 : 25;
046C1 : 25;
046C2 : 25;
046C3 : 25;
046C4 : 25;
046C5 : 25;
046C6 : 25;
046C7 : 25;
046C8 : 25;
046C9 : 25;
046CA : 25;
046CB : 25;
046CC : 25;
046CD : 25;
046CE : 25;
046CF : 25;
046D0 : 25;
046D1 : 25;
046D2 : 25;
046D3 : 25;
046D4 : 25;
046D5 : 25;
046D6 : 25;
046D7 : 25;
046D8 : 25;
046D9 : 25;
046DA : 25;
046DB : 25;
046DC : 25;
046DD : 25;
046DE : 25;
046DF : 25;
046E0 : 25;
046E1 : 25;
046E2 : 25;
046E3 : 25;
046E4 : 25;
046E5 : 25;
046E6 : 25;
046E7 : 25;
046E8 : 25;
046E9 : 25;
046EA : 25;
046EB : 25;
046EC : 25;
046ED : 25;
046EE : 25;
046EF : 25;
046F0 : 25;
046F1 : 25;
046F2 : 25;
046F3 : 25;
046F4 : 25;
046F5 : 25;
046F6 : 25;
046F7 : 25;
046F8 : 25;
046F9 : 25;
046FA : 25;
046FB : 25;
046FC : 25;
046FD : 25;
046FE : 25;
046FF : 25;
04700 : 25;
04701 : 25;
04702 : 25;
04703 : 25;
04704 : 25;
04705 : 25;
04706 : 25;
04707 : 25;
04708 : 25;
04709 : 25;
0470A : 25;
0470B : 25;
0470C : 25;
0470D : 25;
0470E : 25;
0470F : 25;
04710 : 25;
04711 : 25;
04712 : 25;
04713 : 25;
04714 : 25;
04715 : 25;
04716 : 25;
04717 : 25;
04718 : 25;
04719 : 25;
0471A : 25;
0471B : 25;
0471C : 25;
0471D : 25;
0471E : 25;
0471F : 25;
04720 : 25;
04721 : 25;
04722 : 25;
04723 : 25;
04724 : 25;
04725 : 25;
04726 : 25;
04727 : 25;
04728 : 25;
04729 : 25;
0472A : 25;
0472B : 25;
0472C : 25;
0472D : 25;
0472E : 25;
0472F : 25;
04730 : 25;
04731 : 25;
04732 : 25;
04733 : 25;
04734 : 25;
04735 : 25;
04736 : 25;
04737 : 25;
04738 : 25;
04739 : 25;
0473A : 25;
0473B : 25;
0473C : 25;
0473D : 25;
0473E : 25;
0473F : 25;
04740 : 25;
04741 : 25;
04742 : 25;
04743 : 25;
04744 : 25;
04745 : 25;
04746 : 25;
04747 : 25;
04748 : 25;
04749 : 25;
0474A : 25;
0474B : 25;
0474C : 25;
0474D : 25;
0474E : 25;
0474F : 25;
04750 : 25;
04751 : 25;
04752 : 25;
04753 : 25;
04754 : 25;
04755 : 25;
04756 : 25;
04757 : 25;
04758 : 25;
04759 : 25;
0475A : 25;
0475B : 25;
0475C : 25;
0475D : 25;
0475E : 25;
0475F : 25;
04760 : 25;
04761 : 25;
04762 : 25;
04763 : 25;
04764 : 25;
04765 : 25;
04766 : 25;
04767 : 25;
04768 : 25;
04769 : 25;
0476A : 25;
0476B : 25;
0476C : 25;
0476D : 25;
0476E : 25;
0476F : 25;
04770 : 25;
04771 : 25;
04772 : 25;
04773 : 25;
04774 : 25;
04775 : 25;
04776 : 25;
04777 : 25;
04778 : 25;
04779 : 25;
0477A : 25;
0477B : 25;
0477C : 25;
0477D : 25;
0477E : 25;
0477F : 25;
04780 : 25;
04781 : 25;
04782 : 25;
04783 : 25;
04784 : 25;
04785 : 25;
04786 : 25;
04787 : 25;
04788 : 25;
04789 : 25;
0478A : 25;
0478B : 25;
0478C : 25;
0478D : 25;
0478E : 25;
0478F : 25;
04790 : 25;
04791 : 25;
04792 : 25;
04793 : 25;
04794 : 25;
04795 : 25;
04796 : 25;
04797 : 25;
04798 : 25;
04799 : 25;
0479A : 25;
0479B : 25;
0479C : 25;
0479D : 25;
0479E : 25;
0479F : 25;
047A0 : 25;
047A1 : 25;
047A2 : 25;
047A3 : 25;
047A4 : 25;
047A5 : 25;
047A6 : 25;
047A7 : 25;
047A8 : 25;
047A9 : 25;
047AA : 25;
047AB : 25;
047AC : 25;
047AD : 25;
047AE : 25;
047AF : 25;
047B0 : 25;
047B1 : 25;
047B2 : 25;
047B3 : 25;
047B4 : 25;
047B5 : 25;
047B6 : 25;
047B7 : 25;
047B8 : 25;
047B9 : 25;
047BA : 25;
047BB : 25;
047BC : 25;
047BD : 25;
047BE : 25;
047BF : 25;
047C0 : 25;
047C1 : 25;
047C2 : 25;
047C3 : 25;
047C4 : 25;
047C5 : 25;
047C6 : 25;
047C7 : 25;
047C8 : 25;
047C9 : 25;
047CA : 25;
047CB : 25;
047CC : 25;
047CD : 25;
047CE : 25;
047CF : 25;
047D0 : 25;
047D1 : 25;
047D2 : 25;
047D3 : 25;
047D4 : 25;
047D5 : 25;
047D6 : 25;
047D7 : 25;
047D8 : 25;
047D9 : 25;
047DA : 25;
047DB : 25;
047DC : 25;
047DD : 25;
047DE : 25;
047DF : 25;
047E0 : 25;
047E1 : 25;
047E2 : 25;
047E3 : 25;
047E4 : 25;
047E5 : 25;
047E6 : 25;
047E7 : 25;
047E8 : 25;
047E9 : 25;
047EA : 25;
047EB : 25;
047EC : 25;
047ED : 25;
047EE : 25;
047EF : 25;
047F0 : 25;
047F1 : 25;
047F2 : 25;
047F3 : 25;
047F4 : 25;
047F5 : 25;
047F6 : 25;
047F7 : 25;
047F8 : 25;
047F9 : 25;
047FA : 25;
047FB : 25;
047FC : 25;
047FD : 25;
047FE : 25;
047FF : 25;
04800 : 25;
04801 : 25;
04802 : 25;
04803 : 25;
04804 : 25;
04805 : 25;
04806 : 25;
04807 : 25;
04808 : 25;
04809 : 25;
0480A : 25;
0480B : 25;
0480C : 25;
0480D : 25;
0480E : 25;
0480F : 25;
04810 : 25;
04811 : 25;
04812 : 25;
04813 : 25;
04814 : 25;
04815 : 25;
04816 : 25;
04817 : 25;
04818 : 25;
04819 : 25;
0481A : 25;
0481B : 25;
0481C : 25;
0481D : 25;
0481E : 25;
0481F : 25;
04820 : 25;
04821 : 25;
04822 : 25;
04823 : 25;
04824 : 25;
04825 : 25;
04826 : 25;
04827 : 25;
04828 : 25;
04829 : 25;
0482A : 25;
0482B : 25;
0482C : 25;
0482D : 25;
0482E : 25;
0482F : 25;
04830 : 25;
04831 : 25;
04832 : 25;
04833 : 25;
04834 : 25;
04835 : 25;
04836 : 25;
04837 : 25;
04838 : 25;
04839 : 25;
0483A : 25;
0483B : 25;
0483C : 25;
0483D : 25;
0483E : 25;
0483F : 25;
04840 : 25;
04841 : 25;
04842 : 25;
04843 : 25;
04844 : 25;
04845 : 25;
04846 : 25;
04847 : 25;
04848 : 25;
04849 : 25;
0484A : 25;
0484B : 25;
0484C : 25;
0484D : 25;
0484E : 25;
0484F : 25;
04850 : 25;
04851 : 25;
04852 : 25;
04853 : 25;
04854 : 25;
04855 : 25;
04856 : 25;
04857 : 25;
04858 : 25;
04859 : 25;
0485A : 25;
0485B : 25;
0485C : 25;
0485D : 25;
0485E : 25;
0485F : 25;
04860 : 25;
04861 : 25;
04862 : 25;
04863 : 25;
04864 : 25;
04865 : 25;
04866 : 25;
04867 : 25;
04868 : 25;
04869 : 25;
0486A : 25;
0486B : 25;
0486C : 25;
0486D : 25;
0486E : 25;
0486F : 25;
04870 : 25;
04871 : 25;
04872 : 25;
04873 : 25;
04874 : 25;
04875 : 25;
04876 : 25;
04877 : 25;
04878 : 25;
04879 : 25;
0487A : 25;
0487B : 25;
0487C : 25;
0487D : 25;
0487E : 25;
0487F : 25;
04880 : 25;
04881 : 25;
04882 : 25;
04883 : 25;
04884 : 25;
04885 : 25;
04886 : 25;
04887 : 25;
04888 : 25;
04889 : 25;
0488A : 25;
0488B : 25;
0488C : 25;
0488D : 25;
0488E : 25;
0488F : 25;
04890 : 25;
04891 : 25;
04892 : 25;
04893 : 25;
04894 : 25;
04895 : 25;
04896 : 25;
04897 : 25;
04898 : 25;
04899 : 25;
0489A : 25;
0489B : 25;
0489C : 25;
0489D : 25;
0489E : 25;
0489F : 25;
048A0 : 25;
048A1 : 25;
048A2 : 25;
048A3 : 25;
048A4 : 25;
048A5 : 25;
048A6 : 25;
048A7 : 25;
048A8 : 25;
048A9 : 25;
048AA : 25;
048AB : 25;
048AC : 25;
048AD : 25;
048AE : 25;
048AF : 25;
048B0 : 25;
048B1 : 25;
048B2 : 25;
048B3 : 25;
048B4 : 25;
048B5 : 25;
048B6 : 25;
048B7 : 25;
048B8 : 25;
048B9 : 25;
048BA : 25;
048BB : 25;
048BC : 25;
048BD : 25;
048BE : 25;
048BF : 25;
048C0 : 25;
048C1 : 25;
048C2 : 25;
048C3 : 25;
048C4 : 25;
048C5 : 25;
048C6 : 25;
048C7 : 25;
048C8 : 25;
048C9 : 25;
048CA : 25;
048CB : 25;
048CC : 25;
048CD : 25;
048CE : 25;
048CF : 25;
048D0 : 25;
048D1 : 25;
048D2 : 25;
048D3 : 25;
048D4 : 25;
048D5 : 25;
048D6 : 25;
048D7 : 25;
048D8 : 25;
048D9 : 25;
048DA : 25;
048DB : 25;
048DC : 25;
048DD : 25;
048DE : 25;
048DF : 25;
048E0 : 25;
048E1 : 25;
048E2 : 25;
048E3 : 25;
048E4 : 25;
048E5 : 25;
048E6 : 25;
048E7 : 25;
048E8 : 25;
048E9 : 25;
048EA : 25;
048EB : 25;
048EC : 25;
048ED : 25;
048EE : 25;
048EF : 25;
048F0 : 25;
048F1 : 25;
048F2 : 25;
048F3 : 25;
048F4 : 25;
048F5 : 25;
048F6 : 25;
048F7 : 25;
048F8 : 25;
048F9 : 25;
048FA : 25;
048FB : 25;
048FC : 25;
048FD : 25;
048FE : 25;
048FF : 25;
04900 : 25;
04901 : 25;
04902 : 25;
04903 : 25;
04904 : 25;
04905 : 25;
04906 : 25;
04907 : 25;
04908 : 25;
04909 : 25;
0490A : 25;
0490B : 25;
0490C : 25;
0490D : 25;
0490E : 25;
0490F : 25;
04910 : 25;
04911 : 25;
04912 : 25;
04913 : 25;
04914 : 25;
04915 : 25;
04916 : 25;
04917 : 25;
04918 : 25;
04919 : 25;
0491A : 25;
0491B : 25;
0491C : 25;
0491D : 25;
0491E : 25;
0491F : 25;
04920 : 25;
04921 : 25;
04922 : 25;
04923 : 25;
04924 : 25;
04925 : 25;
04926 : 25;
04927 : 25;
04928 : 25;
04929 : 25;
0492A : 25;
0492B : 25;
0492C : 25;
0492D : 25;
0492E : 25;
0492F : 25;
04930 : 25;
04931 : 25;
04932 : 25;
04933 : 25;
04934 : 25;
04935 : 25;
04936 : 25;
04937 : 25;
04938 : 25;
04939 : 25;
0493A : 25;
0493B : 25;
0493C : 25;
0493D : 25;
0493E : 25;
0493F : 25;
04940 : 25;
04941 : 25;
04942 : 25;
04943 : 25;
04944 : 25;
04945 : 25;
04946 : 25;
04947 : 25;
04948 : 25;
04949 : 25;
0494A : 25;
0494B : 25;
0494C : 25;
0494D : 25;
0494E : 25;
0494F : 25;
04950 : 25;
04951 : 25;
04952 : 25;
04953 : 25;
04954 : 25;
04955 : 25;
04956 : 25;
04957 : 25;
04958 : 25;
04959 : 25;
0495A : 25;
0495B : 25;
0495C : 25;
0495D : 25;
0495E : 25;
0495F : 25;
04960 : 25;
04961 : 25;
04962 : 25;
04963 : 25;
04964 : 25;
04965 : 25;
04966 : 25;
04967 : 25;
04968 : 25;
04969 : 25;
0496A : 25;
0496B : 25;
0496C : 25;
0496D : 25;
0496E : 25;
0496F : 25;
04970 : 25;
04971 : 25;
04972 : 25;
04973 : 25;
04974 : 25;
04975 : 25;
04976 : 25;
04977 : 25;
04978 : 25;
04979 : 25;
0497A : 25;
0497B : 25;
0497C : 25;
0497D : 25;
0497E : 25;
0497F : 25;
04980 : 25;
04981 : 25;
04982 : 25;
04983 : 25;
04984 : 25;
04985 : 25;
04986 : 25;
04987 : 25;
04988 : 25;
04989 : 25;
0498A : 25;
0498B : 25;
0498C : 25;
0498D : 25;
0498E : 25;
0498F : 25;
04990 : 25;
04991 : 25;
04992 : 25;
04993 : 25;
04994 : 25;
04995 : 25;
04996 : 25;
04997 : 25;
04998 : 25;
04999 : 25;
0499A : 25;
0499B : 25;
0499C : 25;
0499D : 25;
0499E : 25;
0499F : 25;
049A0 : 25;
049A1 : 25;
049A2 : 25;
049A3 : 25;
049A4 : 25;
049A5 : 25;
049A6 : 25;
049A7 : 25;
049A8 : 25;
049A9 : 25;
049AA : 25;
049AB : 25;
049AC : 25;
049AD : 25;
049AE : 25;
049AF : 25;
049B0 : 25;
049B1 : 25;
049B2 : 25;
049B3 : 25;
049B4 : 25;
049B5 : 25;
049B6 : 25;
049B7 : 25;
049B8 : 25;
049B9 : 25;
049BA : 25;
049BB : 25;
049BC : 25;
049BD : 25;
049BE : 25;
049BF : 25;
049C0 : 25;
049C1 : 25;
049C2 : 25;
049C3 : 25;
049C4 : 25;
049C5 : 25;
049C6 : 25;
049C7 : 25;
049C8 : 25;
049C9 : 25;
049CA : 25;
049CB : 25;
049CC : 25;
049CD : 25;
049CE : 25;
049CF : 25;
049D0 : 25;
049D1 : 25;
049D2 : 25;
049D3 : 25;
049D4 : 25;
049D5 : 25;
049D6 : 25;
049D7 : 25;
049D8 : 25;
049D9 : 25;
049DA : 25;
049DB : 25;
049DC : 25;
049DD : 25;
049DE : 25;
049DF : 25;
049E0 : 25;
049E1 : 25;
049E2 : 25;
049E3 : 25;
049E4 : 25;
049E5 : 25;
049E6 : 25;
049E7 : 25;
049E8 : 25;
049E9 : 25;
049EA : 25;
049EB : 25;
049EC : 25;
049ED : 25;
049EE : 25;
049EF : 25;
049F0 : 25;
049F1 : 25;
049F2 : 25;
049F3 : 25;
049F4 : 25;
049F5 : 25;
049F6 : 25;
049F7 : 25;
049F8 : 25;
049F9 : 25;
049FA : 25;
049FB : 25;
049FC : 25;
049FD : 25;
049FE : 25;
049FF : 25;
04A00 : 25;
04A01 : 25;
04A02 : 25;
04A03 : 25;
04A04 : 25;
04A05 : 25;
04A06 : 25;
04A07 : 25;
04A08 : 25;
04A09 : 25;
04A0A : 25;
04A0B : 25;
04A0C : 25;
04A0D : 25;
04A0E : 25;
04A0F : 25;
04A10 : 25;
04A11 : 25;
04A12 : 25;
04A13 : 25;
04A14 : 25;
04A15 : 25;
04A16 : 25;
04A17 : 25;
04A18 : 25;
04A19 : 25;
04A1A : 25;
04A1B : 25;
04A1C : 25;
04A1D : 25;
04A1E : 25;
04A1F : 25;
04A20 : 25;
04A21 : 25;
04A22 : 25;
04A23 : 25;
04A24 : 25;
04A25 : 25;
04A26 : 25;
04A27 : 25;
04A28 : 25;
04A29 : 25;
04A2A : 25;
04A2B : 25;
04A2C : 25;
04A2D : 25;
04A2E : 25;
04A2F : 25;
04A30 : 25;
04A31 : 25;
04A32 : 25;
04A33 : 25;
04A34 : 25;
04A35 : 25;
04A36 : 25;
04A37 : 25;
04A38 : 25;
04A39 : 25;
04A3A : 25;
04A3B : 25;
04A3C : 25;
04A3D : 25;
04A3E : 25;
04A3F : 25;
04A40 : 25;
04A41 : 25;
04A42 : 25;
04A43 : 25;
04A44 : 25;
04A45 : 25;
04A46 : 25;
04A47 : 25;
04A48 : 25;
04A49 : 25;
04A4A : 25;
04A4B : 25;
04A4C : 25;
04A4D : 25;
04A4E : 25;
04A4F : 25;
04A50 : 25;
04A51 : 25;
04A52 : 25;
04A53 : 25;
04A54 : 25;
04A55 : 25;
04A56 : 25;
04A57 : 25;
04A58 : 25;
04A59 : 25;
04A5A : 25;
04A5B : 25;
04A5C : 25;
04A5D : 25;
04A5E : 25;
04A5F : 25;
04A60 : 25;
04A61 : 25;
04A62 : 25;
04A63 : 25;
04A64 : 25;
04A65 : 25;
04A66 : 25;
04A67 : 25;
04A68 : 25;
04A69 : 25;
04A6A : 25;
04A6B : 25;
04A6C : 25;
04A6D : 25;
04A6E : 25;
04A6F : 25;
04A70 : 25;
04A71 : 25;
04A72 : 25;
04A73 : 25;
04A74 : 25;
04A75 : 25;
04A76 : 25;
04A77 : 25;
04A78 : 25;
04A79 : 25;
04A7A : 25;
04A7B : 25;
04A7C : 25;
04A7D : 25;
04A7E : 25;
04A7F : 25;
04A80 : 25;
04A81 : 25;
04A82 : 25;
04A83 : 25;
04A84 : 25;
04A85 : 25;
04A86 : 25;
04A87 : 25;
04A88 : 25;
04A89 : 25;
04A8A : 25;
04A8B : 25;
04A8C : 25;
04A8D : 25;
04A8E : 25;
04A8F : 25;
04A90 : 25;
04A91 : 25;
04A92 : 25;
04A93 : 25;
04A94 : 25;
04A95 : 25;
04A96 : 25;
04A97 : 25;
04A98 : 25;
04A99 : 25;
04A9A : 25;
04A9B : 25;
04A9C : 25;
04A9D : 25;
04A9E : 25;
04A9F : 25;
04AA0 : 25;
04AA1 : 25;
04AA2 : 25;
04AA3 : 25;
04AA4 : 25;
04AA5 : 25;
04AA6 : 25;
04AA7 : 25;
04AA8 : 25;
04AA9 : 25;
04AAA : 25;
04AAB : 25;
04AAC : 25;
04AAD : 25;
04AAE : 25;
04AAF : 25;
04AB0 : 25;
04AB1 : 25;
04AB2 : 25;
04AB3 : 25;
04AB4 : 25;
04AB5 : 25;
04AB6 : 25;
04AB7 : 25;
04AB8 : 25;
04AB9 : 25;
04ABA : 25;
04ABB : 25;
04ABC : 25;
04ABD : 25;
04ABE : 25;
04ABF : 25;
04AC0 : 25;
04AC1 : 25;
04AC2 : 25;
04AC3 : 25;
04AC4 : 25;
04AC5 : 25;
04AC6 : 25;
04AC7 : 25;
04AC8 : 25;
04AC9 : 25;
04ACA : 25;
04ACB : 25;
04ACC : 25;
04ACD : 25;
04ACE : 25;
04ACF : 25;
04AD0 : 25;
04AD1 : 25;
04AD2 : 25;
04AD3 : 25;
04AD4 : 25;
04AD5 : 25;
04AD6 : 25;
04AD7 : 25;
04AD8 : 25;
04AD9 : 25;
04ADA : 25;
04ADB : 25;
04ADC : 25;
04ADD : 25;
04ADE : 25;
04ADF : 25;
04AE0 : 25;
04AE1 : 25;
04AE2 : 25;
04AE3 : 25;
04AE4 : 25;
04AE5 : 25;
04AE6 : 25;
04AE7 : 25;
04AE8 : 25;
04AE9 : 25;
04AEA : 25;
04AEB : 25;
04AEC : 25;
04AED : 25;
04AEE : 25;
04AEF : 25;
04AF0 : 25;
04AF1 : 25;
04AF2 : 25;
04AF3 : 25;
04AF4 : 25;
04AF5 : 25;
04AF6 : 25;
04AF7 : 25;
04AF8 : 25;
04AF9 : 25;
04AFA : 25;
04AFB : 25;
04AFC : 25;
04AFD : 25;
04AFE : 25;
04AFF : 25;
04B00 : 25;
04B01 : 25;
04B02 : 25;
04B03 : 25;
04B04 : 25;
04B05 : 25;
04B06 : 25;
04B07 : 25;
04B08 : 25;
04B09 : 25;
04B0A : 25;
04B0B : 25;
04B0C : 25;
04B0D : 25;
04B0E : 25;
04B0F : 25;
04B10 : 25;
04B11 : 25;
04B12 : 25;
04B13 : 25;
04B14 : 25;
04B15 : 25;
04B16 : 25;
04B17 : 25;
04B18 : 25;
04B19 : 25;
04B1A : 25;
04B1B : 25;
04B1C : 25;
04B1D : 25;
04B1E : 25;
04B1F : 25;
04B20 : 25;
04B21 : 25;
04B22 : 25;
04B23 : 25;
04B24 : 25;
04B25 : 25;
04B26 : 25;
04B27 : 25;
04B28 : 25;
04B29 : 25;
04B2A : 25;
04B2B : 25;
04B2C : 25;
04B2D : 25;
04B2E : 25;
04B2F : 25;
04B30 : 25;
04B31 : 25;
04B32 : 25;
04B33 : 25;
04B34 : 25;
04B35 : 25;
04B36 : 25;
04B37 : 25;
04B38 : 25;
04B39 : 25;
04B3A : 25;
04B3B : 25;
04B3C : 25;
04B3D : 25;
04B3E : 25;
04B3F : 25;
04B40 : 25;
04B41 : 25;
04B42 : 25;
04B43 : 25;
04B44 : 25;
04B45 : 25;
04B46 : 25;
04B47 : 25;
04B48 : 25;
04B49 : 25;
04B4A : 25;
04B4B : 25;
04B4C : 25;
04B4D : 25;
04B4E : 25;
04B4F : 25;
04B50 : 25;
04B51 : 25;
04B52 : 25;
04B53 : 25;
04B54 : 25;
04B55 : 25;
04B56 : 25;
04B57 : 25;
04B58 : 25;
04B59 : 25;
04B5A : 25;
04B5B : 25;
04B5C : 25;
04B5D : 25;
04B5E : 25;
04B5F : 25;
04B60 : 25;
04B61 : 25;
04B62 : 25;
04B63 : 25;
04B64 : 25;
04B65 : 25;
04B66 : 25;
04B67 : 25;
04B68 : 25;
04B69 : 25;
04B6A : 25;
04B6B : 25;
04B6C : 25;
04B6D : 25;
04B6E : 25;
04B6F : 25;
04B70 : 25;
04B71 : 25;
04B72 : 25;
04B73 : 25;
04B74 : 25;
04B75 : 25;
04B76 : 25;
04B77 : 25;
04B78 : 25;
04B79 : 25;
04B7A : 25;
04B7B : 25;
04B7C : 25;
04B7D : 25;
04B7E : 25;
04B7F : 25;
04B80 : 25;
04B81 : 25;
04B82 : 25;
04B83 : 25;
04B84 : 25;
04B85 : 25;
04B86 : 25;
04B87 : 25;
04B88 : 25;
04B89 : 25;
04B8A : 25;
04B8B : 25;
04B8C : 25;
04B8D : 25;
04B8E : 25;
04B8F : 25;
04B90 : 25;
04B91 : 25;
04B92 : 25;
04B93 : 25;
04B94 : 25;
04B95 : 25;
04B96 : 25;
04B97 : 25;
04B98 : 25;
04B99 : 25;
04B9A : 25;
04B9B : 25;
04B9C : 25;
04B9D : 25;
04B9E : 25;
04B9F : 25;
04BA0 : 25;
04BA1 : 25;
04BA2 : 25;
04BA3 : 25;
04BA4 : 25;
04BA5 : 25;
04BA6 : 25;
04BA7 : 25;
04BA8 : 25;
04BA9 : 25;
04BAA : 25;
04BAB : 25;
04BAC : 25;
04BAD : 25;
04BAE : 25;
04BAF : 25;
04BB0 : 25;
04BB1 : 25;
04BB2 : 25;
04BB3 : 25;
04BB4 : 25;
04BB5 : 25;
04BB6 : 25;
04BB7 : 25;
04BB8 : 25;
04BB9 : 25;
04BBA : 25;
04BBB : 25;
04BBC : 25;
04BBD : 25;
04BBE : 25;
04BBF : 25;
04BC0 : 25;
04BC1 : 25;
04BC2 : 25;
04BC3 : 25;
04BC4 : 25;
04BC5 : 25;
04BC6 : 25;
04BC7 : 25;
04BC8 : 25;
04BC9 : 25;
04BCA : 25;
04BCB : 25;
04BCC : 25;
04BCD : 25;
04BCE : 25;
04BCF : 25;
04BD0 : 25;
04BD1 : 25;
04BD2 : 25;
04BD3 : 25;
04BD4 : 25;
04BD5 : 25;
04BD6 : 25;
04BD7 : 25;
04BD8 : 25;
04BD9 : 25;
04BDA : 25;
04BDB : 25;
04BDC : 25;
04BDD : 25;
04BDE : 25;
04BDF : 25;
04BE0 : 25;
04BE1 : 25;
04BE2 : 25;
04BE3 : 25;
04BE4 : 25;
04BE5 : 25;
04BE6 : 25;
04BE7 : 25;
04BE8 : 25;
04BE9 : 25;
04BEA : 25;
04BEB : 25;
04BEC : 25;
04BED : 25;
04BEE : 25;
04BEF : 25;
04BF0 : 25;
04BF1 : 25;
04BF2 : 25;
04BF3 : 25;
04BF4 : 25;
04BF5 : 25;
04BF6 : 25;
04BF7 : 25;
04BF8 : 25;
04BF9 : 25;
04BFA : 25;
04BFB : 25;
04BFC : 25;
04BFD : 25;
04BFE : 25;
04BFF : 25;
04C00 : 25;
04C01 : 25;
04C02 : 25;
04C03 : 25;
04C04 : 25;
04C05 : 25;
04C06 : 25;
04C07 : 25;
04C08 : 25;
04C09 : 25;
04C0A : 04;
04C0B : 7A;
04C0C : BA;
04C0D : BA;
04C0E : BA;
04C0F : 7A;
04C10 : BA;
04C11 : 55;
04C12 : 5A;
04C13 : 5A;
04C14 : 0D;
04C15 : 2D;
04C16 : 0D;
04C17 : 7A;
04C18 : 00;
04C19 : 25;
04C1A : 25;
04C1B : 25;
04C1C : 25;
04C1D : 25;
04C1E : 25;
04C1F : 25;
04C20 : 25;
04C21 : 25;
04C22 : 25;
04C23 : 25;
04C24 : 25;
04C25 : 25;
04C26 : 25;
04C27 : 25;
04C28 : 25;
04C29 : 25;
04C2A : 04;
04C2B : 7A;
04C2C : BA;
04C2D : BA;
04C2E : BA;
04C2F : 5A;
04C30 : BA;
04C31 : 55;
04C32 : 5A;
04C33 : 5A;
04C34 : 0D;
04C35 : 2D;
04C36 : 2D;
04C37 : 5A;
04C38 : 00;
04C39 : 25;
04C3A : 25;
04C3B : 25;
04C3C : 25;
04C3D : 25;
04C3E : 25;
04C3F : 25;
04C40 : 25;
04C41 : 25;
04C42 : 25;
04C43 : 25;
04C44 : 25;
04C45 : 25;
04C46 : 25;
04C47 : 25;
04C48 : 25;
04C49 : 25;
04C4A : 04;
04C4B : 7A;
04C4C : BA;
04C4D : BA;
04C4E : BA;
04C4F : 5A;
04C50 : BA;
04C51 : 55;
04C52 : 5A;
04C53 : 5A;
04C54 : 0D;
04C55 : 2D;
04C56 : 31;
04C57 : 5A;
04C58 : 00;
04C59 : 25;
04C5A : 25;
04C5B : 25;
04C5C : 25;
04C5D : 25;
04C5E : 25;
04C5F : 25;
04C60 : 25;
04C61 : 25;
04C62 : 25;
04C63 : 25;
04C64 : 25;
04C65 : 25;
04C66 : 25;
04C67 : 25;
04C68 : 25;
04C69 : 25;
04C6A : 04;
04C6B : 7A;
04C6C : BA;
04C6D : BA;
04C6E : BA;
04C6F : 5A;
04C70 : BA;
04C71 : 55;
04C72 : 5A;
04C73 : 5A;
04C74 : 0D;
04C75 : 0D;
04C76 : 31;
04C77 : 5A;
04C78 : 00;
04C79 : 25;
04C7A : 25;
04C7B : 25;
04C7C : 25;
04C7D : 25;
04C7E : 25;
04C7F : 25;
04C80 : 25;
04C81 : 25;
04C82 : 25;
04C83 : 25;
04C84 : 25;
04C85 : 25;
04C86 : 25;
04C87 : 25;
04C88 : 25;
04C89 : 25;
04C8A : 04;
04C8B : 7A;
04C8C : BA;
04C8D : BA;
04C8E : BA;
04C8F : 7A;
04C90 : BA;
04C91 : 55;
04C92 : 5A;
04C93 : 5A;
04C94 : 0D;
04C95 : 2D;
04C96 : 31;
04C97 : 7A;
04C98 : 00;
04C99 : 25;
04C9A : 25;
04C9B : 25;
04C9C : 25;
04C9D : 25;
04C9E : 25;
04C9F : 25;
04CA0 : 25;
04CA1 : 25;
04CA2 : 25;
04CA3 : 25;
04CA4 : 25;
04CA5 : 25;
04CA6 : 25;
04CA7 : 25;
04CA8 : 25;
04CA9 : 25;
04CAA : 04;
04CAB : 7A;
04CAC : BA;
04CAD : BA;
04CAE : BA;
04CAF : 7A;
04CB0 : BA;
04CB1 : 55;
04CB2 : 5A;
04CB3 : 5A;
04CB4 : 2D;
04CB5 : 2D;
04CB6 : 31;
04CB7 : 5A;
04CB8 : 04;
04CB9 : 25;
04CBA : 25;
04CBB : 25;
04CBC : 25;
04CBD : 25;
04CBE : 25;
04CBF : 25;
04CC0 : 25;
04CC1 : 25;
04CC2 : 25;
04CC3 : 25;
04CC4 : 25;
04CC5 : 25;
04CC6 : 25;
04CC7 : 25;
04CC8 : 25;
04CC9 : 25;
04CCA : 04;
04CCB : 7A;
04CCC : BA;
04CCD : BA;
04CCE : BA;
04CCF : 7A;
04CD0 : 9A;
04CD1 : 5A;
04CD2 : 5A;
04CD3 : 56;
04CD4 : 2D;
04CD5 : 31;
04CD6 : 31;
04CD7 : 7A;
04CD8 : 00;
04CD9 : 25;
04CDA : 25;
04CDB : 25;
04CDC : 25;
04CDD : 25;
04CDE : 25;
04CDF : 25;
04CE0 : 25;
04CE1 : 25;
04CE2 : 25;
04CE3 : 25;
04CE4 : 25;
04CE5 : 25;
04CE6 : 25;
04CE7 : 25;
04CE8 : 25;
04CE9 : 25;
04CEA : 04;
04CEB : 7A;
04CEC : BA;
04CED : BA;
04CEE : BA;
04CEF : 7A;
04CF0 : 7A;
04CF1 : 5A;
04CF2 : 5A;
04CF3 : 31;
04CF4 : 2D;
04CF5 : 31;
04CF6 : 31;
04CF7 : 56;
04CF8 : 04;
04CF9 : 25;
04CFA : 25;
04CFB : 25;
04CFC : 25;
04CFD : 25;
04CFE : 25;
04CFF : 25;
04D00 : 25;
04D01 : 25;
04D02 : 25;
04D03 : 25;
04D04 : 25;
04D05 : 25;
04D06 : 25;
04D07 : 25;
04D08 : 25;
04D09 : 25;
04D0A : 04;
04D0B : 7A;
04D0C : BA;
04D0D : BA;
04D0E : BA;
04D0F : BA;
04D10 : 5A;
04D11 : 5A;
04D12 : 56;
04D13 : 31;
04D14 : 31;
04D15 : 32;
04D16 : 7A;
04D17 : 7A;
04D18 : 00;
04D19 : 25;
04D1A : 25;
04D1B : 25;
04D1C : 25;
04D1D : 25;
04D1E : 25;
04D1F : 25;
04D20 : 25;
04D21 : 25;
04D22 : 25;
04D23 : 25;
04D24 : 25;
04D25 : 25;
04D26 : 25;
04D27 : 25;
04D28 : 25;
04D29 : 25;
04D2A : 04;
04D2B : 7A;
04D2C : BA;
04D2D : BA;
04D2E : BA;
04D2F : BA;
04D30 : 5A;
04D31 : 5A;
04D32 : 56;
04D33 : 31;
04D34 : 31;
04D35 : 56;
04D36 : 7A;
04D37 : 00;
04D38 : 04;
04D39 : 25;
04D3A : 25;
04D3B : 25;
04D3C : 25;
04D3D : 25;
04D3E : 25;
04D3F : 25;
04D40 : 25;
04D41 : 25;
04D42 : 25;
04D43 : 25;
04D44 : 25;
04D45 : 25;
04D46 : 25;
04D47 : 25;
04D48 : 25;
04D49 : 25;
04D4A : 25;
04D4B : 25;
04D4C : 9A;
04D4D : BA;
04D4E : BA;
04D4F : BA;
04D50 : 5A;
04D51 : 5A;
04D52 : 36;
04D53 : 31;
04D54 : 31;
04D55 : 56;
04D56 : 9A;
04D57 : 00;
04D58 : 25;
04D59 : 25;
04D5A : 25;
04D5B : 25;
04D5C : 25;
04D5D : 25;
04D5E : 25;
04D5F : 25;
04D60 : 25;
04D61 : 25;
04D62 : 25;
04D63 : 25;
04D64 : 25;
04D65 : 25;
04D66 : 25;
04D67 : 25;
04D68 : 25;
04D69 : 25;
04D6A : 25;
04D6B : 25;
04D6C : 9A;
04D6D : BA;
04D6E : BA;
04D6F : BA;
04D70 : 9A;
04D71 : 7A;
04D72 : 36;
04D73 : 31;
04D74 : 31;
04D75 : 56;
04D76 : 9A;
04D77 : 00;
04D78 : 25;
04D79 : 25;
04D7A : 25;
04D7B : 25;
04D7C : 25;
04D7D : 25;
04D7E : 25;
04D7F : 25;
04D80 : 25;
04D81 : 25;
04D82 : 25;
04D83 : 25;
04D84 : 25;
04D85 : 25;
04D86 : 25;
04D87 : 25;
04D88 : 25;
04D89 : 25;
04D8A : 25;
04D8B : 25;
04D8C : 9A;
04D8D : BA;
04D8E : BA;
04D8F : DA;
04D90 : DA;
04D91 : 7A;
04D92 : 5A;
04D93 : 7A;
04D94 : 31;
04D95 : 56;
04D96 : 9A;
04D97 : 00;
04D98 : 25;
04D99 : 25;
04D9A : 25;
04D9B : 25;
04D9C : 25;
04D9D : 25;
04D9E : 25;
04D9F : 25;
04DA0 : 25;
04DA1 : 25;
04DA2 : 25;
04DA3 : 25;
04DA4 : 25;
04DA5 : 25;
04DA6 : 25;
04DA7 : 25;
04DA8 : 25;
04DA9 : 25;
04DAA : 25;
04DAB : 25;
04DAC : 9A;
04DAD : BA;
04DAE : BA;
04DAF : DA;
04DB0 : DA;
04DB1 : 7A;
04DB2 : 56;
04DB3 : 7A;
04DB4 : 32;
04DB5 : 56;
04DB6 : 9A;
04DB7 : 00;
04DB8 : 25;
04DB9 : 25;
04DBA : 25;
04DBB : 25;
04DBC : 25;
04DBD : 25;
04DBE : 25;
04DBF : 25;
04DC0 : 25;
04DC1 : 25;
04DC2 : 25;
04DC3 : 25;
04DC4 : 25;
04DC5 : 25;
04DC6 : 25;
04DC7 : 25;
04DC8 : 25;
04DC9 : 25;
04DCA : 25;
04DCB : 25;
04DCC : 9A;
04DCD : BA;
04DCE : BA;
04DCF : BA;
04DD0 : DA;
04DD1 : 9A;
04DD2 : 7A;
04DD3 : 7A;
04DD4 : 31;
04DD5 : 56;
04DD6 : 9A;
04DD7 : 00;
04DD8 : 25;
04DD9 : 25;
04DDA : 25;
04DDB : 25;
04DDC : 25;
04DDD : 25;
04DDE : 25;
04DDF : 25;
04DE0 : 25;
04DE1 : 25;
04DE2 : 25;
04DE3 : 25;
04DE4 : 25;
04DE5 : 25;
04DE6 : 25;
04DE7 : 25;
04DE8 : 25;
04DE9 : 25;
04DEA : 25;
04DEB : 25;
04DEC : 7A;
04DED : BA;
04DEE : BA;
04DEF : BA;
04DF0 : DA;
04DF1 : BA;
04DF2 : 7A;
04DF3 : 7A;
04DF4 : 31;
04DF5 : 56;
04DF6 : 9A;
04DF7 : 00;
04DF8 : 25;
04DF9 : 25;
04DFA : 25;
04DFB : 25;
04DFC : 25;
04DFD : 25;
04DFE : 25;
04DFF : 25;
04E00 : 25;
04E01 : 25;
04E02 : 25;
04E03 : 25;
04E04 : 25;
04E05 : 25;
04E06 : 25;
04E07 : 25;
04E08 : 25;
04E09 : 25;
04E0A : 25;
04E0B : 25;
04E0C : 09;
04E0D : 9A;
04E0E : BA;
04E0F : BA;
04E10 : DA;
04E11 : BA;
04E12 : 7A;
04E13 : 7A;
04E14 : 31;
04E15 : 56;
04E16 : 9A;
04E17 : 00;
04E18 : 25;
04E19 : 25;
04E1A : 25;
04E1B : 25;
04E1C : 25;
04E1D : 25;
04E1E : 25;
04E1F : 25;
04E20 : 25;
04E21 : 25;
04E22 : 25;
04E23 : 25;
04E24 : 25;
04E25 : 25;
04E26 : 25;
04E27 : 25;
04E28 : 25;
04E29 : 25;
04E2A : 25;
04E2B : 25;
04E2C : 29;
04E2D : 76;
04E2E : 5A;
04E2F : BA;
04E30 : DA;
04E31 : BA;
04E32 : 7A;
04E33 : 7A;
04E34 : 11;
04E35 : 56;
04E36 : 9A;
04E37 : 00;
04E38 : 25;
04E39 : 25;
04E3A : 25;
04E3B : 25;
04E3C : 25;
04E3D : 25;
04E3E : 25;
04E3F : 25;
04E40 : 25;
04E41 : 25;
04E42 : 25;
04E43 : 25;
04E44 : 25;
04E45 : 25;
04E46 : 25;
04E47 : 25;
04E48 : 25;
04E49 : 25;
04E4A : 25;
04E4B : 25;
04E4C : 05;
04E4D : 76;
04E4E : 5A;
04E4F : BA;
04E50 : BA;
04E51 : BA;
04E52 : 7A;
04E53 : 7A;
04E54 : 5A;
04E55 : 51;
04E56 : 00;
04E57 : 00;
04E58 : 25;
04E59 : 25;
04E5A : 25;
04E5B : 25;
04E5C : 25;
04E5D : 25;
04E5E : 25;
04E5F : 25;
04E60 : 25;
04E61 : 25;
04E62 : 25;
04E63 : 25;
04E64 : 25;
04E65 : 25;
04E66 : 25;
04E67 : 25;
04E68 : 25;
04E69 : 25;
04E6A : 25;
04E6B : 25;
04E6C : 29;
04E6D : 7A;
04E6E : 7A;
04E6F : 7A;
04E70 : BA;
04E71 : BA;
04E72 : 7A;
04E73 : 7A;
04E74 : 5A;
04E75 : 51;
04E76 : 00;
04E77 : 25;
04E78 : 25;
04E79 : 25;
04E7A : 25;
04E7B : 25;
04E7C : 25;
04E7D : 25;
04E7E : 25;
04E7F : 25;
04E80 : 25;
04E81 : 25;
04E82 : 25;
04E83 : 25;
04E84 : 25;
04E85 : 25;
04E86 : 25;
04E87 : 25;
04E88 : 25;
04E89 : 25;
04E8A : 25;
04E8B : 25;
04E8C : 25;
04E8D : 71;
04E8E : 7A;
04E8F : 5A;
04E90 : BA;
04E91 : BA;
04E92 : BA;
04E93 : 7A;
04E94 : 56;
04E95 : 2D;
04E96 : 00;
04E97 : 25;
04E98 : 25;
04E99 : 25;
04E9A : 25;
04E9B : 25;
04E9C : 25;
04E9D : 25;
04E9E : 25;
04E9F : 25;
04EA0 : 25;
04EA1 : 25;
04EA2 : 25;
04EA3 : 25;
04EA4 : 25;
04EA5 : 25;
04EA6 : 25;
04EA7 : 25;
04EA8 : 25;
04EA9 : 25;
04EAA : 25;
04EAB : 25;
04EAC : 25;
04EAD : 51;
04EAE : 7A;
04EAF : 5A;
04EB0 : BA;
04EB1 : BA;
04EB2 : BA;
04EB3 : 7A;
04EB4 : 7A;
04EB5 : 4D;
04EB6 : 00;
04EB7 : 25;
04EB8 : 25;
04EB9 : 25;
04EBA : 25;
04EBB : 25;
04EBC : 25;
04EBD : 25;
04EBE : 25;
04EBF : 25;
04EC0 : 25;
04EC1 : 25;
04EC2 : 25;
04EC3 : 25;
04EC4 : 25;
04EC5 : 25;
04EC6 : 25;
04EC7 : 25;
04EC8 : 25;
04EC9 : 25;
04ECA : 25;
04ECB : 25;
04ECC : 25;
04ECD : 51;
04ECE : 7A;
04ECF : 5A;
04ED0 : BA;
04ED1 : BA;
04ED2 : BA;
04ED3 : 9A;
04ED4 : 7A;
04ED5 : 51;
04ED6 : 00;
04ED7 : 25;
04ED8 : 25;
04ED9 : 25;
04EDA : 25;
04EDB : 25;
04EDC : 25;
04EDD : 25;
04EDE : 25;
04EDF : 25;
04EE0 : 25;
04EE1 : 25;
04EE2 : 25;
04EE3 : 25;
04EE4 : 25;
04EE5 : 25;
04EE6 : 25;
04EE7 : 25;
04EE8 : 25;
04EE9 : 25;
04EEA : 25;
04EEB : 25;
04EEC : 25;
04EED : 51;
04EEE : 7A;
04EEF : 5A;
04EF0 : BA;
04EF1 : BA;
04EF2 : 7A;
04EF3 : BA;
04EF4 : 7A;
04EF5 : 51;
04EF6 : 00;
04EF7 : 25;
04EF8 : 25;
04EF9 : 25;
04EFA : 25;
04EFB : 25;
04EFC : 25;
04EFD : 25;
04EFE : 25;
04EFF : 25;
04F00 : 25;
04F01 : 25;
04F02 : 25;
04F03 : 25;
04F04 : 25;
04F05 : 25;
04F06 : 25;
04F07 : 25;
04F08 : 25;
04F09 : 25;
04F0A : 25;
04F0B : 25;
04F0C : 25;
04F0D : 51;
04F0E : 7A;
04F0F : 5A;
04F10 : BA;
04F11 : BA;
04F12 : 7A;
04F13 : 7A;
04F14 : 5A;
04F15 : 51;
04F16 : 00;
04F17 : 25;
04F18 : 25;
04F19 : 25;
04F1A : 25;
04F1B : 25;
04F1C : 25;
04F1D : 25;
04F1E : 25;
04F1F : 25;
04F20 : 25;
04F21 : 25;
04F22 : 25;
04F23 : 25;
04F24 : 25;
04F25 : 25;
04F26 : 25;
04F27 : 25;
04F28 : 25;
04F29 : 25;
04F2A : 25;
04F2B : 25;
04F2C : 25;
04F2D : 51;
04F2E : 7A;
04F2F : 5A;
04F30 : BA;
04F31 : BA;
04F32 : 9A;
04F33 : 9A;
04F34 : 5A;
04F35 : 2D;
04F36 : 00;
04F37 : 25;
04F38 : 25;
04F39 : 25;
04F3A : 25;
04F3B : 25;
04F3C : 25;
04F3D : 25;
04F3E : 25;
04F3F : 25;
04F40 : 25;
04F41 : 25;
04F42 : 25;
04F43 : 25;
04F44 : 25;
04F45 : 25;
04F46 : 25;
04F47 : 25;
04F48 : 25;
04F49 : 25;
04F4A : 25;
04F4B : 25;
04F4C : 25;
04F4D : 51;
04F4E : 7A;
04F4F : 5A;
04F50 : BA;
04F51 : BA;
04F52 : 7A;
04F53 : 31;
04F54 : 5A;
04F55 : 2D;
04F56 : 00;
04F57 : 25;
04F58 : 25;
04F59 : 25;
04F5A : 25;
04F5B : 25;
04F5C : 25;
04F5D : 25;
04F5E : 25;
04F5F : 25;
04F60 : 25;
04F61 : 25;
04F62 : 25;
04F63 : 25;
04F64 : 25;
04F65 : 25;
04F66 : 25;
04F67 : 25;
04F68 : 25;
04F69 : 25;
04F6A : 25;
04F6B : 25;
04F6C : 25;
04F6D : 51;
04F6E : 7A;
04F6F : 5A;
04F70 : BA;
04F71 : BA;
04F72 : 7A;
04F73 : 31;
04F74 : 5A;
04F75 : 2D;
04F76 : 00;
04F77 : 04;
04F78 : 25;
04F79 : 25;
04F7A : 25;
04F7B : 25;
04F7C : 25;
04F7D : 25;
04F7E : 25;
04F7F : 25;
04F80 : 25;
04F81 : 25;
04F82 : 25;
04F83 : 25;
04F84 : 25;
04F85 : 25;
04F86 : 25;
04F87 : 25;
04F88 : 25;
04F89 : 25;
04F8A : 25;
04F8B : 25;
04F8C : 25;
04F8D : 4D;
04F8E : 7A;
04F8F : 5A;
04F90 : BA;
04F91 : BA;
04F92 : 7A;
04F93 : 31;
04F94 : 31;
04F95 : 76;
04F96 : 71;
04F97 : 04;
04F98 : 25;
04F99 : 25;
04F9A : 25;
04F9B : 25;
04F9C : 25;
04F9D : 25;
04F9E : 25;
04F9F : 25;
04FA0 : 25;
04FA1 : 25;
04FA2 : 25;
04FA3 : 25;
04FA4 : 25;
04FA5 : 25;
04FA6 : 25;
04FA7 : 25;
04FA8 : 25;
04FA9 : 25;
04FAA : 25;
04FAB : 25;
04FAC : 25;
04FAD : 4D;
04FAE : 9A;
04FAF : 5A;
04FB0 : BA;
04FB1 : BA;
04FB2 : 7A;
04FB3 : 31;
04FB4 : 2D;
04FB5 : 31;
04FB6 : 75;
04FB7 : 00;
04FB8 : 25;
04FB9 : 25;
04FBA : 25;
04FBB : 25;
04FBC : 25;
04FBD : 25;
04FBE : 25;
04FBF : 25;
04FC0 : 25;
04FC1 : 25;
04FC2 : 25;
04FC3 : 25;
04FC4 : 25;
04FC5 : 25;
04FC6 : 25;
04FC7 : 25;
04FC8 : 25;
04FC9 : 25;
04FCA : 25;
04FCB : 25;
04FCC : 51;
04FCD : BA;
04FCE : BA;
04FCF : 5A;
04FD0 : BA;
04FD1 : BA;
04FD2 : 5A;
04FD3 : 31;
04FD4 : 2D;
04FD5 : 31;
04FD6 : 7A;
04FD7 : 00;
04FD8 : 25;
04FD9 : 25;
04FDA : 25;
04FDB : 25;
04FDC : 25;
04FDD : 25;
04FDE : 25;
04FDF : 25;
04FE0 : 25;
04FE1 : 25;
04FE2 : 25;
04FE3 : 25;
04FE4 : 25;
04FE5 : 25;
04FE6 : 25;
04FE7 : 25;
04FE8 : 25;
04FE9 : 25;
04FEA : 25;
04FEB : 25;
04FEC : 31;
04FED : BA;
04FEE : BA;
04FEF : 5A;
04FF0 : BA;
04FF1 : BA;
04FF2 : 7A;
04FF3 : 31;
04FF4 : 2D;
04FF5 : 31;
04FF6 : 7A;
04FF7 : 00;
04FF8 : 25;
04FF9 : 25;
04FFA : 25;
04FFB : 25;
04FFC : 25;
04FFD : 25;
04FFE : 25;
04FFF : 25;
05000 : 29;
05001 : 49;
05002 : 29;
05003 : 29;
05004 : 29;
05005 : 4D;
05006 : 6D;
05007 : 49;
05008 : 71;
05009 : 71;
0500A : 71;
0500B : 71;
0500C : 71;
0500D : 71;
0500E : 4D;
0500F : 29;
05010 : 49;
05011 : 04;
05012 : 4D;
05013 : 25;
05014 : 25;
05015 : 25;
05016 : 25;
05017 : 25;
05018 : 25;
05019 : 29;
0501A : 51;
0501B : 29;
0501C : 25;
0501D : 25;
0501E : 49;
0501F : 49;
05020 : 71;
05021 : 51;
05022 : 71;
05023 : 71;
05024 : 51;
05025 : 4D;
05026 : 29;
05027 : 71;
05028 : 71;
05029 : 71;
0502A : 71;
0502B : 71;
0502C : 71;
0502D : 71;
0502E : 4D;
0502F : 29;
05030 : 29;
05031 : 49;
05032 : 29;
05033 : 29;
05034 : 29;
05035 : 25;
05036 : 25;
05037 : 25;
05038 : 25;
05039 : 25;
0503A : 25;
0503B : 25;
0503C : 25;
0503D : 29;
0503E : 51;
0503F : 51;
05040 : 71;
05041 : 71;
05042 : 51;
05043 : 51;
05044 : 51;
05045 : 05;
05046 : 49;
05047 : 49;
05048 : 71;
05049 : 71;
0504A : 71;
0504B : 51;
0504C : 71;
0504D : 71;
0504E : 51;
0504F : 4D;
05050 : 29;
05051 : 29;
05052 : 29;
05053 : 25;
05054 : 25;
05055 : 51;
05056 : 4D;
05057 : 51;
05058 : 25;
05059 : 25;
0505A : 25;
0505B : 05;
0505C : 4D;
0505D : 51;
0505E : 51;
0505F : 4D;
05060 : 71;
05061 : 6D;
05062 : 51;
05063 : 51;
05064 : 51;
05065 : 04;
05066 : 4D;
05067 : 4D;
05068 : 49;
05069 : 49;
0506A : 71;
0506B : 71;
0506C : 71;
0506D : 51;
0506E : 51;
0506F : 29;
05070 : 49;
05071 : 49;
05072 : 25;
05073 : 29;
05074 : 25;
05075 : 51;
05076 : 4D;
05077 : 51;
05078 : 4D;
05079 : 49;
0507A : 25;
0507B : 25;
0507C : 25;
0507D : 25;
0507E : 4D;
0507F : 71;
05080 : 29;
05081 : 29;
05082 : 51;
05083 : 51;
05084 : 4D;
05085 : 25;
05086 : 29;
05087 : 29;
05088 : 29;
05089 : 25;
0508A : 49;
0508B : 49;
0508C : 51;
0508D : 29;
0508E : 49;
0508F : 49;
05090 : 49;
05091 : 29;
05092 : 25;
05093 : 25;
05094 : 29;
05095 : 4D;
05096 : 4D;
05097 : 4D;
05098 : 51;
05099 : 4D;
0509A : 51;
0509B : 4D;
0509C : 4D;
0509D : 29;
0509E : 29;
0509F : 29;
050A0 : 29;
050A1 : 29;
050A2 : 51;
050A3 : 51;
050A4 : 4D;
050A5 : 05;
050A6 : 29;
050A7 : 29;
050A8 : 29;
050A9 : 25;
050AA : 29;
050AB : 51;
050AC : 71;
050AD : 49;
050AE : 49;
050AF : 29;
050B0 : 25;
050B1 : 25;
050B2 : 25;
050B3 : 25;
050B4 : 29;
050B5 : 4D;
050B6 : 4D;
050B7 : 4D;
050B8 : 4D;
050B9 : 51;
050BA : 51;
050BB : 4D;
050BC : 4D;
050BD : 29;
050BE : 29;
050BF : 29;
050C0 : 05;
050C1 : 00;
050C2 : 4D;
050C3 : 4D;
050C4 : 4D;
050C5 : 05;
050C6 : 29;
050C7 : 25;
050C8 : 25;
050C9 : 25;
050CA : 05;
050CB : 4D;
050CC : 4D;
050CD : 29;
050CE : 25;
050CF : 25;
050D0 : 25;
050D1 : 25;
050D2 : 25;
050D3 : 29;
050D4 : 29;
050D5 : 71;
050D6 : 71;
050D7 : 71;
050D8 : 51;
050D9 : 51;
050DA : 51;
050DB : 55;
050DC : 4D;
050DD : 29;
050DE : 29;
050DF : 29;
050E0 : 25;
050E1 : 00;
050E2 : 05;
050E3 : 05;
050E4 : 25;
050E5 : 4D;
050E6 : 29;
050E7 : 25;
050E8 : 25;
050E9 : 00;
050EA : 25;
050EB : 05;
050EC : 25;
050ED : 29;
050EE : 25;
050EF : 25;
050F0 : 25;
050F1 : 25;
050F2 : 25;
050F3 : 29;
050F4 : 29;
050F5 : 29;
050F6 : 29;
050F7 : 51;
050F8 : 55;
050F9 : 55;
050FA : 31;
050FB : 51;
050FC : 29;
050FD : 4D;
050FE : 29;
050FF : 29;
05100 : 05;
05101 : 00;
05102 : 25;
05103 : 25;
05104 : 25;
05105 : 49;
05106 : 4D;
05107 : 05;
05108 : 05;
05109 : 25;
0510A : 25;
0510B : 25;
0510C : 25;
0510D : 29;
0510E : 25;
0510F : 25;
05110 : 25;
05111 : 00;
05112 : 00;
05113 : 00;
05114 : 05;
05115 : 29;
05116 : 29;
05117 : 29;
05118 : 55;
05119 : 55;
0511A : 2D;
0511B : 2D;
0511C : 4D;
0511D : 29;
0511E : 25;
0511F : 25;
05120 : 25;
05121 : 05;
05122 : 25;
05123 : 25;
05124 : 25;
05125 : 49;
05126 : 4D;
05127 : 05;
05128 : 05;
05129 : 25;
0512A : 25;
0512B : 00;
0512C : 25;
0512D : 25;
0512E : 25;
0512F : 25;
05130 : 25;
05131 : 00;
05132 : 00;
05133 : 04;
05134 : 25;
05135 : 29;
05136 : 29;
05137 : 29;
05138 : 2D;
05139 : 2D;
0513A : 4D;
0513B : 4D;
0513C : 4D;
0513D : 29;
0513E : 25;
0513F : 25;
05140 : 29;
05141 : 29;
05142 : 29;
05143 : 25;
05144 : 25;
05145 : 49;
05146 : 49;
05147 : 05;
05148 : 25;
05149 : 29;
0514A : 29;
0514B : 29;
0514C : 29;
0514D : 25;
0514E : 25;
0514F : 25;
05150 : 04;
05151 : 00;
05152 : 00;
05153 : 24;
05154 : 05;
05155 : 04;
05156 : 29;
05157 : 29;
05158 : 49;
05159 : 29;
0515A : 49;
0515B : 29;
0515C : 29;
0515D : 49;
0515E : 25;
0515F : 05;
05160 : 4D;
05161 : 51;
05162 : 51;
05163 : 51;
05164 : 25;
05165 : 49;
05166 : 49;
05167 : 05;
05168 : 25;
05169 : 51;
0516A : 51;
0516B : 71;
0516C : 71;
0516D : 25;
0516E : 25;
0516F : 25;
05170 : 04;
05171 : 00;
05172 : 00;
05173 : 25;
05174 : 04;
05175 : 04;
05176 : 04;
05177 : 00;
05178 : 05;
05179 : 29;
0517A : 49;
0517B : 29;
0517C : 29;
0517D : 49;
0517E : 25;
0517F : 05;
05180 : 71;
05181 : 51;
05182 : 51;
05183 : 51;
05184 : 25;
05185 : 49;
05186 : 05;
05187 : 29;
05188 : 4D;
05189 : 51;
0518A : 51;
0518B : 71;
0518C : 71;
0518D : 75;
0518E : 71;
0518F : 25;
05190 : 25;
05191 : 00;
05192 : 00;
05193 : 24;
05194 : 04;
05195 : 29;
05196 : 29;
05197 : 4D;
05198 : 01;
05199 : 05;
0519A : 29;
0519B : 29;
0519C : 29;
0519D : 05;
0519E : 4D;
0519F : 4D;
051A0 : 71;
051A1 : 51;
051A2 : 51;
051A3 : 71;
051A4 : 71;
051A5 : 25;
051A6 : 05;
051A7 : 29;
051A8 : 4D;
051A9 : 51;
051AA : 75;
051AB : 71;
051AC : 71;
051AD : 71;
051AE : 71;
051AF : 05;
051B0 : 29;
051B1 : 25;
051B2 : 24;
051B3 : 25;
051B4 : 25;
051B5 : 4D;
051B6 : 4D;
051B7 : 4D;
051B8 : 25;
051B9 : 05;
051BA : 05;
051BB : 29;
051BC : 29;
051BD : 05;
051BE : 4D;
051BF : 4D;
051C0 : 71;
051C1 : 71;
051C2 : 71;
051C3 : 51;
051C4 : 51;
051C5 : 29;
051C6 : 05;
051C7 : 29;
051C8 : 4D;
051C9 : 51;
051CA : 51;
051CB : 71;
051CC : 71;
051CD : 75;
051CE : 75;
051CF : 05;
051D0 : 2D;
051D1 : 4D;
051D2 : 4D;
051D3 : 4D;
051D4 : 4D;
051D5 : 4D;
051D6 : 4D;
051D7 : 4D;
051D8 : 6D;
051D9 : 49;
051DA : 05;
051DB : 05;
051DC : 25;
051DD : 05;
051DE : 4D;
051DF : 4D;
051E0 : 71;
051E1 : 71;
051E2 : 71;
051E3 : 51;
051E4 : 51;
051E5 : 29;
051E6 : 05;
051E7 : 29;
051E8 : 4D;
051E9 : 51;
051EA : 75;
051EB : 75;
051EC : 75;
051ED : 75;
051EE : 75;
051EF : 05;
051F0 : 2D;
051F1 : 4D;
051F2 : 4D;
051F3 : 4D;
051F4 : 4D;
051F5 : 4D;
051F6 : 4D;
051F7 : 4D;
051F8 : 4D;
051F9 : 29;
051FA : 05;
051FB : 05;
051FC : 25;
051FD : 05;
051FE : 4D;
051FF : 4D;
05200 : 4D;
05201 : 4D;
05202 : 51;
05203 : 51;
05204 : 76;
05205 : 25;
05206 : 25;
05207 : 29;
05208 : 4D;
05209 : 2D;
0520A : 4D;
0520B : 51;
0520C : 51;
0520D : 2D;
0520E : 04;
0520F : 05;
05210 : 29;
05211 : 4D;
05212 : 4D;
05213 : 4D;
05214 : 4D;
05215 : 4D;
05216 : 51;
05217 : 71;
05218 : 71;
05219 : 71;
0521A : 71;
0521B : 71;
0521C : 25;
0521D : 25;
0521E : 4D;
0521F : 4D;
05220 : 4D;
05221 : 4D;
05222 : 4D;
05223 : 4D;
05224 : 4D;
05225 : 05;
05226 : 05;
05227 : 29;
05228 : 49;
05229 : 4D;
0522A : 2D;
0522B : 4D;
0522C : 4D;
0522D : 4D;
0522E : 29;
0522F : 05;
05230 : 05;
05231 : 4D;
05232 : 49;
05233 : 71;
05234 : 4D;
05235 : 4D;
05236 : 4D;
05237 : 51;
05238 : 71;
05239 : 71;
0523A : 51;
0523B : 51;
0523C : 05;
0523D : 05;
0523E : 29;
0523F : 4D;
05240 : 4D;
05241 : 4D;
05242 : 4D;
05243 : 4D;
05244 : 4D;
05245 : 05;
05246 : 05;
05247 : 49;
05248 : 6D;
05249 : 6D;
0524A : 4D;
0524B : 4D;
0524C : 4D;
0524D : 4D;
0524E : 29;
0524F : 05;
05250 : 05;
05251 : 49;
05252 : 49;
05253 : 4D;
05254 : 4D;
05255 : 51;
05256 : 51;
05257 : 71;
05258 : 71;
05259 : 51;
0525A : 51;
0525B : 51;
0525C : 05;
0525D : 25;
0525E : 29;
0525F : 4D;
05260 : 4D;
05261 : 4D;
05262 : 4D;
05263 : 4D;
05264 : 4D;
05265 : 05;
05266 : 05;
05267 : 29;
05268 : 6D;
05269 : 6D;
0526A : 6D;
0526B : 4D;
0526C : 4D;
0526D : 4D;
0526E : 51;
0526F : 09;
05270 : 09;
05271 : 29;
05272 : 29;
05273 : 4D;
05274 : 51;
05275 : 71;
05276 : 51;
05277 : 71;
05278 : 51;
05279 : 96;
0527A : 75;
0527B : 51;
0527C : 49;
0527D : 05;
0527E : 25;
0527F : 4D;
05280 : 4D;
05281 : 4D;
05282 : 4D;
05283 : 4D;
05284 : 4D;
05285 : 29;
05286 : 05;
05287 : 49;
05288 : 6D;
05289 : 6D;
0528A : 6D;
0528B : 4D;
0528C : 2D;
0528D : 4D;
0528E : 55;
0528F : 55;
05290 : 55;
05291 : 29;
05292 : 29;
05293 : 29;
05294 : 29;
05295 : 95;
05296 : 95;
05297 : B6;
05298 : 96;
05299 : 2D;
0529A : 29;
0529B : 29;
0529C : 29;
0529D : 29;
0529E : 25;
0529F : 29;
052A0 : 49;
052A1 : 49;
052A2 : 75;
052A3 : 4D;
052A4 : 4D;
052A5 : 29;
052A6 : 25;
052A7 : 25;
052A8 : 25;
052A9 : 49;
052AA : 49;
052AB : 31;
052AC : 51;
052AD : 75;
052AE : 75;
052AF : 75;
052B0 : 2D;
052B1 : 29;
052B2 : 29;
052B3 : 29;
052B4 : 29;
052B5 : 6D;
052B6 : 51;
052B7 : 6D;
052B8 : 29;
052B9 : 29;
052BA : 29;
052BB : 29;
052BC : 29;
052BD : 29;
052BE : 05;
052BF : 05;
052C0 : 4D;
052C1 : 4D;
052C2 : 76;
052C3 : 51;
052C4 : 51;
052C5 : 49;
052C6 : 25;
052C7 : 25;
052C8 : 29;
052C9 : 29;
052CA : 2D;
052CB : 51;
052CC : 51;
052CD : 4D;
052CE : 4D;
052CF : 4D;
052D0 : 4D;
052D1 : 29;
052D2 : 29;
052D3 : 29;
052D4 : 29;
052D5 : 29;
052D6 : 4D;
052D7 : 6D;
052D8 : 29;
052D9 : 29;
052DA : 29;
052DB : 29;
052DC : 29;
052DD : 29;
052DE : 25;
052DF : 25;
052E0 : 05;
052E1 : 00;
052E2 : 4D;
052E3 : 51;
052E4 : 4D;
052E5 : 29;
052E6 : 25;
052E7 : 25;
052E8 : 25;
052E9 : 29;
052EA : 25;
052EB : 29;
052EC : 29;
052ED : 4D;
052EE : 4D;
052EF : 4D;
052F0 : 4D;
052F1 : 29;
052F2 : 29;
052F3 : 29;
052F4 : 29;
052F5 : 29;
052F6 : 29;
052F7 : 49;
052F8 : 29;
052F9 : 49;
052FA : 29;
052FB : 29;
052FC : 29;
052FD : 4D;
052FE : 25;
052FF : 29;
05300 : 25;
05301 : 25;
05302 : 29;
05303 : 4D;
05304 : 4D;
05305 : 49;
05306 : 29;
05307 : 25;
05308 : 25;
05309 : 25;
0530A : 25;
0530B : 4D;
0530C : 4D;
0530D : 4D;
0530E : 4D;
0530F : 4D;
05310 : 4D;
05311 : 49;
05312 : 29;
05313 : 29;
05314 : 29;
05315 : 29;
05316 : 29;
05317 : 29;
05318 : 29;
05319 : 29;
0531A : 49;
0531B : 29;
0531C : 29;
0531D : 25;
0531E : 25;
0531F : 29;
05320 : 25;
05321 : 25;
05322 : 29;
05323 : 4D;
05324 : 4D;
05325 : 05;
05326 : 05;
05327 : 00;
05328 : 25;
05329 : 49;
0532A : 49;
0532B : 4D;
0532C : 4D;
0532D : 4D;
0532E : 4D;
0532F : 4D;
05330 : 4D;
05331 : 49;
05332 : 29;
05333 : 29;
05334 : 29;
05335 : 49;
05336 : 29;
05337 : 49;
05338 : 49;
05339 : 49;
0533A : 49;
0533B : 49;
0533C : 49;
0533D : 05;
0533E : 00;
0533F : 00;
05340 : 05;
05341 : 05;
05342 : 29;
05343 : 4D;
05344 : 4D;
05345 : 25;
05346 : 04;
05347 : 00;
05348 : 25;
05349 : 49;
0534A : 49;
0534B : 4D;
0534C : 4D;
0534D : 4D;
0534E : 4D;
0534F : 4D;
05350 : 29;
05351 : 29;
05352 : 29;
05353 : 29;
05354 : 29;
05355 : 29;
05356 : 29;
05357 : 29;
05358 : 29;
05359 : 29;
0535A : 49;
0535B : 29;
0535C : 29;
0535D : 25;
0535E : 00;
0535F : 00;
05360 : 05;
05361 : 05;
05362 : 29;
05363 : 49;
05364 : 4D;
05365 : 25;
05366 : 04;
05367 : 29;
05368 : 04;
05369 : 00;
0536A : 00;
0536B : 4D;
0536C : 4D;
0536D : 4D;
0536E : 4D;
0536F : 29;
05370 : 29;
05371 : 29;
05372 : 25;
05373 : 71;
05374 : 29;
05375 : 49;
05376 : 49;
05377 : 49;
05378 : 49;
05379 : 05;
0537A : 29;
0537B : 29;
0537C : 29;
0537D : 29;
0537E : 29;
0537F : 25;
05380 : 25;
05381 : 25;
05382 : 29;
05383 : 4D;
05384 : 4D;
05385 : 25;
05386 : 25;
05387 : 29;
05388 : 04;
05389 : 25;
0538A : 00;
0538B : 4D;
0538C : 4D;
0538D : 4D;
0538E : 4D;
0538F : 29;
05390 : 29;
05391 : 04;
05392 : 24;
05393 : 25;
05394 : 49;
05395 : 49;
05396 : 49;
05397 : 49;
05398 : 49;
05399 : 05;
0539A : 49;
0539B : 29;
0539C : 29;
0539D : 29;
0539E : 29;
0539F : 49;
053A0 : 05;
053A1 : 05;
053A2 : 24;
053A3 : 49;
053A4 : 49;
053A5 : 05;
053A6 : 29;
053A7 : 2D;
053A8 : 29;
053A9 : 00;
053AA : 00;
053AB : 25;
053AC : 29;
053AD : 29;
053AE : 29;
053AF : 29;
053B0 : 29;
053B1 : 00;
053B2 : 00;
053B3 : 00;
053B4 : 00;
053B5 : 49;
053B6 : 49;
053B7 : 49;
053B8 : 25;
053B9 : 25;
053BA : 49;
053BB : 25;
053BC : 29;
053BD : 29;
053BE : 29;
053BF : 4D;
053C0 : 4D;
053C1 : 4D;
053C2 : 00;
053C3 : 24;
053C4 : 29;
053C5 : 05;
053C6 : 4D;
053C7 : 4D;
053C8 : 4D;
053C9 : 4D;
053CA : 00;
053CB : 05;
053CC : 04;
053CD : 29;
053CE : 29;
053CF : 29;
053D0 : 29;
053D1 : 25;
053D2 : 25;
053D3 : 00;
053D4 : 00;
053D5 : 04;
053D6 : 49;
053D7 : 49;
053D8 : 24;
053D9 : 00;
053DA : 25;
053DB : 29;
053DC : 25;
053DD : 29;
053DE : 4D;
053DF : 4D;
053E0 : 6D;
053E1 : 6D;
053E2 : 25;
053E3 : 25;
053E4 : 25;
053E5 : 49;
053E6 : 4D;
053E7 : 4D;
053E8 : 4D;
053E9 : 4D;
053EA : 00;
053EB : 00;
053EC : 00;
053ED : 29;
053EE : 29;
053EF : 29;
053F0 : 25;
053F1 : 25;
053F2 : 25;
053F3 : 25;
053F4 : 25;
053F5 : 25;
053F6 : 29;
053F7 : 29;
053F8 : 00;
053F9 : 25;
053FA : 25;
053FB : 25;
053FC : 29;
053FD : 29;
053FE : 4D;
053FF : 4D;
05400 : 25;
05401 : 25;
05402 : 25;
05403 : 25;
05404 : 25;
05405 : 25;
05406 : 25;
05407 : 25;
05408 : 25;
05409 : 25;
0540A : 25;
0540B : 25;
0540C : 25;
0540D : 25;
0540E : 25;
0540F : 25;
05410 : 25;
05411 : 25;
05412 : 25;
05413 : 25;
05414 : 25;
05415 : 25;
05416 : 25;
05417 : 25;
05418 : 25;
05419 : 25;
0541A : 25;
0541B : 25;
0541C : 25;
0541D : 25;
0541E : 25;
0541F : 25;
05420 : 25;
05421 : 25;
05422 : 25;
05423 : 25;
05424 : 25;
05425 : 25;
05426 : 25;
05427 : 25;
05428 : 25;
05429 : 25;
0542A : 25;
0542B : 25;
0542C : 25;
0542D : 25;
0542E : 25;
0542F : 25;
05430 : 25;
05431 : 25;
05432 : 25;
05433 : 25;
05434 : 25;
05435 : 25;
05436 : 25;
05437 : 25;
05438 : 25;
05439 : 25;
0543A : 25;
0543B : 25;
0543C : 25;
0543D : 25;
0543E : 25;
0543F : 25;
05440 : 25;
05441 : 25;
05442 : 25;
05443 : 25;
05444 : 25;
05445 : 25;
05446 : 25;
05447 : 25;
05448 : 25;
05449 : 25;
0544A : 25;
0544B : 25;
0544C : 25;
0544D : 25;
0544E : 25;
0544F : 25;
05450 : 45;
05451 : 45;
05452 : 25;
05453 : 25;
05454 : 25;
05455 : 25;
05456 : 25;
05457 : 25;
05458 : 25;
05459 : 25;
0545A : 25;
0545B : 25;
0545C : 25;
0545D : 25;
0545E : 25;
0545F : 25;
05460 : 25;
05461 : 25;
05462 : 25;
05463 : 25;
05464 : 25;
05465 : 25;
05466 : 25;
05467 : 25;
05468 : 25;
05469 : 25;
0546A : 25;
0546B : 25;
0546C : 25;
0546D : 25;
0546E : 25;
0546F : 45;
05470 : 45;
05471 : 45;
05472 : 45;
05473 : 25;
05474 : 25;
05475 : 25;
05476 : 25;
05477 : 25;
05478 : 25;
05479 : 25;
0547A : 25;
0547B : 25;
0547C : 25;
0547D : 25;
0547E : 25;
0547F : 25;
05480 : 25;
05481 : 25;
05482 : 25;
05483 : 25;
05484 : 25;
05485 : 25;
05486 : 25;
05487 : 25;
05488 : 25;
05489 : 25;
0548A : 25;
0548B : 25;
0548C : 25;
0548D : 25;
0548E : 45;
0548F : 45;
05490 : 45;
05491 : 45;
05492 : 45;
05493 : 45;
05494 : 25;
05495 : 25;
05496 : 25;
05497 : 25;
05498 : 25;
05499 : 25;
0549A : 25;
0549B : 25;
0549C : 25;
0549D : 25;
0549E : 25;
0549F : 25;
054A0 : 25;
054A1 : 25;
054A2 : 25;
054A3 : 25;
054A4 : 25;
054A5 : 25;
054A6 : 25;
054A7 : 25;
054A8 : 25;
054A9 : 25;
054AA : 25;
054AB : 25;
054AC : 25;
054AD : 45;
054AE : 45;
054AF : 45;
054B0 : D1;
054B1 : D6;
054B2 : 45;
054B3 : 45;
054B4 : 45;
054B5 : 25;
054B6 : 25;
054B7 : 25;
054B8 : 25;
054B9 : 25;
054BA : 25;
054BB : 25;
054BC : 25;
054BD : 25;
054BE : 25;
054BF : 25;
054C0 : 25;
054C1 : 25;
054C2 : 25;
054C3 : 25;
054C4 : 25;
054C5 : 25;
054C6 : 25;
054C7 : 25;
054C8 : 25;
054C9 : 25;
054CA : 25;
054CB : 25;
054CC : 45;
054CD : 45;
054CE : 45;
054CF : 45;
054D0 : D6;
054D1 : D2;
054D2 : A9;
054D3 : 45;
054D4 : 45;
054D5 : 45;
054D6 : 25;
054D7 : 25;
054D8 : 25;
054D9 : 25;
054DA : 25;
054DB : 25;
054DC : 25;
054DD : 25;
054DE : 25;
054DF : 25;
054E0 : 25;
054E1 : 25;
054E2 : 25;
054E3 : 25;
054E4 : 25;
054E5 : 25;
054E6 : 25;
054E7 : 25;
054E8 : 25;
054E9 : 25;
054EA : 25;
054EB : 45;
054EC : 45;
054ED : 45;
054EE : 45;
054EF : B1;
054F0 : D6;
054F1 : D6;
054F2 : CD;
054F3 : 20;
054F4 : 45;
054F5 : 45;
054F6 : 45;
054F7 : 25;
054F8 : 25;
054F9 : 25;
054FA : 25;
054FB : 25;
054FC : 25;
054FD : 25;
054FE : 25;
054FF : 25;
05500 : 25;
05501 : 25;
05502 : 25;
05503 : 25;
05504 : 25;
05505 : 25;
05506 : 25;
05507 : 25;
05508 : 25;
05509 : 25;
0550A : 45;
0550B : 45;
0550C : 45;
0550D : 20;
0550E : 45;
0550F : DA;
05510 : D6;
05511 : D6;
05512 : C9;
05513 : 85;
05514 : 20;
05515 : 45;
05516 : 45;
05517 : 25;
05518 : 25;
05519 : 25;
0551A : 25;
0551B : 25;
0551C : 25;
0551D : 25;
0551E : 25;
0551F : 25;
05520 : 25;
05521 : 25;
05522 : 25;
05523 : 25;
05524 : 25;
05525 : 25;
05526 : 25;
05527 : 25;
05528 : 45;
05529 : 45;
0552A : 45;
0552B : 45;
0552C : 45;
0552D : 20;
0552E : DA;
0552F : D6;
05530 : D6;
05531 : D6;
05532 : C9;
05533 : C9;
05534 : 40;
05535 : 45;
05536 : 45;
05537 : 45;
05538 : 25;
05539 : 25;
0553A : 25;
0553B : 25;
0553C : 25;
0553D : 25;
0553E : 25;
0553F : 25;
05540 : 25;
05541 : 25;
05542 : 25;
05543 : 25;
05544 : 25;
05545 : 25;
05546 : 25;
05547 : 45;
05548 : 45;
05549 : 45;
0554A : 45;
0554B : 45;
0554C : 45;
0554D : B1;
0554E : D6;
0554F : D6;
05550 : D6;
05551 : D6;
05552 : C9;
05553 : C5;
05554 : C9;
05555 : 65;
05556 : 45;
05557 : 45;
05558 : 25;
05559 : 25;
0555A : 25;
0555B : 25;
0555C : 25;
0555D : 25;
0555E : 25;
0555F : 25;
05560 : 25;
05561 : 25;
05562 : 25;
05563 : 25;
05564 : 25;
05565 : 25;
05566 : 45;
05567 : 45;
05568 : 45;
05569 : 45;
0556A : 45;
0556B : 20;
0556C : 45;
0556D : D6;
0556E : DA;
0556F : D6;
05570 : D6;
05571 : D6;
05572 : C9;
05573 : C5;
05574 : C5;
05575 : 85;
05576 : 45;
05577 : 45;
05578 : 45;
05579 : 45;
0557A : 25;
0557B : 25;
0557C : 25;
0557D : 25;
0557E : 25;
0557F : 25;
05580 : 25;
05581 : 25;
05582 : 25;
05583 : 25;
05584 : 25;
05585 : 25;
05586 : 45;
05587 : 45;
05588 : 45;
05589 : 45;
0558A : 45;
0558B : 20;
0558C : D6;
0558D : D1;
0558E : D6;
0558F : D6;
05590 : D6;
05591 : D6;
05592 : CD;
05593 : C9;
05594 : C9;
05595 : C9;
05596 : A9;
05597 : 45;
05598 : 45;
05599 : 45;
0559A : 45;
0559B : 45;
0559C : 25;
0559D : 25;
0559E : 25;
0559F : 25;
055A0 : 25;
055A1 : 25;
055A2 : 25;
055A3 : 25;
055A4 : 25;
055A5 : 45;
055A6 : 45;
055A7 : 45;
055A8 : 45;
055A9 : 45;
055AA : 45;
055AB : 20;
055AC : DA;
055AD : D2;
055AE : D2;
055AF : D6;
055B0 : D6;
055B1 : D6;
055B2 : C9;
055B3 : C9;
055B4 : C9;
055B5 : C9;
055B6 : C9;
055B7 : 20;
055B8 : 45;
055B9 : 45;
055BA : 45;
055BB : 45;
055BC : 45;
055BD : 25;
055BE : 25;
055BF : 25;
055C0 : 25;
055C1 : 25;
055C2 : 25;
055C3 : 45;
055C4 : 45;
055C5 : 45;
055C6 : 45;
055C7 : 45;
055C8 : 45;
055C9 : 45;
055CA : 45;
055CB : 20;
055CC : D6;
055CD : CD;
055CE : CD;
055CF : D6;
055D0 : D6;
055D1 : DA;
055D2 : D6;
055D3 : D2;
055D4 : CE;
055D5 : A5;
055D6 : C9;
055D7 : 20;
055D8 : 45;
055D9 : 45;
055DA : 45;
055DB : 45;
055DC : 45;
055DD : 25;
055DE : 25;
055DF : 25;
055E0 : 25;
055E1 : 25;
055E2 : 45;
055E3 : 20;
055E4 : 45;
055E5 : 45;
055E6 : 45;
055E7 : 45;
055E8 : 45;
055E9 : 45;
055EA : 45;
055EB : 20;
055EC : D6;
055ED : CD;
055EE : CD;
055EF : C9;
055F0 : D6;
055F1 : DA;
055F2 : D2;
055F3 : 85;
055F4 : CE;
055F5 : A5;
055F6 : A9;
055F7 : 00;
055F8 : 45;
055F9 : 45;
055FA : 45;
055FB : 45;
055FC : 45;
055FD : 45;
055FE : 25;
055FF : 25;
05600 : 25;
05601 : 25;
05602 : 20;
05603 : D2;
05604 : 45;
05605 : 20;
05606 : 45;
05607 : 45;
05608 : 45;
05609 : 45;
0560A : 45;
0560B : 20;
0560C : D6;
0560D : CD;
0560E : CD;
0560F : C9;
05610 : CE;
05611 : D6;
05612 : D2;
05613 : A9;
05614 : C9;
05615 : C9;
05616 : A9;
05617 : 00;
05618 : 45;
05619 : 45;
0561A : 45;
0561B : 45;
0561C : 45;
0561D : 45;
0561E : 45;
0561F : 25;
05620 : 25;
05621 : 25;
05622 : 20;
05623 : D6;
05624 : D6;
05625 : D6;
05626 : DA;
05627 : DA;
05628 : 45;
05629 : 45;
0562A : 45;
0562B : 20;
0562C : D6;
0562D : D2;
0562E : D2;
0562F : D2;
05630 : CD;
05631 : CE;
05632 : C9;
05633 : A5;
05634 : A5;
05635 : A5;
05636 : A9;
05637 : 00;
05638 : 45;
05639 : 45;
0563A : 45;
0563B : B1;
0563C : 8D;
0563D : 8D;
0563E : 8D;
0563F : 25;
05640 : 25;
05641 : 21;
05642 : 20;
05643 : D2;
05644 : D2;
05645 : D6;
05646 : DA;
05647 : DA;
05648 : 45;
05649 : AD;
0564A : 45;
0564B : 20;
0564C : D6;
0564D : CD;
0564E : D2;
0564F : D6;
05650 : CE;
05651 : CE;
05652 : 81;
05653 : 85;
05654 : A5;
05655 : A5;
05656 : 85;
05657 : 00;
05658 : 45;
05659 : 45;
0565A : 20;
0565B : DA;
0565C : DA;
0565D : DA;
0565E : DA;
0565F : 25;
05660 : 25;
05661 : 21;
05662 : 20;
05663 : DA;
05664 : D2;
05665 : D6;
05666 : D2;
05667 : CD;
05668 : DA;
05669 : DA;
0566A : 45;
0566B : 20;
0566C : D6;
0566D : CD;
0566E : C9;
0566F : CD;
05670 : CD;
05671 : D2;
05672 : 85;
05673 : C9;
05674 : C5;
05675 : 89;
05676 : 45;
05677 : 00;
05678 : 20;
05679 : D6;
0567A : D6;
0567B : D6;
0567C : DA;
0567D : DA;
0567E : CD;
0567F : 25;
05680 : 25;
05681 : 21;
05682 : 20;
05683 : D6;
05684 : D6;
05685 : D6;
05686 : D2;
05687 : CD;
05688 : CD;
05689 : D6;
0568A : D6;
0568B : 20;
0568C : D6;
0568D : CD;
0568E : C9;
0568F : C9;
05690 : CD;
05691 : D2;
05692 : 85;
05693 : C9;
05694 : C9;
05695 : 89;
05696 : 45;
05697 : 00;
05698 : 8D;
05699 : D6;
0569A : D6;
0569B : D6;
0569C : D6;
0569D : D2;
0569E : D2;
0569F : 25;
056A0 : 25;
056A1 : 21;
056A2 : 40;
056A3 : D1;
056A4 : DA;
056A5 : D6;
056A6 : D2;
056A7 : CD;
056A8 : CD;
056A9 : CD;
056AA : C9;
056AB : 20;
056AC : D6;
056AD : C9;
056AE : C9;
056AF : C9;
056B0 : CD;
056B1 : D6;
056B2 : A5;
056B3 : 85;
056B4 : C5;
056B5 : A9;
056B6 : 45;
056B7 : 00;
056B8 : 65;
056B9 : D6;
056BA : D6;
056BB : D6;
056BC : C9;
056BD : C9;
056BE : D2;
056BF : 25;
056C0 : 25;
056C1 : 45;
056C2 : 40;
056C3 : D2;
056C4 : D6;
056C5 : D6;
056C6 : D2;
056C7 : CD;
056C8 : CD;
056C9 : CD;
056CA : A5;
056CB : 40;
056CC : D6;
056CD : C9;
056CE : C9;
056CF : C9;
056D0 : CD;
056D1 : D6;
056D2 : 85;
056D3 : 85;
056D4 : C9;
056D5 : A9;
056D6 : 45;
056D7 : 00;
056D8 : 65;
056D9 : D6;
056DA : D6;
056DB : D2;
056DC : C9;
056DD : C9;
056DE : D2;
056DF : 25;
056E0 : 45;
056E1 : 45;
056E2 : D2;
056E3 : C9;
056E4 : C9;
056E5 : DA;
056E6 : D2;
056E7 : CD;
056E8 : C9;
056E9 : C9;
056EA : C9;
056EB : C5;
056EC : D6;
056ED : CD;
056EE : C5;
056EF : C9;
056F0 : CD;
056F1 : D2;
056F2 : 85;
056F3 : 85;
056F4 : C5;
056F5 : A9;
056F6 : 20;
056F7 : 20;
056F8 : 65;
056F9 : D6;
056FA : D2;
056FB : D2;
056FC : C9;
056FD : C9;
056FE : CD;
056FF : 25;
05700 : 45;
05701 : 45;
05702 : D2;
05703 : CD;
05704 : CD;
05705 : 85;
05706 : CD;
05707 : D2;
05708 : C9;
05709 : C9;
0570A : C9;
0570B : C9;
0570C : 61;
0570D : D6;
0570E : D2;
0570F : C5;
05710 : CD;
05711 : D2;
05712 : 85;
05713 : 85;
05714 : C9;
05715 : A9;
05716 : 65;
05717 : 20;
05718 : 65;
05719 : D2;
0571A : D2;
0571B : 85;
0571C : 81;
0571D : A5;
0571E : CD;
0571F : 25;
05720 : 25;
05721 : 25;
05722 : 20;
05723 : D2;
05724 : 85;
05725 : 85;
05726 : C9;
05727 : C9;
05728 : C9;
05729 : C9;
0572A : C9;
0572B : C9;
0572C : 61;
0572D : D6;
0572E : D2;
0572F : C5;
05730 : C9;
05731 : D2;
05732 : 85;
05733 : 85;
05734 : A5;
05735 : C9;
05736 : D2;
05737 : 20;
05738 : 65;
05739 : C9;
0573A : CD;
0573B : A1;
0573C : CE;
0573D : C9;
0573E : 20;
0573F : 25;
05740 : 25;
05741 : 25;
05742 : 20;
05743 : D2;
05744 : A5;
05745 : 85;
05746 : C9;
05747 : C9;
05748 : C9;
05749 : C9;
0574A : C9;
0574B : C9;
0574C : 61;
0574D : D6;
0574E : D2;
0574F : C5;
05750 : C9;
05751 : D2;
05752 : 85;
05753 : 85;
05754 : 40;
05755 : 85;
05756 : D2;
05757 : 20;
05758 : 65;
05759 : CD;
0575A : CD;
0575B : A1;
0575C : CE;
0575D : CD;
0575E : 24;
0575F : 25;
05760 : 25;
05761 : 25;
05762 : 20;
05763 : C9;
05764 : C9;
05765 : CE;
05766 : 85;
05767 : A5;
05768 : C9;
05769 : C9;
0576A : C9;
0576B : C9;
0576C : C9;
0576D : D6;
0576E : D2;
0576F : C5;
05770 : C9;
05771 : D2;
05772 : 85;
05773 : 61;
05774 : 45;
05775 : 61;
05776 : CE;
05777 : 65;
05778 : A9;
05779 : C9;
0577A : 85;
0577B : CE;
0577C : A5;
0577D : 61;
0577E : 00;
0577F : 25;
05780 : 25;
05781 : 25;
05782 : 20;
05783 : A9;
05784 : C9;
05785 : CD;
05786 : A5;
05787 : A5;
05788 : C9;
05789 : C9;
0578A : C9;
0578B : C9;
0578C : A5;
0578D : D6;
0578E : D2;
0578F : C5;
05790 : C9;
05791 : D2;
05792 : 85;
05793 : 65;
05794 : 41;
05795 : 65;
05796 : CE;
05797 : 65;
05798 : A9;
05799 : 85;
0579A : 65;
0579B : D2;
0579C : 85;
0579D : 45;
0579E : 25;
0579F : 25;
057A0 : 25;
057A1 : 25;
057A2 : 25;
057A3 : 00;
057A4 : 89;
057A5 : C9;
057A6 : A5;
057A7 : A9;
057A8 : 85;
057A9 : C9;
057AA : C9;
057AB : C9;
057AC : 61;
057AD : CE;
057AE : D2;
057AF : C5;
057B0 : A5;
057B1 : CE;
057B2 : 85;
057B3 : 65;
057B4 : A9;
057B5 : C9;
057B6 : CE;
057B7 : 61;
057B8 : 85;
057B9 : 85;
057BA : 65;
057BB : 89;
057BC : 20;
057BD : 20;
057BE : 25;
057BF : 25;
057C0 : 25;
057C1 : 25;
057C2 : 25;
057C3 : 20;
057C4 : 20;
057C5 : CE;
057C6 : C9;
057C7 : A5;
057C8 : 61;
057C9 : C9;
057CA : C5;
057CB : C9;
057CC : 61;
057CD : CE;
057CE : CE;
057CF : C5;
057D0 : A5;
057D1 : CD;
057D2 : 89;
057D3 : 65;
057D4 : A9;
057D5 : C9;
057D6 : CE;
057D7 : 61;
057D8 : 41;
057D9 : 85;
057DA : 89;
057DB : 85;
057DC : 20;
057DD : 00;
057DE : 25;
057DF : 25;
057E0 : 25;
057E1 : 25;
057E2 : 25;
057E3 : 25;
057E4 : 25;
057E5 : 65;
057E6 : 85;
057E7 : CE;
057E8 : A5;
057E9 : 85;
057EA : C9;
057EB : C9;
057EC : 85;
057ED : 89;
057EE : A5;
057EF : D2;
057F0 : 85;
057F1 : 89;
057F2 : 45;
057F3 : 65;
057F4 : A9;
057F5 : C9;
057F6 : C9;
057F7 : 61;
057F8 : 41;
057F9 : 89;
057FA : 89;
057FB : 20;
057FC : 25;
057FD : 25;
057FE : 25;
057FF : 25;
05800 : 25;
05801 : 25;
05802 : 25;
05803 : 25;
05804 : 25;
05805 : 25;
05806 : 25;
05807 : 25;
05808 : 25;
05809 : 25;
0580A : 25;
0580B : 25;
0580C : 25;
0580D : 25;
0580E : 25;
0580F : 25;
05810 : 25;
05811 : 25;
05812 : 25;
05813 : 25;
05814 : 25;
05815 : 25;
05816 : 25;
05817 : 25;
05818 : 25;
05819 : 25;
0581A : 25;
0581B : 25;
0581C : 25;
0581D : 25;
0581E : 25;
0581F : 25;
05820 : 25;
05821 : 25;
05822 : 25;
05823 : 25;
05824 : 25;
05825 : 25;
05826 : 25;
05827 : 25;
05828 : 25;
05829 : 25;
0582A : 25;
0582B : 25;
0582C : 25;
0582D : 25;
0582E : 25;
0582F : 25;
05830 : 25;
05831 : 25;
05832 : 25;
05833 : 25;
05834 : 25;
05835 : 25;
05836 : 25;
05837 : 25;
05838 : 25;
05839 : 25;
0583A : 25;
0583B : 25;
0583C : 25;
0583D : 25;
0583E : 25;
0583F : 25;
05840 : 25;
05841 : 25;
05842 : 25;
05843 : 25;
05844 : 25;
05845 : 25;
05846 : 25;
05847 : 25;
05848 : 25;
05849 : 25;
0584A : 25;
0584B : 25;
0584C : 25;
0584D : 25;
0584E : 25;
0584F : 25;
05850 : 25;
05851 : 25;
05852 : 25;
05853 : 25;
05854 : 25;
05855 : 25;
05856 : 25;
05857 : 25;
05858 : 25;
05859 : 25;
0585A : 25;
0585B : 25;
0585C : 25;
0585D : 25;
0585E : 25;
0585F : 25;
05860 : 25;
05861 : 25;
05862 : 25;
05863 : 25;
05864 : 25;
05865 : 25;
05866 : 25;
05867 : 25;
05868 : 25;
05869 : 25;
0586A : 25;
0586B : 25;
0586C : 25;
0586D : 25;
0586E : 25;
0586F : 25;
05870 : 25;
05871 : 25;
05872 : 25;
05873 : 25;
05874 : 25;
05875 : 25;
05876 : 25;
05877 : 25;
05878 : 25;
05879 : 25;
0587A : 25;
0587B : 25;
0587C : 25;
0587D : 25;
0587E : 25;
0587F : 25;
05880 : 25;
05881 : 25;
05882 : 25;
05883 : 25;
05884 : 25;
05885 : 25;
05886 : 25;
05887 : 25;
05888 : 25;
05889 : 25;
0588A : 25;
0588B : 25;
0588C : 25;
0588D : 25;
0588E : 25;
0588F : 25;
05890 : 25;
05891 : 25;
05892 : 25;
05893 : 25;
05894 : 25;
05895 : 25;
05896 : 25;
05897 : 25;
05898 : 25;
05899 : 25;
0589A : 25;
0589B : 25;
0589C : 25;
0589D : 25;
0589E : 25;
0589F : 25;
058A0 : 25;
058A1 : 25;
058A2 : 25;
058A3 : 25;
058A4 : 25;
058A5 : 25;
058A6 : 25;
058A7 : 25;
058A8 : 25;
058A9 : 25;
058AA : 25;
058AB : 25;
058AC : 25;
058AD : 25;
058AE : 25;
058AF : 25;
058B0 : 25;
058B1 : 25;
058B2 : 25;
058B3 : 25;
058B4 : 25;
058B5 : 25;
058B6 : 25;
058B7 : 25;
058B8 : 25;
058B9 : 25;
058BA : 25;
058BB : 25;
058BC : 25;
058BD : 25;
058BE : 25;
058BF : 25;
058C0 : 25;
058C1 : 25;
058C2 : 25;
058C3 : 25;
058C4 : 25;
058C5 : 25;
058C6 : 25;
058C7 : 25;
058C8 : 25;
058C9 : 25;
058CA : 25;
058CB : 25;
058CC : 25;
058CD : 25;
058CE : 25;
058CF : 25;
058D0 : 25;
058D1 : 25;
058D2 : 25;
058D3 : 25;
058D4 : 25;
058D5 : 25;
058D6 : 25;
058D7 : 25;
058D8 : 25;
058D9 : 25;
058DA : 25;
058DB : 25;
058DC : 25;
058DD : 25;
058DE : 25;
058DF : 25;
058E0 : 25;
058E1 : 25;
058E2 : 25;
058E3 : 25;
058E4 : 25;
058E5 : 25;
058E6 : 25;
058E7 : 25;
058E8 : 25;
058E9 : 25;
058EA : 25;
058EB : 25;
058EC : 25;
058ED : 25;
058EE : 25;
058EF : 25;
058F0 : 25;
058F1 : 25;
058F2 : 25;
058F3 : 25;
058F4 : 25;
058F5 : 25;
058F6 : 25;
058F7 : 25;
058F8 : 25;
058F9 : 25;
058FA : 25;
058FB : 25;
058FC : 25;
058FD : 25;
058FE : 25;
058FF : 25;
05900 : 25;
05901 : 25;
05902 : 25;
05903 : 25;
05904 : 25;
05905 : 25;
05906 : 25;
05907 : 25;
05908 : 25;
05909 : 25;
0590A : 25;
0590B : 25;
0590C : 25;
0590D : 25;
0590E : 25;
0590F : 25;
05910 : 25;
05911 : 25;
05912 : 25;
05913 : 25;
05914 : 25;
05915 : 25;
05916 : 25;
05917 : 25;
05918 : 25;
05919 : 25;
0591A : 25;
0591B : 25;
0591C : 25;
0591D : 25;
0591E : 25;
0591F : 25;
05920 : 25;
05921 : 25;
05922 : 25;
05923 : 25;
05924 : 25;
05925 : 25;
05926 : 25;
05927 : 25;
05928 : 25;
05929 : 25;
0592A : 25;
0592B : 25;
0592C : 25;
0592D : 25;
0592E : 25;
0592F : 25;
05930 : 25;
05931 : 25;
05932 : 25;
05933 : 25;
05934 : 25;
05935 : 25;
05936 : 25;
05937 : 25;
05938 : 25;
05939 : 25;
0593A : 25;
0593B : 25;
0593C : 25;
0593D : 25;
0593E : 25;
0593F : 25;
05940 : 25;
05941 : 25;
05942 : 25;
05943 : 25;
05944 : 25;
05945 : 25;
05946 : 25;
05947 : 25;
05948 : 25;
05949 : 25;
0594A : 25;
0594B : 25;
0594C : 25;
0594D : 25;
0594E : 25;
0594F : 25;
05950 : 25;
05951 : 25;
05952 : 25;
05953 : 25;
05954 : 25;
05955 : 25;
05956 : 25;
05957 : 25;
05958 : 25;
05959 : 25;
0595A : 25;
0595B : 25;
0595C : 25;
0595D : 25;
0595E : 25;
0595F : 25;
05960 : 25;
05961 : 25;
05962 : 25;
05963 : 25;
05964 : 25;
05965 : 25;
05966 : 25;
05967 : 25;
05968 : 25;
05969 : 25;
0596A : 25;
0596B : 25;
0596C : 25;
0596D : 25;
0596E : 25;
0596F : 25;
05970 : 25;
05971 : 25;
05972 : 25;
05973 : 25;
05974 : 25;
05975 : 25;
05976 : 25;
05977 : 25;
05978 : 25;
05979 : 25;
0597A : 25;
0597B : 25;
0597C : 25;
0597D : 25;
0597E : 25;
0597F : 25;
05980 : 25;
05981 : 25;
05982 : 25;
05983 : 25;
05984 : 25;
05985 : 25;
05986 : 25;
05987 : 25;
05988 : 25;
05989 : 25;
0598A : 25;
0598B : 25;
0598C : 25;
0598D : 25;
0598E : 25;
0598F : 25;
05990 : 25;
05991 : 25;
05992 : 25;
05993 : 25;
05994 : 25;
05995 : 25;
05996 : 25;
05997 : 25;
05998 : 25;
05999 : 25;
0599A : 25;
0599B : 25;
0599C : 25;
0599D : 25;
0599E : 25;
0599F : 25;
059A0 : 25;
059A1 : 25;
059A2 : 25;
059A3 : 25;
059A4 : 25;
059A5 : 25;
059A6 : 25;
059A7 : 25;
059A8 : 25;
059A9 : 25;
059AA : 25;
059AB : 25;
059AC : 25;
059AD : 25;
059AE : 25;
059AF : 25;
059B0 : 25;
059B1 : 25;
059B2 : 25;
059B3 : 25;
059B4 : 25;
059B5 : 25;
059B6 : 25;
059B7 : 25;
059B8 : 25;
059B9 : 25;
059BA : 25;
059BB : 25;
059BC : 25;
059BD : 25;
059BE : 25;
059BF : 25;
059C0 : 25;
059C1 : 25;
059C2 : 25;
059C3 : 25;
059C4 : 25;
059C5 : 25;
059C6 : 25;
059C7 : 25;
059C8 : 25;
059C9 : 25;
059CA : 25;
059CB : 25;
059CC : 25;
059CD : 25;
059CE : 25;
059CF : 25;
059D0 : 25;
059D1 : 25;
059D2 : 25;
059D3 : 25;
059D4 : 25;
059D5 : 25;
059D6 : 25;
059D7 : 25;
059D8 : 25;
059D9 : 25;
059DA : 25;
059DB : 25;
059DC : 25;
059DD : 25;
059DE : 25;
059DF : 25;
059E0 : 25;
059E1 : 25;
059E2 : 25;
059E3 : 25;
059E4 : 25;
059E5 : 25;
059E6 : 25;
059E7 : 25;
059E8 : 25;
059E9 : 25;
059EA : 25;
059EB : 25;
059EC : 25;
059ED : 25;
059EE : 25;
059EF : 25;
059F0 : 25;
059F1 : 25;
059F2 : 25;
059F3 : 25;
059F4 : 25;
059F5 : 25;
059F6 : 25;
059F7 : 25;
059F8 : 25;
059F9 : 25;
059FA : 25;
059FB : 25;
059FC : 25;
059FD : 25;
059FE : 25;
059FF : 25;
05A00 : 25;
05A01 : 25;
05A02 : 25;
05A03 : 25;
05A04 : 25;
05A05 : 25;
05A06 : 25;
05A07 : 25;
05A08 : 25;
05A09 : 25;
05A0A : 25;
05A0B : 25;
05A0C : 25;
05A0D : 25;
05A0E : 25;
05A0F : 25;
05A10 : 25;
05A11 : 25;
05A12 : 25;
05A13 : 25;
05A14 : 25;
05A15 : 25;
05A16 : 25;
05A17 : 25;
05A18 : 25;
05A19 : 25;
05A1A : 25;
05A1B : 25;
05A1C : 25;
05A1D : 25;
05A1E : 25;
05A1F : 25;
05A20 : 25;
05A21 : 25;
05A22 : 25;
05A23 : 25;
05A24 : 25;
05A25 : 25;
05A26 : 25;
05A27 : 25;
05A28 : 25;
05A29 : 25;
05A2A : 25;
05A2B : 25;
05A2C : 25;
05A2D : 25;
05A2E : 25;
05A2F : 25;
05A30 : 25;
05A31 : 25;
05A32 : 25;
05A33 : 25;
05A34 : 25;
05A35 : 25;
05A36 : 25;
05A37 : 25;
05A38 : 25;
05A39 : 25;
05A3A : 25;
05A3B : 25;
05A3C : 25;
05A3D : 25;
05A3E : 25;
05A3F : 25;
05A40 : 25;
05A41 : 25;
05A42 : 25;
05A43 : 25;
05A44 : 25;
05A45 : 25;
05A46 : 25;
05A47 : 25;
05A48 : 25;
05A49 : 25;
05A4A : 25;
05A4B : 25;
05A4C : 25;
05A4D : 25;
05A4E : 25;
05A4F : 25;
05A50 : 25;
05A51 : 25;
05A52 : 25;
05A53 : 25;
05A54 : 25;
05A55 : 25;
05A56 : 25;
05A57 : 25;
05A58 : 25;
05A59 : 25;
05A5A : 25;
05A5B : 25;
05A5C : 25;
05A5D : 25;
05A5E : 25;
05A5F : 25;
05A60 : 25;
05A61 : 25;
05A62 : 25;
05A63 : 25;
05A64 : 25;
05A65 : 25;
05A66 : 25;
05A67 : 25;
05A68 : 25;
05A69 : 25;
05A6A : 25;
05A6B : 25;
05A6C : 25;
05A6D : 25;
05A6E : 25;
05A6F : 25;
05A70 : 25;
05A71 : 25;
05A72 : 25;
05A73 : 25;
05A74 : 25;
05A75 : 25;
05A76 : 25;
05A77 : 25;
05A78 : 25;
05A79 : 25;
05A7A : 25;
05A7B : 25;
05A7C : 25;
05A7D : 25;
05A7E : 25;
05A7F : 25;
05A80 : 25;
05A81 : 25;
05A82 : 25;
05A83 : 25;
05A84 : 25;
05A85 : 25;
05A86 : 25;
05A87 : 25;
05A88 : 25;
05A89 : 25;
05A8A : 25;
05A8B : 25;
05A8C : 25;
05A8D : 25;
05A8E : 25;
05A8F : 25;
05A90 : 25;
05A91 : 25;
05A92 : 25;
05A93 : 25;
05A94 : 25;
05A95 : 25;
05A96 : 25;
05A97 : 25;
05A98 : 25;
05A99 : 25;
05A9A : 25;
05A9B : 25;
05A9C : 25;
05A9D : 25;
05A9E : 25;
05A9F : 25;
05AA0 : 25;
05AA1 : 25;
05AA2 : 25;
05AA3 : 25;
05AA4 : 25;
05AA5 : 25;
05AA6 : 25;
05AA7 : 25;
05AA8 : 25;
05AA9 : 25;
05AAA : 25;
05AAB : 25;
05AAC : 25;
05AAD : 25;
05AAE : 25;
05AAF : 25;
05AB0 : 25;
05AB1 : 25;
05AB2 : 25;
05AB3 : 25;
05AB4 : 25;
05AB5 : 25;
05AB6 : 25;
05AB7 : 25;
05AB8 : 25;
05AB9 : 25;
05ABA : 25;
05ABB : 25;
05ABC : 25;
05ABD : 25;
05ABE : 25;
05ABF : 25;
05AC0 : 25;
05AC1 : 25;
05AC2 : 25;
05AC3 : 25;
05AC4 : 25;
05AC5 : 25;
05AC6 : 25;
05AC7 : 25;
05AC8 : 25;
05AC9 : 25;
05ACA : 25;
05ACB : 25;
05ACC : 25;
05ACD : 25;
05ACE : 25;
05ACF : 25;
05AD0 : 25;
05AD1 : 25;
05AD2 : 25;
05AD3 : 25;
05AD4 : 25;
05AD5 : 25;
05AD6 : 25;
05AD7 : 25;
05AD8 : 25;
05AD9 : 25;
05ADA : 25;
05ADB : 25;
05ADC : 25;
05ADD : 25;
05ADE : 25;
05ADF : 25;
05AE0 : 25;
05AE1 : 25;
05AE2 : 25;
05AE3 : 25;
05AE4 : 25;
05AE5 : 25;
05AE6 : 25;
05AE7 : 25;
05AE8 : 25;
05AE9 : 25;
05AEA : 25;
05AEB : 25;
05AEC : 25;
05AED : 25;
05AEE : 25;
05AEF : 25;
05AF0 : 25;
05AF1 : 25;
05AF2 : 25;
05AF3 : 25;
05AF4 : 25;
05AF5 : 25;
05AF6 : 25;
05AF7 : 25;
05AF8 : 25;
05AF9 : 25;
05AFA : 25;
05AFB : 25;
05AFC : 25;
05AFD : 25;
05AFE : 25;
05AFF : 25;
05B00 : 25;
05B01 : 25;
05B02 : 25;
05B03 : 25;
05B04 : 25;
05B05 : 25;
05B06 : 25;
05B07 : 25;
05B08 : 25;
05B09 : 25;
05B0A : 25;
05B0B : 25;
05B0C : 25;
05B0D : 25;
05B0E : 25;
05B0F : 25;
05B10 : 25;
05B11 : 25;
05B12 : 25;
05B13 : 25;
05B14 : 25;
05B15 : 25;
05B16 : 25;
05B17 : 25;
05B18 : 25;
05B19 : 25;
05B1A : 25;
05B1B : 25;
05B1C : 25;
05B1D : 25;
05B1E : 25;
05B1F : 25;
05B20 : 25;
05B21 : 25;
05B22 : 25;
05B23 : 25;
05B24 : 25;
05B25 : 25;
05B26 : 25;
05B27 : 25;
05B28 : 25;
05B29 : 25;
05B2A : 25;
05B2B : 25;
05B2C : 25;
05B2D : 25;
05B2E : 25;
05B2F : 25;
05B30 : 25;
05B31 : 25;
05B32 : 25;
05B33 : 25;
05B34 : 25;
05B35 : 25;
05B36 : 25;
05B37 : 25;
05B38 : 25;
05B39 : 25;
05B3A : 25;
05B3B : 25;
05B3C : 25;
05B3D : 25;
05B3E : 25;
05B3F : 25;
05B40 : 25;
05B41 : 25;
05B42 : 25;
05B43 : 25;
05B44 : 25;
05B45 : 25;
05B46 : 25;
05B47 : 25;
05B48 : 25;
05B49 : 25;
05B4A : 25;
05B4B : 25;
05B4C : 25;
05B4D : 25;
05B4E : 25;
05B4F : 25;
05B50 : 25;
05B51 : 25;
05B52 : 25;
05B53 : 25;
05B54 : 25;
05B55 : 25;
05B56 : 25;
05B57 : 25;
05B58 : 25;
05B59 : 25;
05B5A : 25;
05B5B : 25;
05B5C : 25;
05B5D : 25;
05B5E : 25;
05B5F : 25;
05B60 : 25;
05B61 : 25;
05B62 : 25;
05B63 : 25;
05B64 : 25;
05B65 : 25;
05B66 : 25;
05B67 : 25;
05B68 : 25;
05B69 : 25;
05B6A : 25;
05B6B : 25;
05B6C : 25;
05B6D : 25;
05B6E : 25;
05B6F : 25;
05B70 : 25;
05B71 : 25;
05B72 : 25;
05B73 : 25;
05B74 : 25;
05B75 : 25;
05B76 : 25;
05B77 : 25;
05B78 : 25;
05B79 : 25;
05B7A : 25;
05B7B : 25;
05B7C : 25;
05B7D : 25;
05B7E : 25;
05B7F : 25;
05B80 : 25;
05B81 : 25;
05B82 : 25;
05B83 : 25;
05B84 : 25;
05B85 : 25;
05B86 : 25;
05B87 : 25;
05B88 : 25;
05B89 : 25;
05B8A : 25;
05B8B : 25;
05B8C : 25;
05B8D : 25;
05B8E : 25;
05B8F : 25;
05B90 : 25;
05B91 : 25;
05B92 : 25;
05B93 : 25;
05B94 : 25;
05B95 : 25;
05B96 : 25;
05B97 : 25;
05B98 : 25;
05B99 : 25;
05B9A : 25;
05B9B : 25;
05B9C : 25;
05B9D : 25;
05B9E : 25;
05B9F : 25;
05BA0 : 25;
05BA1 : 25;
05BA2 : 25;
05BA3 : 25;
05BA4 : 25;
05BA5 : 25;
05BA6 : 25;
05BA7 : 25;
05BA8 : 25;
05BA9 : 25;
05BAA : 25;
05BAB : 25;
05BAC : 25;
05BAD : 25;
05BAE : 25;
05BAF : 25;
05BB0 : 25;
05BB1 : 25;
05BB2 : 25;
05BB3 : 25;
05BB4 : 25;
05BB5 : 25;
05BB6 : 25;
05BB7 : 25;
05BB8 : 25;
05BB9 : 25;
05BBA : 25;
05BBB : 25;
05BBC : 25;
05BBD : 25;
05BBE : 25;
05BBF : 25;
05BC0 : 25;
05BC1 : 25;
05BC2 : 25;
05BC3 : 25;
05BC4 : 25;
05BC5 : 25;
05BC6 : 25;
05BC7 : 25;
05BC8 : 25;
05BC9 : 25;
05BCA : 25;
05BCB : 25;
05BCC : 25;
05BCD : 25;
05BCE : 25;
05BCF : 25;
05BD0 : 25;
05BD1 : 25;
05BD2 : 25;
05BD3 : 25;
05BD4 : 25;
05BD5 : 25;
05BD6 : 25;
05BD7 : 25;
05BD8 : 25;
05BD9 : 25;
05BDA : 25;
05BDB : 25;
05BDC : 25;
05BDD : 25;
05BDE : 25;
05BDF : 25;
05BE0 : 25;
05BE1 : 25;
05BE2 : 25;
05BE3 : 25;
05BE4 : 25;
05BE5 : 25;
05BE6 : 25;
05BE7 : 25;
05BE8 : 25;
05BE9 : 25;
05BEA : 25;
05BEB : 25;
05BEC : 25;
05BED : 25;
05BEE : 25;
05BEF : 25;
05BF0 : 25;
05BF1 : 25;
05BF2 : 25;
05BF3 : 25;
05BF4 : 25;
05BF5 : 25;
05BF6 : 25;
05BF7 : 25;
05BF8 : 25;
05BF9 : 25;
05BFA : 25;
05BFB : 25;
05BFC : 25;
05BFD : 25;
05BFE : 25;
05BFF : 25;
05C00 : 25;
05C01 : 25;
05C02 : 25;
05C03 : 25;
05C04 : 25;
05C05 : 25;
05C06 : 25;
05C07 : 25;
05C08 : 25;
05C09 : 25;
05C0A : 25;
05C0B : 25;
05C0C : 25;
05C0D : 25;
05C0E : 25;
05C0F : 25;
05C10 : 25;
05C11 : 25;
05C12 : 25;
05C13 : 25;
05C14 : 25;
05C15 : 25;
05C16 : 25;
05C17 : 25;
05C18 : 25;
05C19 : 25;
05C1A : 25;
05C1B : 25;
05C1C : 25;
05C1D : 25;
05C1E : 25;
05C1F : 25;
05C20 : 25;
05C21 : 25;
05C22 : 25;
05C23 : 25;
05C24 : 25;
05C25 : 25;
05C26 : 25;
05C27 : 25;
05C28 : 25;
05C29 : 25;
05C2A : 25;
05C2B : 25;
05C2C : 25;
05C2D : 25;
05C2E : 25;
05C2F : 25;
05C30 : 25;
05C31 : 25;
05C32 : 25;
05C33 : 25;
05C34 : 25;
05C35 : 25;
05C36 : 25;
05C37 : 25;
05C38 : 25;
05C39 : 25;
05C3A : 25;
05C3B : 25;
05C3C : 25;
05C3D : 25;
05C3E : 25;
05C3F : 25;
05C40 : 25;
05C41 : 25;
05C42 : 25;
05C43 : 25;
05C44 : 25;
05C45 : 25;
05C46 : 25;
05C47 : 25;
05C48 : 25;
05C49 : 25;
05C4A : 25;
05C4B : 25;
05C4C : 25;
05C4D : 25;
05C4E : 25;
05C4F : 25;
05C50 : 25;
05C51 : 25;
05C52 : 25;
05C53 : 25;
05C54 : 25;
05C55 : 25;
05C56 : 25;
05C57 : 25;
05C58 : 25;
05C59 : 25;
05C5A : 25;
05C5B : 25;
05C5C : 25;
05C5D : 25;
05C5E : 25;
05C5F : 25;
05C60 : 25;
05C61 : 25;
05C62 : 25;
05C63 : 25;
05C64 : 25;
05C65 : 25;
05C66 : 25;
05C67 : 25;
05C68 : 25;
05C69 : 25;
05C6A : 25;
05C6B : 25;
05C6C : 25;
05C6D : 25;
05C6E : 25;
05C6F : 25;
05C70 : 25;
05C71 : 25;
05C72 : 25;
05C73 : 25;
05C74 : 25;
05C75 : 25;
05C76 : 25;
05C77 : 25;
05C78 : 25;
05C79 : 25;
05C7A : 25;
05C7B : 25;
05C7C : 25;
05C7D : 25;
05C7E : 25;
05C7F : 25;
05C80 : 25;
05C81 : 25;
05C82 : 25;
05C83 : 25;
05C84 : 25;
05C85 : 25;
05C86 : 25;
05C87 : 25;
05C88 : 25;
05C89 : 25;
05C8A : 25;
05C8B : 25;
05C8C : 25;
05C8D : 25;
05C8E : 25;
05C8F : 25;
05C90 : 25;
05C91 : 25;
05C92 : 25;
05C93 : 25;
05C94 : 25;
05C95 : 25;
05C96 : 25;
05C97 : 25;
05C98 : 25;
05C99 : 25;
05C9A : 25;
05C9B : 25;
05C9C : 25;
05C9D : 25;
05C9E : 25;
05C9F : 25;
05CA0 : 25;
05CA1 : 25;
05CA2 : 25;
05CA3 : 25;
05CA4 : 25;
05CA5 : 25;
05CA6 : 25;
05CA7 : 25;
05CA8 : 25;
05CA9 : 25;
05CAA : 25;
05CAB : 25;
05CAC : 25;
05CAD : 25;
05CAE : 25;
05CAF : 25;
05CB0 : 25;
05CB1 : 25;
05CB2 : 25;
05CB3 : 25;
05CB4 : 25;
05CB5 : 25;
05CB6 : 25;
05CB7 : 25;
05CB8 : 25;
05CB9 : 25;
05CBA : 25;
05CBB : 25;
05CBC : 25;
05CBD : 25;
05CBE : 25;
05CBF : 25;
05CC0 : 25;
05CC1 : 25;
05CC2 : 25;
05CC3 : 25;
05CC4 : 25;
05CC5 : 25;
05CC6 : 25;
05CC7 : 25;
05CC8 : 25;
05CC9 : 25;
05CCA : 25;
05CCB : 25;
05CCC : 25;
05CCD : 25;
05CCE : 25;
05CCF : 25;
05CD0 : 25;
05CD1 : 25;
05CD2 : 25;
05CD3 : 25;
05CD4 : 25;
05CD5 : 25;
05CD6 : 25;
05CD7 : 25;
05CD8 : 25;
05CD9 : 25;
05CDA : 25;
05CDB : 25;
05CDC : 25;
05CDD : 25;
05CDE : 25;
05CDF : 25;
05CE0 : 25;
05CE1 : 25;
05CE2 : 25;
05CE3 : 25;
05CE4 : 25;
05CE5 : 25;
05CE6 : 25;
05CE7 : 25;
05CE8 : 25;
05CE9 : 25;
05CEA : 25;
05CEB : 25;
05CEC : 25;
05CED : 25;
05CEE : 25;
05CEF : 25;
05CF0 : 25;
05CF1 : 25;
05CF2 : 25;
05CF3 : 25;
05CF4 : 25;
05CF5 : 25;
05CF6 : 25;
05CF7 : 25;
05CF8 : 25;
05CF9 : 25;
05CFA : 25;
05CFB : 25;
05CFC : 25;
05CFD : 25;
05CFE : 25;
05CFF : 25;
05D00 : 25;
05D01 : 25;
05D02 : 25;
05D03 : 25;
05D04 : 25;
05D05 : 25;
05D06 : 25;
05D07 : 25;
05D08 : 25;
05D09 : 25;
05D0A : 25;
05D0B : 25;
05D0C : 25;
05D0D : 25;
05D0E : 25;
05D0F : 25;
05D10 : 25;
05D11 : 25;
05D12 : 25;
05D13 : 25;
05D14 : 25;
05D15 : 25;
05D16 : 25;
05D17 : 25;
05D18 : 25;
05D19 : 25;
05D1A : 25;
05D1B : 25;
05D1C : 25;
05D1D : 25;
05D1E : 25;
05D1F : 25;
05D20 : 25;
05D21 : 25;
05D22 : 25;
05D23 : 25;
05D24 : 25;
05D25 : 25;
05D26 : 25;
05D27 : 25;
05D28 : 25;
05D29 : 25;
05D2A : 25;
05D2B : 25;
05D2C : 25;
05D2D : 25;
05D2E : 25;
05D2F : 25;
05D30 : 25;
05D31 : 25;
05D32 : 25;
05D33 : 25;
05D34 : 25;
05D35 : 25;
05D36 : 25;
05D37 : 25;
05D38 : 25;
05D39 : 25;
05D3A : 25;
05D3B : 25;
05D3C : 25;
05D3D : 25;
05D3E : 25;
05D3F : 25;
05D40 : 25;
05D41 : 25;
05D42 : 25;
05D43 : 25;
05D44 : 25;
05D45 : 25;
05D46 : 25;
05D47 : 25;
05D48 : 25;
05D49 : 25;
05D4A : 25;
05D4B : 25;
05D4C : 25;
05D4D : 25;
05D4E : 25;
05D4F : 25;
05D50 : 25;
05D51 : 25;
05D52 : 25;
05D53 : 25;
05D54 : 25;
05D55 : 25;
05D56 : 25;
05D57 : 25;
05D58 : 25;
05D59 : 25;
05D5A : 25;
05D5B : 25;
05D5C : 25;
05D5D : 25;
05D5E : 25;
05D5F : 25;
05D60 : 25;
05D61 : 25;
05D62 : 25;
05D63 : 25;
05D64 : 25;
05D65 : 25;
05D66 : 25;
05D67 : 25;
05D68 : 25;
05D69 : 25;
05D6A : 25;
05D6B : 25;
05D6C : 25;
05D6D : 25;
05D6E : 25;
05D6F : 25;
05D70 : 25;
05D71 : 25;
05D72 : 25;
05D73 : 25;
05D74 : 25;
05D75 : 25;
05D76 : 25;
05D77 : 25;
05D78 : 25;
05D79 : 25;
05D7A : 25;
05D7B : 25;
05D7C : 25;
05D7D : 25;
05D7E : 25;
05D7F : 25;
05D80 : 25;
05D81 : 25;
05D82 : 25;
05D83 : 25;
05D84 : 25;
05D85 : 25;
05D86 : 25;
05D87 : 25;
05D88 : 25;
05D89 : 25;
05D8A : 25;
05D8B : 25;
05D8C : 25;
05D8D : 25;
05D8E : 25;
05D8F : 25;
05D90 : 25;
05D91 : 25;
05D92 : 25;
05D93 : 25;
05D94 : 25;
05D95 : 25;
05D96 : 25;
05D97 : 25;
05D98 : 25;
05D99 : 25;
05D9A : 25;
05D9B : 25;
05D9C : 25;
05D9D : 25;
05D9E : 25;
05D9F : 25;
05DA0 : 25;
05DA1 : 25;
05DA2 : 25;
05DA3 : 25;
05DA4 : 25;
05DA5 : 25;
05DA6 : 25;
05DA7 : 25;
05DA8 : 25;
05DA9 : 25;
05DAA : 25;
05DAB : 25;
05DAC : 25;
05DAD : 25;
05DAE : 25;
05DAF : 25;
05DB0 : 25;
05DB1 : 25;
05DB2 : 25;
05DB3 : 25;
05DB4 : 25;
05DB5 : 25;
05DB6 : 25;
05DB7 : 25;
05DB8 : 25;
05DB9 : 25;
05DBA : 25;
05DBB : 25;
05DBC : 25;
05DBD : 25;
05DBE : 25;
05DBF : 25;
05DC0 : 25;
05DC1 : 25;
05DC2 : 25;
05DC3 : 25;
05DC4 : 25;
05DC5 : 25;
05DC6 : 25;
05DC7 : 25;
05DC8 : 25;
05DC9 : 25;
05DCA : 25;
05DCB : 25;
05DCC : 25;
05DCD : 25;
05DCE : 25;
05DCF : 25;
05DD0 : 25;
05DD1 : 25;
05DD2 : 25;
05DD3 : 25;
05DD4 : 25;
05DD5 : 25;
05DD6 : 25;
05DD7 : 25;
05DD8 : 25;
05DD9 : 25;
05DDA : 25;
05DDB : 25;
05DDC : 25;
05DDD : 25;
05DDE : 25;
05DDF : 25;
05DE0 : 25;
05DE1 : 25;
05DE2 : 25;
05DE3 : 25;
05DE4 : 25;
05DE5 : 25;
05DE6 : 25;
05DE7 : 25;
05DE8 : 25;
05DE9 : 25;
05DEA : 25;
05DEB : 25;
05DEC : 25;
05DED : 25;
05DEE : 25;
05DEF : 25;
05DF0 : 25;
05DF1 : 25;
05DF2 : 25;
05DF3 : 25;
05DF4 : 25;
05DF5 : 25;
05DF6 : 25;
05DF7 : 25;
05DF8 : 25;
05DF9 : 25;
05DFA : 25;
05DFB : 25;
05DFC : 25;
05DFD : 25;
05DFE : 25;
05DFF : 25;
05E00 : 25;
05E01 : 25;
05E02 : 25;
05E03 : 25;
05E04 : 25;
05E05 : 25;
05E06 : 25;
05E07 : 25;
05E08 : 25;
05E09 : 25;
05E0A : 25;
05E0B : 25;
05E0C : 25;
05E0D : 25;
05E0E : 25;
05E0F : 25;
05E10 : 25;
05E11 : 25;
05E12 : 25;
05E13 : 25;
05E14 : 25;
05E15 : 25;
05E16 : 25;
05E17 : 25;
05E18 : 25;
05E19 : 25;
05E1A : 25;
05E1B : 25;
05E1C : 25;
05E1D : 25;
05E1E : 25;
05E1F : 25;
05E20 : 25;
05E21 : 25;
05E22 : 25;
05E23 : 25;
05E24 : 25;
05E25 : 25;
05E26 : 25;
05E27 : 25;
05E28 : 25;
05E29 : 25;
05E2A : 25;
05E2B : 25;
05E2C : 25;
05E2D : 25;
05E2E : 25;
05E2F : 25;
05E30 : 25;
05E31 : 25;
05E32 : 25;
05E33 : 25;
05E34 : 25;
05E35 : 25;
05E36 : 25;
05E37 : 25;
05E38 : 25;
05E39 : 25;
05E3A : 25;
05E3B : 25;
05E3C : 25;
05E3D : 25;
05E3E : 25;
05E3F : 25;
05E40 : 25;
05E41 : 25;
05E42 : 25;
05E43 : 25;
05E44 : 25;
05E45 : 25;
05E46 : 25;
05E47 : 25;
05E48 : 25;
05E49 : 25;
05E4A : 25;
05E4B : 25;
05E4C : 25;
05E4D : 25;
05E4E : 25;
05E4F : 25;
05E50 : 25;
05E51 : 25;
05E52 : 25;
05E53 : 25;
05E54 : 25;
05E55 : 25;
05E56 : 25;
05E57 : 25;
05E58 : 25;
05E59 : 25;
05E5A : 25;
05E5B : 25;
05E5C : 25;
05E5D : 25;
05E5E : 25;
05E5F : 25;
05E60 : 25;
05E61 : 25;
05E62 : 25;
05E63 : 25;
05E64 : 25;
05E65 : 25;
05E66 : 25;
05E67 : 25;
05E68 : 25;
05E69 : 25;
05E6A : 25;
05E6B : 25;
05E6C : 25;
05E6D : 25;
05E6E : 25;
05E6F : 25;
05E70 : 25;
05E71 : 25;
05E72 : 25;
05E73 : 25;
05E74 : 25;
05E75 : 25;
05E76 : 25;
05E77 : 25;
05E78 : 25;
05E79 : 25;
05E7A : 25;
05E7B : 25;
05E7C : 25;
05E7D : 25;
05E7E : 25;
05E7F : 25;
05E80 : 25;
05E81 : 25;
05E82 : 25;
05E83 : 25;
05E84 : 25;
05E85 : 25;
05E86 : 25;
05E87 : 25;
05E88 : 25;
05E89 : 25;
05E8A : 25;
05E8B : 25;
05E8C : 25;
05E8D : 25;
05E8E : 25;
05E8F : 25;
05E90 : 25;
05E91 : 25;
05E92 : 25;
05E93 : 25;
05E94 : 25;
05E95 : 25;
05E96 : 25;
05E97 : 25;
05E98 : 25;
05E99 : 25;
05E9A : 25;
05E9B : 25;
05E9C : 25;
05E9D : 25;
05E9E : 25;
05E9F : 25;
05EA0 : 25;
05EA1 : 25;
05EA2 : 25;
05EA3 : 25;
05EA4 : 25;
05EA5 : 25;
05EA6 : 25;
05EA7 : 25;
05EA8 : 25;
05EA9 : 25;
05EAA : 25;
05EAB : 25;
05EAC : 25;
05EAD : 25;
05EAE : 25;
05EAF : 25;
05EB0 : 25;
05EB1 : 25;
05EB2 : 25;
05EB3 : 25;
05EB4 : 25;
05EB5 : 25;
05EB6 : 25;
05EB7 : 25;
05EB8 : 25;
05EB9 : 25;
05EBA : 25;
05EBB : 25;
05EBC : 25;
05EBD : 25;
05EBE : 25;
05EBF : 25;
05EC0 : 25;
05EC1 : 25;
05EC2 : 25;
05EC3 : 25;
05EC4 : 25;
05EC5 : 25;
05EC6 : 25;
05EC7 : 25;
05EC8 : 25;
05EC9 : 25;
05ECA : 25;
05ECB : 25;
05ECC : 25;
05ECD : 25;
05ECE : 25;
05ECF : 25;
05ED0 : 25;
05ED1 : 25;
05ED2 : 25;
05ED3 : 25;
05ED4 : 25;
05ED5 : 25;
05ED6 : 25;
05ED7 : 25;
05ED8 : 25;
05ED9 : 25;
05EDA : 25;
05EDB : 25;
05EDC : 25;
05EDD : 25;
05EDE : 25;
05EDF : 25;
05EE0 : 25;
05EE1 : 25;
05EE2 : 25;
05EE3 : 25;
05EE4 : 25;
05EE5 : 25;
05EE6 : 25;
05EE7 : 25;
05EE8 : 25;
05EE9 : 25;
05EEA : 25;
05EEB : 25;
05EEC : 25;
05EED : 25;
05EEE : 25;
05EEF : 25;
05EF0 : 25;
05EF1 : 25;
05EF2 : 25;
05EF3 : 25;
05EF4 : 25;
05EF5 : 25;
05EF6 : 25;
05EF7 : 25;
05EF8 : 25;
05EF9 : 25;
05EFA : 25;
05EFB : 25;
05EFC : 25;
05EFD : 25;
05EFE : 25;
05EFF : 25;
05F00 : 25;
05F01 : 25;
05F02 : 25;
05F03 : 25;
05F04 : 25;
05F05 : 25;
05F06 : 25;
05F07 : 25;
05F08 : 25;
05F09 : 25;
05F0A : 25;
05F0B : 25;
05F0C : 25;
05F0D : 25;
05F0E : 25;
05F0F : 25;
05F10 : 25;
05F11 : 25;
05F12 : 25;
05F13 : 25;
05F14 : 25;
05F15 : 25;
05F16 : 25;
05F17 : 25;
05F18 : 25;
05F19 : 25;
05F1A : 25;
05F1B : 25;
05F1C : 25;
05F1D : 25;
05F1E : 25;
05F1F : 25;
05F20 : 25;
05F21 : 25;
05F22 : 25;
05F23 : 25;
05F24 : 25;
05F25 : 25;
05F26 : 25;
05F27 : 25;
05F28 : 25;
05F29 : 25;
05F2A : 25;
05F2B : 25;
05F2C : 25;
05F2D : 25;
05F2E : 25;
05F2F : 25;
05F30 : 25;
05F31 : 25;
05F32 : 25;
05F33 : 25;
05F34 : 25;
05F35 : 25;
05F36 : 25;
05F37 : 25;
05F38 : 25;
05F39 : 25;
05F3A : 25;
05F3B : 25;
05F3C : 25;
05F3D : 25;
05F3E : 25;
05F3F : 25;
05F40 : 25;
05F41 : 25;
05F42 : 25;
05F43 : 25;
05F44 : 25;
05F45 : 25;
05F46 : 25;
05F47 : 25;
05F48 : 25;
05F49 : 25;
05F4A : 25;
05F4B : 25;
05F4C : 25;
05F4D : 25;
05F4E : 25;
05F4F : 25;
05F50 : 25;
05F51 : 25;
05F52 : 25;
05F53 : 25;
05F54 : 25;
05F55 : 25;
05F56 : 25;
05F57 : 25;
05F58 : 25;
05F59 : 25;
05F5A : 25;
05F5B : 25;
05F5C : 25;
05F5D : 25;
05F5E : 25;
05F5F : 25;
05F60 : 25;
05F61 : 25;
05F62 : 25;
05F63 : 25;
05F64 : 25;
05F65 : 25;
05F66 : 25;
05F67 : 25;
05F68 : 25;
05F69 : 25;
05F6A : 25;
05F6B : 25;
05F6C : 25;
05F6D : 25;
05F6E : 25;
05F6F : 25;
05F70 : 25;
05F71 : 25;
05F72 : 25;
05F73 : 25;
05F74 : 25;
05F75 : 25;
05F76 : 25;
05F77 : 25;
05F78 : 25;
05F79 : 25;
05F7A : 25;
05F7B : 25;
05F7C : 25;
05F7D : 25;
05F7E : 25;
05F7F : 25;
05F80 : 25;
05F81 : 25;
05F82 : 25;
05F83 : 25;
05F84 : 25;
05F85 : 25;
05F86 : 25;
05F87 : 25;
05F88 : 25;
05F89 : 25;
05F8A : 25;
05F8B : 25;
05F8C : 25;
05F8D : 25;
05F8E : 25;
05F8F : 25;
05F90 : 25;
05F91 : 25;
05F92 : 25;
05F93 : 25;
05F94 : 25;
05F95 : 25;
05F96 : 25;
05F97 : 25;
05F98 : 25;
05F99 : 25;
05F9A : 25;
05F9B : 25;
05F9C : 25;
05F9D : 25;
05F9E : 25;
05F9F : 25;
05FA0 : 25;
05FA1 : 25;
05FA2 : 25;
05FA3 : 25;
05FA4 : 25;
05FA5 : 25;
05FA6 : 25;
05FA7 : 25;
05FA8 : 25;
05FA9 : 25;
05FAA : 25;
05FAB : 25;
05FAC : 25;
05FAD : 25;
05FAE : 25;
05FAF : 25;
05FB0 : 25;
05FB1 : 25;
05FB2 : 25;
05FB3 : 25;
05FB4 : 25;
05FB5 : 25;
05FB6 : 25;
05FB7 : 25;
05FB8 : 25;
05FB9 : 25;
05FBA : 25;
05FBB : 25;
05FBC : 25;
05FBD : 25;
05FBE : 25;
05FBF : 25;
05FC0 : 25;
05FC1 : 25;
05FC2 : 25;
05FC3 : 25;
05FC4 : 25;
05FC5 : 25;
05FC6 : 25;
05FC7 : 25;
05FC8 : 25;
05FC9 : 25;
05FCA : 25;
05FCB : 25;
05FCC : 25;
05FCD : 25;
05FCE : 25;
05FCF : 25;
05FD0 : 25;
05FD1 : 25;
05FD2 : 25;
05FD3 : 25;
05FD4 : 25;
05FD5 : 25;
05FD6 : 25;
05FD7 : 25;
05FD8 : 25;
05FD9 : 25;
05FDA : 25;
05FDB : 25;
05FDC : 25;
05FDD : 25;
05FDE : 25;
05FDF : 25;
05FE0 : 25;
05FE1 : 25;
05FE2 : 25;
05FE3 : 25;
05FE4 : 25;
05FE5 : 25;
05FE6 : 25;
05FE7 : 25;
05FE8 : 25;
05FE9 : 25;
05FEA : 25;
05FEB : 25;
05FEC : 25;
05FED : 25;
05FEE : 25;
05FEF : 25;
05FF0 : 25;
05FF1 : 25;
05FF2 : 25;
05FF3 : 25;
05FF4 : 25;
05FF5 : 25;
05FF6 : 25;
05FF7 : 25;
05FF8 : 25;
05FF9 : 25;
05FFA : 25;
05FFB : 25;
05FFC : 25;
05FFD : 25;
05FFE : 25;
05FFF : 25;
06000 : 25;
06001 : 25;
06002 : 25;
06003 : 25;
06004 : 25;
06005 : 25;
06006 : 25;
06007 : 25;
06008 : 25;
06009 : 25;
0600A : 25;
0600B : 25;
0600C : 25;
0600D : 25;
0600E : 25;
0600F : 25;
06010 : 25;
06011 : 25;
06012 : 25;
06013 : 25;
06014 : 25;
06015 : 25;
06016 : 25;
06017 : 25;
06018 : 25;
06019 : 25;
0601A : 25;
0601B : 25;
0601C : 25;
0601D : 25;
0601E : 25;
0601F : 25;
06020 : 25;
06021 : 25;
06022 : 25;
06023 : 25;
06024 : 25;
06025 : 25;
06026 : 25;
06027 : 25;
06028 : 25;
06029 : 25;
0602A : 25;
0602B : 25;
0602C : 25;
0602D : 25;
0602E : 25;
0602F : 25;
06030 : 25;
06031 : 25;
06032 : 25;
06033 : 25;
06034 : 25;
06035 : 25;
06036 : 25;
06037 : 25;
06038 : 25;
06039 : 25;
0603A : 25;
0603B : 25;
0603C : 25;
0603D : 25;
0603E : 25;
0603F : 25;
06040 : 25;
06041 : 25;
06042 : 25;
06043 : 25;
06044 : 25;
06045 : 25;
06046 : 25;
06047 : 25;
06048 : 25;
06049 : 25;
0604A : 25;
0604B : 25;
0604C : 25;
0604D : 25;
0604E : 25;
0604F : 25;
06050 : 25;
06051 : 25;
06052 : 25;
06053 : 25;
06054 : 25;
06055 : 25;
06056 : 25;
06057 : 25;
06058 : 25;
06059 : 25;
0605A : 25;
0605B : 25;
0605C : 25;
0605D : 25;
0605E : 25;
0605F : 25;
06060 : 25;
06061 : 25;
06062 : 25;
06063 : 25;
06064 : 25;
06065 : 25;
06066 : 25;
06067 : 25;
06068 : 25;
06069 : 25;
0606A : 25;
0606B : 25;
0606C : 25;
0606D : 25;
0606E : 25;
0606F : 25;
06070 : 25;
06071 : 25;
06072 : 25;
06073 : 25;
06074 : 25;
06075 : 25;
06076 : 25;
06077 : 25;
06078 : 25;
06079 : 25;
0607A : 25;
0607B : 25;
0607C : 25;
0607D : 25;
0607E : 25;
0607F : 25;
06080 : 25;
06081 : 25;
06082 : 25;
06083 : 25;
06084 : 25;
06085 : 25;
06086 : 25;
06087 : 25;
06088 : 25;
06089 : 25;
0608A : 25;
0608B : 25;
0608C : 25;
0608D : 25;
0608E : 25;
0608F : 25;
06090 : 25;
06091 : 25;
06092 : 25;
06093 : 25;
06094 : 25;
06095 : 25;
06096 : 25;
06097 : 25;
06098 : 25;
06099 : 25;
0609A : 25;
0609B : 25;
0609C : 25;
0609D : 25;
0609E : 25;
0609F : 25;
060A0 : 25;
060A1 : 25;
060A2 : 25;
060A3 : 25;
060A4 : 25;
060A5 : 25;
060A6 : 25;
060A7 : 25;
060A8 : 25;
060A9 : 25;
060AA : 25;
060AB : 25;
060AC : 25;
060AD : 25;
060AE : 25;
060AF : 25;
060B0 : 25;
060B1 : 25;
060B2 : 25;
060B3 : 25;
060B4 : 25;
060B5 : 25;
060B6 : 25;
060B7 : 25;
060B8 : 25;
060B9 : 25;
060BA : 25;
060BB : 25;
060BC : 25;
060BD : 25;
060BE : 25;
060BF : 25;
060C0 : 25;
060C1 : 25;
060C2 : 25;
060C3 : 25;
060C4 : 25;
060C5 : 25;
060C6 : 25;
060C7 : 25;
060C8 : 25;
060C9 : 25;
060CA : 25;
060CB : 25;
060CC : 25;
060CD : 25;
060CE : 25;
060CF : 25;
060D0 : 25;
060D1 : 25;
060D2 : 25;
060D3 : 25;
060D4 : 25;
060D5 : 25;
060D6 : 25;
060D7 : 25;
060D8 : 25;
060D9 : 25;
060DA : 25;
060DB : 25;
060DC : 25;
060DD : 25;
060DE : 25;
060DF : 25;
060E0 : 25;
060E1 : 25;
060E2 : 25;
060E3 : 25;
060E4 : 25;
060E5 : 25;
060E6 : 25;
060E7 : 25;
060E8 : 25;
060E9 : 25;
060EA : 25;
060EB : 25;
060EC : 25;
060ED : 25;
060EE : 25;
060EF : 25;
060F0 : 25;
060F1 : 25;
060F2 : 25;
060F3 : 25;
060F4 : 25;
060F5 : 25;
060F6 : 25;
060F7 : 25;
060F8 : 25;
060F9 : 25;
060FA : 25;
060FB : 25;
060FC : 25;
060FD : 25;
060FE : 25;
060FF : 25;
06100 : 25;
06101 : 25;
06102 : 25;
06103 : 25;
06104 : 25;
06105 : 25;
06106 : 25;
06107 : 25;
06108 : 25;
06109 : 25;
0610A : 25;
0610B : 25;
0610C : 25;
0610D : 25;
0610E : 25;
0610F : 25;
06110 : 25;
06111 : 25;
06112 : 25;
06113 : 25;
06114 : 25;
06115 : 25;
06116 : 25;
06117 : 25;
06118 : 25;
06119 : 25;
0611A : 25;
0611B : 25;
0611C : 25;
0611D : 25;
0611E : 25;
0611F : 25;
06120 : 25;
06121 : 25;
06122 : 25;
06123 : 25;
06124 : 25;
06125 : 25;
06126 : 25;
06127 : 25;
06128 : 25;
06129 : 25;
0612A : 25;
0612B : 25;
0612C : 25;
0612D : 25;
0612E : 25;
0612F : 25;
06130 : 25;
06131 : 25;
06132 : 25;
06133 : 25;
06134 : 25;
06135 : 25;
06136 : 25;
06137 : 25;
06138 : 25;
06139 : 25;
0613A : 25;
0613B : 25;
0613C : 25;
0613D : 25;
0613E : 25;
0613F : 25;
06140 : 25;
06141 : 25;
06142 : 25;
06143 : 25;
06144 : 25;
06145 : 25;
06146 : 25;
06147 : 25;
06148 : 25;
06149 : 25;
0614A : 25;
0614B : 25;
0614C : 25;
0614D : 25;
0614E : 25;
0614F : 25;
06150 : 25;
06151 : 25;
06152 : 25;
06153 : 25;
06154 : 25;
06155 : 25;
06156 : 25;
06157 : 25;
06158 : 25;
06159 : 25;
0615A : 25;
0615B : 25;
0615C : 25;
0615D : 25;
0615E : 25;
0615F : 25;
06160 : 25;
06161 : 25;
06162 : 25;
06163 : 25;
06164 : 25;
06165 : 25;
06166 : 25;
06167 : 25;
06168 : 25;
06169 : 25;
0616A : 25;
0616B : 25;
0616C : 25;
0616D : 25;
0616E : 25;
0616F : 25;
06170 : 25;
06171 : 25;
06172 : 25;
06173 : 25;
06174 : 25;
06175 : 25;
06176 : 25;
06177 : 25;
06178 : 25;
06179 : 25;
0617A : 25;
0617B : 25;
0617C : 25;
0617D : 25;
0617E : 25;
0617F : 25;
06180 : 25;
06181 : 25;
06182 : 25;
06183 : 25;
06184 : 25;
06185 : 25;
06186 : 25;
06187 : 25;
06188 : 25;
06189 : 25;
0618A : 25;
0618B : 25;
0618C : 25;
0618D : 25;
0618E : 25;
0618F : 25;
06190 : 25;
06191 : 25;
06192 : 25;
06193 : 25;
06194 : 25;
06195 : 25;
06196 : 25;
06197 : 25;
06198 : 25;
06199 : 25;
0619A : 25;
0619B : 25;
0619C : 25;
0619D : 25;
0619E : 25;
0619F : 25;
061A0 : 25;
061A1 : 25;
061A2 : 25;
061A3 : 25;
061A4 : 25;
061A5 : 25;
061A6 : 25;
061A7 : 25;
061A8 : 25;
061A9 : 25;
061AA : 25;
061AB : 25;
061AC : 25;
061AD : 25;
061AE : 25;
061AF : 25;
061B0 : 25;
061B1 : 25;
061B2 : 25;
061B3 : 25;
061B4 : 25;
061B5 : 25;
061B6 : 25;
061B7 : 25;
061B8 : 25;
061B9 : 25;
061BA : 25;
061BB : 25;
061BC : 25;
061BD : 25;
061BE : 25;
061BF : 25;
061C0 : 25;
061C1 : 25;
061C2 : 25;
061C3 : 25;
061C4 : 25;
061C5 : 25;
061C6 : 25;
061C7 : 25;
061C8 : 25;
061C9 : 25;
061CA : 25;
061CB : 25;
061CC : 25;
061CD : 25;
061CE : 25;
061CF : 25;
061D0 : 25;
061D1 : 25;
061D2 : 25;
061D3 : 25;
061D4 : 25;
061D5 : 25;
061D6 : 25;
061D7 : 25;
061D8 : 25;
061D9 : 25;
061DA : 25;
061DB : 25;
061DC : 25;
061DD : 25;
061DE : 25;
061DF : 25;
061E0 : 25;
061E1 : 25;
061E2 : 25;
061E3 : 25;
061E4 : 25;
061E5 : 25;
061E6 : 25;
061E7 : 25;
061E8 : 25;
061E9 : 25;
061EA : 25;
061EB : 25;
061EC : 25;
061ED : 25;
061EE : 25;
061EF : 25;
061F0 : 25;
061F1 : 25;
061F2 : 25;
061F3 : 25;
061F4 : 25;
061F5 : 25;
061F6 : 25;
061F7 : 25;
061F8 : 25;
061F9 : 25;
061FA : 25;
061FB : 25;
061FC : 25;
061FD : 25;
061FE : 25;
061FF : 25;
06200 : 25;
06201 : 25;
06202 : 25;
06203 : 25;
06204 : 25;
06205 : 25;
06206 : 25;
06207 : 25;
06208 : 25;
06209 : 25;
0620A : 25;
0620B : 25;
0620C : 25;
0620D : 25;
0620E : 25;
0620F : 25;
06210 : 25;
06211 : 25;
06212 : 25;
06213 : 25;
06214 : 25;
06215 : 25;
06216 : 25;
06217 : 25;
06218 : 25;
06219 : 25;
0621A : 25;
0621B : 25;
0621C : 25;
0621D : 25;
0621E : 25;
0621F : 25;
06220 : 25;
06221 : 25;
06222 : 25;
06223 : 25;
06224 : 25;
06225 : 25;
06226 : 25;
06227 : 25;
06228 : 25;
06229 : 25;
0622A : 25;
0622B : 25;
0622C : 25;
0622D : 25;
0622E : 25;
0622F : 25;
06230 : 25;
06231 : 25;
06232 : 25;
06233 : 25;
06234 : 25;
06235 : 25;
06236 : 25;
06237 : 25;
06238 : 25;
06239 : 25;
0623A : 25;
0623B : 25;
0623C : 25;
0623D : 25;
0623E : 25;
0623F : 25;
06240 : 25;
06241 : 25;
06242 : 25;
06243 : 25;
06244 : 25;
06245 : 25;
06246 : 25;
06247 : 25;
06248 : 25;
06249 : 25;
0624A : 25;
0624B : 25;
0624C : 25;
0624D : 25;
0624E : 25;
0624F : 25;
06250 : 25;
06251 : 25;
06252 : 25;
06253 : 25;
06254 : 25;
06255 : 25;
06256 : 25;
06257 : 25;
06258 : 25;
06259 : 25;
0625A : 25;
0625B : 25;
0625C : 25;
0625D : 25;
0625E : 25;
0625F : 25;
06260 : 25;
06261 : 25;
06262 : 25;
06263 : 25;
06264 : 25;
06265 : 25;
06266 : 25;
06267 : 25;
06268 : 25;
06269 : 25;
0626A : 25;
0626B : 25;
0626C : 25;
0626D : 25;
0626E : 25;
0626F : 25;
06270 : 25;
06271 : 25;
06272 : 25;
06273 : 25;
06274 : 25;
06275 : 25;
06276 : 25;
06277 : 25;
06278 : 25;
06279 : 25;
0627A : 25;
0627B : 25;
0627C : 25;
0627D : 25;
0627E : 25;
0627F : 25;
06280 : 25;
06281 : 25;
06282 : 25;
06283 : 25;
06284 : 25;
06285 : 25;
06286 : 25;
06287 : 25;
06288 : 25;
06289 : 25;
0628A : 25;
0628B : 25;
0628C : 25;
0628D : 25;
0628E : 25;
0628F : 25;
06290 : 25;
06291 : 25;
06292 : 25;
06293 : 25;
06294 : 25;
06295 : 25;
06296 : 25;
06297 : 25;
06298 : 25;
06299 : 25;
0629A : 25;
0629B : 25;
0629C : 25;
0629D : 25;
0629E : 25;
0629F : 25;
062A0 : 25;
062A1 : 25;
062A2 : 25;
062A3 : 25;
062A4 : 25;
062A5 : 25;
062A6 : 25;
062A7 : 25;
062A8 : 25;
062A9 : 25;
062AA : 25;
062AB : 25;
062AC : 25;
062AD : 25;
062AE : 25;
062AF : 25;
062B0 : 25;
062B1 : 25;
062B2 : 25;
062B3 : 25;
062B4 : 25;
062B5 : 25;
062B6 : 25;
062B7 : 25;
062B8 : 25;
062B9 : 25;
062BA : 25;
062BB : 25;
062BC : 25;
062BD : 25;
062BE : 25;
062BF : 25;
062C0 : 25;
062C1 : 25;
062C2 : 25;
062C3 : 25;
062C4 : 25;
062C5 : 25;
062C6 : 25;
062C7 : 25;
062C8 : 25;
062C9 : 25;
062CA : 25;
062CB : 25;
062CC : 25;
062CD : 25;
062CE : 25;
062CF : 25;
062D0 : 25;
062D1 : 25;
062D2 : 25;
062D3 : 25;
062D4 : 25;
062D5 : 25;
062D6 : 25;
062D7 : 25;
062D8 : 25;
062D9 : 25;
062DA : 25;
062DB : 25;
062DC : 25;
062DD : 25;
062DE : 25;
062DF : 25;
062E0 : 25;
062E1 : 25;
062E2 : 25;
062E3 : 25;
062E4 : 25;
062E5 : 25;
062E6 : 25;
062E7 : 25;
062E8 : 25;
062E9 : 25;
062EA : 25;
062EB : 25;
062EC : 25;
062ED : 25;
062EE : 25;
062EF : 25;
062F0 : 25;
062F1 : 25;
062F2 : 25;
062F3 : 25;
062F4 : 25;
062F5 : 25;
062F6 : 25;
062F7 : 25;
062F8 : 25;
062F9 : 25;
062FA : 25;
062FB : 25;
062FC : 25;
062FD : 25;
062FE : 25;
062FF : 25;
06300 : 25;
06301 : 25;
06302 : 25;
06303 : 25;
06304 : 25;
06305 : 25;
06306 : 25;
06307 : 25;
06308 : 25;
06309 : 25;
0630A : 25;
0630B : 25;
0630C : 25;
0630D : 25;
0630E : 25;
0630F : 25;
06310 : 25;
06311 : 25;
06312 : 25;
06313 : 25;
06314 : 25;
06315 : 25;
06316 : 25;
06317 : 25;
06318 : 25;
06319 : 25;
0631A : 25;
0631B : 25;
0631C : 25;
0631D : 25;
0631E : 25;
0631F : 25;
06320 : 25;
06321 : 25;
06322 : 25;
06323 : 25;
06324 : 25;
06325 : 25;
06326 : 25;
06327 : 25;
06328 : 25;
06329 : 25;
0632A : 25;
0632B : 25;
0632C : 25;
0632D : 25;
0632E : 25;
0632F : 25;
06330 : 25;
06331 : 25;
06332 : 25;
06333 : 25;
06334 : 25;
06335 : 25;
06336 : 25;
06337 : 25;
06338 : 25;
06339 : 25;
0633A : 25;
0633B : 25;
0633C : 25;
0633D : 25;
0633E : 25;
0633F : 25;
06340 : 25;
06341 : 25;
06342 : 25;
06343 : 25;
06344 : 25;
06345 : 25;
06346 : 25;
06347 : 25;
06348 : 25;
06349 : 25;
0634A : 25;
0634B : 25;
0634C : 25;
0634D : 25;
0634E : 25;
0634F : 25;
06350 : 25;
06351 : 25;
06352 : 25;
06353 : 25;
06354 : 25;
06355 : 25;
06356 : 25;
06357 : 25;
06358 : 25;
06359 : 25;
0635A : 25;
0635B : 25;
0635C : 25;
0635D : 25;
0635E : 25;
0635F : 25;
06360 : 25;
06361 : 25;
06362 : 25;
06363 : 25;
06364 : 25;
06365 : 25;
06366 : 25;
06367 : 25;
06368 : 25;
06369 : 25;
0636A : 25;
0636B : 25;
0636C : 25;
0636D : 25;
0636E : 25;
0636F : 25;
06370 : 25;
06371 : 25;
06372 : 25;
06373 : 25;
06374 : 25;
06375 : 25;
06376 : 25;
06377 : 25;
06378 : 25;
06379 : 25;
0637A : 25;
0637B : 25;
0637C : 25;
0637D : 25;
0637E : 25;
0637F : 25;
06380 : 25;
06381 : 25;
06382 : 25;
06383 : 25;
06384 : 25;
06385 : 25;
06386 : 25;
06387 : 25;
06388 : 25;
06389 : 25;
0638A : 25;
0638B : 25;
0638C : 25;
0638D : 25;
0638E : 25;
0638F : 25;
06390 : 25;
06391 : 25;
06392 : 25;
06393 : 25;
06394 : 25;
06395 : 25;
06396 : 25;
06397 : 25;
06398 : 25;
06399 : 25;
0639A : 25;
0639B : 25;
0639C : 25;
0639D : 25;
0639E : 25;
0639F : 25;
063A0 : 25;
063A1 : 25;
063A2 : 25;
063A3 : 25;
063A4 : 25;
063A5 : 25;
063A6 : 25;
063A7 : 25;
063A8 : 25;
063A9 : 25;
063AA : 25;
063AB : 25;
063AC : 25;
063AD : 25;
063AE : 25;
063AF : 25;
063B0 : 25;
063B1 : 25;
063B2 : 25;
063B3 : 25;
063B4 : 25;
063B5 : 25;
063B6 : 25;
063B7 : 25;
063B8 : 25;
063B9 : 25;
063BA : 25;
063BB : 25;
063BC : 25;
063BD : 25;
063BE : 25;
063BF : 25;
063C0 : 25;
063C1 : 25;
063C2 : 25;
063C3 : 25;
063C4 : 25;
063C5 : 25;
063C6 : 25;
063C7 : 25;
063C8 : 25;
063C9 : 25;
063CA : 25;
063CB : 25;
063CC : 25;
063CD : 25;
063CE : 25;
063CF : 25;
063D0 : 25;
063D1 : 25;
063D2 : 25;
063D3 : 25;
063D4 : 25;
063D5 : 25;
063D6 : 25;
063D7 : 25;
063D8 : 25;
063D9 : 25;
063DA : 25;
063DB : 25;
063DC : 25;
063DD : 25;
063DE : 25;
063DF : 25;
063E0 : 25;
063E1 : 25;
063E2 : 25;
063E3 : 25;
063E4 : 25;
063E5 : 25;
063E6 : 25;
063E7 : 25;
063E8 : 25;
063E9 : 25;
063EA : 25;
063EB : 25;
063EC : 25;
063ED : 25;
063EE : 25;
063EF : 25;
063F0 : 25;
063F1 : 25;
063F2 : 25;
063F3 : 25;
063F4 : 25;
063F5 : 25;
063F6 : 25;
063F7 : 25;
063F8 : 25;
063F9 : 25;
063FA : 25;
063FB : 25;
063FC : 25;
063FD : 25;
063FE : 25;
063FF : 25;
06400 : 25;
06401 : 25;
06402 : 25;
06403 : 25;
06404 : 25;
06405 : 25;
06406 : 25;
06407 : 25;
06408 : 25;
06409 : 25;
0640A : 25;
0640B : 25;
0640C : 25;
0640D : 25;
0640E : 25;
0640F : 25;
06410 : 25;
06411 : 25;
06412 : 04;
06413 : 9A;
06414 : BA;
06415 : 55;
06416 : 5A;
06417 : 5A;
06418 : 2D;
06419 : 2D;
0641A : 0D;
0641B : 5A;
0641C : 7A;
0641D : 25;
0641E : 25;
0641F : 25;
06420 : 25;
06421 : 25;
06422 : 25;
06423 : 25;
06424 : 25;
06425 : 25;
06426 : 25;
06427 : 25;
06428 : 25;
06429 : 25;
0642A : 25;
0642B : 25;
0642C : 25;
0642D : 25;
0642E : 25;
0642F : 25;
06430 : 25;
06431 : 25;
06432 : 04;
06433 : 9A;
06434 : BA;
06435 : 56;
06436 : 5A;
06437 : 5A;
06438 : 2D;
06439 : 2D;
0643A : 0D;
0643B : 5A;
0643C : 7A;
0643D : 25;
0643E : 25;
0643F : 25;
06440 : 25;
06441 : 25;
06442 : 25;
06443 : 25;
06444 : 25;
06445 : 25;
06446 : 25;
06447 : 25;
06448 : 25;
06449 : 25;
0644A : 25;
0644B : 25;
0644C : 25;
0644D : 25;
0644E : 25;
0644F : 25;
06450 : 25;
06451 : 25;
06452 : 04;
06453 : 7A;
06454 : 56;
06455 : 2D;
06456 : 31;
06457 : 5A;
06458 : 2D;
06459 : 31;
0645A : 0D;
0645B : 5A;
0645C : 7A;
0645D : 25;
0645E : 25;
0645F : 25;
06460 : 25;
06461 : 25;
06462 : 25;
06463 : 25;
06464 : 25;
06465 : 25;
06466 : 25;
06467 : 25;
06468 : 25;
06469 : 25;
0646A : 25;
0646B : 25;
0646C : 25;
0646D : 25;
0646E : 25;
0646F : 25;
06470 : 25;
06471 : 25;
06472 : 25;
06473 : 7A;
06474 : 56;
06475 : 2D;
06476 : 31;
06477 : 5A;
06478 : 2D;
06479 : 2D;
0647A : 0D;
0647B : 5A;
0647C : 5A;
0647D : 25;
0647E : 25;
0647F : 25;
06480 : 25;
06481 : 25;
06482 : 25;
06483 : 25;
06484 : 25;
06485 : 25;
06486 : 25;
06487 : 25;
06488 : 25;
06489 : 25;
0648A : 25;
0648B : 25;
0648C : 25;
0648D : 25;
0648E : 25;
0648F : 25;
06490 : 25;
06491 : 25;
06492 : 29;
06493 : BA;
06494 : BA;
06495 : 31;
06496 : 31;
06497 : 5A;
06498 : 2D;
06499 : 2D;
0649A : 0D;
0649B : 5A;
0649C : 7A;
0649D : 25;
0649E : 25;
0649F : 25;
064A0 : 25;
064A1 : 25;
064A2 : 25;
064A3 : 25;
064A4 : 25;
064A5 : 25;
064A6 : 25;
064A7 : 25;
064A8 : 25;
064A9 : 25;
064AA : 25;
064AB : 25;
064AC : 25;
064AD : 25;
064AE : 25;
064AF : 25;
064B0 : 25;
064B1 : 25;
064B2 : 29;
064B3 : BA;
064B4 : BA;
064B5 : 2D;
064B6 : 31;
064B7 : 56;
064B8 : 0D;
064B9 : 2D;
064BA : 0D;
064BB : 36;
064BC : 7A;
064BD : 25;
064BE : 25;
064BF : 25;
064C0 : 25;
064C1 : 25;
064C2 : 25;
064C3 : 25;
064C4 : 25;
064C5 : 25;
064C6 : 25;
064C7 : 25;
064C8 : 25;
064C9 : 25;
064CA : 25;
064CB : 25;
064CC : 25;
064CD : 25;
064CE : 25;
064CF : 25;
064D0 : 25;
064D1 : 04;
064D2 : 9A;
064D3 : BA;
064D4 : BA;
064D5 : 31;
064D6 : 31;
064D7 : 36;
064D8 : 0D;
064D9 : 2D;
064DA : 0D;
064DB : 36;
064DC : 5A;
064DD : 25;
064DE : 25;
064DF : 25;
064E0 : 25;
064E1 : 25;
064E2 : 25;
064E3 : 25;
064E4 : 25;
064E5 : 25;
064E6 : 25;
064E7 : 25;
064E8 : 25;
064E9 : 25;
064EA : 25;
064EB : 25;
064EC : 25;
064ED : 25;
064EE : 25;
064EF : 25;
064F0 : 25;
064F1 : 04;
064F2 : 7A;
064F3 : BA;
064F4 : BA;
064F5 : 2D;
064F6 : 31;
064F7 : 36;
064F8 : 0D;
064F9 : 2D;
064FA : 0D;
064FB : 56;
064FC : 7A;
064FD : 25;
064FE : 25;
064FF : 25;
06500 : 25;
06501 : 25;
06502 : 25;
06503 : 25;
06504 : 25;
06505 : 25;
06506 : 25;
06507 : 25;
06508 : 25;
06509 : 25;
0650A : 25;
0650B : 25;
0650C : 25;
0650D : 25;
0650E : 25;
0650F : 25;
06510 : 25;
06511 : 04;
06512 : 7A;
06513 : BA;
06514 : BA;
06515 : 31;
06516 : 36;
06517 : 56;
06518 : 2D;
06519 : 2D;
0651A : 2D;
0651B : 2D;
0651C : 7A;
0651D : 25;
0651E : 25;
0651F : 25;
06520 : 25;
06521 : 25;
06522 : 25;
06523 : 25;
06524 : 25;
06525 : 25;
06526 : 25;
06527 : 25;
06528 : 25;
06529 : 25;
0652A : 25;
0652B : 25;
0652C : 25;
0652D : 25;
0652E : 25;
0652F : 25;
06530 : 25;
06531 : 04;
06532 : 7A;
06533 : BA;
06534 : 7A;
06535 : 7A;
06536 : 56;
06537 : 56;
06538 : 2D;
06539 : 2D;
0653A : 2D;
0653B : 2D;
0653C : 7A;
0653D : 25;
0653E : 25;
0653F : 25;
06540 : 25;
06541 : 25;
06542 : 25;
06543 : 25;
06544 : 25;
06545 : 25;
06546 : 25;
06547 : 25;
06548 : 25;
06549 : 25;
0654A : 25;
0654B : 25;
0654C : 25;
0654D : 25;
0654E : 25;
0654F : 25;
06550 : 25;
06551 : 04;
06552 : 7A;
06553 : BA;
06554 : 5A;
06555 : 5A;
06556 : 5A;
06557 : 56;
06558 : 31;
06559 : 31;
0655A : 2D;
0655B : 2D;
0655C : 7A;
0655D : 25;
0655E : 25;
0655F : 25;
06560 : 25;
06561 : 25;
06562 : 25;
06563 : 25;
06564 : 25;
06565 : 25;
06566 : 25;
06567 : 20;
06568 : 45;
06569 : 20;
0656A : 25;
0656B : 25;
0656C : 25;
0656D : 25;
0656E : 25;
0656F : 25;
06570 : 25;
06571 : 49;
06572 : 75;
06573 : BA;
06574 : 5A;
06575 : 7A;
06576 : 55;
06577 : 0D;
06578 : 5A;
06579 : 7A;
0657A : 2D;
0657B : 2D;
0657C : 56;
0657D : 09;
0657E : 04;
0657F : 25;
06580 : 25;
06581 : 25;
06582 : 25;
06583 : 25;
06584 : 25;
06585 : 25;
06586 : 25;
06587 : 40;
06588 : D6;
06589 : 40;
0658A : 25;
0658B : 25;
0658C : 25;
0658D : 25;
0658E : 25;
0658F : 25;
06590 : 25;
06591 : 4D;
06592 : 75;
06593 : BA;
06594 : 7A;
06595 : 5A;
06596 : 56;
06597 : 2D;
06598 : 56;
06599 : 7A;
0659A : 2D;
0659B : 2D;
0659C : 56;
0659D : 7A;
0659E : 75;
0659F : 25;
065A0 : 25;
065A1 : 25;
065A2 : 25;
065A3 : 25;
065A4 : 25;
065A5 : 40;
065A6 : 85;
065A7 : 85;
065A8 : DA;
065A9 : D2;
065AA : CD;
065AB : 20;
065AC : 25;
065AD : 25;
065AE : 25;
065AF : 25;
065B0 : 25;
065B1 : DA;
065B2 : BA;
065B3 : BA;
065B4 : 5A;
065B5 : 56;
065B6 : 5A;
065B7 : 2D;
065B8 : 56;
065B9 : 7A;
065BA : 2D;
065BB : 2D;
065BC : 56;
065BD : 5A;
065BE : 9A;
065BF : 25;
065C0 : 25;
065C1 : 25;
065C2 : 25;
065C3 : 25;
065C4 : 20;
065C5 : 89;
065C6 : C9;
065C7 : A5;
065C8 : DA;
065C9 : D2;
065CA : D6;
065CB : D1;
065CC : 25;
065CD : 25;
065CE : 25;
065CF : 25;
065D0 : 25;
065D1 : DA;
065D2 : BA;
065D3 : BA;
065D4 : 5A;
065D5 : 56;
065D6 : 5A;
065D7 : 2D;
065D8 : 56;
065D9 : 7A;
065DA : 2D;
065DB : 2D;
065DC : 31;
065DD : 56;
065DE : 9A;
065DF : 25;
065E0 : 25;
065E1 : 25;
065E2 : 25;
065E3 : 25;
065E4 : A9;
065E5 : CE;
065E6 : CE;
065E7 : A5;
065E8 : D6;
065E9 : D6;
065EA : D6;
065EB : D6;
065EC : D2;
065ED : 20;
065EE : 25;
065EF : 25;
065F0 : 24;
065F1 : DA;
065F2 : BA;
065F3 : BA;
065F4 : 5A;
065F5 : 56;
065F6 : 5A;
065F7 : 2D;
065F8 : 56;
065F9 : 56;
065FA : 56;
065FB : 2D;
065FC : 2D;
065FD : 56;
065FE : 9A;
065FF : 25;
06600 : 25;
06601 : 25;
06602 : 25;
06603 : 20;
06604 : C9;
06605 : CD;
06606 : C9;
06607 : A5;
06608 : D6;
06609 : D6;
0660A : D6;
0660B : D6;
0660C : D2;
0660D : 20;
0660E : 25;
0660F : 25;
06610 : 24;
06611 : DA;
06612 : BA;
06613 : DA;
06614 : 7A;
06615 : 5A;
06616 : 7A;
06617 : 0D;
06618 : 56;
06619 : 56;
0661A : 56;
0661B : 2D;
0661C : 2D;
0661D : 56;
0661E : 9A;
0661F : 25;
06620 : 25;
06621 : 25;
06622 : 25;
06623 : 20;
06624 : A9;
06625 : A5;
06626 : A5;
06627 : A5;
06628 : D6;
06629 : D6;
0662A : D6;
0662B : A5;
0662C : D2;
0662D : 20;
0662E : 25;
0662F : 25;
06630 : 25;
06631 : DA;
06632 : BA;
06633 : BA;
06634 : 56;
06635 : 56;
06636 : 32;
06637 : 31;
06638 : 56;
06639 : 56;
0663A : 56;
0663B : 2D;
0663C : 2D;
0663D : 56;
0663E : 9A;
0663F : 25;
06640 : 25;
06641 : 25;
06642 : 25;
06643 : 20;
06644 : 85;
06645 : A5;
06646 : A5;
06647 : 85;
06648 : D6;
06649 : DA;
0664A : A5;
0664B : A5;
0664C : D2;
0664D : 20;
0664E : 25;
0664F : 25;
06650 : 25;
06651 : DA;
06652 : 9A;
06653 : BA;
06654 : 56;
06655 : 09;
06656 : 09;
06657 : 56;
06658 : 56;
06659 : 56;
0665A : 56;
0665B : 2D;
0665C : 2D;
0665D : 56;
0665E : 7A;
0665F : 29;
06660 : 25;
06661 : 25;
06662 : 25;
06663 : 20;
06664 : 89;
06665 : A5;
06666 : A5;
06667 : A5;
06668 : D6;
06669 : DA;
0666A : CD;
0666B : C9;
0666C : D2;
0666D : 20;
0666E : 25;
0666F : 25;
06670 : BA;
06671 : BA;
06672 : 51;
06673 : 04;
06674 : 49;
06675 : 04;
06676 : 04;
06677 : 56;
06678 : 5A;
06679 : 56;
0667A : 56;
0667B : 2D;
0667C : 2D;
0667D : 56;
0667E : 7A;
0667F : BA;
06680 : 25;
06681 : 25;
06682 : 25;
06683 : 20;
06684 : 85;
06685 : A9;
06686 : A5;
06687 : A5;
06688 : D6;
06689 : D6;
0668A : C9;
0668B : C9;
0668C : D2;
0668D : 40;
0668E : 24;
0668F : 25;
06690 : BA;
06691 : 71;
06692 : 49;
06693 : D6;
06694 : FF;
06695 : 00;
06696 : 04;
06697 : 56;
06698 : 56;
06699 : 56;
0669A : 56;
0669B : 2D;
0669C : 2D;
0669D : 56;
0669E : 7A;
0669F : BA;
066A0 : 25;
066A1 : 25;
066A2 : 25;
066A3 : 25;
066A4 : 20;
066A5 : A9;
066A6 : A5;
066A7 : A5;
066A8 : D6;
066A9 : D6;
066AA : C9;
066AB : C5;
066AC : C9;
066AD : DA;
066AE : DA;
066AF : 25;
066B0 : 25;
066B1 : B5;
066B2 : D6;
066B3 : D6;
066B4 : DA;
066B5 : 00;
066B6 : 00;
066B7 : 36;
066B8 : 56;
066B9 : 56;
066BA : 2D;
066BB : 2D;
066BC : 0D;
066BD : 36;
066BE : 35;
066BF : BA;
066C0 : 25;
066C1 : 25;
066C2 : 25;
066C3 : 25;
066C4 : 25;
066C5 : A9;
066C6 : A5;
066C7 : A5;
066C8 : D6;
066C9 : D6;
066CA : C9;
066CB : C5;
066CC : C5;
066CD : D6;
066CE : DA;
066CF : 25;
066D0 : 20;
066D1 : 89;
066D2 : D6;
066D3 : D6;
066D4 : D6;
066D5 : 00;
066D6 : 00;
066D7 : 56;
066D8 : 56;
066D9 : 56;
066DA : 2D;
066DB : 2D;
066DC : 31;
066DD : 0D;
066DE : 0D;
066DF : BA;
066E0 : 25;
066E1 : 25;
066E2 : 25;
066E3 : 25;
066E4 : 25;
066E5 : A9;
066E6 : A5;
066E7 : A5;
066E8 : C9;
066E9 : C9;
066EA : D2;
066EB : C5;
066EC : C5;
066ED : D6;
066EE : DA;
066EF : 25;
066F0 : D6;
066F1 : D2;
066F2 : D2;
066F3 : D2;
066F4 : D2;
066F5 : 00;
066F6 : 00;
066F7 : 56;
066F8 : 31;
066F9 : 2D;
066FA : 2D;
066FB : 2D;
066FC : 56;
066FD : 5A;
066FE : 0D;
066FF : 9A;
06700 : 25;
06701 : 25;
06702 : 25;
06703 : 25;
06704 : 25;
06705 : A9;
06706 : A5;
06707 : A5;
06708 : C9;
06709 : C9;
0670A : D2;
0670B : C5;
0670C : C5;
0670D : D6;
0670E : DA;
0670F : 20;
06710 : D6;
06711 : D2;
06712 : D2;
06713 : CE;
06714 : D2;
06715 : 20;
06716 : 00;
06717 : 36;
06718 : 0D;
06719 : 2D;
0671A : 2D;
0671B : 2D;
0671C : 56;
0671D : 5A;
0671E : 0D;
0671F : 7A;
06720 : 25;
06721 : 25;
06722 : 20;
06723 : 85;
06724 : 20;
06725 : A9;
06726 : C5;
06727 : C5;
06728 : C5;
06729 : C9;
0672A : CD;
0672B : C5;
0672C : C5;
0672D : 61;
0672E : 40;
0672F : 65;
06730 : D6;
06731 : D2;
06732 : D2;
06733 : C9;
06734 : D2;
06735 : 00;
06736 : 00;
06737 : 56;
06738 : 2D;
06739 : 2D;
0673A : 2D;
0673B : 2D;
0673C : 2D;
0673D : 2D;
0673E : 0D;
0673F : 36;
06740 : 25;
06741 : 20;
06742 : C9;
06743 : 85;
06744 : 20;
06745 : 69;
06746 : A9;
06747 : C9;
06748 : D2;
06749 : CD;
0674A : CD;
0674B : C9;
0674C : C9;
0674D : 40;
0674E : 20;
0674F : D6;
06750 : D2;
06751 : CE;
06752 : C5;
06753 : C9;
06754 : D2;
06755 : 00;
06756 : 00;
06757 : 56;
06758 : 2D;
06759 : 2D;
0675A : 2D;
0675B : 2D;
0675C : 2D;
0675D : 2D;
0675E : 0D;
0675F : 36;
06760 : 20;
06761 : C9;
06762 : C9;
06763 : D2;
06764 : A9;
06765 : 20;
06766 : 65;
06767 : C9;
06768 : D2;
06769 : CE;
0676A : C5;
0676B : C5;
0676C : 85;
0676D : 40;
0676E : 20;
0676F : D6;
06770 : A9;
06771 : C5;
06772 : C5;
06773 : C5;
06774 : CD;
06775 : 00;
06776 : 00;
06777 : 56;
06778 : 2D;
06779 : 2D;
0677A : 2D;
0677B : 2D;
0677C : 2D;
0677D : 2D;
0677E : 2D;
0677F : 0D;
06780 : 20;
06781 : C9;
06782 : C9;
06783 : D2;
06784 : CD;
06785 : 40;
06786 : 85;
06787 : C9;
06788 : D2;
06789 : CE;
0678A : C9;
0678B : C9;
0678C : 65;
0678D : 45;
0678E : 40;
0678F : D6;
06790 : C9;
06791 : C5;
06792 : C5;
06793 : C5;
06794 : C9;
06795 : 00;
06796 : 04;
06797 : 56;
06798 : 2D;
06799 : 2D;
0679A : 2D;
0679B : 2D;
0679C : 2D;
0679D : 2D;
0679E : 2D;
0679F : 2D;
067A0 : 20;
067A1 : C9;
067A2 : C5;
067A3 : C5;
067A4 : C9;
067A5 : C9;
067A6 : A5;
067A7 : C5;
067A8 : C9;
067A9 : C5;
067AA : C5;
067AB : A5;
067AC : 85;
067AD : 85;
067AE : 61;
067AF : D6;
067B0 : A5;
067B1 : C9;
067B2 : C9;
067B3 : C9;
067B4 : 20;
067B5 : 76;
067B6 : 56;
067B7 : 2D;
067B8 : 2D;
067B9 : 2D;
067BA : 2D;
067BB : 2D;
067BC : 2D;
067BD : 2D;
067BE : 2D;
067BF : 2D;
067C0 : 20;
067C1 : A5;
067C2 : C9;
067C3 : CE;
067C4 : 81;
067C5 : A5;
067C6 : 85;
067C7 : 81;
067C8 : C9;
067C9 : C5;
067CA : C5;
067CB : A5;
067CC : 85;
067CD : A9;
067CE : A9;
067CF : AD;
067D0 : 85;
067D1 : C9;
067D2 : CD;
067D3 : A1;
067D4 : 20;
067D5 : 56;
067D6 : 56;
067D7 : 2D;
067D8 : 2D;
067D9 : 2D;
067DA : 2D;
067DB : 2D;
067DC : 2D;
067DD : 2D;
067DE : 2D;
067DF : 2D;
067E0 : 25;
067E1 : 45;
067E2 : 85;
067E3 : A9;
067E4 : A9;
067E5 : 85;
067E6 : 85;
067E7 : 45;
067E8 : 61;
067E9 : C5;
067EA : C9;
067EB : A5;
067EC : 20;
067ED : 85;
067EE : 85;
067EF : 85;
067F0 : CE;
067F1 : C9;
067F2 : 85;
067F3 : 24;
067F4 : 76;
067F5 : 56;
067F6 : 56;
067F7 : 2D;
067F8 : 2D;
067F9 : 2D;
067FA : 2D;
067FB : 2D;
067FC : 2D;
067FD : 2D;
067FE : 2D;
067FF : 2D;
06800 : 25;
06801 : 25;
06802 : 25;
06803 : 25;
06804 : 25;
06805 : 25;
06806 : 25;
06807 : 25;
06808 : 25;
06809 : 25;
0680A : 25;
0680B : 25;
0680C : 25;
0680D : 25;
0680E : 25;
0680F : 25;
06810 : 25;
06811 : 25;
06812 : 25;
06813 : 25;
06814 : 25;
06815 : 25;
06816 : 25;
06817 : 25;
06818 : 25;
06819 : 25;
0681A : 25;
0681B : 25;
0681C : 25;
0681D : 25;
0681E : 25;
0681F : 25;
06820 : 25;
06821 : 25;
06822 : 25;
06823 : 25;
06824 : 25;
06825 : 25;
06826 : 25;
06827 : 25;
06828 : 25;
06829 : 25;
0682A : 25;
0682B : 25;
0682C : 25;
0682D : 25;
0682E : 25;
0682F : 25;
06830 : 25;
06831 : 25;
06832 : 25;
06833 : 25;
06834 : 25;
06835 : 25;
06836 : 25;
06837 : 25;
06838 : 25;
06839 : 25;
0683A : 25;
0683B : 25;
0683C : 25;
0683D : 25;
0683E : 25;
0683F : 25;
06840 : 25;
06841 : 25;
06842 : 25;
06843 : 25;
06844 : 25;
06845 : 25;
06846 : 25;
06847 : 25;
06848 : 25;
06849 : 25;
0684A : 25;
0684B : 25;
0684C : 25;
0684D : 25;
0684E : 25;
0684F : 25;
06850 : 25;
06851 : 25;
06852 : 25;
06853 : 25;
06854 : 25;
06855 : 25;
06856 : 25;
06857 : 25;
06858 : 25;
06859 : 25;
0685A : 25;
0685B : 25;
0685C : 25;
0685D : 25;
0685E : 25;
0685F : 25;
06860 : 25;
06861 : 25;
06862 : 25;
06863 : 25;
06864 : 25;
06865 : 25;
06866 : 25;
06867 : 25;
06868 : 25;
06869 : 25;
0686A : 25;
0686B : 25;
0686C : 25;
0686D : 25;
0686E : 25;
0686F : 25;
06870 : 25;
06871 : 25;
06872 : 25;
06873 : 25;
06874 : 25;
06875 : 25;
06876 : 25;
06877 : 25;
06878 : 25;
06879 : 25;
0687A : 25;
0687B : 25;
0687C : 25;
0687D : 25;
0687E : 25;
0687F : 25;
06880 : 25;
06881 : 25;
06882 : 25;
06883 : 25;
06884 : 25;
06885 : 25;
06886 : 25;
06887 : 25;
06888 : 25;
06889 : 25;
0688A : 25;
0688B : 25;
0688C : 25;
0688D : 25;
0688E : 25;
0688F : 25;
06890 : 25;
06891 : 25;
06892 : 25;
06893 : 25;
06894 : 25;
06895 : 25;
06896 : 25;
06897 : 25;
06898 : 25;
06899 : 25;
0689A : 25;
0689B : 25;
0689C : 25;
0689D : 25;
0689E : 25;
0689F : 25;
068A0 : 25;
068A1 : 25;
068A2 : 25;
068A3 : 25;
068A4 : 25;
068A5 : 25;
068A6 : 25;
068A7 : 25;
068A8 : 25;
068A9 : 25;
068AA : 25;
068AB : 25;
068AC : 25;
068AD : 25;
068AE : 25;
068AF : 25;
068B0 : 25;
068B1 : 25;
068B2 : 25;
068B3 : 25;
068B4 : 25;
068B5 : 25;
068B6 : 25;
068B7 : 25;
068B8 : 25;
068B9 : 25;
068BA : 25;
068BB : 25;
068BC : 25;
068BD : 25;
068BE : 25;
068BF : 25;
068C0 : 25;
068C1 : 25;
068C2 : 25;
068C3 : 25;
068C4 : 25;
068C5 : 25;
068C6 : 25;
068C7 : 25;
068C8 : 25;
068C9 : 25;
068CA : 25;
068CB : 25;
068CC : 25;
068CD : 25;
068CE : 25;
068CF : 25;
068D0 : 25;
068D1 : 25;
068D2 : 25;
068D3 : 25;
068D4 : 25;
068D5 : 25;
068D6 : 25;
068D7 : 25;
068D8 : 25;
068D9 : 25;
068DA : 25;
068DB : 25;
068DC : 25;
068DD : 25;
068DE : 25;
068DF : 25;
068E0 : 25;
068E1 : 25;
068E2 : 25;
068E3 : 25;
068E4 : 25;
068E5 : 25;
068E6 : 25;
068E7 : 25;
068E8 : 25;
068E9 : 25;
068EA : 25;
068EB : 25;
068EC : 25;
068ED : 25;
068EE : 25;
068EF : 25;
068F0 : 25;
068F1 : 25;
068F2 : 25;
068F3 : 25;
068F4 : 25;
068F5 : 25;
068F6 : 25;
068F7 : 20;
068F8 : 6D;
068F9 : 00;
068FA : 25;
068FB : 25;
068FC : 25;
068FD : 25;
068FE : 25;
068FF : 25;
06900 : 25;
06901 : 25;
06902 : 25;
06903 : 25;
06904 : 25;
06905 : 25;
06906 : 25;
06907 : 25;
06908 : 25;
06909 : 25;
0690A : 25;
0690B : 25;
0690C : 25;
0690D : 25;
0690E : 25;
0690F : 25;
06910 : 25;
06911 : 25;
06912 : 25;
06913 : 25;
06914 : 25;
06915 : 8D;
06916 : 89;
06917 : D6;
06918 : DA;
06919 : 45;
0691A : 25;
0691B : 25;
0691C : 25;
0691D : 25;
0691E : 25;
0691F : 25;
06920 : 25;
06921 : 25;
06922 : 25;
06923 : 25;
06924 : 25;
06925 : 25;
06926 : 25;
06927 : 25;
06928 : 25;
06929 : 25;
0692A : 25;
0692B : 25;
0692C : 25;
0692D : 25;
0692E : 25;
0692F : 25;
06930 : 25;
06931 : 25;
06932 : 25;
06933 : 45;
06934 : 20;
06935 : B1;
06936 : D2;
06937 : D6;
06938 : DA;
06939 : D2;
0693A : 25;
0693B : 25;
0693C : 25;
0693D : 25;
0693E : 25;
0693F : 25;
06940 : 25;
06941 : 25;
06942 : 25;
06943 : 25;
06944 : 25;
06945 : 25;
06946 : 25;
06947 : 25;
06948 : 25;
06949 : 25;
0694A : 25;
0694B : 25;
0694C : 25;
0694D : 25;
0694E : 25;
0694F : 25;
06950 : 25;
06951 : 25;
06952 : 25;
06953 : 25;
06954 : 8D;
06955 : D6;
06956 : D6;
06957 : D6;
06958 : DA;
06959 : D6;
0695A : 40;
0695B : 25;
0695C : 25;
0695D : 25;
0695E : 25;
0695F : 25;
06960 : 25;
06961 : 25;
06962 : 25;
06963 : 25;
06964 : 7A;
06965 : 25;
06966 : 25;
06967 : 25;
06968 : 25;
06969 : 25;
0696A : 25;
0696B : 25;
0696C : 25;
0696D : 25;
0696E : 25;
0696F : 25;
06970 : 25;
06971 : 25;
06972 : 25;
06973 : 20;
06974 : D6;
06975 : D6;
06976 : D6;
06977 : D6;
06978 : DA;
06979 : D6;
0697A : CD;
0697B : D2;
0697C : 20;
0697D : 20;
0697E : 25;
0697F : 25;
06980 : 25;
06981 : 25;
06982 : 25;
06983 : 25;
06984 : 7A;
06985 : 25;
06986 : 25;
06987 : 25;
06988 : 25;
06989 : 25;
0698A : 25;
0698B : 25;
0698C : 25;
0698D : 25;
0698E : 25;
0698F : 25;
06990 : 25;
06991 : 25;
06992 : 25;
06993 : D6;
06994 : D2;
06995 : D2;
06996 : D2;
06997 : D6;
06998 : DA;
06999 : DA;
0699A : CD;
0699B : CE;
0699C : 40;
0699D : 20;
0699E : 25;
0699F : 25;
069A0 : 25;
069A1 : 25;
069A2 : 25;
069A3 : 25;
069A4 : 7A;
069A5 : 0D;
069A6 : 2D;
069A7 : 25;
069A8 : 25;
069A9 : 25;
069AA : 25;
069AB : 25;
069AC : 25;
069AD : 25;
069AE : 25;
069AF : 25;
069B0 : 25;
069B1 : 20;
069B2 : 40;
069B3 : D2;
069B4 : D2;
069B5 : D2;
069B6 : D2;
069B7 : D6;
069B8 : D6;
069B9 : D6;
069BA : CD;
069BB : CE;
069BC : C9;
069BD : 20;
069BE : 25;
069BF : 25;
069C0 : 25;
069C1 : 25;
069C2 : 24;
069C3 : 04;
069C4 : 5A;
069C5 : 0D;
069C6 : 2D;
069C7 : 25;
069C8 : 25;
069C9 : 25;
069CA : 25;
069CB : 25;
069CC : 25;
069CD : 25;
069CE : 25;
069CF : 25;
069D0 : 25;
069D1 : D6;
069D2 : CD;
069D3 : D2;
069D4 : D2;
069D5 : D2;
069D6 : D6;
069D7 : D6;
069D8 : D6;
069D9 : D6;
069DA : CD;
069DB : CE;
069DC : C9;
069DD : 20;
069DE : 25;
069DF : 25;
069E0 : 25;
069E1 : 25;
069E2 : 29;
069E3 : 7A;
069E4 : 5A;
069E5 : 11;
069E6 : 2D;
069E7 : 25;
069E8 : 25;
069E9 : 25;
069EA : 25;
069EB : 25;
069EC : 25;
069ED : 25;
069EE : 25;
069EF : 25;
069F0 : 25;
069F1 : DA;
069F2 : D6;
069F3 : D2;
069F4 : CD;
069F5 : D2;
069F6 : D6;
069F7 : D6;
069F8 : D6;
069F9 : D6;
069FA : D6;
069FB : C5;
069FC : C9;
069FD : 20;
069FE : 25;
069FF : 25;
06A00 : 25;
06A01 : 25;
06A02 : 4D;
06A03 : 9A;
06A04 : 5A;
06A05 : 11;
06A06 : 2D;
06A07 : 25;
06A08 : 25;
06A09 : 25;
06A0A : 25;
06A0B : 25;
06A0C : 25;
06A0D : 25;
06A0E : 25;
06A0F : 25;
06A10 : 24;
06A11 : DA;
06A12 : D2;
06A13 : D2;
06A14 : C9;
06A15 : CE;
06A16 : D6;
06A17 : D6;
06A18 : D6;
06A19 : D6;
06A1A : D6;
06A1B : C9;
06A1C : CE;
06A1D : 20;
06A1E : 25;
06A1F : 25;
06A20 : 25;
06A21 : 25;
06A22 : 4D;
06A23 : 9A;
06A24 : 5A;
06A25 : 31;
06A26 : 2D;
06A27 : 25;
06A28 : 25;
06A29 : 25;
06A2A : 25;
06A2B : 25;
06A2C : 25;
06A2D : 25;
06A2E : 25;
06A2F : 25;
06A30 : 24;
06A31 : DA;
06A32 : D6;
06A33 : D2;
06A34 : C9;
06A35 : C9;
06A36 : D6;
06A37 : D6;
06A38 : D6;
06A39 : C9;
06A3A : C9;
06A3B : C9;
06A3C : 20;
06A3D : 25;
06A3E : 25;
06A3F : 25;
06A40 : 25;
06A41 : 25;
06A42 : 29;
06A43 : 56;
06A44 : 5A;
06A45 : 31;
06A46 : 51;
06A47 : 25;
06A48 : 25;
06A49 : 25;
06A4A : 25;
06A4B : 25;
06A4C : 25;
06A4D : 25;
06A4E : 25;
06A4F : 25;
06A50 : 24;
06A51 : DA;
06A52 : D6;
06A53 : D2;
06A54 : C9;
06A55 : CD;
06A56 : D6;
06A57 : D6;
06A58 : D6;
06A59 : C9;
06A5A : C9;
06A5B : C9;
06A5C : 20;
06A5D : 25;
06A5E : 25;
06A5F : 25;
06A60 : 04;
06A61 : DA;
06A62 : 55;
06A63 : 56;
06A64 : 5A;
06A65 : 11;
06A66 : 51;
06A67 : 25;
06A68 : 25;
06A69 : 20;
06A6A : 40;
06A6B : D2;
06A6C : D6;
06A6D : 20;
06A6E : 25;
06A6F : 25;
06A70 : 20;
06A71 : DA;
06A72 : D2;
06A73 : D2;
06A74 : C9;
06A75 : CD;
06A76 : CD;
06A77 : DA;
06A78 : D2;
06A79 : C9;
06A7A : C9;
06A7B : D2;
06A7C : 20;
06A7D : 25;
06A7E : 25;
06A7F : 25;
06A80 : 00;
06A81 : DA;
06A82 : 75;
06A83 : 5A;
06A84 : 5A;
06A85 : 11;
06A86 : 51;
06A87 : 25;
06A88 : D1;
06A89 : 65;
06A8A : 40;
06A8B : D2;
06A8C : D6;
06A8D : 40;
06A8E : 25;
06A8F : 25;
06A90 : 25;
06A91 : DA;
06A92 : D6;
06A93 : CE;
06A94 : CD;
06A95 : C5;
06A96 : A5;
06A97 : DA;
06A98 : C9;
06A99 : C9;
06A9A : A9;
06A9B : 20;
06A9C : 25;
06A9D : 25;
06A9E : 25;
06A9F : 25;
06AA0 : 00;
06AA1 : DA;
06AA2 : 9A;
06AA3 : 9A;
06AA4 : 51;
06AA5 : 31;
06AA6 : 51;
06AA7 : 25;
06AA8 : A9;
06AA9 : 65;
06AAA : 40;
06AAB : D6;
06AAC : CD;
06AAD : CE;
06AAE : A9;
06AAF : 40;
06AB0 : 20;
06AB1 : D6;
06AB2 : D6;
06AB3 : CD;
06AB4 : C5;
06AB5 : C5;
06AB6 : A5;
06AB7 : DA;
06AB8 : C9;
06AB9 : C9;
06ABA : A9;
06ABB : 20;
06ABC : 25;
06ABD : 25;
06ABE : 25;
06ABF : 25;
06AC0 : 00;
06AC1 : DA;
06AC2 : BA;
06AC3 : 9A;
06AC4 : 2D;
06AC5 : 56;
06AC6 : 51;
06AC7 : 25;
06AC8 : A9;
06AC9 : 85;
06ACA : 40;
06ACB : D6;
06ACC : CD;
06ACD : CD;
06ACE : C9;
06ACF : AD;
06AD0 : 00;
06AD1 : D6;
06AD2 : D6;
06AD3 : CD;
06AD4 : C5;
06AD5 : C5;
06AD6 : A5;
06AD7 : DA;
06AD8 : C9;
06AD9 : C5;
06ADA : A9;
06ADB : 21;
06ADC : 25;
06ADD : 25;
06ADE : 25;
06ADF : 25;
06AE0 : 00;
06AE1 : DA;
06AE2 : 7A;
06AE3 : 56;
06AE4 : 2D;
06AE5 : 56;
06AE6 : 51;
06AE7 : 25;
06AE8 : A9;
06AE9 : 65;
06AEA : 40;
06AEB : D2;
06AEC : C9;
06AED : CE;
06AEE : C9;
06AEF : D2;
06AF0 : 20;
06AF1 : D6;
06AF2 : D6;
06AF3 : CD;
06AF4 : C5;
06AF5 : C5;
06AF6 : C5;
06AF7 : D6;
06AF8 : C5;
06AF9 : C5;
06AFA : C9;
06AFB : 20;
06AFC : 20;
06AFD : 20;
06AFE : 25;
06AFF : 25;
06B00 : 00;
06B01 : DA;
06B02 : 7A;
06B03 : 56;
06B04 : 2D;
06B05 : 56;
06B06 : 2D;
06B07 : 25;
06B08 : 45;
06B09 : 69;
06B0A : 40;
06B0B : CD;
06B0C : C9;
06B0D : CD;
06B0E : C9;
06B0F : CD;
06B10 : 40;
06B11 : DA;
06B12 : D6;
06B13 : CD;
06B14 : C5;
06B15 : C5;
06B16 : C5;
06B17 : D6;
06B18 : C5;
06B19 : C5;
06B1A : C9;
06B1B : 20;
06B1C : 89;
06B1D : A9;
06B1E : 20;
06B1F : 25;
06B20 : 9A;
06B21 : 56;
06B22 : 5A;
06B23 : 56;
06B24 : 2D;
06B25 : 2D;
06B26 : 31;
06B27 : 9A;
06B28 : 00;
06B29 : 69;
06B2A : 40;
06B2B : CD;
06B2C : C9;
06B2D : C9;
06B2E : CE;
06B2F : D2;
06B30 : C9;
06B31 : 40;
06B32 : 40;
06B33 : C9;
06B34 : 60;
06B35 : C9;
06B36 : C5;
06B37 : C5;
06B38 : C9;
06B39 : 61;
06B3A : 20;
06B3B : 20;
06B3C : CD;
06B3D : D6;
06B3E : DA;
06B3F : 20;
06B40 : 9A;
06B41 : 56;
06B42 : 56;
06B43 : 56;
06B44 : 2D;
06B45 : 2D;
06B46 : 31;
06B47 : 7A;
06B48 : 00;
06B49 : 69;
06B4A : 40;
06B4B : CD;
06B4C : C9;
06B4D : C9;
06B4E : D2;
06B4F : CE;
06B50 : C5;
06B51 : 40;
06B52 : 40;
06B53 : C9;
06B54 : 40;
06B55 : C9;
06B56 : C5;
06B57 : C5;
06B58 : C9;
06B59 : 40;
06B5A : 00;
06B5B : 20;
06B5C : CD;
06B5D : D6;
06B5E : D6;
06B5F : 20;
06B60 : 56;
06B61 : 56;
06B62 : 56;
06B63 : 31;
06B64 : 2D;
06B65 : 2D;
06B66 : 31;
06B67 : 9A;
06B68 : 05;
06B69 : 69;
06B6A : 60;
06B6B : D2;
06B6C : C5;
06B6D : C9;
06B6E : D2;
06B6F : CD;
06B70 : C5;
06B71 : 40;
06B72 : 61;
06B73 : C9;
06B74 : 40;
06B75 : CD;
06B76 : C5;
06B77 : C5;
06B78 : C5;
06B79 : 40;
06B7A : 20;
06B7B : 20;
06B7C : CD;
06B7D : D6;
06B7E : D6;
06B7F : 20;
06B80 : 5A;
06B81 : 5A;
06B82 : 56;
06B83 : 2D;
06B84 : 2D;
06B85 : 2D;
06B86 : 31;
06B87 : 56;
06B88 : 05;
06B89 : 69;
06B8A : 61;
06B8B : D2;
06B8C : 85;
06B8D : A5;
06B8E : D2;
06B8F : CE;
06B90 : C5;
06B91 : 40;
06B92 : 61;
06B93 : C9;
06B94 : 40;
06B95 : CD;
06B96 : C5;
06B97 : C5;
06B98 : C9;
06B99 : 41;
06B9A : 20;
06B9B : 20;
06B9C : CD;
06B9D : D2;
06B9E : D2;
06B9F : 20;
06BA0 : 5A;
06BA1 : 5A;
06BA2 : 56;
06BA3 : 2D;
06BA4 : 2D;
06BA5 : 2D;
06BA6 : 31;
06BA7 : 56;
06BA8 : 04;
06BA9 : 25;
06BAA : 20;
06BAB : CE;
06BAC : 81;
06BAD : 85;
06BAE : 85;
06BAF : C9;
06BB0 : 85;
06BB1 : 41;
06BB2 : 61;
06BB3 : C9;
06BB4 : 40;
06BB5 : C9;
06BB6 : A5;
06BB7 : C5;
06BB8 : C9;
06BB9 : 61;
06BBA : 61;
06BBB : C9;
06BBC : C9;
06BBD : C5;
06BBE : A5;
06BBF : 20;
06BC0 : 5A;
06BC1 : 7A;
06BC2 : 56;
06BC3 : 2D;
06BC4 : 2D;
06BC5 : 2D;
06BC6 : 2D;
06BC7 : 2D;
06BC8 : BA;
06BC9 : 05;
06BCA : 20;
06BCB : 61;
06BCC : C9;
06BCD : 85;
06BCE : 85;
06BCF : C5;
06BD0 : 85;
06BD1 : 41;
06BD2 : 41;
06BD3 : 61;
06BD4 : 65;
06BD5 : A5;
06BD6 : C5;
06BD7 : C5;
06BD8 : 61;
06BD9 : 85;
06BDA : A5;
06BDB : C9;
06BDC : C5;
06BDD : C5;
06BDE : A5;
06BDF : 20;
06BE0 : 0D;
06BE1 : 7A;
06BE2 : 31;
06BE3 : 2D;
06BE4 : 2D;
06BE5 : 2D;
06BE6 : 2D;
06BE7 : 2D;
06BE8 : 52;
06BE9 : 05;
06BEA : 04;
06BEB : 41;
06BEC : 85;
06BED : 85;
06BEE : 65;
06BEF : 65;
06BF0 : 89;
06BF1 : 65;
06BF2 : 65;
06BF3 : 65;
06BF4 : 89;
06BF5 : 65;
06BF6 : 65;
06BF7 : A5;
06BF8 : 85;
06BF9 : 85;
06BFA : 85;
06BFB : 85;
06BFC : A5;
06BFD : A5;
06BFE : A5;
06BFF : 20;
06C00 : 25;
06C01 : 25;
06C02 : 25;
06C03 : 25;
06C04 : 25;
06C05 : 25;
06C06 : 25;
06C07 : 25;
06C08 : 25;
06C09 : 25;
06C0A : 25;
06C0B : 25;
06C0C : 25;
06C0D : 25;
06C0E : 25;
06C0F : 25;
06C10 : 25;
06C11 : 25;
06C12 : 25;
06C13 : 25;
06C14 : 25;
06C15 : 25;
06C16 : 25;
06C17 : 25;
06C18 : 25;
06C19 : 25;
06C1A : 25;
06C1B : 25;
06C1C : 25;
06C1D : 25;
06C1E : 25;
06C1F : 25;
06C20 : 25;
06C21 : 25;
06C22 : 25;
06C23 : 25;
06C24 : 25;
06C25 : 25;
06C26 : 25;
06C27 : 25;
06C28 : 25;
06C29 : 25;
06C2A : 25;
06C2B : 25;
06C2C : 25;
06C2D : 25;
06C2E : 25;
06C2F : 25;
06C30 : 25;
06C31 : 25;
06C32 : 25;
06C33 : 25;
06C34 : 25;
06C35 : 25;
06C36 : 25;
06C37 : 25;
06C38 : 25;
06C39 : 25;
06C3A : 25;
06C3B : 25;
06C3C : 25;
06C3D : 25;
06C3E : 25;
06C3F : 25;
06C40 : 25;
06C41 : 25;
06C42 : 25;
06C43 : 25;
06C44 : 25;
06C45 : 25;
06C46 : 25;
06C47 : 25;
06C48 : 25;
06C49 : 25;
06C4A : 25;
06C4B : 25;
06C4C : 25;
06C4D : 25;
06C4E : 25;
06C4F : 25;
06C50 : 25;
06C51 : 25;
06C52 : 25;
06C53 : 25;
06C54 : 25;
06C55 : 25;
06C56 : 25;
06C57 : 25;
06C58 : 25;
06C59 : 25;
06C5A : 25;
06C5B : 25;
06C5C : 25;
06C5D : 25;
06C5E : 25;
06C5F : 25;
06C60 : 25;
06C61 : 25;
06C62 : 25;
06C63 : 25;
06C64 : 25;
06C65 : 25;
06C66 : 25;
06C67 : 25;
06C68 : 25;
06C69 : 25;
06C6A : 25;
06C6B : 25;
06C6C : 25;
06C6D : 25;
06C6E : 25;
06C6F : 25;
06C70 : 25;
06C71 : 25;
06C72 : 25;
06C73 : 25;
06C74 : 25;
06C75 : 25;
06C76 : 25;
06C77 : 25;
06C78 : 25;
06C79 : 25;
06C7A : 25;
06C7B : 25;
06C7C : 25;
06C7D : 25;
06C7E : 25;
06C7F : 25;
06C80 : 25;
06C81 : 25;
06C82 : 25;
06C83 : 25;
06C84 : 25;
06C85 : 25;
06C86 : 25;
06C87 : 25;
06C88 : 25;
06C89 : 25;
06C8A : 25;
06C8B : 25;
06C8C : 25;
06C8D : 25;
06C8E : 25;
06C8F : 25;
06C90 : 25;
06C91 : 25;
06C92 : 25;
06C93 : 25;
06C94 : 25;
06C95 : 25;
06C96 : 25;
06C97 : 25;
06C98 : 25;
06C99 : 25;
06C9A : 25;
06C9B : 25;
06C9C : 25;
06C9D : 25;
06C9E : 25;
06C9F : 25;
06CA0 : 25;
06CA1 : 25;
06CA2 : 25;
06CA3 : 25;
06CA4 : 25;
06CA5 : 25;
06CA6 : 25;
06CA7 : 25;
06CA8 : 25;
06CA9 : 25;
06CAA : 25;
06CAB : 25;
06CAC : 25;
06CAD : 25;
06CAE : 25;
06CAF : 25;
06CB0 : 25;
06CB1 : 25;
06CB2 : 25;
06CB3 : 25;
06CB4 : 25;
06CB5 : 25;
06CB6 : 25;
06CB7 : 25;
06CB8 : 25;
06CB9 : 25;
06CBA : 25;
06CBB : 25;
06CBC : 25;
06CBD : 25;
06CBE : 25;
06CBF : 25;
06CC0 : 25;
06CC1 : 25;
06CC2 : 25;
06CC3 : 25;
06CC4 : 25;
06CC5 : 25;
06CC6 : 25;
06CC7 : 25;
06CC8 : 25;
06CC9 : 25;
06CCA : 25;
06CCB : 25;
06CCC : 25;
06CCD : 25;
06CCE : 25;
06CCF : 25;
06CD0 : 25;
06CD1 : 25;
06CD2 : 25;
06CD3 : 25;
06CD4 : 25;
06CD5 : 25;
06CD6 : 25;
06CD7 : 25;
06CD8 : 25;
06CD9 : 25;
06CDA : 25;
06CDB : 25;
06CDC : 25;
06CDD : 25;
06CDE : 25;
06CDF : 25;
06CE0 : 25;
06CE1 : 25;
06CE2 : 25;
06CE3 : 25;
06CE4 : 25;
06CE5 : 25;
06CE6 : 25;
06CE7 : 25;
06CE8 : 25;
06CE9 : 25;
06CEA : 25;
06CEB : 25;
06CEC : 25;
06CED : 25;
06CEE : 25;
06CEF : 25;
06CF0 : 25;
06CF1 : 25;
06CF2 : 25;
06CF3 : 25;
06CF4 : 25;
06CF5 : 25;
06CF6 : 25;
06CF7 : 25;
06CF8 : 25;
06CF9 : 25;
06CFA : 25;
06CFB : 25;
06CFC : 25;
06CFD : 25;
06CFE : 25;
06CFF : 25;
06D00 : 25;
06D01 : 25;
06D02 : 25;
06D03 : 25;
06D04 : 25;
06D05 : 25;
06D06 : 25;
06D07 : 25;
06D08 : 25;
06D09 : 25;
06D0A : 25;
06D0B : 25;
06D0C : 25;
06D0D : 25;
06D0E : 25;
06D0F : 25;
06D10 : 25;
06D11 : 25;
06D12 : 25;
06D13 : 25;
06D14 : 25;
06D15 : 25;
06D16 : 25;
06D17 : 25;
06D18 : 25;
06D19 : 25;
06D1A : 25;
06D1B : 25;
06D1C : 25;
06D1D : 25;
06D1E : 25;
06D1F : 25;
06D20 : 25;
06D21 : 25;
06D22 : 25;
06D23 : 25;
06D24 : 25;
06D25 : 25;
06D26 : 25;
06D27 : 25;
06D28 : 25;
06D29 : 25;
06D2A : 25;
06D2B : 25;
06D2C : 25;
06D2D : 25;
06D2E : 25;
06D2F : 25;
06D30 : 25;
06D31 : 25;
06D32 : 25;
06D33 : 25;
06D34 : 25;
06D35 : 25;
06D36 : 25;
06D37 : 25;
06D38 : 25;
06D39 : 25;
06D3A : 25;
06D3B : 25;
06D3C : 25;
06D3D : 25;
06D3E : 25;
06D3F : 25;
06D40 : 25;
06D41 : 25;
06D42 : 25;
06D43 : 25;
06D44 : 25;
06D45 : 25;
06D46 : 25;
06D47 : 25;
06D48 : 25;
06D49 : 25;
06D4A : 25;
06D4B : 25;
06D4C : 25;
06D4D : 25;
06D4E : 25;
06D4F : 25;
06D50 : 25;
06D51 : 25;
06D52 : 25;
06D53 : 25;
06D54 : 25;
06D55 : 25;
06D56 : 25;
06D57 : 25;
06D58 : 25;
06D59 : 25;
06D5A : 25;
06D5B : 25;
06D5C : 25;
06D5D : 25;
06D5E : 25;
06D5F : 25;
06D60 : 25;
06D61 : 25;
06D62 : 25;
06D63 : 25;
06D64 : 25;
06D65 : 25;
06D66 : 25;
06D67 : 25;
06D68 : 25;
06D69 : 25;
06D6A : 25;
06D6B : 25;
06D6C : 25;
06D6D : 25;
06D6E : 25;
06D6F : 25;
06D70 : 25;
06D71 : 25;
06D72 : 25;
06D73 : 25;
06D74 : 25;
06D75 : 25;
06D76 : 25;
06D77 : 25;
06D78 : 25;
06D79 : 25;
06D7A : 25;
06D7B : 25;
06D7C : 25;
06D7D : 25;
06D7E : 25;
06D7F : 25;
06D80 : 25;
06D81 : 25;
06D82 : 25;
06D83 : 25;
06D84 : 25;
06D85 : 25;
06D86 : 25;
06D87 : 25;
06D88 : 25;
06D89 : 25;
06D8A : 25;
06D8B : 25;
06D8C : 25;
06D8D : 25;
06D8E : 25;
06D8F : 25;
06D90 : 25;
06D91 : 25;
06D92 : 25;
06D93 : 25;
06D94 : 25;
06D95 : 25;
06D96 : 25;
06D97 : 25;
06D98 : 25;
06D99 : 25;
06D9A : 25;
06D9B : 25;
06D9C : 25;
06D9D : 25;
06D9E : 25;
06D9F : 25;
06DA0 : 25;
06DA1 : 25;
06DA2 : 25;
06DA3 : 25;
06DA4 : 25;
06DA5 : 25;
06DA6 : 25;
06DA7 : 25;
06DA8 : 25;
06DA9 : 25;
06DAA : 25;
06DAB : 25;
06DAC : 25;
06DAD : 25;
06DAE : 25;
06DAF : 25;
06DB0 : 25;
06DB1 : 25;
06DB2 : 25;
06DB3 : 25;
06DB4 : 25;
06DB5 : 25;
06DB6 : 25;
06DB7 : 25;
06DB8 : 25;
06DB9 : 25;
06DBA : 25;
06DBB : 25;
06DBC : 25;
06DBD : 25;
06DBE : 25;
06DBF : 25;
06DC0 : 25;
06DC1 : 25;
06DC2 : 25;
06DC3 : 25;
06DC4 : 25;
06DC5 : 25;
06DC6 : 25;
06DC7 : 25;
06DC8 : 25;
06DC9 : 25;
06DCA : 25;
06DCB : 25;
06DCC : 25;
06DCD : 25;
06DCE : 25;
06DCF : 25;
06DD0 : 25;
06DD1 : 25;
06DD2 : 25;
06DD3 : 25;
06DD4 : 25;
06DD5 : 25;
06DD6 : 25;
06DD7 : 25;
06DD8 : 25;
06DD9 : 25;
06DDA : 25;
06DDB : 25;
06DDC : 25;
06DDD : 25;
06DDE : 25;
06DDF : 25;
06DE0 : 25;
06DE1 : 25;
06DE2 : 25;
06DE3 : 25;
06DE4 : 25;
06DE5 : 25;
06DE6 : 25;
06DE7 : 25;
06DE8 : 25;
06DE9 : 25;
06DEA : 25;
06DEB : 25;
06DEC : 25;
06DED : 25;
06DEE : 25;
06DEF : 25;
06DF0 : 25;
06DF1 : 25;
06DF2 : 25;
06DF3 : 25;
06DF4 : 25;
06DF5 : 25;
06DF6 : 25;
06DF7 : 25;
06DF8 : 25;
06DF9 : 25;
06DFA : 25;
06DFB : 25;
06DFC : 25;
06DFD : 25;
06DFE : 25;
06DFF : 25;
06E00 : 25;
06E01 : 25;
06E02 : 25;
06E03 : 25;
06E04 : 25;
06E05 : 25;
06E06 : 25;
06E07 : 25;
06E08 : 25;
06E09 : 25;
06E0A : 25;
06E0B : 25;
06E0C : 25;
06E0D : 25;
06E0E : 25;
06E0F : 25;
06E10 : 25;
06E11 : 25;
06E12 : 25;
06E13 : 25;
06E14 : 25;
06E15 : 25;
06E16 : 25;
06E17 : 25;
06E18 : 25;
06E19 : 25;
06E1A : 25;
06E1B : 25;
06E1C : 25;
06E1D : 25;
06E1E : 25;
06E1F : 25;
06E20 : 25;
06E21 : 25;
06E22 : 25;
06E23 : 25;
06E24 : 25;
06E25 : 25;
06E26 : 25;
06E27 : 25;
06E28 : 25;
06E29 : 25;
06E2A : 25;
06E2B : 25;
06E2C : 25;
06E2D : 25;
06E2E : 25;
06E2F : 25;
06E30 : 25;
06E31 : 25;
06E32 : 25;
06E33 : 25;
06E34 : 25;
06E35 : 25;
06E36 : 25;
06E37 : 25;
06E38 : 25;
06E39 : 25;
06E3A : 25;
06E3B : 25;
06E3C : 25;
06E3D : 25;
06E3E : 25;
06E3F : 25;
06E40 : 25;
06E41 : 25;
06E42 : 25;
06E43 : 25;
06E44 : 25;
06E45 : 25;
06E46 : 25;
06E47 : 25;
06E48 : 25;
06E49 : 25;
06E4A : 25;
06E4B : 25;
06E4C : 25;
06E4D : 25;
06E4E : 25;
06E4F : 25;
06E50 : 25;
06E51 : 25;
06E52 : 25;
06E53 : 25;
06E54 : 25;
06E55 : 25;
06E56 : 25;
06E57 : 25;
06E58 : 25;
06E59 : 25;
06E5A : 25;
06E5B : 25;
06E5C : 25;
06E5D : 25;
06E5E : 25;
06E5F : 25;
06E60 : 25;
06E61 : 25;
06E62 : 25;
06E63 : 25;
06E64 : 25;
06E65 : 25;
06E66 : 25;
06E67 : 25;
06E68 : 25;
06E69 : 25;
06E6A : 25;
06E6B : 25;
06E6C : 25;
06E6D : 25;
06E6E : 25;
06E6F : 25;
06E70 : 25;
06E71 : 25;
06E72 : 25;
06E73 : 25;
06E74 : 25;
06E75 : 25;
06E76 : 25;
06E77 : 25;
06E78 : 25;
06E79 : 25;
06E7A : 25;
06E7B : 25;
06E7C : 25;
06E7D : 25;
06E7E : 25;
06E7F : 25;
06E80 : 25;
06E81 : 25;
06E82 : 25;
06E83 : 25;
06E84 : 25;
06E85 : 25;
06E86 : 25;
06E87 : 25;
06E88 : 25;
06E89 : 25;
06E8A : 25;
06E8B : 25;
06E8C : 25;
06E8D : 25;
06E8E : 25;
06E8F : 25;
06E90 : 25;
06E91 : 25;
06E92 : 25;
06E93 : 25;
06E94 : 25;
06E95 : 25;
06E96 : 25;
06E97 : 25;
06E98 : 25;
06E99 : 25;
06E9A : 25;
06E9B : 25;
06E9C : 25;
06E9D : 25;
06E9E : 25;
06E9F : 25;
06EA0 : 25;
06EA1 : 25;
06EA2 : 25;
06EA3 : 25;
06EA4 : 25;
06EA5 : 25;
06EA6 : 25;
06EA7 : 25;
06EA8 : 25;
06EA9 : 25;
06EAA : 25;
06EAB : 25;
06EAC : 25;
06EAD : 25;
06EAE : 25;
06EAF : 25;
06EB0 : 25;
06EB1 : 25;
06EB2 : 25;
06EB3 : 25;
06EB4 : 25;
06EB5 : 25;
06EB6 : 25;
06EB7 : 25;
06EB8 : 25;
06EB9 : 25;
06EBA : 25;
06EBB : 25;
06EBC : 25;
06EBD : 25;
06EBE : 25;
06EBF : 25;
06EC0 : 25;
06EC1 : 25;
06EC2 : 25;
06EC3 : 25;
06EC4 : 25;
06EC5 : 25;
06EC6 : 25;
06EC7 : 25;
06EC8 : 25;
06EC9 : 25;
06ECA : 25;
06ECB : 25;
06ECC : 25;
06ECD : 25;
06ECE : 25;
06ECF : 25;
06ED0 : 25;
06ED1 : 25;
06ED2 : 25;
06ED3 : 25;
06ED4 : 25;
06ED5 : 25;
06ED6 : 25;
06ED7 : 25;
06ED8 : 25;
06ED9 : 25;
06EDA : 25;
06EDB : 25;
06EDC : 25;
06EDD : 25;
06EDE : 25;
06EDF : 25;
06EE0 : 25;
06EE1 : 25;
06EE2 : 25;
06EE3 : 25;
06EE4 : 25;
06EE5 : 25;
06EE6 : 25;
06EE7 : 25;
06EE8 : 25;
06EE9 : 25;
06EEA : 25;
06EEB : 25;
06EEC : 25;
06EED : 25;
06EEE : 25;
06EEF : 25;
06EF0 : 25;
06EF1 : 25;
06EF2 : 25;
06EF3 : 25;
06EF4 : 25;
06EF5 : 25;
06EF6 : 25;
06EF7 : 25;
06EF8 : 25;
06EF9 : 25;
06EFA : 25;
06EFB : 25;
06EFC : 25;
06EFD : 25;
06EFE : 25;
06EFF : 25;
06F00 : 25;
06F01 : 25;
06F02 : 25;
06F03 : 25;
06F04 : 25;
06F05 : 25;
06F06 : 25;
06F07 : 25;
06F08 : 25;
06F09 : 25;
06F0A : 25;
06F0B : 25;
06F0C : 25;
06F0D : 25;
06F0E : 25;
06F0F : 25;
06F10 : 25;
06F11 : 25;
06F12 : 25;
06F13 : 25;
06F14 : 25;
06F15 : 25;
06F16 : 25;
06F17 : 25;
06F18 : 25;
06F19 : 25;
06F1A : 25;
06F1B : 25;
06F1C : 25;
06F1D : 25;
06F1E : 25;
06F1F : 25;
06F20 : 25;
06F21 : 25;
06F22 : 25;
06F23 : 25;
06F24 : 25;
06F25 : 25;
06F26 : 25;
06F27 : 25;
06F28 : 25;
06F29 : 25;
06F2A : 25;
06F2B : 25;
06F2C : 25;
06F2D : 25;
06F2E : 25;
06F2F : 25;
06F30 : 25;
06F31 : 25;
06F32 : 25;
06F33 : 25;
06F34 : 25;
06F35 : 25;
06F36 : 25;
06F37 : 25;
06F38 : 25;
06F39 : 25;
06F3A : 25;
06F3B : 25;
06F3C : 25;
06F3D : 25;
06F3E : 25;
06F3F : 25;
06F40 : 25;
06F41 : 25;
06F42 : 25;
06F43 : 25;
06F44 : 25;
06F45 : 25;
06F46 : 25;
06F47 : 25;
06F48 : 25;
06F49 : 25;
06F4A : 25;
06F4B : 25;
06F4C : 25;
06F4D : 25;
06F4E : 25;
06F4F : 25;
06F50 : 25;
06F51 : 25;
06F52 : 25;
06F53 : 25;
06F54 : 25;
06F55 : 25;
06F56 : 25;
06F57 : 25;
06F58 : 25;
06F59 : 25;
06F5A : 25;
06F5B : 25;
06F5C : 25;
06F5D : 25;
06F5E : 25;
06F5F : 25;
06F60 : 25;
06F61 : 25;
06F62 : 25;
06F63 : 25;
06F64 : 25;
06F65 : 25;
06F66 : 25;
06F67 : 25;
06F68 : 25;
06F69 : 25;
06F6A : 25;
06F6B : 25;
06F6C : 25;
06F6D : 25;
06F6E : 25;
06F6F : 25;
06F70 : 25;
06F71 : 25;
06F72 : 25;
06F73 : 25;
06F74 : 25;
06F75 : 25;
06F76 : 25;
06F77 : 25;
06F78 : 25;
06F79 : 25;
06F7A : 25;
06F7B : 25;
06F7C : 25;
06F7D : 25;
06F7E : 25;
06F7F : 25;
06F80 : 25;
06F81 : 25;
06F82 : 25;
06F83 : 25;
06F84 : 25;
06F85 : 25;
06F86 : 25;
06F87 : 25;
06F88 : 25;
06F89 : 25;
06F8A : 25;
06F8B : 25;
06F8C : 25;
06F8D : 25;
06F8E : 25;
06F8F : 25;
06F90 : 25;
06F91 : 25;
06F92 : 25;
06F93 : 25;
06F94 : 25;
06F95 : 25;
06F96 : 25;
06F97 : 25;
06F98 : 25;
06F99 : 25;
06F9A : 25;
06F9B : 25;
06F9C : 25;
06F9D : 25;
06F9E : 25;
06F9F : 25;
06FA0 : 25;
06FA1 : 25;
06FA2 : 25;
06FA3 : 25;
06FA4 : 25;
06FA5 : 25;
06FA6 : 25;
06FA7 : 25;
06FA8 : 25;
06FA9 : 25;
06FAA : 25;
06FAB : 25;
06FAC : 25;
06FAD : 25;
06FAE : 25;
06FAF : 25;
06FB0 : 25;
06FB1 : 25;
06FB2 : 25;
06FB3 : 25;
06FB4 : 25;
06FB5 : 25;
06FB6 : 25;
06FB7 : 25;
06FB8 : 25;
06FB9 : 25;
06FBA : 25;
06FBB : 25;
06FBC : 25;
06FBD : 25;
06FBE : 25;
06FBF : 25;
06FC0 : 25;
06FC1 : 25;
06FC2 : 25;
06FC3 : 25;
06FC4 : 25;
06FC5 : 25;
06FC6 : 25;
06FC7 : 25;
06FC8 : 25;
06FC9 : 25;
06FCA : 25;
06FCB : 25;
06FCC : 25;
06FCD : 25;
06FCE : 25;
06FCF : 25;
06FD0 : 25;
06FD1 : 25;
06FD2 : 25;
06FD3 : 25;
06FD4 : 25;
06FD5 : 25;
06FD6 : 25;
06FD7 : 25;
06FD8 : 25;
06FD9 : 25;
06FDA : 25;
06FDB : 25;
06FDC : 25;
06FDD : 25;
06FDE : 25;
06FDF : 25;
06FE0 : 25;
06FE1 : 25;
06FE2 : 25;
06FE3 : 25;
06FE4 : 25;
06FE5 : 25;
06FE6 : 25;
06FE7 : 25;
06FE8 : 25;
06FE9 : 25;
06FEA : 25;
06FEB : 25;
06FEC : 25;
06FED : 25;
06FEE : 25;
06FEF : 25;
06FF0 : 25;
06FF1 : 25;
06FF2 : 25;
06FF3 : 25;
06FF4 : 25;
06FF5 : 25;
06FF6 : 25;
06FF7 : 25;
06FF8 : 25;
06FF9 : 25;
06FFA : 25;
06FFB : 25;
06FFC : 25;
06FFD : 25;
06FFE : 25;
06FFF : 25;
07000 : 25;
07001 : 25;
07002 : 25;
07003 : 25;
07004 : 25;
07005 : 25;
07006 : 25;
07007 : 25;
07008 : 25;
07009 : 25;
0700A : 25;
0700B : 25;
0700C : 25;
0700D : 25;
0700E : 25;
0700F : 25;
07010 : 25;
07011 : 25;
07012 : 25;
07013 : 25;
07014 : 25;
07015 : 25;
07016 : 25;
07017 : 25;
07018 : 25;
07019 : 25;
0701A : 25;
0701B : 25;
0701C : 25;
0701D : 25;
0701E : 25;
0701F : 25;
07020 : 25;
07021 : 25;
07022 : 25;
07023 : 25;
07024 : 25;
07025 : 25;
07026 : 25;
07027 : 25;
07028 : 25;
07029 : 25;
0702A : 25;
0702B : 25;
0702C : 25;
0702D : 25;
0702E : 25;
0702F : 25;
07030 : 25;
07031 : 25;
07032 : 25;
07033 : 25;
07034 : 25;
07035 : 25;
07036 : 25;
07037 : 25;
07038 : 25;
07039 : 25;
0703A : 25;
0703B : 25;
0703C : 25;
0703D : 25;
0703E : 25;
0703F : 25;
07040 : 25;
07041 : 25;
07042 : 25;
07043 : 25;
07044 : 25;
07045 : 25;
07046 : 25;
07047 : 25;
07048 : 25;
07049 : 25;
0704A : 25;
0704B : 25;
0704C : 25;
0704D : 25;
0704E : 25;
0704F : 25;
07050 : 25;
07051 : 25;
07052 : 25;
07053 : 25;
07054 : 25;
07055 : 25;
07056 : 25;
07057 : 25;
07058 : 25;
07059 : 25;
0705A : 25;
0705B : 25;
0705C : 25;
0705D : 25;
0705E : 25;
0705F : 25;
07060 : 25;
07061 : 25;
07062 : 25;
07063 : 25;
07064 : 25;
07065 : 25;
07066 : 25;
07067 : 25;
07068 : 25;
07069 : 25;
0706A : 25;
0706B : 25;
0706C : 25;
0706D : 25;
0706E : 25;
0706F : 25;
07070 : 25;
07071 : 25;
07072 : 25;
07073 : 25;
07074 : 25;
07075 : 25;
07076 : 25;
07077 : 25;
07078 : 25;
07079 : 25;
0707A : 25;
0707B : 25;
0707C : 25;
0707D : 25;
0707E : 25;
0707F : 25;
07080 : 25;
07081 : 25;
07082 : 25;
07083 : 25;
07084 : 25;
07085 : 25;
07086 : 25;
07087 : 25;
07088 : 25;
07089 : 25;
0708A : 25;
0708B : 25;
0708C : 25;
0708D : 25;
0708E : 25;
0708F : 25;
07090 : 25;
07091 : 25;
07092 : 25;
07093 : 25;
07094 : 25;
07095 : 25;
07096 : 25;
07097 : 25;
07098 : 25;
07099 : 25;
0709A : 25;
0709B : 25;
0709C : 25;
0709D : 25;
0709E : 25;
0709F : 25;
070A0 : 25;
070A1 : 25;
070A2 : 25;
070A3 : 25;
070A4 : 25;
070A5 : 25;
070A6 : 25;
070A7 : 25;
070A8 : 25;
070A9 : 25;
070AA : 25;
070AB : 25;
070AC : 25;
070AD : 25;
070AE : 25;
070AF : 25;
070B0 : 25;
070B1 : 25;
070B2 : 25;
070B3 : 25;
070B4 : 25;
070B5 : 25;
070B6 : 25;
070B7 : 25;
070B8 : 25;
070B9 : 25;
070BA : 25;
070BB : 25;
070BC : 25;
070BD : 25;
070BE : 25;
070BF : 25;
070C0 : 25;
070C1 : 25;
070C2 : 25;
070C3 : 25;
070C4 : 25;
070C5 : 25;
070C6 : 25;
070C7 : 25;
070C8 : 25;
070C9 : 25;
070CA : 25;
070CB : 25;
070CC : 25;
070CD : 25;
070CE : 25;
070CF : 25;
070D0 : 25;
070D1 : 25;
070D2 : 25;
070D3 : 25;
070D4 : 25;
070D5 : 25;
070D6 : 25;
070D7 : 25;
070D8 : 25;
070D9 : 25;
070DA : 25;
070DB : 25;
070DC : 25;
070DD : 25;
070DE : 25;
070DF : 25;
070E0 : 25;
070E1 : 25;
070E2 : 25;
070E3 : 25;
070E4 : 25;
070E5 : 25;
070E6 : 25;
070E7 : 25;
070E8 : 25;
070E9 : 25;
070EA : 25;
070EB : 25;
070EC : 25;
070ED : 25;
070EE : 25;
070EF : 25;
070F0 : 25;
070F1 : 25;
070F2 : 25;
070F3 : 25;
070F4 : 25;
070F5 : 25;
070F6 : 25;
070F7 : 25;
070F8 : 25;
070F9 : 25;
070FA : 25;
070FB : 25;
070FC : 25;
070FD : 25;
070FE : 25;
070FF : 25;
07100 : 25;
07101 : 25;
07102 : 25;
07103 : 25;
07104 : 25;
07105 : 25;
07106 : 25;
07107 : 25;
07108 : 25;
07109 : 25;
0710A : 25;
0710B : 25;
0710C : 25;
0710D : 25;
0710E : 25;
0710F : 25;
07110 : 25;
07111 : 25;
07112 : 25;
07113 : 25;
07114 : 25;
07115 : 25;
07116 : 25;
07117 : 25;
07118 : 25;
07119 : 25;
0711A : 25;
0711B : 25;
0711C : 25;
0711D : 25;
0711E : 25;
0711F : 25;
07120 : 25;
07121 : 25;
07122 : 25;
07123 : 25;
07124 : 25;
07125 : 25;
07126 : 25;
07127 : 25;
07128 : 25;
07129 : 25;
0712A : 25;
0712B : 25;
0712C : 25;
0712D : 25;
0712E : 25;
0712F : 25;
07130 : 25;
07131 : 25;
07132 : 25;
07133 : 25;
07134 : 25;
07135 : 25;
07136 : 25;
07137 : 25;
07138 : 25;
07139 : 25;
0713A : 25;
0713B : 25;
0713C : 25;
0713D : 25;
0713E : 25;
0713F : 25;
07140 : 25;
07141 : 25;
07142 : 25;
07143 : 25;
07144 : 25;
07145 : 25;
07146 : 25;
07147 : 25;
07148 : 25;
07149 : 25;
0714A : 25;
0714B : 25;
0714C : 25;
0714D : 25;
0714E : 25;
0714F : 25;
07150 : 25;
07151 : 25;
07152 : 25;
07153 : 25;
07154 : 25;
07155 : 25;
07156 : 25;
07157 : 25;
07158 : 25;
07159 : 25;
0715A : 25;
0715B : 25;
0715C : 25;
0715D : 25;
0715E : 25;
0715F : 25;
07160 : 25;
07161 : 25;
07162 : 25;
07163 : 25;
07164 : 25;
07165 : 25;
07166 : 25;
07167 : 25;
07168 : 25;
07169 : 25;
0716A : 25;
0716B : 25;
0716C : 25;
0716D : 25;
0716E : 25;
0716F : 25;
07170 : 25;
07171 : 25;
07172 : 25;
07173 : 25;
07174 : 25;
07175 : 25;
07176 : 25;
07177 : 25;
07178 : 25;
07179 : 25;
0717A : 25;
0717B : 25;
0717C : 25;
0717D : 25;
0717E : 25;
0717F : 25;
07180 : 25;
07181 : 25;
07182 : 25;
07183 : 25;
07184 : 25;
07185 : 25;
07186 : 25;
07187 : 25;
07188 : 25;
07189 : 25;
0718A : 25;
0718B : 25;
0718C : 25;
0718D : 25;
0718E : 25;
0718F : 25;
07190 : 25;
07191 : 25;
07192 : 25;
07193 : 25;
07194 : 25;
07195 : 25;
07196 : 25;
07197 : 25;
07198 : 25;
07199 : 25;
0719A : 25;
0719B : 25;
0719C : 25;
0719D : 25;
0719E : 25;
0719F : 25;
071A0 : 25;
071A1 : 25;
071A2 : 25;
071A3 : 25;
071A4 : 25;
071A5 : 25;
071A6 : 25;
071A7 : 25;
071A8 : 25;
071A9 : 25;
071AA : 25;
071AB : 25;
071AC : 25;
071AD : 25;
071AE : 25;
071AF : 25;
071B0 : 25;
071B1 : 25;
071B2 : 25;
071B3 : 25;
071B4 : 25;
071B5 : 25;
071B6 : 25;
071B7 : 25;
071B8 : 25;
071B9 : 25;
071BA : 25;
071BB : 25;
071BC : 25;
071BD : 25;
071BE : 25;
071BF : 25;
071C0 : 25;
071C1 : 25;
071C2 : 25;
071C3 : 25;
071C4 : 25;
071C5 : 25;
071C6 : 25;
071C7 : 25;
071C8 : 25;
071C9 : 25;
071CA : 25;
071CB : 25;
071CC : 25;
071CD : 25;
071CE : 25;
071CF : 25;
071D0 : 25;
071D1 : 25;
071D2 : 25;
071D3 : 25;
071D4 : 25;
071D5 : 25;
071D6 : 25;
071D7 : 25;
071D8 : 25;
071D9 : 25;
071DA : 25;
071DB : 25;
071DC : 25;
071DD : 25;
071DE : 25;
071DF : 25;
071E0 : 25;
071E1 : 25;
071E2 : 25;
071E3 : 25;
071E4 : 25;
071E5 : 25;
071E6 : 25;
071E7 : 25;
071E8 : 25;
071E9 : 25;
071EA : 25;
071EB : 25;
071EC : 25;
071ED : 25;
071EE : 25;
071EF : 25;
071F0 : 25;
071F1 : 25;
071F2 : 25;
071F3 : 25;
071F4 : 25;
071F5 : 25;
071F6 : 25;
071F7 : 25;
071F8 : 25;
071F9 : 25;
071FA : 25;
071FB : 25;
071FC : 25;
071FD : 25;
071FE : 25;
071FF : 25;
07200 : 25;
07201 : 25;
07202 : 25;
07203 : 25;
07204 : 25;
07205 : 25;
07206 : 25;
07207 : 25;
07208 : 25;
07209 : 25;
0720A : 25;
0720B : 25;
0720C : 25;
0720D : 25;
0720E : 25;
0720F : 25;
07210 : 25;
07211 : 25;
07212 : 25;
07213 : 25;
07214 : 25;
07215 : 25;
07216 : 25;
07217 : 25;
07218 : 25;
07219 : 25;
0721A : 25;
0721B : 25;
0721C : 25;
0721D : 25;
0721E : 25;
0721F : 25;
07220 : 25;
07221 : 25;
07222 : 25;
07223 : 25;
07224 : 25;
07225 : 25;
07226 : 25;
07227 : 25;
07228 : 25;
07229 : 25;
0722A : 25;
0722B : 25;
0722C : 25;
0722D : 25;
0722E : 25;
0722F : 25;
07230 : 25;
07231 : 25;
07232 : 25;
07233 : 25;
07234 : 25;
07235 : 25;
07236 : 25;
07237 : 25;
07238 : 25;
07239 : 25;
0723A : 25;
0723B : 25;
0723C : 25;
0723D : 25;
0723E : 25;
0723F : 25;
07240 : 25;
07241 : 25;
07242 : 25;
07243 : 25;
07244 : 25;
07245 : 25;
07246 : 25;
07247 : 25;
07248 : 25;
07249 : 25;
0724A : 25;
0724B : 25;
0724C : 25;
0724D : 25;
0724E : 25;
0724F : 25;
07250 : 25;
07251 : 25;
07252 : 25;
07253 : 25;
07254 : 25;
07255 : 25;
07256 : 25;
07257 : 25;
07258 : 25;
07259 : 25;
0725A : 25;
0725B : 25;
0725C : 25;
0725D : 25;
0725E : 25;
0725F : 25;
07260 : 25;
07261 : 25;
07262 : 25;
07263 : 25;
07264 : 25;
07265 : 25;
07266 : 25;
07267 : 25;
07268 : 25;
07269 : 25;
0726A : 25;
0726B : 25;
0726C : 25;
0726D : 25;
0726E : 25;
0726F : 25;
07270 : 25;
07271 : 25;
07272 : 25;
07273 : 25;
07274 : 25;
07275 : 25;
07276 : 25;
07277 : 25;
07278 : 25;
07279 : 25;
0727A : 25;
0727B : 25;
0727C : 25;
0727D : 25;
0727E : 25;
0727F : 25;
07280 : 25;
07281 : 25;
07282 : 25;
07283 : 25;
07284 : 25;
07285 : 25;
07286 : 25;
07287 : 25;
07288 : 25;
07289 : 25;
0728A : 25;
0728B : 25;
0728C : 25;
0728D : 25;
0728E : 25;
0728F : 25;
07290 : 25;
07291 : 25;
07292 : 25;
07293 : 25;
07294 : 25;
07295 : 25;
07296 : 25;
07297 : 25;
07298 : 25;
07299 : 25;
0729A : 25;
0729B : 25;
0729C : 25;
0729D : 25;
0729E : 25;
0729F : 25;
072A0 : 25;
072A1 : 25;
072A2 : 25;
072A3 : 25;
072A4 : 25;
072A5 : 25;
072A6 : 25;
072A7 : 25;
072A8 : 25;
072A9 : 25;
072AA : 25;
072AB : 25;
072AC : 25;
072AD : 25;
072AE : 25;
072AF : 25;
072B0 : 25;
072B1 : 25;
072B2 : 25;
072B3 : 25;
072B4 : 25;
072B5 : 25;
072B6 : 25;
072B7 : 25;
072B8 : 25;
072B9 : 25;
072BA : 25;
072BB : 25;
072BC : 25;
072BD : 25;
072BE : 25;
072BF : 25;
072C0 : 25;
072C1 : 25;
072C2 : 25;
072C3 : 25;
072C4 : 25;
072C5 : 25;
072C6 : 25;
072C7 : 25;
072C8 : 25;
072C9 : 25;
072CA : 25;
072CB : 25;
072CC : 25;
072CD : 25;
072CE : 25;
072CF : 25;
072D0 : 25;
072D1 : 25;
072D2 : 25;
072D3 : 25;
072D4 : 25;
072D5 : 25;
072D6 : 25;
072D7 : 25;
072D8 : 25;
072D9 : 25;
072DA : 25;
072DB : 25;
072DC : 25;
072DD : 25;
072DE : 25;
072DF : 25;
072E0 : 25;
072E1 : 25;
072E2 : 25;
072E3 : 25;
072E4 : 25;
072E5 : 25;
072E6 : 25;
072E7 : 25;
072E8 : 25;
072E9 : 25;
072EA : 25;
072EB : 25;
072EC : 25;
072ED : 25;
072EE : 25;
072EF : 25;
072F0 : 25;
072F1 : 25;
072F2 : 25;
072F3 : 25;
072F4 : 25;
072F5 : 25;
072F6 : 25;
072F7 : 25;
072F8 : 25;
072F9 : 25;
072FA : 25;
072FB : 25;
072FC : 25;
072FD : 25;
072FE : 25;
072FF : 25;
07300 : 25;
07301 : 25;
07302 : 25;
07303 : 25;
07304 : 25;
07305 : 25;
07306 : 25;
07307 : 25;
07308 : 25;
07309 : 25;
0730A : 25;
0730B : 25;
0730C : 25;
0730D : 25;
0730E : 25;
0730F : 25;
07310 : 25;
07311 : 25;
07312 : 25;
07313 : 25;
07314 : 25;
07315 : 25;
07316 : 25;
07317 : 25;
07318 : 25;
07319 : 25;
0731A : 25;
0731B : 25;
0731C : 25;
0731D : 25;
0731E : 25;
0731F : 25;
07320 : 25;
07321 : 25;
07322 : 25;
07323 : 25;
07324 : 25;
07325 : 25;
07326 : 25;
07327 : 25;
07328 : 25;
07329 : 25;
0732A : 25;
0732B : 25;
0732C : 25;
0732D : 25;
0732E : 25;
0732F : 25;
07330 : 25;
07331 : 25;
07332 : 25;
07333 : 25;
07334 : 25;
07335 : 25;
07336 : 25;
07337 : 25;
07338 : 25;
07339 : 25;
0733A : 25;
0733B : 25;
0733C : 25;
0733D : 25;
0733E : 25;
0733F : 25;
07340 : 25;
07341 : 25;
07342 : 25;
07343 : 25;
07344 : 25;
07345 : 25;
07346 : 25;
07347 : 25;
07348 : 25;
07349 : 25;
0734A : 25;
0734B : 25;
0734C : 25;
0734D : 25;
0734E : 25;
0734F : 25;
07350 : 25;
07351 : 25;
07352 : 25;
07353 : 25;
07354 : 25;
07355 : 25;
07356 : 25;
07357 : 25;
07358 : 25;
07359 : 25;
0735A : 25;
0735B : 25;
0735C : 25;
0735D : 25;
0735E : 25;
0735F : 25;
07360 : 25;
07361 : 25;
07362 : 25;
07363 : 25;
07364 : 25;
07365 : 25;
07366 : 25;
07367 : 25;
07368 : 25;
07369 : 25;
0736A : 25;
0736B : 25;
0736C : 25;
0736D : 25;
0736E : 25;
0736F : 25;
07370 : 25;
07371 : 25;
07372 : 25;
07373 : 25;
07374 : 25;
07375 : 25;
07376 : 25;
07377 : 25;
07378 : 25;
07379 : 25;
0737A : 25;
0737B : 25;
0737C : 25;
0737D : 25;
0737E : 25;
0737F : 25;
07380 : 25;
07381 : 25;
07382 : 25;
07383 : 25;
07384 : 25;
07385 : 25;
07386 : 25;
07387 : 25;
07388 : 25;
07389 : 25;
0738A : 25;
0738B : 25;
0738C : 25;
0738D : 25;
0738E : 25;
0738F : 25;
07390 : 25;
07391 : 25;
07392 : 25;
07393 : 25;
07394 : 25;
07395 : 25;
07396 : 25;
07397 : 25;
07398 : 25;
07399 : 25;
0739A : 25;
0739B : 25;
0739C : 25;
0739D : 25;
0739E : 25;
0739F : 25;
073A0 : 25;
073A1 : 25;
073A2 : 25;
073A3 : 25;
073A4 : 25;
073A5 : 25;
073A6 : 25;
073A7 : 25;
073A8 : 25;
073A9 : 25;
073AA : 25;
073AB : 25;
073AC : 25;
073AD : 25;
073AE : 25;
073AF : 25;
073B0 : 25;
073B1 : 25;
073B2 : 25;
073B3 : 25;
073B4 : 25;
073B5 : 25;
073B6 : 25;
073B7 : 25;
073B8 : 25;
073B9 : 25;
073BA : 25;
073BB : 25;
073BC : 25;
073BD : 25;
073BE : 25;
073BF : 25;
073C0 : 25;
073C1 : 25;
073C2 : 25;
073C3 : 25;
073C4 : 25;
073C5 : 25;
073C6 : 25;
073C7 : 25;
073C8 : 25;
073C9 : 25;
073CA : 25;
073CB : 25;
073CC : 25;
073CD : 25;
073CE : 25;
073CF : 25;
073D0 : 25;
073D1 : 25;
073D2 : 25;
073D3 : 25;
073D4 : 25;
073D5 : 25;
073D6 : 25;
073D7 : 25;
073D8 : 25;
073D9 : 25;
073DA : 25;
073DB : 25;
073DC : 25;
073DD : 25;
073DE : 25;
073DF : 25;
073E0 : 25;
073E1 : 25;
073E2 : 25;
073E3 : 25;
073E4 : 25;
073E5 : 25;
073E6 : 25;
073E7 : 25;
073E8 : 25;
073E9 : 25;
073EA : 25;
073EB : 25;
073EC : 25;
073ED : 25;
073EE : 25;
073EF : 25;
073F0 : 25;
073F1 : 25;
073F2 : 25;
073F3 : 25;
073F4 : 25;
073F5 : 25;
073F6 : 25;
073F7 : 25;
073F8 : 25;
073F9 : 25;
073FA : 25;
073FB : 25;
073FC : 25;
073FD : 25;
073FE : 25;
073FF : 25;
07400 : 25;
07401 : 25;
07402 : 25;
07403 : 25;
07404 : 25;
07405 : 25;
07406 : 25;
07407 : 25;
07408 : 25;
07409 : 25;
0740A : 25;
0740B : 25;
0740C : 56;
0740D : BA;
0740E : DA;
0740F : 7A;
07410 : BA;
07411 : 7A;
07412 : 5A;
07413 : 31;
07414 : 2D;
07415 : 31;
07416 : 9A;
07417 : 00;
07418 : 25;
07419 : 25;
0741A : 25;
0741B : 25;
0741C : 25;
0741D : 25;
0741E : 25;
0741F : 25;
07420 : 25;
07421 : 25;
07422 : 25;
07423 : 25;
07424 : 25;
07425 : 25;
07426 : 25;
07427 : 25;
07428 : 25;
07429 : 25;
0742A : 25;
0742B : 25;
0742C : 31;
0742D : BA;
0742E : DA;
0742F : 7A;
07430 : 9A;
07431 : 5A;
07432 : 5A;
07433 : 56;
07434 : 2D;
07435 : 31;
07436 : 7A;
07437 : 00;
07438 : 25;
07439 : 25;
0743A : 25;
0743B : 25;
0743C : 25;
0743D : 25;
0743E : 25;
0743F : 25;
07440 : 25;
07441 : 25;
07442 : 25;
07443 : 25;
07444 : 25;
07445 : 25;
07446 : 25;
07447 : 25;
07448 : 25;
07449 : 25;
0744A : 25;
0744B : 25;
0744C : 96;
0744D : BA;
0744E : 9A;
0744F : 5A;
07450 : 7A;
07451 : 31;
07452 : 56;
07453 : 2D;
07454 : 2D;
07455 : 31;
07456 : 7A;
07457 : 00;
07458 : 25;
07459 : 25;
0745A : 25;
0745B : 25;
0745C : 25;
0745D : 25;
0745E : 25;
0745F : 25;
07460 : 25;
07461 : 25;
07462 : 25;
07463 : 25;
07464 : 25;
07465 : 25;
07466 : 25;
07467 : 25;
07468 : 25;
07469 : 25;
0746A : 25;
0746B : 25;
0746C : BA;
0746D : 9A;
0746E : 5A;
0746F : 7A;
07470 : 7A;
07471 : 31;
07472 : 56;
07473 : 2D;
07474 : 2D;
07475 : 32;
07476 : 7A;
07477 : 00;
07478 : 25;
07479 : 25;
0747A : 25;
0747B : 25;
0747C : 25;
0747D : 25;
0747E : 25;
0747F : 25;
07480 : 25;
07481 : 25;
07482 : 25;
07483 : 25;
07484 : 25;
07485 : 25;
07486 : 25;
07487 : 25;
07488 : 25;
07489 : 25;
0748A : 25;
0748B : 25;
0748C : DA;
0748D : 7A;
0748E : 9A;
0748F : 7A;
07490 : BA;
07491 : 31;
07492 : 32;
07493 : 2D;
07494 : 2D;
07495 : 32;
07496 : 9A;
07497 : 00;
07498 : 25;
07499 : 25;
0749A : 25;
0749B : 25;
0749C : 25;
0749D : 25;
0749E : 25;
0749F : 25;
074A0 : 25;
074A1 : 25;
074A2 : 25;
074A3 : 25;
074A4 : 25;
074A5 : 25;
074A6 : 25;
074A7 : 25;
074A8 : 25;
074A9 : 25;
074AA : 25;
074AB : 25;
074AC : DA;
074AD : 7A;
074AE : 5A;
074AF : 7A;
074B0 : BA;
074B1 : 56;
074B2 : 9A;
074B3 : 31;
074B4 : 2D;
074B5 : 32;
074B6 : 9A;
074B7 : 00;
074B8 : 25;
074B9 : 25;
074BA : 25;
074BB : 25;
074BC : 25;
074BD : 25;
074BE : 25;
074BF : 25;
074C0 : 25;
074C1 : 25;
074C2 : 25;
074C3 : 25;
074C4 : 25;
074C5 : 25;
074C6 : 25;
074C7 : 25;
074C8 : 25;
074C9 : 25;
074CA : 25;
074CB : 25;
074CC : DA;
074CD : 7A;
074CE : 5A;
074CF : 7A;
074D0 : BA;
074D1 : 7A;
074D2 : 7A;
074D3 : 2D;
074D4 : 2D;
074D5 : 31;
074D6 : 9A;
074D7 : 00;
074D8 : 25;
074D9 : 25;
074DA : 25;
074DB : 25;
074DC : 25;
074DD : 25;
074DE : 25;
074DF : 25;
074E0 : 25;
074E1 : 25;
074E2 : 25;
074E3 : 25;
074E4 : 25;
074E5 : 25;
074E6 : 25;
074E7 : 25;
074E8 : 25;
074E9 : 25;
074EA : 25;
074EB : 25;
074EC : DA;
074ED : 7A;
074EE : 5A;
074EF : 7A;
074F0 : BA;
074F1 : 5A;
074F2 : 7A;
074F3 : 2D;
074F4 : 2D;
074F5 : 31;
074F6 : 9A;
074F7 : 25;
074F8 : 25;
074F9 : 25;
074FA : 25;
074FB : 25;
074FC : 25;
074FD : 25;
074FE : 25;
074FF : 25;
07500 : 25;
07501 : 25;
07502 : 25;
07503 : 25;
07504 : 25;
07505 : 25;
07506 : 25;
07507 : 25;
07508 : 25;
07509 : 25;
0750A : 25;
0750B : 04;
0750C : DA;
0750D : 7A;
0750E : 5A;
0750F : 5A;
07510 : 5A;
07511 : 5A;
07512 : 7A;
07513 : 2D;
07514 : 2D;
07515 : 31;
07516 : 76;
07517 : 25;
07518 : 25;
07519 : 25;
0751A : 00;
0751B : 25;
0751C : 25;
0751D : 25;
0751E : 25;
0751F : 25;
07520 : 25;
07521 : 25;
07522 : 25;
07523 : 25;
07524 : 25;
07525 : 25;
07526 : 25;
07527 : 25;
07528 : 25;
07529 : 25;
0752A : 25;
0752B : BA;
0752C : BA;
0752D : 7A;
0752E : 5A;
0752F : BA;
07530 : 5A;
07531 : 5A;
07532 : 7A;
07533 : 2D;
07534 : 2D;
07535 : 31;
07536 : 5A;
07537 : 04;
07538 : 25;
07539 : 25;
0753A : 00;
0753B : 25;
0753C : 25;
0753D : 25;
0753E : 25;
0753F : 25;
07540 : 25;
07541 : 25;
07542 : 25;
07543 : 25;
07544 : 25;
07545 : 25;
07546 : 25;
07547 : 25;
07548 : 25;
07549 : 25;
0754A : 25;
0754B : BA;
0754C : 7A;
0754D : 5A;
0754E : 5A;
0754F : BA;
07550 : 5A;
07551 : 5A;
07552 : 7A;
07553 : 2D;
07554 : 2D;
07555 : 2D;
07556 : 35;
07557 : 04;
07558 : 25;
07559 : 25;
0755A : 00;
0755B : 25;
0755C : 25;
0755D : 25;
0755E : 25;
0755F : 25;
07560 : 25;
07561 : 25;
07562 : 25;
07563 : 25;
07564 : 25;
07565 : 25;
07566 : 25;
07567 : 25;
07568 : 25;
07569 : 25;
0756A : 25;
0756B : BA;
0756C : 5A;
0756D : 5A;
0756E : 5A;
0756F : BA;
07570 : 35;
07571 : 56;
07572 : 7A;
07573 : 2D;
07574 : 2D;
07575 : 2D;
07576 : 0D;
07577 : 00;
07578 : 25;
07579 : 24;
0757A : 04;
0757B : 25;
0757C : 25;
0757D : 25;
0757E : 25;
0757F : 25;
07580 : 25;
07581 : 25;
07582 : 25;
07583 : 25;
07584 : 25;
07585 : 7A;
07586 : 7A;
07587 : 25;
07588 : 25;
07589 : 25;
0758A : 25;
0758B : BA;
0758C : 5A;
0758D : 5A;
0758E : 5A;
0758F : BA;
07590 : 35;
07591 : 0D;
07592 : 2D;
07593 : 2D;
07594 : 2D;
07595 : 2D;
07596 : 0D;
07597 : 00;
07598 : 25;
07599 : 00;
0759A : 29;
0759B : 51;
0759C : 25;
0759D : 25;
0759E : 25;
0759F : 25;
075A0 : 25;
075A1 : 25;
075A2 : 25;
075A3 : 25;
075A4 : 2D;
075A5 : 9A;
075A6 : 9A;
075A7 : 25;
075A8 : 25;
075A9 : 25;
075AA : 25;
075AB : BA;
075AC : 5A;
075AD : 5A;
075AE : 56;
075AF : BA;
075B0 : 35;
075B1 : 31;
075B2 : 32;
075B3 : 2D;
075B4 : 2D;
075B5 : 2D;
075B6 : 0D;
075B7 : 00;
075B8 : 25;
075B9 : 00;
075BA : 9A;
075BB : 9A;
075BC : 25;
075BD : 25;
075BE : 25;
075BF : 25;
075C0 : 25;
075C1 : 25;
075C2 : 25;
075C3 : 25;
075C4 : 2D;
075C5 : 9A;
075C6 : 9A;
075C7 : 25;
075C8 : 25;
075C9 : 25;
075CA : 25;
075CB : BA;
075CC : 5A;
075CD : 5A;
075CE : 56;
075CF : BA;
075D0 : 55;
075D1 : 5A;
075D2 : 5A;
075D3 : 2D;
075D4 : 2D;
075D5 : 2D;
075D6 : 0D;
075D7 : 00;
075D8 : 25;
075D9 : 00;
075DA : 9A;
075DB : 7A;
075DC : 25;
075DD : 25;
075DE : 25;
075DF : 25;
075E0 : 25;
075E1 : 25;
075E2 : 25;
075E3 : 25;
075E4 : 4D;
075E5 : BA;
075E6 : 9A;
075E7 : 25;
075E8 : 25;
075E9 : 25;
075EA : 25;
075EB : BA;
075EC : 5A;
075ED : 5A;
075EE : 5A;
075EF : BA;
075F0 : 55;
075F1 : 5A;
075F2 : 56;
075F3 : 2D;
075F4 : 2D;
075F5 : 2D;
075F6 : 0D;
075F7 : 00;
075F8 : 25;
075F9 : 00;
075FA : 9A;
075FB : 7A;
075FC : 25;
075FD : 25;
075FE : 25;
075FF : 25;
07600 : 25;
07601 : 25;
07602 : 25;
07603 : 25;
07604 : 2D;
07605 : BA;
07606 : BA;
07607 : 2D;
07608 : 25;
07609 : 25;
0760A : 25;
0760B : BA;
0760C : 5A;
0760D : 5A;
0760E : 56;
0760F : BA;
07610 : 55;
07611 : 5A;
07612 : 56;
07613 : 31;
07614 : 2D;
07615 : 2D;
07616 : 0D;
07617 : 00;
07618 : 25;
07619 : 00;
0761A : 9A;
0761B : 7A;
0761C : 25;
0761D : 25;
0761E : 25;
0761F : 25;
07620 : 25;
07621 : 25;
07622 : 25;
07623 : 25;
07624 : 4D;
07625 : BA;
07626 : BA;
07627 : 7A;
07628 : 25;
07629 : 25;
0762A : 04;
0762B : 9A;
0762C : 5A;
0762D : 5A;
0762E : BA;
0762F : BA;
07630 : 55;
07631 : 5A;
07632 : 5A;
07633 : 5A;
07634 : 2D;
07635 : 2D;
07636 : 2D;
07637 : 04;
07638 : 00;
07639 : 2D;
0763A : BA;
0763B : 7A;
0763C : 25;
0763D : 25;
0763E : 25;
0763F : 25;
07640 : 25;
07641 : 25;
07642 : 25;
07643 : 25;
07644 : 71;
07645 : DA;
07646 : BA;
07647 : 7A;
07648 : 25;
07649 : 04;
0764A : 4D;
0764B : BA;
0764C : 5A;
0764D : 5A;
0764E : BA;
0764F : BA;
07650 : 55;
07651 : 5A;
07652 : 5A;
07653 : 5A;
07654 : 2D;
07655 : 2D;
07656 : 2D;
07657 : 04;
07658 : 00;
07659 : 0D;
0765A : 9A;
0765B : 7A;
0765C : 25;
0765D : 25;
0765E : 25;
0765F : 25;
07660 : 25;
07661 : 25;
07662 : 25;
07663 : 25;
07664 : DA;
07665 : 9A;
07666 : BA;
07667 : 7A;
07668 : 25;
07669 : 29;
0766A : BA;
0766B : 9A;
0766C : 7A;
0766D : BA;
0766E : BA;
0766F : BA;
07670 : 55;
07671 : 5A;
07672 : 5A;
07673 : 5A;
07674 : 2D;
07675 : 2D;
07676 : 2D;
07677 : 04;
07678 : 00;
07679 : 7A;
0767A : 7A;
0767B : 7A;
0767C : 25;
0767D : 25;
0767E : 25;
0767F : 25;
07680 : 25;
07681 : 25;
07682 : 25;
07683 : 25;
07684 : DA;
07685 : 9A;
07686 : 9A;
07687 : 7A;
07688 : 25;
07689 : 49;
0768A : BA;
0768B : BA;
0768C : 7A;
0768D : BA;
0768E : BA;
0768F : 9A;
07690 : 31;
07691 : 5A;
07692 : 5A;
07693 : 5A;
07694 : 2D;
07695 : 2D;
07696 : 2D;
07697 : 04;
07698 : 00;
07699 : 9A;
0769A : 9A;
0769B : 7A;
0769C : 25;
0769D : 25;
0769E : 25;
0769F : 25;
076A0 : 25;
076A1 : 25;
076A2 : 25;
076A3 : 25;
076A4 : DA;
076A5 : 7A;
076A6 : 5A;
076A7 : 7A;
076A8 : 04;
076A9 : 4D;
076AA : BA;
076AB : 7A;
076AC : 7A;
076AD : BA;
076AE : BA;
076AF : 7A;
076B0 : 36;
076B1 : 36;
076B2 : 36;
076B3 : 5A;
076B4 : 2D;
076B5 : 2D;
076B6 : 2D;
076B7 : 04;
076B8 : 00;
076B9 : BA;
076BA : BA;
076BB : 7A;
076BC : 31;
076BD : 25;
076BE : 25;
076BF : 25;
076C0 : 25;
076C1 : 25;
076C2 : 24;
076C3 : 25;
076C4 : DA;
076C5 : 7A;
076C6 : 5A;
076C7 : 7A;
076C8 : 04;
076C9 : 4D;
076CA : BA;
076CB : 7A;
076CC : 7A;
076CD : BA;
076CE : DA;
076CF : 9A;
076D0 : 56;
076D1 : 36;
076D2 : 32;
076D3 : 5A;
076D4 : 2D;
076D5 : 2D;
076D6 : 2D;
076D7 : 05;
076D8 : 00;
076D9 : BA;
076DA : BA;
076DB : 76;
076DC : 56;
076DD : 25;
076DE : 25;
076DF : 25;
076E0 : 25;
076E1 : 25;
076E2 : 20;
076E3 : 24;
076E4 : DA;
076E5 : 5A;
076E6 : 5A;
076E7 : 5A;
076E8 : 9A;
076E9 : 9A;
076EA : BA;
076EB : 7A;
076EC : 5A;
076ED : BA;
076EE : DA;
076EF : BA;
076F0 : 56;
076F1 : 56;
076F2 : 5A;
076F3 : 5A;
076F4 : 2D;
076F5 : 2D;
076F6 : 2D;
076F7 : 36;
076F8 : 5A;
076F9 : BA;
076FA : BA;
076FB : 76;
076FC : 2D;
076FD : 25;
076FE : 25;
076FF : 25;
07700 : 25;
07701 : 25;
07702 : 25;
07703 : DA;
07704 : BA;
07705 : 5A;
07706 : 5A;
07707 : 5A;
07708 : 9A;
07709 : BA;
0770A : BA;
0770B : 7A;
0770C : 5A;
0770D : BA;
0770E : DA;
0770F : BA;
07710 : 7A;
07711 : 9A;
07712 : BA;
07713 : 5A;
07714 : 2D;
07715 : 2D;
07716 : 2D;
07717 : 32;
07718 : 56;
07719 : BA;
0771A : BA;
0771B : 76;
0771C : 2D;
0771D : 25;
0771E : 25;
0771F : 25;
07720 : 25;
07721 : 25;
07722 : 29;
07723 : BA;
07724 : BA;
07725 : 5A;
07726 : 5A;
07727 : 5A;
07728 : 5A;
07729 : 5A;
0772A : 5A;
0772B : 7A;
0772C : 7A;
0772D : BA;
0772E : DA;
0772F : 9A;
07730 : BA;
07731 : 9A;
07732 : BA;
07733 : 5A;
07734 : 2D;
07735 : 2D;
07736 : 2D;
07737 : 56;
07738 : 5A;
07739 : 7A;
0773A : 5A;
0773B : 76;
0773C : 2D;
0773D : 25;
0773E : 25;
0773F : 25;
07740 : 25;
07741 : 25;
07742 : 25;
07743 : BA;
07744 : BA;
07745 : 5A;
07746 : 5A;
07747 : 5A;
07748 : 5A;
07749 : 5A;
0774A : 5A;
0774B : 5A;
0774C : 7A;
0774D : BA;
0774E : BA;
0774F : 9A;
07750 : BA;
07751 : 9A;
07752 : BA;
07753 : 5A;
07754 : 2D;
07755 : 2D;
07756 : 2D;
07757 : 56;
07758 : 5A;
07759 : 9A;
0775A : 56;
0775B : 2D;
0775C : 2D;
0775D : 25;
0775E : 25;
0775F : 25;
07760 : 25;
07761 : 25;
07762 : 04;
07763 : BA;
07764 : BA;
07765 : 5A;
07766 : 5A;
07767 : 36;
07768 : 7A;
07769 : 5A;
0776A : 5A;
0776B : 5A;
0776C : 7A;
0776D : BA;
0776E : BA;
0776F : 7A;
07770 : BA;
07771 : 9A;
07772 : BA;
07773 : 5A;
07774 : 2D;
07775 : 2D;
07776 : 2D;
07777 : 76;
07778 : DA;
07779 : 9A;
0777A : 56;
0777B : 2D;
0777C : 7A;
0777D : 25;
0777E : 25;
0777F : 25;
07780 : 25;
07781 : 25;
07782 : 04;
07783 : BA;
07784 : BA;
07785 : 5A;
07786 : 5A;
07787 : 36;
07788 : 9A;
07789 : 5A;
0778A : 5A;
0778B : 5A;
0778C : 5A;
0778D : 7A;
0778E : 7A;
0778F : 7A;
07790 : 9A;
07791 : 9A;
07792 : BA;
07793 : 5A;
07794 : 2D;
07795 : 2D;
07796 : 2D;
07797 : 9A;
07798 : DA;
07799 : 9A;
0779A : 56;
0779B : 2D;
0779C : 7A;
0779D : 25;
0779E : 25;
0779F : 25;
077A0 : 25;
077A1 : 6D;
077A2 : BA;
077A3 : 5A;
077A4 : 5A;
077A5 : 5A;
077A6 : 36;
077A7 : 36;
077A8 : 5A;
077A9 : 7A;
077AA : 7A;
077AB : 5A;
077AC : 5A;
077AD : 5A;
077AE : 5A;
077AF : 5A;
077B0 : 5A;
077B1 : 7A;
077B2 : BA;
077B3 : 7A;
077B4 : 5A;
077B5 : 31;
077B6 : 2D;
077B7 : 9A;
077B8 : DA;
077B9 : 7A;
077BA : 56;
077BB : 31;
077BC : 2D;
077BD : 31;
077BE : 25;
077BF : 25;
077C0 : 25;
077C1 : 4D;
077C2 : 9A;
077C3 : 7A;
077C4 : 5A;
077C5 : 36;
077C6 : 56;
077C7 : 56;
077C8 : 56;
077C9 : 7A;
077CA : BA;
077CB : 7A;
077CC : 32;
077CD : 36;
077CE : 5A;
077CF : 5A;
077D0 : 5A;
077D1 : 7A;
077D2 : BA;
077D3 : 5A;
077D4 : 5A;
077D5 : 31;
077D6 : 2D;
077D7 : 7A;
077D8 : BA;
077D9 : 7A;
077DA : 56;
077DB : 31;
077DC : 31;
077DD : 31;
077DE : 25;
077DF : 25;
077E0 : 25;
077E1 : 76;
077E2 : 7A;
077E3 : 5A;
077E4 : 5A;
077E5 : 36;
077E6 : 56;
077E7 : 0D;
077E8 : 36;
077E9 : 36;
077EA : 31;
077EB : 9A;
077EC : 56;
077ED : 3A;
077EE : 3A;
077EF : 36;
077F0 : 36;
077F1 : 56;
077F2 : 7A;
077F3 : 7A;
077F4 : 5A;
077F5 : 0D;
077F6 : 2D;
077F7 : 7A;
077F8 : 7A;
077F9 : 31;
077FA : 31;
077FB : 31;
077FC : 2D;
077FD : 2D;
077FE : 25;
077FF : 25;
07800 : B6;
07801 : B6;
07802 : B6;
07803 : B6;
07804 : BA;
07805 : B6;
07806 : B6;
07807 : B6;
07808 : B6;
07809 : B6;
0780A : B6;
0780B : B6;
0780C : B6;
0780D : B6;
0780E : B6;
0780F : B6;
07810 : B6;
07811 : B6;
07812 : BA;
07813 : B6;
07814 : B6;
07815 : B6;
07816 : B6;
07817 : B6;
07818 : B6;
07819 : BA;
0781A : B6;
0781B : BA;
0781C : B6;
0781D : B6;
0781E : B6;
0781F : B6;
07820 : B6;
07821 : B6;
07822 : B6;
07823 : B6;
07824 : BA;
07825 : B6;
07826 : B6;
07827 : B6;
07828 : B6;
07829 : B6;
0782A : B6;
0782B : B6;
0782C : B6;
0782D : B6;
0782E : B6;
0782F : B6;
07830 : B6;
07831 : 96;
07832 : 96;
07833 : 96;
07834 : 96;
07835 : 96;
07836 : 96;
07837 : 96;
07838 : 96;
07839 : BA;
0783A : B6;
0783B : BA;
0783C : B6;
0783D : B6;
0783E : B6;
0783F : B6;
07840 : 9A;
07841 : 9A;
07842 : 9A;
07843 : 9A;
07844 : 7A;
07845 : 7A;
07846 : 7A;
07847 : 7A;
07848 : 7A;
07849 : 7A;
0784A : 9A;
0784B : 9A;
0784C : 9A;
0784D : 9A;
0784E : 9A;
0784F : 9A;
07850 : 7A;
07851 : 7A;
07852 : 9A;
07853 : 9A;
07854 : 9A;
07855 : 9A;
07856 : 7A;
07857 : 7A;
07858 : 7A;
07859 : 9A;
0785A : 7A;
0785B : 7A;
0785C : 9A;
0785D : 9A;
0785E : 9A;
0785F : 9A;
07860 : 7A;
07861 : 7A;
07862 : 9A;
07863 : 7A;
07864 : 7A;
07865 : 7A;
07866 : 9A;
07867 : 7A;
07868 : 7A;
07869 : 7A;
0786A : 7A;
0786B : 7A;
0786C : 7A;
0786D : 9A;
0786E : 9A;
0786F : 9A;
07870 : 7A;
07871 : 7A;
07872 : 7A;
07873 : 7A;
07874 : 7A;
07875 : 7A;
07876 : 7A;
07877 : 7A;
07878 : 7A;
07879 : 7A;
0787A : 7A;
0787B : 7A;
0787C : 7A;
0787D : 7A;
0787E : 7A;
0787F : 56;
07880 : 56;
07881 : 76;
07882 : 56;
07883 : 56;
07884 : 76;
07885 : 7A;
07886 : 7A;
07887 : 7A;
07888 : 7A;
07889 : 7A;
0788A : 7A;
0788B : 9A;
0788C : 9A;
0788D : 9A;
0788E : 7A;
0788F : 7A;
07890 : 7A;
07891 : 76;
07892 : 76;
07893 : 7A;
07894 : 76;
07895 : 76;
07896 : 76;
07897 : 7A;
07898 : 56;
07899 : 7A;
0789A : 7A;
0789B : 7A;
0789C : 76;
0789D : 56;
0789E : 76;
0789F : 7A;
078A0 : 7A;
078A1 : 7A;
078A2 : 7A;
078A3 : 7A;
078A4 : 7A;
078A5 : 7A;
078A6 : 7A;
078A7 : 7A;
078A8 : 7A;
078A9 : 7A;
078AA : 7A;
078AB : 7A;
078AC : 9A;
078AD : 7A;
078AE : 7A;
078AF : 7A;
078B0 : 7A;
078B1 : 7A;
078B2 : 7A;
078B3 : 76;
078B4 : 7A;
078B5 : 7A;
078B6 : 7A;
078B7 : 9A;
078B8 : 9A;
078B9 : 9A;
078BA : 9A;
078BB : 9A;
078BC : 9A;
078BD : 9A;
078BE : 9A;
078BF : 9A;
078C0 : 7A;
078C1 : 7A;
078C2 : 7A;
078C3 : 7A;
078C4 : 7A;
078C5 : 7A;
078C6 : 7A;
078C7 : 9A;
078C8 : 9A;
078C9 : 9A;
078CA : 9A;
078CB : 9A;
078CC : 9A;
078CD : 9A;
078CE : 9A;
078CF : 9A;
078D0 : 7A;
078D1 : 7A;
078D2 : 7A;
078D3 : 7A;
078D4 : 7A;
078D5 : 7A;
078D6 : 7A;
078D7 : 7A;
078D8 : 7A;
078D9 : 9A;
078DA : 9A;
078DB : BA;
078DC : BA;
078DD : BA;
078DE : BA;
078DF : BA;
078E0 : 9A;
078E1 : 9A;
078E2 : 9A;
078E3 : 9A;
078E4 : 9A;
078E5 : 9A;
078E6 : 9A;
078E7 : 9A;
078E8 : 9A;
078E9 : 9A;
078EA : 9A;
078EB : 9A;
078EC : BA;
078ED : BA;
078EE : BA;
078EF : 9A;
078F0 : 9A;
078F1 : 9A;
078F2 : 9A;
078F3 : 9A;
078F4 : 7A;
078F5 : 7A;
078F6 : 7A;
078F7 : 9A;
078F8 : 9A;
078F9 : 9A;
078FA : BA;
078FB : BA;
078FC : BA;
078FD : BA;
078FE : BA;
078FF : BA;
07900 : 9A;
07901 : 9A;
07902 : 9A;
07903 : 9A;
07904 : 9A;
07905 : 9A;
07906 : 9A;
07907 : 9A;
07908 : 9A;
07909 : 9A;
0790A : 9A;
0790B : 9A;
0790C : 9A;
0790D : 9A;
0790E : 9A;
0790F : 9A;
07910 : 9A;
07911 : 9A;
07912 : 7A;
07913 : 7A;
07914 : 7A;
07915 : 7A;
07916 : 7A;
07917 : 9A;
07918 : 9A;
07919 : 9A;
0791A : 9A;
0791B : 9A;
0791C : BA;
0791D : BA;
0791E : BA;
0791F : BA;
07920 : 9A;
07921 : 9A;
07922 : 9A;
07923 : 9A;
07924 : 9A;
07925 : 9A;
07926 : 9A;
07927 : 9A;
07928 : 9A;
07929 : 9A;
0792A : 9A;
0792B : 9A;
0792C : 9A;
0792D : 9A;
0792E : 9A;
0792F : 9A;
07930 : 9A;
07931 : 9A;
07932 : 9A;
07933 : 9A;
07934 : 7A;
07935 : 7A;
07936 : 7A;
07937 : 7A;
07938 : 9A;
07939 : 9A;
0793A : 9A;
0793B : BA;
0793C : BA;
0793D : BA;
0793E : BA;
0793F : BA;
07940 : 76;
07941 : 76;
07942 : 76;
07943 : 96;
07944 : 9A;
07945 : 7A;
07946 : 7A;
07947 : 9A;
07948 : 7A;
07949 : 9A;
0794A : 9A;
0794B : 9A;
0794C : 9A;
0794D : 9A;
0794E : 9A;
0794F : 9A;
07950 : 9A;
07951 : 9A;
07952 : 9A;
07953 : 7A;
07954 : 7A;
07955 : 7A;
07956 : 9A;
07957 : 9A;
07958 : 9A;
07959 : 9A;
0795A : BA;
0795B : BA;
0795C : BA;
0795D : BA;
0795E : BA;
0795F : BA;
07960 : 76;
07961 : 96;
07962 : 9A;
07963 : 7A;
07964 : 7A;
07965 : 7A;
07966 : 9A;
07967 : 9A;
07968 : 9A;
07969 : 9A;
0796A : 9A;
0796B : 9A;
0796C : 9A;
0796D : 9A;
0796E : 9A;
0796F : 9A;
07970 : 9A;
07971 : 9A;
07972 : 9A;
07973 : 9A;
07974 : 9A;
07975 : 9A;
07976 : 9A;
07977 : 9A;
07978 : BA;
07979 : BA;
0797A : BA;
0797B : BA;
0797C : BA;
0797D : BA;
0797E : BA;
0797F : BA;
07980 : 96;
07981 : 96;
07982 : 96;
07983 : 9A;
07984 : 9A;
07985 : 9A;
07986 : 76;
07987 : 9A;
07988 : 9A;
07989 : 9A;
0798A : 9A;
0798B : 9A;
0798C : 9A;
0798D : 9A;
0798E : BA;
0798F : BA;
07990 : BA;
07991 : BA;
07992 : 9A;
07993 : 9A;
07994 : 9A;
07995 : 9A;
07996 : BA;
07997 : BA;
07998 : BA;
07999 : BA;
0799A : BA;
0799B : BA;
0799C : BA;
0799D : BA;
0799E : BA;
0799F : BA;
079A0 : 96;
079A1 : 96;
079A2 : 96;
079A3 : 9A;
079A4 : 96;
079A5 : 9A;
079A6 : 9A;
079A7 : 9A;
079A8 : 9A;
079A9 : 9A;
079AA : 9A;
079AB : 9A;
079AC : BA;
079AD : BA;
079AE : BA;
079AF : BA;
079B0 : BA;
079B1 : BA;
079B2 : BA;
079B3 : BA;
079B4 : BA;
079B5 : BA;
079B6 : BA;
079B7 : BA;
079B8 : BA;
079B9 : BA;
079BA : BA;
079BB : BA;
079BC : BA;
079BD : BA;
079BE : BA;
079BF : BA;
079C0 : 96;
079C1 : 96;
079C2 : 96;
079C3 : 96;
079C4 : 76;
079C5 : 9A;
079C6 : 52;
079C7 : 9A;
079C8 : 9A;
079C9 : 76;
079CA : 9A;
079CB : 9A;
079CC : 9A;
079CD : 9A;
079CE : 9A;
079CF : BA;
079D0 : 9A;
079D1 : 9A;
079D2 : 9A;
079D3 : 9A;
079D4 : 9A;
079D5 : 9A;
079D6 : 9A;
079D7 : 9A;
079D8 : BA;
079D9 : 96;
079DA : BA;
079DB : BA;
079DC : 9A;
079DD : 9A;
079DE : 96;
079DF : BA;
079E0 : 72;
079E1 : 96;
079E2 : 96;
079E3 : 76;
079E4 : 4E;
079E5 : 76;
079E6 : 76;
079E7 : 76;
079E8 : 76;
079E9 : 7A;
079EA : 9A;
079EB : 7A;
079EC : 9A;
079ED : BA;
079EE : 9A;
079EF : 9A;
079F0 : BA;
079F1 : 9A;
079F2 : 9A;
079F3 : 9A;
079F4 : BA;
079F5 : BA;
079F6 : 9A;
079F7 : 96;
079F8 : 96;
079F9 : 76;
079FA : 76;
079FB : 76;
079FC : 96;
079FD : 96;
079FE : 76;
079FF : 9A;
07A00 : 4D;
07A01 : 52;
07A02 : 52;
07A03 : 52;
07A04 : 52;
07A05 : 76;
07A06 : 2D;
07A07 : 76;
07A08 : 32;
07A09 : 76;
07A0A : 56;
07A0B : 76;
07A0C : 7A;
07A0D : 76;
07A0E : 7A;
07A0F : 9A;
07A10 : 7A;
07A11 : 76;
07A12 : 7A;
07A13 : 7A;
07A14 : 76;
07A15 : 9A;
07A16 : 76;
07A17 : 76;
07A18 : 76;
07A19 : 52;
07A1A : 96;
07A1B : 96;
07A1C : 7A;
07A1D : 76;
07A1E : 76;
07A1F : 72;
07A20 : 25;
07A21 : 2D;
07A22 : 2D;
07A23 : 52;
07A24 : 52;
07A25 : 2D;
07A26 : 0D;
07A27 : 2D;
07A28 : 32;
07A29 : 32;
07A2A : 56;
07A2B : 56;
07A2C : 76;
07A2D : 76;
07A2E : 76;
07A2F : 76;
07A30 : 56;
07A31 : 76;
07A32 : 76;
07A33 : 52;
07A34 : 56;
07A35 : 52;
07A36 : 56;
07A37 : 52;
07A38 : 52;
07A39 : 2D;
07A3A : 32;
07A3B : 2D;
07A3C : 2E;
07A3D : 2E;
07A3E : 4E;
07A3F : 2D;
07A40 : 25;
07A41 : 25;
07A42 : 2D;
07A43 : 32;
07A44 : 2D;
07A45 : 09;
07A46 : 09;
07A47 : 09;
07A48 : 0D;
07A49 : 2D;
07A4A : 32;
07A4B : 56;
07A4C : 56;
07A4D : 56;
07A4E : 56;
07A4F : 56;
07A50 : 56;
07A51 : 56;
07A52 : 32;
07A53 : 32;
07A54 : 32;
07A55 : 56;
07A56 : 52;
07A57 : 52;
07A58 : 2E;
07A59 : 2D;
07A5A : 09;
07A5B : 09;
07A5C : 0D;
07A5D : 2E;
07A5E : 2D;
07A5F : 2D;
07A60 : 25;
07A61 : 25;
07A62 : 05;
07A63 : 2D;
07A64 : 2D;
07A65 : 09;
07A66 : 09;
07A67 : 09;
07A68 : 2E;
07A69 : 2D;
07A6A : 32;
07A6B : 52;
07A6C : 52;
07A6D : 52;
07A6E : 52;
07A6F : 52;
07A70 : 52;
07A71 : 52;
07A72 : 52;
07A73 : 32;
07A74 : 32;
07A75 : 52;
07A76 : 56;
07A77 : 52;
07A78 : 2D;
07A79 : 09;
07A7A : 09;
07A7B : 09;
07A7C : 09;
07A7D : 2D;
07A7E : 2D;
07A7F : 2D;
07A80 : 29;
07A81 : 2D;
07A82 : 29;
07A83 : 29;
07A84 : 2D;
07A85 : 29;
07A86 : 09;
07A87 : 2D;
07A88 : 2D;
07A89 : 32;
07A8A : 52;
07A8B : 32;
07A8C : 2E;
07A8D : 2E;
07A8E : 2D;
07A8F : 4E;
07A90 : 2D;
07A91 : 2D;
07A92 : 52;
07A93 : 4D;
07A94 : 4D;
07A95 : 72;
07A96 : 72;
07A97 : 51;
07A98 : 2E;
07A99 : 2D;
07A9A : 09;
07A9B : 0D;
07A9C : 2D;
07A9D : 52;
07A9E : 52;
07A9F : 2E;
07AA0 : 05;
07AA1 : 00;
07AA2 : 29;
07AA3 : 2D;
07AA4 : 29;
07AA5 : 2D;
07AA6 : 2D;
07AA7 : 2E;
07AA8 : 2E;
07AA9 : 2E;
07AAA : 32;
07AAB : 52;
07AAC : 52;
07AAD : 4E;
07AAE : 2D;
07AAF : 52;
07AB0 : 4D;
07AB1 : 52;
07AB2 : 52;
07AB3 : 2D;
07AB4 : 52;
07AB5 : 52;
07AB6 : 51;
07AB7 : 2D;
07AB8 : 51;
07AB9 : 2D;
07ABA : 32;
07ABB : 2D;
07ABC : 52;
07ABD : 52;
07ABE : 51;
07ABF : 29;
07AC0 : 24;
07AC1 : 00;
07AC2 : 05;
07AC3 : 25;
07AC4 : 25;
07AC5 : 05;
07AC6 : 09;
07AC7 : 29;
07AC8 : 29;
07AC9 : 2D;
07ACA : 32;
07ACB : 52;
07ACC : 4D;
07ACD : 2D;
07ACE : 2D;
07ACF : 29;
07AD0 : 4D;
07AD1 : 52;
07AD2 : 51;
07AD3 : 52;
07AD4 : 72;
07AD5 : 51;
07AD6 : 52;
07AD7 : 52;
07AD8 : 32;
07AD9 : 2D;
07ADA : 2D;
07ADB : 2D;
07ADC : 4D;
07ADD : 52;
07ADE : 52;
07ADF : 52;
07AE0 : 24;
07AE1 : 00;
07AE2 : 00;
07AE3 : 00;
07AE4 : 00;
07AE5 : 04;
07AE6 : 04;
07AE7 : 04;
07AE8 : 05;
07AE9 : 05;
07AEA : 05;
07AEB : 05;
07AEC : 29;
07AED : 2D;
07AEE : 4D;
07AEF : 4D;
07AF0 : 71;
07AF1 : 4D;
07AF2 : 4D;
07AF3 : 49;
07AF4 : 4D;
07AF5 : 71;
07AF6 : 6D;
07AF7 : 29;
07AF8 : 6D;
07AF9 : 4D;
07AFA : 51;
07AFB : 4D;
07AFC : 2D;
07AFD : 2D;
07AFE : 4D;
07AFF : 4D;
07B00 : 24;
07B01 : 25;
07B02 : 25;
07B03 : 25;
07B04 : 25;
07B05 : 25;
07B06 : 25;
07B07 : 29;
07B08 : 00;
07B09 : 24;
07B0A : 00;
07B0B : 00;
07B0C : 00;
07B0D : 04;
07B0E : 24;
07B0F : 4D;
07B10 : 4D;
07B11 : 4D;
07B12 : 4D;
07B13 : 6D;
07B14 : 71;
07B15 : 6D;
07B16 : 71;
07B17 : 71;
07B18 : 4D;
07B19 : 29;
07B1A : 49;
07B1B : 4D;
07B1C : 4D;
07B1D : 6D;
07B1E : 4D;
07B1F : 71;
07B20 : 24;
07B21 : 49;
07B22 : 25;
07B23 : 04;
07B24 : 24;
07B25 : 25;
07B26 : 25;
07B27 : 25;
07B28 : 25;
07B29 : 00;
07B2A : 25;
07B2B : 04;
07B2C : 00;
07B2D : 00;
07B2E : 00;
07B2F : 00;
07B30 : 4D;
07B31 : 6D;
07B32 : 4D;
07B33 : 4D;
07B34 : 49;
07B35 : 4D;
07B36 : 4D;
07B37 : 4D;
07B38 : 29;
07B39 : 24;
07B3A : 4D;
07B3B : 4D;
07B3C : 49;
07B3D : 49;
07B3E : 6D;
07B3F : 6D;
07B40 : 25;
07B41 : 29;
07B42 : 49;
07B43 : 6D;
07B44 : 49;
07B45 : 29;
07B46 : 25;
07B47 : 29;
07B48 : 49;
07B49 : 25;
07B4A : 00;
07B4B : 49;
07B4C : 4D;
07B4D : 00;
07B4E : 00;
07B4F : 00;
07B50 : 49;
07B51 : 24;
07B52 : 4D;
07B53 : 4D;
07B54 : 24;
07B55 : 4D;
07B56 : 29;
07B57 : 00;
07B58 : 4D;
07B59 : 71;
07B5A : 29;
07B5B : 4D;
07B5C : 4D;
07B5D : 4D;
07B5E : 6D;
07B5F : 6D;
07B60 : 25;
07B61 : 29;
07B62 : 29;
07B63 : 29;
07B64 : 49;
07B65 : 25;
07B66 : 25;
07B67 : 29;
07B68 : 29;
07B69 : 25;
07B6A : 24;
07B6B : 00;
07B6C : 25;
07B6D : 00;
07B6E : 00;
07B6F : 00;
07B70 : 00;
07B71 : 00;
07B72 : 4D;
07B73 : 49;
07B74 : 49;
07B75 : 25;
07B76 : 49;
07B77 : 4D;
07B78 : 6D;
07B79 : 4D;
07B7A : 4D;
07B7B : 4D;
07B7C : 6D;
07B7D : 6D;
07B7E : 4D;
07B7F : 4D;
07B80 : 29;
07B81 : 49;
07B82 : 4D;
07B83 : 4D;
07B84 : 4D;
07B85 : 6D;
07B86 : 29;
07B87 : 29;
07B88 : 25;
07B89 : 29;
07B8A : 00;
07B8B : 24;
07B8C : 00;
07B8D : 25;
07B8E : 25;
07B8F : 24;
07B90 : 29;
07B91 : 25;
07B92 : 24;
07B93 : 04;
07B94 : 25;
07B95 : 29;
07B96 : 4D;
07B97 : 4D;
07B98 : 49;
07B99 : 49;
07B9A : 4D;
07B9B : 29;
07B9C : 4D;
07B9D : 29;
07B9E : 29;
07B9F : 24;
07BA0 : 04;
07BA1 : 4D;
07BA2 : 4D;
07BA3 : 4D;
07BA4 : 4D;
07BA5 : 4D;
07BA6 : 71;
07BA7 : 25;
07BA8 : 24;
07BA9 : 25;
07BAA : 00;
07BAB : 24;
07BAC : 00;
07BAD : 25;
07BAE : 24;
07BAF : 00;
07BB0 : 49;
07BB1 : 49;
07BB2 : 4D;
07BB3 : 49;
07BB4 : 4D;
07BB5 : 49;
07BB6 : 29;
07BB7 : 49;
07BB8 : 49;
07BB9 : 4D;
07BBA : 6D;
07BBB : 4D;
07BBC : 49;
07BBD : 49;
07BBE : 71;
07BBF : 25;
07BC0 : 25;
07BC1 : 29;
07BC2 : 4D;
07BC3 : 29;
07BC4 : 00;
07BC5 : 96;
07BC6 : 71;
07BC7 : 25;
07BC8 : 00;
07BC9 : 00;
07BCA : 00;
07BCB : 25;
07BCC : 00;
07BCD : 25;
07BCE : 49;
07BCF : 29;
07BD0 : 4D;
07BD1 : 4D;
07BD2 : 4D;
07BD3 : 71;
07BD4 : 6D;
07BD5 : 4D;
07BD6 : 25;
07BD7 : 49;
07BD8 : 6D;
07BD9 : 4D;
07BDA : 4D;
07BDB : 00;
07BDC : 00;
07BDD : 29;
07BDE : 29;
07BDF : 25;
07BE0 : 25;
07BE1 : 25;
07BE2 : 29;
07BE3 : 4D;
07BE4 : 29;
07BE5 : 71;
07BE6 : 4D;
07BE7 : 4D;
07BE8 : 04;
07BE9 : 00;
07BEA : 25;
07BEB : 25;
07BEC : 24;
07BED : 25;
07BEE : 25;
07BEF : 49;
07BF0 : 4D;
07BF1 : 49;
07BF2 : 4D;
07BF3 : 4D;
07BF4 : 4D;
07BF5 : 4D;
07BF6 : 29;
07BF7 : 4D;
07BF8 : 49;
07BF9 : 4D;
07BFA : 49;
07BFB : 49;
07BFC : 49;
07BFD : 4D;
07BFE : 29;
07BFF : 49;
07C00 : B6;
07C01 : B6;
07C02 : B6;
07C03 : B6;
07C04 : BA;
07C05 : B6;
07C06 : B6;
07C07 : B6;
07C08 : B6;
07C09 : B6;
07C0A : B6;
07C0B : B6;
07C0C : B6;
07C0D : B6;
07C0E : B6;
07C0F : B6;
07C10 : B6;
07C11 : B6;
07C12 : BA;
07C13 : B6;
07C14 : B6;
07C15 : B6;
07C16 : B6;
07C17 : B6;
07C18 : B6;
07C19 : BA;
07C1A : B6;
07C1B : BA;
07C1C : B6;
07C1D : B6;
07C1E : B6;
07C1F : B6;
07C20 : B6;
07C21 : B6;
07C22 : B6;
07C23 : B6;
07C24 : BA;
07C25 : B6;
07C26 : B6;
07C27 : B6;
07C28 : B6;
07C29 : B6;
07C2A : B6;
07C2B : B6;
07C2C : B6;
07C2D : B6;
07C2E : B6;
07C2F : B6;
07C30 : B6;
07C31 : B6;
07C32 : BA;
07C33 : B6;
07C34 : B6;
07C35 : B6;
07C36 : B6;
07C37 : B6;
07C38 : B6;
07C39 : BA;
07C3A : B6;
07C3B : BA;
07C3C : B6;
07C3D : B6;
07C3E : B6;
07C3F : B6;
07C40 : 9A;
07C41 : 9A;
07C42 : 9A;
07C43 : 9A;
07C44 : 7A;
07C45 : 7A;
07C46 : 9A;
07C47 : 7A;
07C48 : 7A;
07C49 : 9A;
07C4A : 9A;
07C4B : 9A;
07C4C : 9A;
07C4D : 9A;
07C4E : 9A;
07C4F : 9A;
07C50 : 7A;
07C51 : 7A;
07C52 : 9A;
07C53 : 9A;
07C54 : 9A;
07C55 : 9A;
07C56 : 7A;
07C57 : 7A;
07C58 : 9A;
07C59 : 9A;
07C5A : 7A;
07C5B : 7A;
07C5C : 9A;
07C5D : 9A;
07C5E : 9A;
07C5F : 9A;
07C60 : 7A;
07C61 : 7A;
07C62 : 9A;
07C63 : 7A;
07C64 : 7A;
07C65 : 7A;
07C66 : 9A;
07C67 : 7A;
07C68 : 7A;
07C69 : 7A;
07C6A : 7A;
07C6B : 7A;
07C6C : 7A;
07C6D : 9A;
07C6E : 9A;
07C6F : 9A;
07C70 : 9A;
07C71 : 7A;
07C72 : 7A;
07C73 : 9A;
07C74 : 9A;
07C75 : 9A;
07C76 : 7A;
07C77 : 7A;
07C78 : 7A;
07C79 : 7A;
07C7A : 7A;
07C7B : 7A;
07C7C : 7A;
07C7D : 7A;
07C7E : 7A;
07C7F : 56;
07C80 : 56;
07C81 : 76;
07C82 : 56;
07C83 : 56;
07C84 : 7A;
07C85 : 7A;
07C86 : 7A;
07C87 : 76;
07C88 : 56;
07C89 : 56;
07C8A : 7A;
07C8B : 7A;
07C8C : 7A;
07C8D : 7A;
07C8E : 56;
07C8F : 56;
07C90 : 56;
07C91 : 56;
07C92 : 56;
07C93 : 7A;
07C94 : 56;
07C95 : 76;
07C96 : 7A;
07C97 : 7A;
07C98 : 56;
07C99 : 7A;
07C9A : 7A;
07C9B : 7A;
07C9C : 76;
07C9D : 56;
07C9E : 56;
07C9F : 56;
07CA0 : 7A;
07CA1 : 7A;
07CA2 : 7A;
07CA3 : 7A;
07CA4 : 7A;
07CA5 : 7A;
07CA6 : 9A;
07CA7 : 7A;
07CA8 : 7A;
07CA9 : 7A;
07CAA : 7A;
07CAB : 9A;
07CAC : 9A;
07CAD : 7A;
07CAE : 7A;
07CAF : 7A;
07CB0 : 7A;
07CB1 : 7A;
07CB2 : 7A;
07CB3 : 56;
07CB4 : 56;
07CB5 : 7A;
07CB6 : 56;
07CB7 : 7A;
07CB8 : 7A;
07CB9 : 7A;
07CBA : 7A;
07CBB : 7A;
07CBC : 7A;
07CBD : 7A;
07CBE : 56;
07CBF : 56;
07CC0 : 7A;
07CC1 : 7A;
07CC2 : 7A;
07CC3 : 7A;
07CC4 : 7A;
07CC5 : 7A;
07CC6 : 7A;
07CC7 : 7A;
07CC8 : 7A;
07CC9 : 7A;
07CCA : 7A;
07CCB : 7A;
07CCC : 9A;
07CCD : 9A;
07CCE : BA;
07CCF : 9A;
07CD0 : 9A;
07CD1 : 9A;
07CD2 : 7A;
07CD3 : 9A;
07CD4 : 7A;
07CD5 : 7A;
07CD6 : 7A;
07CD7 : 7A;
07CD8 : 7A;
07CD9 : 7A;
07CDA : 9A;
07CDB : 9A;
07CDC : 9A;
07CDD : 9A;
07CDE : 7A;
07CDF : 9A;
07CE0 : BA;
07CE1 : DA;
07CE2 : BA;
07CE3 : BA;
07CE4 : BA;
07CE5 : BA;
07CE6 : BA;
07CE7 : BA;
07CE8 : BA;
07CE9 : BA;
07CEA : BA;
07CEB : BA;
07CEC : DA;
07CED : DA;
07CEE : BA;
07CEF : BA;
07CF0 : BA;
07CF1 : BA;
07CF2 : BA;
07CF3 : 9A;
07CF4 : 9A;
07CF5 : 9A;
07CF6 : 9A;
07CF7 : 9A;
07CF8 : 9A;
07CF9 : 9A;
07CFA : 9A;
07CFB : 9A;
07CFC : 9A;
07CFD : 9A;
07CFE : 9A;
07CFF : 9A;
07D00 : BA;
07D01 : BA;
07D02 : BA;
07D03 : BA;
07D04 : BA;
07D05 : BA;
07D06 : BA;
07D07 : BA;
07D08 : BA;
07D09 : BA;
07D0A : BA;
07D0B : BA;
07D0C : BA;
07D0D : BA;
07D0E : BA;
07D0F : BA;
07D10 : BA;
07D11 : BA;
07D12 : 9A;
07D13 : 9A;
07D14 : 9A;
07D15 : 9A;
07D16 : 9A;
07D17 : 9A;
07D18 : 9A;
07D19 : BA;
07D1A : BA;
07D1B : 9A;
07D1C : 9A;
07D1D : 9A;
07D1E : 9A;
07D1F : 9A;
07D20 : BA;
07D21 : BA;
07D22 : BA;
07D23 : BA;
07D24 : BA;
07D25 : BA;
07D26 : DA;
07D27 : DA;
07D28 : DA;
07D29 : DA;
07D2A : DA;
07D2B : DA;
07D2C : DA;
07D2D : DA;
07D2E : BA;
07D2F : BA;
07D30 : BA;
07D31 : 9A;
07D32 : BA;
07D33 : 9A;
07D34 : BA;
07D35 : 9A;
07D36 : 9A;
07D37 : 9A;
07D38 : 9A;
07D39 : 9A;
07D3A : 7A;
07D3B : 9A;
07D3C : 9A;
07D3D : 9A;
07D3E : 9A;
07D3F : BA;
07D40 : DA;
07D41 : BA;
07D42 : BA;
07D43 : BA;
07D44 : DA;
07D45 : DA;
07D46 : DA;
07D47 : DA;
07D48 : DA;
07D49 : DA;
07D4A : DA;
07D4B : DA;
07D4C : DA;
07D4D : DA;
07D4E : DA;
07D4F : DA;
07D50 : BA;
07D51 : BA;
07D52 : BA;
07D53 : 9A;
07D54 : 9A;
07D55 : 9A;
07D56 : 9A;
07D57 : 7A;
07D58 : 9A;
07D59 : 9A;
07D5A : 9A;
07D5B : 9A;
07D5C : 9A;
07D5D : 9A;
07D5E : BA;
07D5F : BA;
07D60 : DA;
07D61 : BA;
07D62 : DA;
07D63 : DA;
07D64 : BA;
07D65 : 7A;
07D66 : 36;
07D67 : 7A;
07D68 : BA;
07D69 : DA;
07D6A : DA;
07D6B : DA;
07D6C : 56;
07D6D : 36;
07D6E : 52;
07D6F : DA;
07D70 : DA;
07D71 : DA;
07D72 : DA;
07D73 : DA;
07D74 : DA;
07D75 : BA;
07D76 : 9A;
07D77 : 9A;
07D78 : 9A;
07D79 : 9A;
07D7A : BA;
07D7B : BA;
07D7C : BA;
07D7D : BA;
07D7E : BA;
07D7F : BA;
07D80 : DA;
07D81 : DA;
07D82 : DA;
07D83 : BA;
07D84 : 9A;
07D85 : 9A;
07D86 : 7A;
07D87 : 56;
07D88 : 56;
07D89 : 36;
07D8A : DA;
07D8B : DA;
07D8C : 36;
07D8D : 56;
07D8E : 32;
07D8F : 56;
07D90 : 36;
07D91 : DA;
07D92 : DA;
07D93 : DA;
07D94 : DA;
07D95 : DA;
07D96 : BA;
07D97 : BA;
07D98 : BA;
07D99 : BA;
07D9A : DA;
07D9B : DA;
07D9C : DA;
07D9D : DA;
07D9E : DA;
07D9F : BA;
07DA0 : 56;
07DA1 : BA;
07DA2 : 56;
07DA3 : 32;
07DA4 : 36;
07DA5 : 56;
07DA6 : 56;
07DA7 : 56;
07DA8 : 56;
07DA9 : 56;
07DAA : 32;
07DAB : 32;
07DAC : 56;
07DAD : 36;
07DAE : 32;
07DAF : 36;
07DB0 : 56;
07DB1 : 36;
07DB2 : BA;
07DB3 : BA;
07DB4 : BA;
07DB5 : DA;
07DB6 : DA;
07DB7 : DA;
07DB8 : DA;
07DB9 : DA;
07DBA : DA;
07DBB : BA;
07DBC : DA;
07DBD : DA;
07DBE : 5A;
07DBF : 9A;
07DC0 : 56;
07DC1 : 56;
07DC2 : 32;
07DC3 : 2E;
07DC4 : 32;
07DC5 : 56;
07DC6 : 36;
07DC7 : 32;
07DC8 : 0D;
07DC9 : 32;
07DCA : 0E;
07DCB : 32;
07DCC : 56;
07DCD : 32;
07DCE : 32;
07DCF : 56;
07DD0 : 32;
07DD1 : 56;
07DD2 : BA;
07DD3 : DA;
07DD4 : 9A;
07DD5 : DA;
07DD6 : BA;
07DD7 : DA;
07DD8 : DA;
07DD9 : DA;
07DDA : DA;
07DDB : 9A;
07DDC : 9A;
07DDD : 9A;
07DDE : 32;
07DDF : 56;
07DE0 : 32;
07DE1 : 5A;
07DE2 : 32;
07DE3 : 2E;
07DE4 : 52;
07DE5 : 56;
07DE6 : 56;
07DE7 : 52;
07DE8 : 09;
07DE9 : 32;
07DEA : 2E;
07DEB : 52;
07DEC : 32;
07DED : 32;
07DEE : 32;
07DEF : 56;
07DF0 : 32;
07DF1 : 0E;
07DF2 : DA;
07DF3 : DA;
07DF4 : 9A;
07DF5 : BA;
07DF6 : 9A;
07DF7 : 9A;
07DF8 : BA;
07DF9 : DA;
07DFA : BA;
07DFB : 7A;
07DFC : 56;
07DFD : 56;
07DFE : 5A;
07DFF : 32;
07E00 : 32;
07E01 : 52;
07E02 : 09;
07E03 : 09;
07E04 : 2E;
07E05 : 32;
07E06 : 32;
07E07 : 52;
07E08 : 09;
07E09 : 2D;
07E0A : 2E;
07E0B : 32;
07E0C : 2E;
07E0D : 09;
07E0E : 2D;
07E0F : 32;
07E10 : 09;
07E11 : 29;
07E12 : 9A;
07E13 : 7A;
07E14 : 7A;
07E15 : 9A;
07E16 : 7A;
07E17 : 7A;
07E18 : BA;
07E19 : 9A;
07E1A : 9A;
07E1B : BA;
07E1C : 7A;
07E1D : 56;
07E1E : 56;
07E1F : 32;
07E20 : 32;
07E21 : 32;
07E22 : 0D;
07E23 : 2E;
07E24 : 0D;
07E25 : 32;
07E26 : 56;
07E27 : 05;
07E28 : 04;
07E29 : 04;
07E2A : 09;
07E2B : 0D;
07E2C : 0D;
07E2D : 29;
07E2E : 05;
07E2F : 32;
07E30 : 2D;
07E31 : 04;
07E32 : 9A;
07E33 : 7A;
07E34 : 7A;
07E35 : 7A;
07E36 : 7A;
07E37 : 7A;
07E38 : BA;
07E39 : 9A;
07E3A : 9A;
07E3B : 9A;
07E3C : 9A;
07E3D : 56;
07E3E : 36;
07E3F : 2E;
07E40 : 56;
07E41 : 2E;
07E42 : 00;
07E43 : 05;
07E44 : 00;
07E45 : 00;
07E46 : 00;
07E47 : 25;
07E48 : 29;
07E49 : 29;
07E4A : 25;
07E4B : 29;
07E4C : 29;
07E4D : 29;
07E4E : 25;
07E4F : 29;
07E50 : 04;
07E51 : 00;
07E52 : 2D;
07E53 : 32;
07E54 : 56;
07E55 : 56;
07E56 : 7A;
07E57 : 9A;
07E58 : BA;
07E59 : BA;
07E5A : 9A;
07E5B : BA;
07E5C : 7A;
07E5D : 7A;
07E5E : 2E;
07E5F : 09;
07E60 : 09;
07E61 : 09;
07E62 : 25;
07E63 : 29;
07E64 : 25;
07E65 : 29;
07E66 : 25;
07E67 : 29;
07E68 : 49;
07E69 : 25;
07E6A : 29;
07E6B : 29;
07E6C : 29;
07E6D : 25;
07E6E : 29;
07E6F : 24;
07E70 : 24;
07E71 : 00;
07E72 : 09;
07E73 : 2E;
07E74 : 2E;
07E75 : 56;
07E76 : 76;
07E77 : 9A;
07E78 : BA;
07E79 : BA;
07E7A : 9A;
07E7B : 9A;
07E7C : 7A;
07E7D : 9A;
07E7E : 09;
07E7F : 05;
07E80 : 29;
07E81 : 00;
07E82 : 25;
07E83 : 29;
07E84 : 29;
07E85 : 29;
07E86 : 49;
07E87 : 29;
07E88 : 49;
07E89 : 29;
07E8A : 25;
07E8B : 04;
07E8C : 6D;
07E8D : 29;
07E8E : 04;
07E8F : 4D;
07E90 : 25;
07E91 : 25;
07E92 : 49;
07E93 : 29;
07E94 : 2D;
07E95 : 32;
07E96 : 36;
07E97 : 56;
07E98 : 9A;
07E99 : BA;
07E9A : 9A;
07E9B : 56;
07E9C : 7A;
07E9D : 36;
07E9E : 00;
07E9F : 04;
07EA0 : 29;
07EA1 : 00;
07EA2 : 29;
07EA3 : 29;
07EA4 : 49;
07EA5 : 29;
07EA6 : 49;
07EA7 : 25;
07EA8 : 49;
07EA9 : 29;
07EAA : 25;
07EAB : 49;
07EAC : 4D;
07EAD : 25;
07EAE : 25;
07EAF : 25;
07EB0 : 49;
07EB1 : 25;
07EB2 : 29;
07EB3 : 29;
07EB4 : 2D;
07EB5 : 09;
07EB6 : 56;
07EB7 : 56;
07EB8 : 56;
07EB9 : BA;
07EBA : 9A;
07EBB : 56;
07EBC : 7A;
07EBD : 0E;
07EBE : 00;
07EBF : 05;
07EC0 : 04;
07EC1 : 25;
07EC2 : 4D;
07EC3 : 4D;
07EC4 : 4D;
07EC5 : 4D;
07EC6 : 4D;
07EC7 : 4D;
07EC8 : 4D;
07EC9 : 29;
07ECA : 49;
07ECB : 71;
07ECC : 4D;
07ECD : 29;
07ECE : 24;
07ECF : 00;
07ED0 : 04;
07ED1 : 4D;
07ED2 : 29;
07ED3 : 4D;
07ED4 : 29;
07ED5 : 52;
07ED6 : 36;
07ED7 : 52;
07ED8 : 76;
07ED9 : 9A;
07EDA : 9A;
07EDB : 7A;
07EDC : 76;
07EDD : 56;
07EDE : 00;
07EDF : 00;
07EE0 : 25;
07EE1 : 25;
07EE2 : 49;
07EE3 : 4D;
07EE4 : 6D;
07EE5 : 6D;
07EE6 : 4D;
07EE7 : 71;
07EE8 : 6D;
07EE9 : 4D;
07EEA : 6D;
07EEB : 71;
07EEC : 71;
07EED : 71;
07EEE : 71;
07EEF : 4D;
07EF0 : 24;
07EF1 : 29;
07EF2 : 49;
07EF3 : 4D;
07EF4 : 49;
07EF5 : 76;
07EF6 : 09;
07EF7 : 32;
07EF8 : 7A;
07EF9 : 9A;
07EFA : 9A;
07EFB : BA;
07EFC : 32;
07EFD : 24;
07EFE : 04;
07EFF : 00;
07F00 : 29;
07F01 : 00;
07F02 : 25;
07F03 : 4D;
07F04 : 29;
07F05 : 4D;
07F06 : 4D;
07F07 : 4D;
07F08 : 71;
07F09 : 6D;
07F0A : 4D;
07F0B : 71;
07F0C : 71;
07F0D : 71;
07F0E : 71;
07F0F : 4D;
07F10 : 25;
07F11 : 00;
07F12 : 00;
07F13 : 25;
07F14 : 29;
07F15 : 52;
07F16 : 2D;
07F17 : 32;
07F18 : 7A;
07F19 : 9A;
07F1A : BA;
07F1B : BA;
07F1C : 52;
07F1D : 29;
07F1E : 25;
07F1F : 04;
07F20 : 29;
07F21 : 04;
07F22 : 29;
07F23 : 4D;
07F24 : 29;
07F25 : 49;
07F26 : 4D;
07F27 : 4D;
07F28 : 4D;
07F29 : 4D;
07F2A : 49;
07F2B : 71;
07F2C : 6D;
07F2D : 4D;
07F2E : 6D;
07F2F : 4D;
07F30 : 4D;
07F31 : 4D;
07F32 : 25;
07F33 : 04;
07F34 : 00;
07F35 : 29;
07F36 : 2D;
07F37 : 29;
07F38 : 2E;
07F39 : 7A;
07F3A : 7A;
07F3B : 9A;
07F3C : 00;
07F3D : 04;
07F3E : 25;
07F3F : 04;
07F40 : 00;
07F41 : 25;
07F42 : 25;
07F43 : 29;
07F44 : 49;
07F45 : 4D;
07F46 : 4D;
07F47 : 4D;
07F48 : 4D;
07F49 : 4D;
07F4A : 4D;
07F4B : 71;
07F4C : 71;
07F4D : 4D;
07F4E : 49;
07F4F : 29;
07F50 : 49;
07F51 : 29;
07F52 : 25;
07F53 : 24;
07F54 : 25;
07F55 : 25;
07F56 : 25;
07F57 : 2D;
07F58 : 56;
07F59 : 56;
07F5A : 7A;
07F5B : 52;
07F5C : 00;
07F5D : 00;
07F5E : 25;
07F5F : 24;
07F60 : 04;
07F61 : 4D;
07F62 : 49;
07F63 : 29;
07F64 : 00;
07F65 : 00;
07F66 : 24;
07F67 : 29;
07F68 : 4D;
07F69 : 4D;
07F6A : 49;
07F6B : 4D;
07F6C : 25;
07F6D : 25;
07F6E : 29;
07F6F : 29;
07F70 : 29;
07F71 : 04;
07F72 : 25;
07F73 : 4D;
07F74 : 71;
07F75 : 96;
07F76 : 25;
07F77 : 25;
07F78 : 2D;
07F79 : 56;
07F7A : 9A;
07F7B : 04;
07F7C : 29;
07F7D : 29;
07F7E : 4D;
07F7F : 4D;
07F80 : 4D;
07F81 : 4D;
07F82 : 6D;
07F83 : 4D;
07F84 : 29;
07F85 : 4D;
07F86 : 4D;
07F87 : 25;
07F88 : 4D;
07F89 : 25;
07F8A : 4D;
07F8B : 25;
07F8C : 49;
07F8D : 49;
07F8E : 29;
07F8F : 4D;
07F90 : 4D;
07F91 : 4D;
07F92 : 49;
07F93 : 71;
07F94 : 71;
07F95 : 6D;
07F96 : 29;
07F97 : 25;
07F98 : 09;
07F99 : 56;
07F9A : 9A;
07F9B : 25;
07F9C : 29;
07F9D : 4D;
07F9E : 4D;
07F9F : 4D;
07FA0 : 29;
07FA1 : 29;
07FA2 : 29;
07FA3 : 49;
07FA4 : 49;
07FA5 : 29;
07FA6 : 4D;
07FA7 : 25;
07FA8 : 00;
07FA9 : 29;
07FAA : 00;
07FAB : 49;
07FAC : 4D;
07FAD : 49;
07FAE : 49;
07FAF : 29;
07FB0 : 29;
07FB1 : 04;
07FB2 : 4D;
07FB3 : 6D;
07FB4 : 49;
07FB5 : 29;
07FB6 : 4D;
07FB7 : 4D;
07FB8 : 05;
07FB9 : 2E;
07FBA : 7A;
07FBB : 29;
07FBC : 25;
07FBD : 71;
07FBE : 4D;
07FBF : 4D;
07FC0 : 24;
07FC1 : 29;
07FC2 : 29;
07FC3 : 29;
07FC4 : 29;
07FC5 : 24;
07FC6 : 29;
07FC7 : 24;
07FC8 : 24;
07FC9 : 24;
07FCA : 24;
07FCB : 24;
07FCC : 24;
07FCD : 28;
07FCE : 24;
07FCF : 24;
07FD0 : 24;
07FD1 : 24;
07FD2 : 04;
07FD3 : 24;
07FD4 : 28;
07FD5 : 24;
07FD6 : 4D;
07FD7 : 4D;
07FD8 : 4D;
07FD9 : 04;
07FDA : 31;
07FDB : 25;
07FDC : 00;
07FDD : 04;
07FDE : 24;
07FDF : 04;
07FE0 : 24;
07FE1 : 24;
07FE2 : 24;
07FE3 : 24;
07FE4 : 24;
07FE5 : 04;
07FE6 : 24;
07FE7 : 04;
07FE8 : 24;
07FE9 : 04;
07FEA : 00;
07FEB : 24;
07FEC : 24;
07FED : 04;
07FEE : 04;
07FEF : 04;
07FF0 : 04;
07FF1 : 00;
07FF2 : 00;
07FF3 : 24;
07FF4 : 24;
07FF5 : 24;
07FF6 : 24;
07FF7 : 24;
07FF8 : 00;
07FF9 : 00;
07FFA : 2D;
07FFB : 04;
07FFC : 04;
07FFD : 00;
07FFE : 04;
07FFF : 24;
08000 : B6;
08001 : B6;
08002 : B6;
08003 : BA;
08004 : BA;
08005 : BA;
08006 : BA;
08007 : BA;
08008 : BA;
08009 : BA;
0800A : BA;
0800B : B6;
0800C : B6;
0800D : B6;
0800E : B6;
0800F : BA;
08010 : BA;
08011 : BA;
08012 : BA;
08013 : BA;
08014 : BA;
08015 : BA;
08016 : BA;
08017 : BA;
08018 : BA;
08019 : B6;
0801A : B6;
0801B : B6;
0801C : B6;
0801D : B6;
0801E : B6;
0801F : 96;
08020 : B6;
08021 : B6;
08022 : B6;
08023 : BA;
08024 : BA;
08025 : BA;
08026 : BA;
08027 : BA;
08028 : BA;
08029 : BA;
0802A : BA;
0802B : B6;
0802C : B6;
0802D : B6;
0802E : B6;
0802F : BA;
08030 : BA;
08031 : BA;
08032 : BA;
08033 : BA;
08034 : BA;
08035 : BA;
08036 : BA;
08037 : BA;
08038 : BA;
08039 : B6;
0803A : B6;
0803B : B6;
0803C : B6;
0803D : B6;
0803E : B6;
0803F : 96;
08040 : 9A;
08041 : 9A;
08042 : 7A;
08043 : 7A;
08044 : 7A;
08045 : 7A;
08046 : 7A;
08047 : 9A;
08048 : 9A;
08049 : 9A;
0804A : 9A;
0804B : 9A;
0804C : 9A;
0804D : 7A;
0804E : 7A;
0804F : 7A;
08050 : 9A;
08051 : 9A;
08052 : 9A;
08053 : 9A;
08054 : 9A;
08055 : 7A;
08056 : 7A;
08057 : 9A;
08058 : 9A;
08059 : 9A;
0805A : 9A;
0805B : 7A;
0805C : 7A;
0805D : 7A;
0805E : 7A;
0805F : 7A;
08060 : 56;
08061 : 7A;
08062 : 9A;
08063 : 9A;
08064 : 7A;
08065 : 7A;
08066 : 7A;
08067 : 76;
08068 : 7A;
08069 : 7A;
0806A : 7A;
0806B : 7A;
0806C : 9A;
0806D : 9A;
0806E : 56;
0806F : 56;
08070 : 7A;
08071 : 7A;
08072 : 7A;
08073 : 7A;
08074 : 7A;
08075 : 7A;
08076 : 9A;
08077 : 7A;
08078 : 7A;
08079 : 7A;
0807A : 9A;
0807B : 56;
0807C : 76;
0807D : 7A;
0807E : 7A;
0807F : 7A;
08080 : 56;
08081 : 56;
08082 : 56;
08083 : 56;
08084 : 7A;
08085 : 56;
08086 : 56;
08087 : 7A;
08088 : 56;
08089 : 56;
0808A : 56;
0808B : 56;
0808C : 76;
0808D : 76;
0808E : 76;
0808F : 7A;
08090 : 76;
08091 : 7A;
08092 : 7A;
08093 : 7A;
08094 : 7A;
08095 : 7A;
08096 : 56;
08097 : 56;
08098 : 56;
08099 : 56;
0809A : 76;
0809B : 56;
0809C : 56;
0809D : 56;
0809E : 56;
0809F : 56;
080A0 : 56;
080A1 : 56;
080A2 : 56;
080A3 : 56;
080A4 : 7A;
080A5 : 56;
080A6 : 56;
080A7 : 56;
080A8 : 7A;
080A9 : 7A;
080AA : 76;
080AB : 76;
080AC : 56;
080AD : 56;
080AE : 56;
080AF : 76;
080B0 : 7A;
080B1 : 7A;
080B2 : 76;
080B3 : 56;
080B4 : 76;
080B5 : 7A;
080B6 : 56;
080B7 : 7A;
080B8 : 76;
080B9 : 76;
080BA : 56;
080BB : 56;
080BC : 56;
080BD : 56;
080BE : 56;
080BF : 56;
080C0 : 9A;
080C1 : 7A;
080C2 : 7A;
080C3 : 7A;
080C4 : 7A;
080C5 : 7A;
080C6 : 7A;
080C7 : 7A;
080C8 : 7A;
080C9 : 7A;
080CA : 7A;
080CB : 56;
080CC : 7A;
080CD : 7A;
080CE : 7A;
080CF : 7A;
080D0 : 56;
080D1 : 56;
080D2 : 7A;
080D3 : 7A;
080D4 : 7A;
080D5 : 7A;
080D6 : 7A;
080D7 : 7A;
080D8 : 7A;
080D9 : 56;
080DA : 7A;
080DB : 7A;
080DC : 76;
080DD : 76;
080DE : 7A;
080DF : 7A;
080E0 : 9A;
080E1 : 9A;
080E2 : 9A;
080E3 : 9A;
080E4 : 9A;
080E5 : 9A;
080E6 : 9A;
080E7 : 9A;
080E8 : 9A;
080E9 : BA;
080EA : BA;
080EB : BA;
080EC : BA;
080ED : BA;
080EE : BA;
080EF : BA;
080F0 : BA;
080F1 : BA;
080F2 : BA;
080F3 : BA;
080F4 : BA;
080F5 : BA;
080F6 : BA;
080F7 : DA;
080F8 : BA;
080F9 : BA;
080FA : BA;
080FB : BA;
080FC : 9A;
080FD : 9A;
080FE : 9A;
080FF : 9A;
08100 : 9A;
08101 : 9A;
08102 : 9A;
08103 : 9A;
08104 : 9A;
08105 : 9A;
08106 : 9A;
08107 : 9A;
08108 : 9A;
08109 : 9A;
0810A : 9A;
0810B : 9A;
0810C : 9A;
0810D : 9A;
0810E : 9A;
0810F : 9A;
08110 : 9A;
08111 : 9A;
08112 : BA;
08113 : BA;
08114 : BA;
08115 : BA;
08116 : BA;
08117 : BA;
08118 : BA;
08119 : BA;
0811A : BA;
0811B : BA;
0811C : 9A;
0811D : 9A;
0811E : 9A;
0811F : 9A;
08120 : 9A;
08121 : 9A;
08122 : BA;
08123 : BA;
08124 : BA;
08125 : DA;
08126 : DA;
08127 : DA;
08128 : BA;
08129 : BA;
0812A : DA;
0812B : DA;
0812C : DA;
0812D : DA;
0812E : DA;
0812F : DA;
08130 : DA;
08131 : DA;
08132 : DA;
08133 : DA;
08134 : BA;
08135 : BA;
08136 : BA;
08137 : DA;
08138 : DA;
08139 : BA;
0813A : DA;
0813B : BA;
0813C : BA;
0813D : BA;
0813E : BA;
0813F : BA;
08140 : BA;
08141 : DA;
08142 : DA;
08143 : DA;
08144 : DA;
08145 : DA;
08146 : DA;
08147 : DA;
08148 : DA;
08149 : DA;
0814A : DA;
0814B : DA;
0814C : DA;
0814D : BA;
0814E : DA;
0814F : DA;
08150 : DA;
08151 : DA;
08152 : BA;
08153 : BA;
08154 : BA;
08155 : DA;
08156 : 96;
08157 : DA;
08158 : DA;
08159 : BA;
0815A : DA;
0815B : DA;
0815C : DA;
0815D : DA;
0815E : DA;
0815F : BA;
08160 : BA;
08161 : BA;
08162 : 36;
08163 : 7A;
08164 : 56;
08165 : 9A;
08166 : 9A;
08167 : 9A;
08168 : 76;
08169 : 56;
0816A : 7A;
0816B : 56;
0816C : 7A;
0816D : 9A;
0816E : 36;
0816F : 32;
08170 : 7A;
08171 : 7A;
08172 : 56;
08173 : 56;
08174 : 32;
08175 : 09;
08176 : 09;
08177 : 09;
08178 : DA;
08179 : 9A;
0817A : DA;
0817B : DA;
0817C : DA;
0817D : 9A;
0817E : 76;
0817F : 7A;
08180 : 9A;
08181 : 56;
08182 : 56;
08183 : 56;
08184 : 56;
08185 : 32;
08186 : 32;
08187 : 52;
08188 : 76;
08189 : 76;
0818A : 52;
0818B : 56;
0818C : 32;
0818D : 56;
0818E : 56;
0818F : 56;
08190 : 9A;
08191 : 56;
08192 : 32;
08193 : 2E;
08194 : 2D;
08195 : 09;
08196 : 2D;
08197 : 05;
08198 : 76;
08199 : 7A;
0819A : 56;
0819B : DA;
0819C : 7A;
0819D : 9A;
0819E : 7A;
0819F : 32;
081A0 : 9A;
081A1 : 56;
081A2 : 7A;
081A3 : 32;
081A4 : 32;
081A5 : 56;
081A6 : 56;
081A7 : 56;
081A8 : 7A;
081A9 : 76;
081AA : 32;
081AB : 52;
081AC : 52;
081AD : 32;
081AE : 56;
081AF : 56;
081B0 : 76;
081B1 : 32;
081B2 : 32;
081B3 : 32;
081B4 : 09;
081B5 : 29;
081B6 : 2D;
081B7 : 05;
081B8 : 7A;
081B9 : 56;
081BA : 56;
081BB : BA;
081BC : 36;
081BD : 56;
081BE : 32;
081BF : 32;
081C0 : 9A;
081C1 : 0E;
081C2 : 32;
081C3 : 36;
081C4 : 09;
081C5 : 2E;
081C6 : 2E;
081C7 : 56;
081C8 : 76;
081C9 : 56;
081CA : 52;
081CB : 32;
081CC : 56;
081CD : 32;
081CE : 7A;
081CF : 32;
081D0 : 29;
081D1 : 52;
081D2 : 05;
081D3 : 05;
081D4 : 00;
081D5 : 04;
081D6 : 04;
081D7 : 29;
081D8 : 29;
081D9 : 09;
081DA : 56;
081DB : 56;
081DC : 2E;
081DD : 56;
081DE : 32;
081DF : 56;
081E0 : 56;
081E1 : 32;
081E2 : 09;
081E3 : 32;
081E4 : 09;
081E5 : 09;
081E6 : 09;
081E7 : 56;
081E8 : 56;
081E9 : 56;
081EA : 56;
081EB : 0D;
081EC : 2E;
081ED : 2D;
081EE : 56;
081EF : 32;
081F0 : 00;
081F1 : 00;
081F2 : 29;
081F3 : 00;
081F4 : 04;
081F5 : 24;
081F6 : 29;
081F7 : 29;
081F8 : 29;
081F9 : 09;
081FA : 36;
081FB : 9A;
081FC : 32;
081FD : 32;
081FE : 32;
081FF : 32;
08200 : 32;
08201 : 2E;
08202 : 32;
08203 : 2D;
08204 : 29;
08205 : 05;
08206 : 05;
08207 : 56;
08208 : 56;
08209 : 56;
0820A : 32;
0820B : 29;
0820C : 29;
0820D : 05;
0820E : 56;
0820F : 05;
08210 : 00;
08211 : 25;
08212 : 25;
08213 : 25;
08214 : 29;
08215 : 29;
08216 : 49;
08217 : 29;
08218 : 29;
08219 : 09;
0821A : 36;
0821B : 32;
0821C : 09;
0821D : 32;
0821E : 2E;
0821F : 32;
08220 : 2E;
08221 : 2E;
08222 : 2D;
08223 : 2D;
08224 : 29;
08225 : 00;
08226 : 00;
08227 : 32;
08228 : 32;
08229 : 52;
0822A : 32;
0822B : 4D;
0822C : 2D;
0822D : 05;
0822E : 05;
0822F : 25;
08230 : 00;
08231 : 25;
08232 : 25;
08233 : 25;
08234 : 29;
08235 : 29;
08236 : 29;
08237 : 49;
08238 : 29;
08239 : 09;
0823A : 09;
0823B : 36;
0823C : 05;
0823D : 2E;
0823E : 0D;
0823F : 32;
08240 : 05;
08241 : 29;
08242 : 05;
08243 : 05;
08244 : 29;
08245 : 29;
08246 : 29;
08247 : 29;
08248 : 52;
08249 : 25;
0824A : 04;
0824B : 29;
0824C : 29;
0824D : 4D;
0824E : 4D;
0824F : 4D;
08250 : 25;
08251 : 29;
08252 : 49;
08253 : 49;
08254 : 29;
08255 : 29;
08256 : 4D;
08257 : 4D;
08258 : 4D;
08259 : 4D;
0825A : 09;
0825B : 32;
0825C : 09;
0825D : 2D;
0825E : 09;
0825F : 2D;
08260 : 25;
08261 : 25;
08262 : 25;
08263 : 00;
08264 : 25;
08265 : 29;
08266 : 29;
08267 : 04;
08268 : 29;
08269 : 04;
0826A : 25;
0826B : 29;
0826C : 29;
0826D : 29;
0826E : 4D;
0826F : 4D;
08270 : 29;
08271 : 25;
08272 : 49;
08273 : 49;
08274 : 29;
08275 : 29;
08276 : 4D;
08277 : 4D;
08278 : 4D;
08279 : 4D;
0827A : 09;
0827B : 32;
0827C : 29;
0827D : 2D;
0827E : 09;
0827F : 2D;
08280 : 04;
08281 : 04;
08282 : 25;
08283 : 25;
08284 : 71;
08285 : 29;
08286 : 29;
08287 : 29;
08288 : 29;
08289 : 29;
0828A : 29;
0828B : 49;
0828C : 4D;
0828D : 4D;
0828E : 4D;
0828F : 4D;
08290 : 29;
08291 : 29;
08292 : 4D;
08293 : 4D;
08294 : 4D;
08295 : 4D;
08296 : 29;
08297 : 29;
08298 : 4D;
08299 : 29;
0829A : 24;
0829B : 05;
0829C : 05;
0829D : 04;
0829E : 04;
0829F : 25;
082A0 : 04;
082A1 : 00;
082A2 : 25;
082A3 : 29;
082A4 : 4D;
082A5 : 4D;
082A6 : 4D;
082A7 : 25;
082A8 : 29;
082A9 : 29;
082AA : 29;
082AB : 4D;
082AC : 4D;
082AD : 49;
082AE : 25;
082AF : 4D;
082B0 : 25;
082B1 : 24;
082B2 : 29;
082B3 : 4D;
082B4 : 4D;
082B5 : 4D;
082B6 : 4D;
082B7 : 4D;
082B8 : 4D;
082B9 : 29;
082BA : 24;
082BB : 00;
082BC : 00;
082BD : 25;
082BE : 25;
082BF : 04;
082C0 : 29;
082C1 : 24;
082C2 : 29;
082C3 : 04;
082C4 : 49;
082C5 : 71;
082C6 : 71;
082C7 : 29;
082C8 : 24;
082C9 : 25;
082CA : 29;
082CB : 29;
082CC : 49;
082CD : 24;
082CE : 00;
082CF : 04;
082D0 : 04;
082D1 : 00;
082D2 : 4D;
082D3 : 29;
082D4 : 4D;
082D5 : 4D;
082D6 : 4D;
082D7 : 4D;
082D8 : 25;
082D9 : 00;
082DA : 24;
082DB : 00;
082DC : 4D;
082DD : 25;
082DE : 29;
082DF : 71;
082E0 : 25;
082E1 : 29;
082E2 : 29;
082E3 : 49;
082E4 : 29;
082E5 : 29;
082E6 : 29;
082E7 : 04;
082E8 : 29;
082E9 : 25;
082EA : 29;
082EB : 4D;
082EC : 4D;
082ED : 4D;
082EE : 29;
082EF : 71;
082F0 : 4D;
082F1 : 24;
082F2 : 04;
082F3 : 25;
082F4 : 04;
082F5 : 25;
082F6 : 25;
082F7 : 24;
082F8 : 00;
082F9 : 4D;
082FA : 24;
082FB : 00;
082FC : 25;
082FD : 49;
082FE : 4D;
082FF : 6D;
08300 : 04;
08301 : 25;
08302 : 29;
08303 : 4D;
08304 : 4D;
08305 : 29;
08306 : 29;
08307 : 4D;
08308 : 6D;
08309 : 4D;
0830A : 25;
0830B : 4D;
0830C : 4D;
0830D : 4D;
0830E : 25;
0830F : 4D;
08310 : 29;
08311 : 24;
08312 : 04;
08313 : 00;
08314 : 00;
08315 : 24;
08316 : 25;
08317 : 00;
08318 : 4D;
08319 : 96;
0831A : 00;
0831B : 00;
0831C : 49;
0831D : 49;
0831E : 4D;
0831F : 6D;
08320 : 25;
08321 : 25;
08322 : 04;
08323 : 4D;
08324 : 4D;
08325 : 4D;
08326 : 4D;
08327 : 4D;
08328 : 49;
08329 : 49;
0832A : 29;
0832B : 29;
0832C : 29;
0832D : 29;
0832E : 49;
0832F : 29;
08330 : 25;
08331 : 25;
08332 : 24;
08333 : 00;
08334 : 00;
08335 : 00;
08336 : 00;
08337 : 00;
08338 : 4D;
08339 : 00;
0833A : 00;
0833B : 29;
0833C : 49;
0833D : 49;
0833E : 49;
0833F : 4D;
08340 : 25;
08341 : 00;
08342 : 00;
08343 : 4D;
08344 : 29;
08345 : 4D;
08346 : 4D;
08347 : 49;
08348 : 49;
08349 : 49;
0834A : 49;
0834B : 29;
0834C : 29;
0834D : 29;
0834E : 29;
0834F : 29;
08350 : 24;
08351 : 25;
08352 : 24;
08353 : 00;
08354 : 00;
08355 : 00;
08356 : 00;
08357 : 00;
08358 : 29;
08359 : 00;
0835A : 00;
0835B : 29;
0835C : 49;
0835D : 4D;
0835E : 4D;
0835F : 4D;
08360 : 49;
08361 : 29;
08362 : 24;
08363 : 25;
08364 : 4D;
08365 : 49;
08366 : 49;
08367 : 4D;
08368 : 4D;
08369 : 4D;
0836A : 4D;
0836B : 29;
0836C : 49;
0836D : 4D;
0836E : 4D;
0836F : 04;
08370 : 00;
08371 : 00;
08372 : 04;
08373 : 24;
08374 : 00;
08375 : 00;
08376 : 00;
08377 : 00;
08378 : 49;
08379 : 00;
0837A : 29;
0837B : 6D;
0837C : 4D;
0837D : 4D;
0837E : 49;
0837F : 4D;
08380 : 4D;
08381 : 4D;
08382 : 29;
08383 : 04;
08384 : 25;
08385 : 4D;
08386 : 4D;
08387 : 4D;
08388 : 49;
08389 : 49;
0838A : 49;
0838B : 49;
0838C : 29;
0838D : 49;
0838E : 29;
0838F : 29;
08390 : 25;
08391 : 04;
08392 : 25;
08393 : 49;
08394 : 24;
08395 : 00;
08396 : 24;
08397 : 00;
08398 : 00;
08399 : 00;
0839A : 29;
0839B : 49;
0839C : 4D;
0839D : 4D;
0839E : 49;
0839F : 4D;
083A0 : 4D;
083A1 : 4D;
083A2 : 4D;
083A3 : 04;
083A4 : 00;
083A5 : 24;
083A6 : 24;
083A7 : 49;
083A8 : 29;
083A9 : 29;
083AA : 29;
083AB : 25;
083AC : 29;
083AD : 25;
083AE : 25;
083AF : 00;
083B0 : 49;
083B1 : 49;
083B2 : 4D;
083B3 : 49;
083B4 : 4D;
083B5 : 4D;
083B6 : 49;
083B7 : 4D;
083B8 : 00;
083B9 : 00;
083BA : 29;
083BB : 49;
083BC : 4D;
083BD : 71;
083BE : 71;
083BF : 71;
083C0 : 24;
083C1 : 24;
083C2 : 24;
083C3 : 00;
083C4 : 04;
083C5 : 00;
083C6 : 00;
083C7 : 00;
083C8 : 00;
083C9 : 00;
083CA : 00;
083CB : 00;
083CC : 04;
083CD : 29;
083CE : 24;
083CF : 24;
083D0 : 24;
083D1 : 29;
083D2 : 29;
083D3 : 49;
083D4 : 29;
083D5 : 49;
083D6 : 29;
083D7 : 29;
083D8 : 04;
083D9 : 24;
083DA : 00;
083DB : 49;
083DC : 4D;
083DD : 4D;
083DE : 29;
083DF : 00;
083E0 : 24;
083E1 : 24;
083E2 : 00;
083E3 : 00;
083E4 : 00;
083E5 : 00;
083E6 : 00;
083E7 : 00;
083E8 : 04;
083E9 : 04;
083EA : 24;
083EB : 24;
083EC : 24;
083ED : 00;
083EE : 04;
083EF : 04;
083F0 : 00;
083F1 : 24;
083F2 : 24;
083F3 : 24;
083F4 : 24;
083F5 : 24;
083F6 : 24;
083F7 : 24;
083F8 : 00;
083F9 : 00;
083FA : 24;
083FB : 00;
083FC : 24;
083FD : 24;
083FE : 04;
083FF : 00;
08400 : 96;
08401 : B6;
08402 : 96;
08403 : 96;
08404 : 96;
08405 : 96;
08406 : 96;
08407 : 96;
08408 : 96;
08409 : 96;
0840A : 96;
0840B : B6;
0840C : B6;
0840D : B6;
0840E : B6;
0840F : B6;
08410 : B6;
08411 : B6;
08412 : 96;
08413 : B6;
08414 : B6;
08415 : B6;
08416 : B6;
08417 : B6;
08418 : 96;
08419 : 96;
0841A : B6;
0841B : 96;
0841C : B6;
0841D : B6;
0841E : B6;
0841F : B6;
08420 : 96;
08421 : B6;
08422 : 96;
08423 : 96;
08424 : 96;
08425 : 96;
08426 : 96;
08427 : 96;
08428 : 96;
08429 : 96;
0842A : 96;
0842B : B6;
0842C : B6;
0842D : B6;
0842E : B6;
0842F : B6;
08430 : B6;
08431 : B6;
08432 : 96;
08433 : B6;
08434 : B6;
08435 : B6;
08436 : B6;
08437 : B6;
08438 : 96;
08439 : 96;
0843A : B6;
0843B : 96;
0843C : B6;
0843D : B6;
0843E : B6;
0843F : B6;
08440 : 7A;
08441 : 7A;
08442 : 7A;
08443 : 7A;
08444 : 7A;
08445 : 7A;
08446 : 7A;
08447 : 7A;
08448 : 7A;
08449 : 7A;
0844A : 9A;
0844B : 9A;
0844C : 7A;
0844D : 7A;
0844E : 7A;
0844F : 7A;
08450 : 9A;
08451 : 9A;
08452 : 7A;
08453 : 7A;
08454 : 9A;
08455 : 9A;
08456 : 9A;
08457 : 9A;
08458 : 9A;
08459 : 9A;
0845A : 9A;
0845B : 9A;
0845C : 9A;
0845D : 9A;
0845E : 9A;
0845F : 9A;
08460 : 7A;
08461 : 56;
08462 : 56;
08463 : 56;
08464 : 76;
08465 : 7A;
08466 : 7A;
08467 : 7A;
08468 : 76;
08469 : 7A;
0846A : 7A;
0846B : 7A;
0846C : 7A;
0846D : 7A;
0846E : 7A;
0846F : 7A;
08470 : 7A;
08471 : 7A;
08472 : 76;
08473 : 56;
08474 : 76;
08475 : 76;
08476 : 56;
08477 : 56;
08478 : 7A;
08479 : 56;
0847A : 56;
0847B : 56;
0847C : 7A;
0847D : 7A;
0847E : 56;
0847F : 56;
08480 : 56;
08481 : 7A;
08482 : 56;
08483 : 56;
08484 : 56;
08485 : 56;
08486 : 56;
08487 : 56;
08488 : 56;
08489 : 56;
0848A : 56;
0848B : 56;
0848C : 76;
0848D : 56;
0848E : 7A;
0848F : 56;
08490 : 56;
08491 : 56;
08492 : 56;
08493 : 56;
08494 : 56;
08495 : 7A;
08496 : 7A;
08497 : 7A;
08498 : 7A;
08499 : 7A;
0849A : 7A;
0849B : 7A;
0849C : 76;
0849D : 56;
0849E : 56;
0849F : 56;
084A0 : 56;
084A1 : 56;
084A2 : 56;
084A3 : 56;
084A4 : 56;
084A5 : 56;
084A6 : 56;
084A7 : 56;
084A8 : 7A;
084A9 : 76;
084AA : 56;
084AB : 7A;
084AC : 7A;
084AD : 7A;
084AE : 7A;
084AF : 56;
084B0 : 56;
084B1 : 7A;
084B2 : 56;
084B3 : 56;
084B4 : 7A;
084B5 : 76;
084B6 : 76;
084B7 : 76;
084B8 : 7A;
084B9 : 7A;
084BA : 76;
084BB : 76;
084BC : 7A;
084BD : 7A;
084BE : 7A;
084BF : 56;
084C0 : 76;
084C1 : 56;
084C2 : 56;
084C3 : 56;
084C4 : 56;
084C5 : 7A;
084C6 : 7A;
084C7 : 9A;
084C8 : 7A;
084C9 : 9A;
084CA : 9A;
084CB : 7A;
084CC : 7A;
084CD : 7A;
084CE : 7A;
084CF : 7A;
084D0 : 7A;
084D1 : 7A;
084D2 : 7A;
084D3 : 7A;
084D4 : 7A;
084D5 : 7A;
084D6 : 7A;
084D7 : 7A;
084D8 : 7A;
084D9 : 7A;
084DA : 7A;
084DB : 7A;
084DC : 7A;
084DD : 7A;
084DE : 7A;
084DF : 7A;
084E0 : 9A;
084E1 : 9A;
084E2 : 9A;
084E3 : 9A;
084E4 : 9A;
084E5 : BA;
084E6 : BA;
084E7 : BA;
084E8 : BA;
084E9 : 9A;
084EA : 9A;
084EB : 9A;
084EC : 9A;
084ED : 9A;
084EE : 9A;
084EF : 9A;
084F0 : 9A;
084F1 : 9A;
084F2 : 7A;
084F3 : 9A;
084F4 : 7A;
084F5 : 9A;
084F6 : 9A;
084F7 : 9A;
084F8 : 9A;
084F9 : 9A;
084FA : 9A;
084FB : 9A;
084FC : 9A;
084FD : 9A;
084FE : BA;
084FF : BA;
08500 : 9A;
08501 : 9A;
08502 : 9A;
08503 : 9A;
08504 : BA;
08505 : BA;
08506 : BA;
08507 : BA;
08508 : BA;
08509 : 9A;
0850A : 9A;
0850B : 9A;
0850C : 9A;
0850D : 9A;
0850E : 9A;
0850F : 9A;
08510 : 9A;
08511 : 9A;
08512 : 7A;
08513 : 7A;
08514 : 7A;
08515 : 9A;
08516 : 9A;
08517 : 9A;
08518 : 9A;
08519 : 9A;
0851A : 9A;
0851B : 9A;
0851C : BA;
0851D : 9A;
0851E : 9A;
0851F : BA;
08520 : BA;
08521 : BA;
08522 : BA;
08523 : BA;
08524 : BA;
08525 : BA;
08526 : BA;
08527 : DA;
08528 : DA;
08529 : DA;
0852A : DA;
0852B : BA;
0852C : BA;
0852D : 9A;
0852E : 9A;
0852F : 9A;
08530 : 9A;
08531 : 9A;
08532 : 9A;
08533 : 9A;
08534 : 9A;
08535 : 9A;
08536 : 9A;
08537 : 9A;
08538 : 9A;
08539 : 9A;
0853A : 9A;
0853B : 9A;
0853C : BA;
0853D : BA;
0853E : BA;
0853F : BA;
08540 : DA;
08541 : DA;
08542 : BA;
08543 : DA;
08544 : DA;
08545 : DA;
08546 : DA;
08547 : DA;
08548 : DA;
08549 : DA;
0854A : BA;
0854B : DA;
0854C : DA;
0854D : BA;
0854E : 9A;
0854F : BA;
08550 : BA;
08551 : 9A;
08552 : 9A;
08553 : 9A;
08554 : BA;
08555 : 9A;
08556 : 9A;
08557 : BA;
08558 : 9A;
08559 : 9A;
0855A : 9A;
0855B : 9A;
0855C : 9A;
0855D : 9A;
0855E : BA;
0855F : BA;
08560 : 56;
08561 : 76;
08562 : 7A;
08563 : DA;
08564 : DA;
08565 : DA;
08566 : DA;
08567 : DA;
08568 : 9A;
08569 : 9A;
0856A : BA;
0856B : DA;
0856C : BA;
0856D : 9A;
0856E : 9A;
0856F : DA;
08570 : DA;
08571 : DA;
08572 : BA;
08573 : BA;
08574 : BA;
08575 : 9A;
08576 : 9A;
08577 : 9A;
08578 : BA;
08579 : 9A;
0857A : BA;
0857B : BA;
0857C : BA;
0857D : BA;
0857E : BA;
0857F : DA;
08580 : 32;
08581 : 32;
08582 : 56;
08583 : DA;
08584 : DA;
08585 : DA;
08586 : DA;
08587 : DA;
08588 : 7A;
08589 : 76;
0858A : 9A;
0858B : 56;
0858C : 56;
0858D : 56;
0858E : 76;
0858F : 56;
08590 : 56;
08591 : DA;
08592 : BA;
08593 : BA;
08594 : BA;
08595 : 9A;
08596 : 9A;
08597 : 9A;
08598 : BA;
08599 : DA;
0859A : DA;
0859B : DA;
0859C : DA;
0859D : DA;
0859E : DA;
0859F : DA;
085A0 : 32;
085A1 : 32;
085A2 : 56;
085A3 : 5A;
085A4 : BA;
085A5 : DA;
085A6 : BA;
085A7 : BA;
085A8 : 9A;
085A9 : 56;
085AA : 32;
085AB : 56;
085AC : 32;
085AD : 32;
085AE : 56;
085AF : 32;
085B0 : 32;
085B1 : DA;
085B2 : DA;
085B3 : DA;
085B4 : BA;
085B5 : DA;
085B6 : DA;
085B7 : DA;
085B8 : DA;
085B9 : DA;
085BA : DA;
085BB : DA;
085BC : DA;
085BD : DA;
085BE : DA;
085BF : DA;
085C0 : 32;
085C1 : 56;
085C2 : 56;
085C3 : 56;
085C4 : 56;
085C5 : 32;
085C6 : 56;
085C7 : 56;
085C8 : 56;
085C9 : 56;
085CA : 56;
085CB : 56;
085CC : 32;
085CD : 56;
085CE : 2E;
085CF : 56;
085D0 : 56;
085D1 : 56;
085D2 : 32;
085D3 : DA;
085D4 : DA;
085D5 : BA;
085D6 : BA;
085D7 : BA;
085D8 : 76;
085D9 : 9A;
085DA : BA;
085DB : BA;
085DC : DA;
085DD : DA;
085DE : BA;
085DF : 7A;
085E0 : 32;
085E1 : 2E;
085E2 : 56;
085E3 : 7A;
085E4 : 7A;
085E5 : 56;
085E6 : 56;
085E7 : 56;
085E8 : 76;
085E9 : 56;
085EA : 56;
085EB : 56;
085EC : 32;
085ED : 32;
085EE : 32;
085EF : 56;
085F0 : 56;
085F1 : 56;
085F2 : 32;
085F3 : BA;
085F4 : DA;
085F5 : 7A;
085F6 : 9A;
085F7 : 9A;
085F8 : 56;
085F9 : 7A;
085FA : BA;
085FB : BA;
085FC : DA;
085FD : BA;
085FE : 9A;
085FF : 9A;
08600 : 32;
08601 : 56;
08602 : 32;
08603 : 32;
08604 : 32;
08605 : 56;
08606 : 32;
08607 : 32;
08608 : 32;
08609 : 32;
0860A : 32;
0860B : 32;
0860C : 09;
0860D : 2D;
0860E : 05;
0860F : 56;
08610 : 56;
08611 : 56;
08612 : 56;
08613 : 56;
08614 : 56;
08615 : 56;
08616 : 7A;
08617 : 56;
08618 : 56;
08619 : 7A;
0861A : 9A;
0861B : 7A;
0861C : 5A;
0861D : 56;
0861E : 9A;
0861F : 7A;
08620 : 32;
08621 : 2D;
08622 : 32;
08623 : 56;
08624 : 32;
08625 : 32;
08626 : 2E;
08627 : 2E;
08628 : 2E;
08629 : 32;
0862A : 2E;
0862B : 09;
0862C : 05;
0862D : 09;
0862E : 05;
0862F : 36;
08630 : 56;
08631 : 56;
08632 : 56;
08633 : 56;
08634 : 36;
08635 : 32;
08636 : 56;
08637 : 56;
08638 : 56;
08639 : 56;
0863A : 9A;
0863B : 7A;
0863C : 56;
0863D : 76;
0863E : 7A;
0863F : 7A;
08640 : 29;
08641 : 29;
08642 : 29;
08643 : 32;
08644 : 2E;
08645 : 32;
08646 : 32;
08647 : 32;
08648 : 32;
08649 : 2E;
0864A : 2E;
0864B : 09;
0864C : 09;
0864D : 29;
0864E : 00;
0864F : 56;
08650 : 56;
08651 : 56;
08652 : 56;
08653 : 56;
08654 : 56;
08655 : 32;
08656 : 56;
08657 : 7A;
08658 : 76;
08659 : 56;
0865A : 9A;
0865B : 9A;
0865C : 56;
0865D : 56;
0865E : 56;
0865F : 76;
08660 : 2D;
08661 : 05;
08662 : 29;
08663 : 52;
08664 : 09;
08665 : 56;
08666 : 56;
08667 : 32;
08668 : 32;
08669 : 0D;
0866A : 2E;
0866B : 05;
0866C : 05;
0866D : 25;
0866E : 00;
0866F : 56;
08670 : 56;
08671 : 56;
08672 : 56;
08673 : 56;
08674 : 56;
08675 : 32;
08676 : 7A;
08677 : 7A;
08678 : 7A;
08679 : 36;
0867A : 9A;
0867B : 9A;
0867C : 56;
0867D : 56;
0867E : 56;
0867F : 76;
08680 : 25;
08681 : 24;
08682 : 29;
08683 : 29;
08684 : 4D;
08685 : 29;
08686 : 72;
08687 : 52;
08688 : 2D;
08689 : 2D;
0868A : 2E;
0868B : 04;
0868C : 04;
0868D : 29;
0868E : 04;
0868F : 56;
08690 : 56;
08691 : 56;
08692 : 36;
08693 : 09;
08694 : 04;
08695 : 7A;
08696 : 9A;
08697 : 9A;
08698 : 76;
08699 : 36;
0869A : 9A;
0869B : 7A;
0869C : 76;
0869D : 32;
0869E : 56;
0869F : 7A;
086A0 : 4D;
086A1 : 25;
086A2 : 25;
086A3 : 51;
086A4 : 4D;
086A5 : 4D;
086A6 : 2D;
086A7 : 05;
086A8 : 29;
086A9 : 2D;
086AA : 2E;
086AB : 25;
086AC : 04;
086AD : 25;
086AE : 05;
086AF : 09;
086B0 : 29;
086B1 : 56;
086B2 : 32;
086B3 : 09;
086B4 : 00;
086B5 : 76;
086B6 : 9A;
086B7 : 9A;
086B8 : 7A;
086B9 : 36;
086BA : 9A;
086BB : 9A;
086BC : 0E;
086BD : 32;
086BE : 56;
086BF : 7A;
086C0 : 24;
086C1 : 4D;
086C2 : 29;
086C3 : 4D;
086C4 : 04;
086C5 : 4D;
086C6 : 04;
086C7 : 29;
086C8 : 04;
086C9 : 05;
086CA : 25;
086CB : 00;
086CC : 04;
086CD : 25;
086CE : 25;
086CF : 05;
086D0 : 05;
086D1 : 29;
086D2 : 05;
086D3 : 00;
086D4 : 25;
086D5 : 76;
086D6 : 9A;
086D7 : 9A;
086D8 : 56;
086D9 : 36;
086DA : 9A;
086DB : BA;
086DC : 0E;
086DD : 32;
086DE : 2E;
086DF : 32;
086E0 : 6D;
086E1 : 6D;
086E2 : 6D;
086E3 : 4D;
086E4 : 4D;
086E5 : 49;
086E6 : 49;
086E7 : 29;
086E8 : 49;
086E9 : 29;
086EA : 25;
086EB : 25;
086EC : 04;
086ED : 25;
086EE : 25;
086EF : 04;
086F0 : 04;
086F1 : 00;
086F2 : 25;
086F3 : 25;
086F4 : 04;
086F5 : 2E;
086F6 : 7A;
086F7 : 9A;
086F8 : 7A;
086F9 : 7A;
086FA : 9A;
086FB : 9A;
086FC : 0E;
086FD : 2D;
086FE : 32;
086FF : 5A;
08700 : 4D;
08701 : 4D;
08702 : 4D;
08703 : 29;
08704 : 29;
08705 : 29;
08706 : 49;
08707 : 29;
08708 : 29;
08709 : 29;
0870A : 24;
0870B : 29;
0870C : 00;
0870D : 25;
0870E : 25;
0870F : 00;
08710 : 00;
08711 : 24;
08712 : 04;
08713 : 05;
08714 : 04;
08715 : 56;
08716 : 9A;
08717 : 7A;
08718 : 7A;
08719 : 9A;
0871A : 9A;
0871B : 9A;
0871C : 2E;
0871D : 32;
0871E : 32;
0871F : 5A;
08720 : 4D;
08721 : 4D;
08722 : 4D;
08723 : 29;
08724 : 25;
08725 : 4D;
08726 : 49;
08727 : 49;
08728 : 29;
08729 : 29;
0872A : 49;
0872B : 25;
0872C : 29;
0872D : 29;
0872E : 25;
0872F : 04;
08730 : 04;
08731 : 25;
08732 : 25;
08733 : 24;
08734 : 24;
08735 : 05;
08736 : 56;
08737 : 56;
08738 : 56;
08739 : 9A;
0873A : 7A;
0873B : 9A;
0873C : 2E;
0873D : 2E;
0873E : 32;
0873F : 36;
08740 : 4D;
08741 : 4D;
08742 : 49;
08743 : 24;
08744 : 4D;
08745 : 49;
08746 : 29;
08747 : 4D;
08748 : 29;
08749 : 29;
0874A : 29;
0874B : 24;
0874C : 29;
0874D : 29;
0874E : 24;
0874F : 25;
08750 : 25;
08751 : 25;
08752 : 49;
08753 : 29;
08754 : 25;
08755 : 29;
08756 : 7A;
08757 : 56;
08758 : 32;
08759 : 9A;
0875A : 7A;
0875B : 9A;
0875C : 2E;
0875D : 09;
0875E : 36;
0875F : 5A;
08760 : 4D;
08761 : 4D;
08762 : 4D;
08763 : 00;
08764 : 24;
08765 : 71;
08766 : 4D;
08767 : 29;
08768 : 4D;
08769 : 4D;
0876A : 4D;
0876B : 49;
0876C : 29;
0876D : 4D;
0876E : 49;
0876F : 49;
08770 : 49;
08771 : 4D;
08772 : 4D;
08773 : 49;
08774 : 49;
08775 : 00;
08776 : 25;
08777 : 96;
08778 : 2E;
08779 : 56;
0877A : 56;
0877B : 9A;
0877C : 09;
0877D : 52;
0877E : 7A;
0877F : 56;
08780 : 4D;
08781 : 4D;
08782 : 49;
08783 : 4D;
08784 : 29;
08785 : 29;
08786 : 4D;
08787 : 4D;
08788 : 4D;
08789 : 4D;
0878A : 4D;
0878B : 4D;
0878C : 29;
0878D : 25;
0878E : 4D;
0878F : 4D;
08790 : 4D;
08791 : 4D;
08792 : 49;
08793 : 49;
08794 : 29;
08795 : 29;
08796 : 04;
08797 : 05;
08798 : 2D;
08799 : 56;
0879A : 7A;
0879B : 9A;
0879C : 09;
0879D : 09;
0879E : 09;
0879F : 32;
087A0 : 4D;
087A1 : 29;
087A2 : 25;
087A3 : 71;
087A4 : 4D;
087A5 : 49;
087A6 : 49;
087A7 : 4D;
087A8 : 4D;
087A9 : 4D;
087AA : 4D;
087AB : 49;
087AC : 4D;
087AD : 29;
087AE : 29;
087AF : 49;
087B0 : 49;
087B1 : 4D;
087B2 : 49;
087B3 : 49;
087B4 : 29;
087B5 : 25;
087B6 : 04;
087B7 : 05;
087B8 : 52;
087B9 : 56;
087BA : 7A;
087BB : 7A;
087BC : 32;
087BD : 04;
087BE : 04;
087BF : 36;
087C0 : 4D;
087C1 : 29;
087C2 : 29;
087C3 : 29;
087C4 : 24;
087C5 : 24;
087C6 : 28;
087C7 : 24;
087C8 : 24;
087C9 : 29;
087CA : 4D;
087CB : 71;
087CC : 24;
087CD : 49;
087CE : 49;
087CF : 4D;
087D0 : 4D;
087D1 : 4D;
087D2 : 4D;
087D3 : 4D;
087D4 : 25;
087D5 : 29;
087D6 : 25;
087D7 : 25;
087D8 : 25;
087D9 : 04;
087DA : 52;
087DB : 52;
087DC : 00;
087DD : 00;
087DE : 04;
087DF : 09;
087E0 : 00;
087E1 : 24;
087E2 : 24;
087E3 : 24;
087E4 : 00;
087E5 : 24;
087E6 : 29;
087E7 : 24;
087E8 : 24;
087E9 : 24;
087EA : 24;
087EB : 24;
087EC : 00;
087ED : 00;
087EE : 24;
087EF : 24;
087F0 : 24;
087F1 : 24;
087F2 : 04;
087F3 : 24;
087F4 : 04;
087F5 : 04;
087F6 : 04;
087F7 : 04;
087F8 : 00;
087F9 : 00;
087FA : 00;
087FB : 29;
087FC : 04;
087FD : 00;
087FE : 04;
087FF : 04;
08800 : B6;
08801 : B6;
08802 : B6;
08803 : B6;
08804 : B6;
08805 : B6;
08806 : B6;
08807 : B6;
08808 : B6;
08809 : B6;
0880A : B6;
0880B : B6;
0880C : B6;
0880D : B6;
0880E : B6;
0880F : B6;
08810 : B6;
08811 : B6;
08812 : B6;
08813 : B6;
08814 : B6;
08815 : B6;
08816 : B6;
08817 : B6;
08818 : B6;
08819 : B6;
0881A : B6;
0881B : B6;
0881C : B6;
0881D : B6;
0881E : B6;
0881F : B6;
08820 : B6;
08821 : B6;
08822 : B6;
08823 : B6;
08824 : B6;
08825 : B6;
08826 : B6;
08827 : B6;
08828 : B6;
08829 : B6;
0882A : B6;
0882B : B6;
0882C : B6;
0882D : B6;
0882E : B6;
0882F : B6;
08830 : B6;
08831 : B6;
08832 : B6;
08833 : B6;
08834 : B6;
08835 : B6;
08836 : B6;
08837 : B6;
08838 : B6;
08839 : B6;
0883A : B6;
0883B : B6;
0883C : B6;
0883D : B6;
0883E : B6;
0883F : B6;
08840 : 9A;
08841 : 7A;
08842 : 9A;
08843 : 9A;
08844 : 9A;
08845 : 9A;
08846 : 9A;
08847 : 9A;
08848 : 9A;
08849 : 9A;
0884A : 9A;
0884B : 9A;
0884C : 9A;
0884D : 9A;
0884E : 9A;
0884F : 9A;
08850 : 9A;
08851 : 7A;
08852 : 7A;
08853 : 9A;
08854 : 9A;
08855 : 9A;
08856 : 9A;
08857 : 9A;
08858 : 9A;
08859 : 9A;
0885A : 9A;
0885B : 9A;
0885C : 9A;
0885D : 9A;
0885E : 9A;
0885F : 9A;
08860 : 7A;
08861 : 56;
08862 : 7A;
08863 : 9A;
08864 : 7A;
08865 : 7A;
08866 : 9A;
08867 : 9A;
08868 : 7A;
08869 : 7A;
0886A : 7A;
0886B : 7A;
0886C : 9A;
0886D : 9A;
0886E : 7A;
0886F : 7A;
08870 : 7A;
08871 : 9A;
08872 : 9A;
08873 : 7A;
08874 : 7A;
08875 : 7A;
08876 : 7A;
08877 : 7A;
08878 : 7A;
08879 : 7A;
0887A : 76;
0887B : 76;
0887C : 56;
0887D : 7A;
0887E : 56;
0887F : 76;
08880 : 56;
08881 : 56;
08882 : 7A;
08883 : 7A;
08884 : 7A;
08885 : 7A;
08886 : 7A;
08887 : 7A;
08888 : 7A;
08889 : 7A;
0888A : 7A;
0888B : 7A;
0888C : 7A;
0888D : 56;
0888E : 56;
0888F : 7A;
08890 : 7A;
08891 : 56;
08892 : 56;
08893 : 7A;
08894 : 7A;
08895 : 56;
08896 : 76;
08897 : 56;
08898 : 56;
08899 : 7A;
0889A : 56;
0889B : 56;
0889C : 56;
0889D : 7A;
0889E : 7A;
0889F : 56;
088A0 : 56;
088A1 : 76;
088A2 : 7A;
088A3 : 7A;
088A4 : 7A;
088A5 : 56;
088A6 : 7A;
088A7 : 7A;
088A8 : 56;
088A9 : 7A;
088AA : 7A;
088AB : 7A;
088AC : 76;
088AD : 7A;
088AE : 7A;
088AF : 7A;
088B0 : 7A;
088B1 : 7A;
088B2 : 7A;
088B3 : 7A;
088B4 : 7A;
088B5 : 7A;
088B6 : 7A;
088B7 : 7A;
088B8 : 7A;
088B9 : 7A;
088BA : 7A;
088BB : 7A;
088BC : 7A;
088BD : 7A;
088BE : 56;
088BF : 7A;
088C0 : 7A;
088C1 : 7A;
088C2 : 9A;
088C3 : 9A;
088C4 : 7A;
088C5 : 9A;
088C6 : 9A;
088C7 : 9A;
088C8 : 9A;
088C9 : 9A;
088CA : 9A;
088CB : 9A;
088CC : 7A;
088CD : 9A;
088CE : 7A;
088CF : 9A;
088D0 : 9A;
088D1 : 7A;
088D2 : 9A;
088D3 : 9A;
088D4 : 7A;
088D5 : 9A;
088D6 : 9A;
088D7 : 7A;
088D8 : 7A;
088D9 : 7A;
088DA : 7A;
088DB : 7A;
088DC : 7A;
088DD : 7A;
088DE : 7A;
088DF : 7A;
088E0 : BA;
088E1 : BA;
088E2 : BA;
088E3 : BA;
088E4 : BA;
088E5 : BA;
088E6 : BA;
088E7 : DA;
088E8 : DA;
088E9 : DA;
088EA : DA;
088EB : BA;
088EC : BA;
088ED : BA;
088EE : BA;
088EF : DA;
088F0 : BA;
088F1 : DA;
088F2 : BA;
088F3 : BA;
088F4 : BA;
088F5 : BA;
088F6 : BA;
088F7 : BA;
088F8 : BA;
088F9 : BA;
088FA : BA;
088FB : BA;
088FC : BA;
088FD : BA;
088FE : BA;
088FF : BA;
08900 : BA;
08901 : BA;
08902 : BA;
08903 : BA;
08904 : BA;
08905 : BA;
08906 : BA;
08907 : BA;
08908 : BA;
08909 : BA;
0890A : BA;
0890B : BA;
0890C : BA;
0890D : BA;
0890E : BA;
0890F : BA;
08910 : BA;
08911 : DA;
08912 : BA;
08913 : BA;
08914 : BA;
08915 : BA;
08916 : BA;
08917 : BA;
08918 : BA;
08919 : BA;
0891A : BA;
0891B : BA;
0891C : BA;
0891D : BA;
0891E : BA;
0891F : BA;
08920 : BA;
08921 : DA;
08922 : DA;
08923 : DA;
08924 : DA;
08925 : DA;
08926 : BA;
08927 : BA;
08928 : DA;
08929 : DA;
0892A : DA;
0892B : DA;
0892C : DA;
0892D : DA;
0892E : DA;
0892F : DA;
08930 : DA;
08931 : DA;
08932 : BA;
08933 : BA;
08934 : DA;
08935 : DA;
08936 : 9A;
08937 : DA;
08938 : 9A;
08939 : BA;
0893A : BA;
0893B : BA;
0893C : BA;
0893D : BA;
0893E : BA;
0893F : DA;
08940 : BA;
08941 : DA;
08942 : DA;
08943 : DA;
08944 : DA;
08945 : DA;
08946 : DA;
08947 : DA;
08948 : DA;
08949 : DA;
0894A : DA;
0894B : DA;
0894C : DA;
0894D : DA;
0894E : DA;
0894F : DA;
08950 : DA;
08951 : 9A;
08952 : 36;
08953 : 56;
08954 : 7A;
08955 : 56;
08956 : 7A;
08957 : 76;
08958 : 36;
08959 : 56;
0895A : BA;
0895B : BA;
0895C : DA;
0895D : DA;
0895E : DA;
0895F : DA;
08960 : DA;
08961 : DA;
08962 : DA;
08963 : DA;
08964 : DA;
08965 : 9A;
08966 : 9A;
08967 : BA;
08968 : 7A;
08969 : 9A;
0896A : BA;
0896B : 7A;
0896C : 76;
0896D : 76;
0896E : 56;
0896F : 56;
08970 : 52;
08971 : 56;
08972 : 56;
08973 : 36;
08974 : 56;
08975 : 56;
08976 : 32;
08977 : 32;
08978 : 32;
08979 : 32;
0897A : 32;
0897B : 32;
0897C : 2E;
0897D : 7A;
0897E : DA;
0897F : DA;
08980 : DA;
08981 : BA;
08982 : 76;
08983 : 9A;
08984 : 9A;
08985 : 7A;
08986 : 56;
08987 : 56;
08988 : 9A;
08989 : 9A;
0898A : 7A;
0898B : 56;
0898C : 56;
0898D : 32;
0898E : 56;
0898F : 56;
08990 : 32;
08991 : 56;
08992 : 56;
08993 : 76;
08994 : 56;
08995 : 36;
08996 : 32;
08997 : 32;
08998 : 32;
08999 : 32;
0899A : 32;
0899B : 32;
0899C : 32;
0899D : BA;
0899E : 76;
0899F : BA;
089A0 : BA;
089A1 : 9A;
089A2 : 7A;
089A3 : 32;
089A4 : 56;
089A5 : 56;
089A6 : 76;
089A7 : 7A;
089A8 : 9A;
089A9 : BA;
089AA : 7A;
089AB : 56;
089AC : 32;
089AD : 32;
089AE : 56;
089AF : 56;
089B0 : 56;
089B1 : 7A;
089B2 : 32;
089B3 : 56;
089B4 : 56;
089B5 : 56;
089B6 : 32;
089B7 : 56;
089B8 : 56;
089B9 : 56;
089BA : 32;
089BB : 32;
089BC : 56;
089BD : 32;
089BE : 76;
089BF : 56;
089C0 : 56;
089C1 : 56;
089C2 : 32;
089C3 : 56;
089C4 : 7A;
089C5 : 56;
089C6 : 36;
089C7 : 56;
089C8 : 56;
089C9 : 56;
089CA : 56;
089CB : 56;
089CC : 32;
089CD : 56;
089CE : 7A;
089CF : 7A;
089D0 : BA;
089D1 : 9A;
089D2 : 9A;
089D3 : 56;
089D4 : 56;
089D5 : 0D;
089D6 : 32;
089D7 : 2E;
089D8 : 32;
089D9 : 56;
089DA : 32;
089DB : 32;
089DC : 32;
089DD : 32;
089DE : 56;
089DF : 32;
089E0 : 7A;
089E1 : 56;
089E2 : 36;
089E3 : 56;
089E4 : 9A;
089E5 : 56;
089E6 : 7A;
089E7 : 56;
089E8 : 52;
089E9 : 56;
089EA : 56;
089EB : 56;
089EC : 32;
089ED : 36;
089EE : 7A;
089EF : 7A;
089F0 : 9A;
089F1 : 9A;
089F2 : 9A;
089F3 : 56;
089F4 : 32;
089F5 : 0D;
089F6 : 0E;
089F7 : 2D;
089F8 : 32;
089F9 : 56;
089FA : 32;
089FB : 32;
089FC : 32;
089FD : 32;
089FE : 36;
089FF : 32;
08A00 : 56;
08A01 : 56;
08A02 : 56;
08A03 : 56;
08A04 : 56;
08A05 : 56;
08A06 : 56;
08A07 : 32;
08A08 : 32;
08A09 : 32;
08A0A : 2E;
08A0B : 32;
08A0C : 32;
08A0D : 32;
08A0E : 32;
08A0F : 9A;
08A10 : 9A;
08A11 : 7A;
08A12 : 7A;
08A13 : 09;
08A14 : 2D;
08A15 : 29;
08A16 : 09;
08A17 : 09;
08A18 : 2E;
08A19 : 09;
08A1A : 32;
08A1B : 32;
08A1C : 32;
08A1D : 36;
08A1E : 32;
08A1F : 32;
08A20 : 56;
08A21 : 32;
08A22 : 56;
08A23 : 56;
08A24 : 56;
08A25 : 56;
08A26 : 32;
08A27 : 32;
08A28 : 32;
08A29 : 32;
08A2A : 0E;
08A2B : 32;
08A2C : 0E;
08A2D : 32;
08A2E : 0D;
08A2F : 9A;
08A30 : 9A;
08A31 : 9A;
08A32 : 7A;
08A33 : 05;
08A34 : 29;
08A35 : 29;
08A36 : 29;
08A37 : 29;
08A38 : 05;
08A39 : 05;
08A3A : 32;
08A3B : 32;
08A3C : 32;
08A3D : 32;
08A3E : 32;
08A3F : 32;
08A40 : 0D;
08A41 : 32;
08A42 : 56;
08A43 : 56;
08A44 : 36;
08A45 : 32;
08A46 : 32;
08A47 : 2E;
08A48 : 32;
08A49 : 2E;
08A4A : 32;
08A4B : 32;
08A4C : 32;
08A4D : 52;
08A4E : 2E;
08A4F : 32;
08A50 : 7A;
08A51 : 56;
08A52 : 2E;
08A53 : 09;
08A54 : 09;
08A55 : 05;
08A56 : 09;
08A57 : 09;
08A58 : 29;
08A59 : 05;
08A5A : 25;
08A5B : 25;
08A5C : 29;
08A5D : 00;
08A5E : 29;
08A5F : 09;
08A60 : 2E;
08A61 : 32;
08A62 : 56;
08A63 : 32;
08A64 : 32;
08A65 : 32;
08A66 : 32;
08A67 : 2E;
08A68 : 2E;
08A69 : 2E;
08A6A : 32;
08A6B : 2E;
08A6C : 32;
08A6D : 32;
08A6E : 2E;
08A6F : 32;
08A70 : 56;
08A71 : 32;
08A72 : 2D;
08A73 : 29;
08A74 : 09;
08A75 : 05;
08A76 : 29;
08A77 : 29;
08A78 : 29;
08A79 : 00;
08A7A : 04;
08A7B : 04;
08A7C : 00;
08A7D : 25;
08A7E : 09;
08A7F : 29;
08A80 : 32;
08A81 : 32;
08A82 : 32;
08A83 : 32;
08A84 : 32;
08A85 : 2E;
08A86 : 0E;
08A87 : 32;
08A88 : 2D;
08A89 : 2D;
08A8A : 2D;
08A8B : 09;
08A8C : 09;
08A8D : 29;
08A8E : 05;
08A8F : 29;
08A90 : 32;
08A91 : 2E;
08A92 : 0D;
08A93 : 2E;
08A94 : 05;
08A95 : 29;
08A96 : 05;
08A97 : 04;
08A98 : 25;
08A99 : 25;
08A9A : 25;
08A9B : 25;
08A9C : 25;
08A9D : 25;
08A9E : 29;
08A9F : 29;
08AA0 : 32;
08AA1 : 32;
08AA2 : 32;
08AA3 : 56;
08AA4 : 2E;
08AA5 : 2E;
08AA6 : 0D;
08AA7 : 05;
08AA8 : 2D;
08AA9 : 29;
08AAA : 29;
08AAB : 29;
08AAC : 05;
08AAD : 29;
08AAE : 05;
08AAF : 2D;
08AB0 : 52;
08AB1 : 09;
08AB2 : 2E;
08AB3 : 09;
08AB4 : 25;
08AB5 : 05;
08AB6 : 04;
08AB7 : 29;
08AB8 : 29;
08AB9 : 25;
08ABA : 25;
08ABB : 25;
08ABC : 25;
08ABD : 25;
08ABE : 25;
08ABF : 25;
08AC0 : 32;
08AC1 : 32;
08AC2 : 2D;
08AC3 : 2D;
08AC4 : 05;
08AC5 : 2E;
08AC6 : 00;
08AC7 : 05;
08AC8 : 29;
08AC9 : 04;
08ACA : 00;
08ACB : 00;
08ACC : 29;
08ACD : 00;
08ACE : 25;
08ACF : 4D;
08AD0 : 29;
08AD1 : 2D;
08AD2 : 4D;
08AD3 : 29;
08AD4 : 29;
08AD5 : 29;
08AD6 : 04;
08AD7 : 29;
08AD8 : 04;
08AD9 : 4D;
08ADA : 25;
08ADB : 25;
08ADC : 25;
08ADD : 04;
08ADE : 29;
08ADF : 49;
08AE0 : 32;
08AE1 : 32;
08AE2 : 29;
08AE3 : 05;
08AE4 : 00;
08AE5 : 05;
08AE6 : 05;
08AE7 : 05;
08AE8 : 25;
08AE9 : 29;
08AEA : 25;
08AEB : 25;
08AEC : 04;
08AED : 25;
08AEE : 29;
08AEF : 29;
08AF0 : 29;
08AF1 : 4D;
08AF2 : 4D;
08AF3 : 4D;
08AF4 : 25;
08AF5 : 04;
08AF6 : 25;
08AF7 : 25;
08AF8 : 29;
08AF9 : 25;
08AFA : 49;
08AFB : 49;
08AFC : 29;
08AFD : 29;
08AFE : 29;
08AFF : 24;
08B00 : 32;
08B01 : 2D;
08B02 : 29;
08B03 : 04;
08B04 : 05;
08B05 : 05;
08B06 : 04;
08B07 : 00;
08B08 : 25;
08B09 : 29;
08B0A : 25;
08B0B : 25;
08B0C : 25;
08B0D : 29;
08B0E : 29;
08B0F : 29;
08B10 : 49;
08B11 : 4D;
08B12 : 29;
08B13 : 05;
08B14 : 25;
08B15 : 04;
08B16 : 49;
08B17 : 4D;
08B18 : 29;
08B19 : 25;
08B1A : 49;
08B1B : 49;
08B1C : 29;
08B1D : 25;
08B1E : 29;
08B1F : 4D;
08B20 : 56;
08B21 : 2D;
08B22 : 29;
08B23 : 25;
08B24 : 04;
08B25 : 05;
08B26 : 29;
08B27 : 4D;
08B28 : 29;
08B29 : 29;
08B2A : 29;
08B2B : 49;
08B2C : 49;
08B2D : 29;
08B2E : 29;
08B2F : 49;
08B30 : 29;
08B31 : 29;
08B32 : 29;
08B33 : 25;
08B34 : 04;
08B35 : 00;
08B36 : 4D;
08B37 : 49;
08B38 : 29;
08B39 : 29;
08B3A : 29;
08B3B : 29;
08B3C : 29;
08B3D : 49;
08B3E : 49;
08B3F : 49;
08B40 : 56;
08B41 : 09;
08B42 : 29;
08B43 : 05;
08B44 : 00;
08B45 : 4D;
08B46 : 29;
08B47 : 4D;
08B48 : 29;
08B49 : 29;
08B4A : 29;
08B4B : 29;
08B4C : 29;
08B4D : 29;
08B4E : 29;
08B4F : 29;
08B50 : 29;
08B51 : 24;
08B52 : 25;
08B53 : 00;
08B54 : 24;
08B55 : 00;
08B56 : 4D;
08B57 : 24;
08B58 : 04;
08B59 : 24;
08B5A : 24;
08B5B : 29;
08B5C : 29;
08B5D : 49;
08B5E : 25;
08B5F : 29;
08B60 : 56;
08B61 : 29;
08B62 : 29;
08B63 : 25;
08B64 : 04;
08B65 : 04;
08B66 : 25;
08B67 : 29;
08B68 : 29;
08B69 : 29;
08B6A : 29;
08B6B : 29;
08B6C : 25;
08B6D : 25;
08B6E : 29;
08B6F : 29;
08B70 : 4D;
08B71 : 29;
08B72 : 4D;
08B73 : 4D;
08B74 : 6D;
08B75 : 00;
08B76 : 00;
08B77 : 25;
08B78 : 24;
08B79 : 4D;
08B7A : 4D;
08B7B : 49;
08B7C : 4D;
08B7D : 29;
08B7E : 00;
08B7F : 00;
08B80 : 52;
08B81 : 00;
08B82 : 00;
08B83 : 25;
08B84 : 25;
08B85 : 24;
08B86 : 25;
08B87 : 25;
08B88 : 04;
08B89 : 25;
08B8A : 04;
08B8B : 04;
08B8C : 25;
08B8D : 29;
08B8E : 4D;
08B8F : 49;
08B90 : 49;
08B91 : 29;
08B92 : 4D;
08B93 : 4D;
08B94 : 4D;
08B95 : 71;
08B96 : 04;
08B97 : 29;
08B98 : 00;
08B99 : 00;
08B9A : 25;
08B9B : 25;
08B9C : 29;
08B9D : 04;
08B9E : 24;
08B9F : 00;
08BA0 : 2D;
08BA1 : 00;
08BA2 : 04;
08BA3 : 24;
08BA4 : 04;
08BA5 : 24;
08BA6 : 29;
08BA7 : 49;
08BA8 : 24;
08BA9 : 24;
08BAA : 29;
08BAB : 29;
08BAC : 29;
08BAD : 4D;
08BAE : 71;
08BAF : 71;
08BB0 : 71;
08BB1 : 4D;
08BB2 : 49;
08BB3 : 4D;
08BB4 : 4D;
08BB5 : 71;
08BB6 : 00;
08BB7 : 00;
08BB8 : 00;
08BB9 : 25;
08BBA : 04;
08BBB : 04;
08BBC : 04;
08BBD : 00;
08BBE : 4D;
08BBF : 29;
08BC0 : 05;
08BC1 : 00;
08BC2 : 00;
08BC3 : 04;
08BC4 : 04;
08BC5 : 24;
08BC6 : 29;
08BC7 : 29;
08BC8 : 4D;
08BC9 : 4D;
08BCA : 4D;
08BCB : 4D;
08BCC : 29;
08BCD : 29;
08BCE : 29;
08BCF : 29;
08BD0 : 29;
08BD1 : 29;
08BD2 : 29;
08BD3 : 28;
08BD4 : 29;
08BD5 : 24;
08BD6 : 24;
08BD7 : 04;
08BD8 : 04;
08BD9 : 04;
08BDA : 29;
08BDB : 24;
08BDC : 24;
08BDD : 24;
08BDE : 24;
08BDF : 24;
08BE0 : 04;
08BE1 : 04;
08BE2 : 04;
08BE3 : 04;
08BE4 : 00;
08BE5 : 04;
08BE6 : 04;
08BE7 : 24;
08BE8 : 24;
08BE9 : 24;
08BEA : 24;
08BEB : 24;
08BEC : 24;
08BED : 24;
08BEE : 24;
08BEF : 24;
08BF0 : 24;
08BF1 : 04;
08BF2 : 24;
08BF3 : 04;
08BF4 : 00;
08BF5 : 00;
08BF6 : 00;
08BF7 : 00;
08BF8 : 04;
08BF9 : 00;
08BFA : 04;
08BFB : 24;
08BFC : 29;
08BFD : 49;
08BFE : 24;
08BFF : 24;
08C00 : B6;
08C01 : B6;
08C02 : B6;
08C03 : B6;
08C04 : B6;
08C05 : B6;
08C06 : B6;
08C07 : B6;
08C08 : B6;
08C09 : B6;
08C0A : B6;
08C0B : B6;
08C0C : B6;
08C0D : B6;
08C0E : B6;
08C0F : B6;
08C10 : B6;
08C11 : B6;
08C12 : B6;
08C13 : B6;
08C14 : B6;
08C15 : B6;
08C16 : B6;
08C17 : B6;
08C18 : B6;
08C19 : B6;
08C1A : B6;
08C1B : B6;
08C1C : B6;
08C1D : B6;
08C1E : B6;
08C1F : B6;
08C20 : B6;
08C21 : B6;
08C22 : B6;
08C23 : B6;
08C24 : B6;
08C25 : B6;
08C26 : B6;
08C27 : B6;
08C28 : B6;
08C29 : B6;
08C2A : B6;
08C2B : B6;
08C2C : B6;
08C2D : B6;
08C2E : B6;
08C2F : B6;
08C30 : B6;
08C31 : B6;
08C32 : B6;
08C33 : B6;
08C34 : B6;
08C35 : B6;
08C36 : B6;
08C37 : B6;
08C38 : B6;
08C39 : B6;
08C3A : B6;
08C3B : B6;
08C3C : B6;
08C3D : B6;
08C3E : B6;
08C3F : B6;
08C40 : 9A;
08C41 : 9A;
08C42 : 9A;
08C43 : 9A;
08C44 : 9A;
08C45 : 9A;
08C46 : 9A;
08C47 : 9A;
08C48 : 9A;
08C49 : 9A;
08C4A : 9A;
08C4B : 9A;
08C4C : 9A;
08C4D : 9A;
08C4E : 9A;
08C4F : 9A;
08C50 : 9A;
08C51 : 9A;
08C52 : 9A;
08C53 : 9A;
08C54 : 9A;
08C55 : 9A;
08C56 : 7A;
08C57 : 7A;
08C58 : 9A;
08C59 : 9A;
08C5A : 9A;
08C5B : 9A;
08C5C : 9A;
08C5D : 9A;
08C5E : 9A;
08C5F : 9A;
08C60 : 7A;
08C61 : 7A;
08C62 : 9A;
08C63 : 9A;
08C64 : 7A;
08C65 : 7A;
08C66 : 7A;
08C67 : 7A;
08C68 : 9A;
08C69 : 7A;
08C6A : 7A;
08C6B : 9A;
08C6C : 9A;
08C6D : 7A;
08C6E : 7A;
08C6F : 7A;
08C70 : 7A;
08C71 : 9A;
08C72 : 9A;
08C73 : 7A;
08C74 : 7A;
08C75 : 7A;
08C76 : 9A;
08C77 : 9A;
08C78 : 7A;
08C79 : 7A;
08C7A : 7A;
08C7B : 7A;
08C7C : 7A;
08C7D : 7A;
08C7E : 7A;
08C7F : 76;
08C80 : 7A;
08C81 : 7A;
08C82 : 7A;
08C83 : 7A;
08C84 : 7A;
08C85 : 7A;
08C86 : 7A;
08C87 : 7A;
08C88 : 7A;
08C89 : 7A;
08C8A : 7A;
08C8B : 7A;
08C8C : 7A;
08C8D : 7A;
08C8E : 7A;
08C8F : 7A;
08C90 : 7A;
08C91 : 7A;
08C92 : 56;
08C93 : 56;
08C94 : 7A;
08C95 : 7A;
08C96 : 56;
08C97 : 56;
08C98 : 7A;
08C99 : 7A;
08C9A : 56;
08C9B : 76;
08C9C : 56;
08C9D : 56;
08C9E : 7A;
08C9F : 56;
08CA0 : 7A;
08CA1 : 56;
08CA2 : 7A;
08CA3 : 7A;
08CA4 : 56;
08CA5 : 7A;
08CA6 : 7A;
08CA7 : 7A;
08CA8 : 76;
08CA9 : 7A;
08CAA : 56;
08CAB : 7A;
08CAC : 7A;
08CAD : 56;
08CAE : 7A;
08CAF : 7A;
08CB0 : 7A;
08CB1 : 76;
08CB2 : 7A;
08CB3 : 7A;
08CB4 : 7A;
08CB5 : 7A;
08CB6 : 7A;
08CB7 : 7A;
08CB8 : 7A;
08CB9 : 7A;
08CBA : 7A;
08CBB : 7A;
08CBC : 7A;
08CBD : 7A;
08CBE : 7A;
08CBF : 7A;
08CC0 : 7A;
08CC1 : 9A;
08CC2 : 9A;
08CC3 : 9A;
08CC4 : 9A;
08CC5 : 9A;
08CC6 : 9A;
08CC7 : 9A;
08CC8 : 7A;
08CC9 : 7A;
08CCA : 9A;
08CCB : 9A;
08CCC : 9A;
08CCD : 9A;
08CCE : 9A;
08CCF : 9A;
08CD0 : 9A;
08CD1 : 7A;
08CD2 : 9A;
08CD3 : 7A;
08CD4 : 9A;
08CD5 : 9A;
08CD6 : 7A;
08CD7 : 9A;
08CD8 : 9A;
08CD9 : 7A;
08CDA : 9A;
08CDB : 9A;
08CDC : 7A;
08CDD : 7A;
08CDE : 7A;
08CDF : 7A;
08CE0 : BA;
08CE1 : BA;
08CE2 : BA;
08CE3 : BA;
08CE4 : BA;
08CE5 : BA;
08CE6 : BA;
08CE7 : DA;
08CE8 : DA;
08CE9 : DA;
08CEA : DA;
08CEB : BA;
08CEC : BA;
08CED : BA;
08CEE : BA;
08CEF : DA;
08CF0 : BA;
08CF1 : DA;
08CF2 : BA;
08CF3 : BA;
08CF4 : BA;
08CF5 : BA;
08CF6 : BA;
08CF7 : BA;
08CF8 : BA;
08CF9 : BA;
08CFA : BA;
08CFB : BA;
08CFC : BA;
08CFD : BA;
08CFE : BA;
08CFF : BA;
08D00 : BA;
08D01 : BA;
08D02 : BA;
08D03 : BA;
08D04 : BA;
08D05 : BA;
08D06 : BA;
08D07 : BA;
08D08 : BA;
08D09 : BA;
08D0A : BA;
08D0B : BA;
08D0C : BA;
08D0D : BA;
08D0E : BA;
08D0F : BA;
08D10 : BA;
08D11 : DA;
08D12 : BA;
08D13 : BA;
08D14 : BA;
08D15 : BA;
08D16 : BA;
08D17 : BA;
08D18 : BA;
08D19 : BA;
08D1A : BA;
08D1B : BA;
08D1C : BA;
08D1D : BA;
08D1E : BA;
08D1F : BA;
08D20 : BA;
08D21 : DA;
08D22 : DA;
08D23 : DA;
08D24 : DA;
08D25 : DA;
08D26 : BA;
08D27 : BA;
08D28 : DA;
08D29 : DA;
08D2A : DA;
08D2B : DA;
08D2C : DA;
08D2D : DA;
08D2E : DA;
08D2F : DA;
08D30 : DA;
08D31 : DA;
08D32 : BA;
08D33 : BA;
08D34 : DA;
08D35 : DA;
08D36 : 9A;
08D37 : DA;
08D38 : 9A;
08D39 : BA;
08D3A : BA;
08D3B : BA;
08D3C : BA;
08D3D : BA;
08D3E : BA;
08D3F : DA;
08D40 : BA;
08D41 : DA;
08D42 : DA;
08D43 : BA;
08D44 : BA;
08D45 : BA;
08D46 : BA;
08D47 : BA;
08D48 : BA;
08D49 : DA;
08D4A : DA;
08D4B : DA;
08D4C : DA;
08D4D : DA;
08D4E : DA;
08D4F : DA;
08D50 : DA;
08D51 : 9A;
08D52 : 36;
08D53 : 56;
08D54 : 76;
08D55 : 56;
08D56 : 76;
08D57 : 56;
08D58 : 36;
08D59 : 56;
08D5A : BA;
08D5B : BA;
08D5C : DA;
08D5D : DA;
08D5E : DA;
08D5F : DA;
08D60 : BA;
08D61 : DA;
08D62 : DA;
08D63 : DA;
08D64 : DA;
08D65 : 9A;
08D66 : 9A;
08D67 : BA;
08D68 : 7A;
08D69 : 9A;
08D6A : BA;
08D6B : 7A;
08D6C : 76;
08D6D : 56;
08D6E : 56;
08D6F : 56;
08D70 : 32;
08D71 : 56;
08D72 : 56;
08D73 : 56;
08D74 : 56;
08D75 : 56;
08D76 : 32;
08D77 : 32;
08D78 : 32;
08D79 : 32;
08D7A : 32;
08D7B : 32;
08D7C : 2E;
08D7D : 76;
08D7E : DA;
08D7F : DA;
08D80 : BA;
08D81 : BA;
08D82 : 76;
08D83 : 76;
08D84 : 56;
08D85 : 56;
08D86 : 56;
08D87 : 56;
08D88 : 76;
08D89 : 9A;
08D8A : 76;
08D8B : 56;
08D8C : 32;
08D8D : 56;
08D8E : 36;
08D8F : 56;
08D90 : 56;
08D91 : 56;
08D92 : 32;
08D93 : 56;
08D94 : 56;
08D95 : 52;
08D96 : 56;
08D97 : 32;
08D98 : 2E;
08D99 : 2E;
08D9A : 32;
08D9B : 32;
08D9C : 32;
08D9D : 32;
08D9E : 56;
08D9F : 9A;
08DA0 : 32;
08DA1 : 32;
08DA2 : 32;
08DA3 : 32;
08DA4 : 52;
08DA5 : 32;
08DA6 : 32;
08DA7 : 32;
08DA8 : 32;
08DA9 : 32;
08DAA : 56;
08DAB : 56;
08DAC : 56;
08DAD : 56;
08DAE : 32;
08DAF : 32;
08DB0 : 32;
08DB1 : 32;
08DB2 : 32;
08DB3 : 32;
08DB4 : 32;
08DB5 : 32;
08DB6 : 76;
08DB7 : 52;
08DB8 : 32;
08DB9 : 2E;
08DBA : 32;
08DBB : 32;
08DBC : 32;
08DBD : 32;
08DBE : 56;
08DBF : 56;
08DC0 : 32;
08DC1 : 32;
08DC2 : 32;
08DC3 : 32;
08DC4 : 32;
08DC5 : 32;
08DC6 : 32;
08DC7 : 32;
08DC8 : 36;
08DC9 : 32;
08DCA : 32;
08DCB : 32;
08DCC : 32;
08DCD : 32;
08DCE : 32;
08DCF : 32;
08DD0 : 32;
08DD1 : 32;
08DD2 : 32;
08DD3 : 32;
08DD4 : 32;
08DD5 : 32;
08DD6 : 56;
08DD7 : 32;
08DD8 : 32;
08DD9 : 32;
08DDA : 32;
08DDB : 56;
08DDC : 56;
08DDD : 56;
08DDE : 56;
08DDF : 32;
08DE0 : 32;
08DE1 : 32;
08DE2 : 32;
08DE3 : 32;
08DE4 : 32;
08DE5 : 32;
08DE6 : 32;
08DE7 : 32;
08DE8 : 32;
08DE9 : 32;
08DEA : 32;
08DEB : 32;
08DEC : 32;
08DED : 32;
08DEE : 32;
08DEF : 32;
08DF0 : 32;
08DF1 : 32;
08DF2 : 32;
08DF3 : 32;
08DF4 : 32;
08DF5 : 32;
08DF6 : 56;
08DF7 : 32;
08DF8 : 32;
08DF9 : 32;
08DFA : 32;
08DFB : 32;
08DFC : 32;
08DFD : 32;
08DFE : 56;
08DFF : 32;
08E00 : 32;
08E01 : 32;
08E02 : 32;
08E03 : 32;
08E04 : 32;
08E05 : 32;
08E06 : 32;
08E07 : 32;
08E08 : 32;
08E09 : 32;
08E0A : 32;
08E0B : 32;
08E0C : 32;
08E0D : 32;
08E0E : 32;
08E0F : 32;
08E10 : 32;
08E11 : 32;
08E12 : 32;
08E13 : 32;
08E14 : 32;
08E15 : 32;
08E16 : 56;
08E17 : 32;
08E18 : 32;
08E19 : 32;
08E1A : 32;
08E1B : 32;
08E1C : 52;
08E1D : 32;
08E1E : 32;
08E1F : 2E;
08E20 : 32;
08E21 : 32;
08E22 : 32;
08E23 : 32;
08E24 : 32;
08E25 : 32;
08E26 : 32;
08E27 : 32;
08E28 : 32;
08E29 : 32;
08E2A : 32;
08E2B : 32;
08E2C : 32;
08E2D : 32;
08E2E : 32;
08E2F : 32;
08E30 : 32;
08E31 : 32;
08E32 : 32;
08E33 : 32;
08E34 : 32;
08E35 : 32;
08E36 : 32;
08E37 : 32;
08E38 : 32;
08E39 : 32;
08E3A : 32;
08E3B : 32;
08E3C : 32;
08E3D : 56;
08E3E : 56;
08E3F : 52;
08E40 : 32;
08E41 : 32;
08E42 : 2E;
08E43 : 52;
08E44 : 52;
08E45 : 32;
08E46 : 32;
08E47 : 32;
08E48 : 32;
08E49 : 32;
08E4A : 52;
08E4B : 52;
08E4C : 32;
08E4D : 32;
08E4E : 32;
08E4F : 32;
08E50 : 32;
08E51 : 32;
08E52 : 32;
08E53 : 32;
08E54 : 32;
08E55 : 32;
08E56 : 32;
08E57 : 32;
08E58 : 32;
08E59 : 32;
08E5A : 52;
08E5B : 56;
08E5C : 32;
08E5D : 32;
08E5E : 32;
08E5F : 32;
08E60 : 32;
08E61 : 2E;
08E62 : 2D;
08E63 : 32;
08E64 : 32;
08E65 : 32;
08E66 : 52;
08E67 : 52;
08E68 : 32;
08E69 : 32;
08E6A : 52;
08E6B : 32;
08E6C : 32;
08E6D : 32;
08E6E : 32;
08E6F : 32;
08E70 : 32;
08E71 : 32;
08E72 : 32;
08E73 : 32;
08E74 : 32;
08E75 : 32;
08E76 : 32;
08E77 : 32;
08E78 : 32;
08E79 : 56;
08E7A : 52;
08E7B : 52;
08E7C : 52;
08E7D : 56;
08E7E : 56;
08E7F : 56;
08E80 : 2D;
08E81 : 32;
08E82 : 32;
08E83 : 52;
08E84 : 52;
08E85 : 52;
08E86 : 32;
08E87 : 52;
08E88 : 32;
08E89 : 32;
08E8A : 52;
08E8B : 32;
08E8C : 32;
08E8D : 32;
08E8E : 32;
08E8F : 32;
08E90 : 32;
08E91 : 32;
08E92 : 32;
08E93 : 32;
08E94 : 32;
08E95 : 32;
08E96 : 32;
08E97 : 32;
08E98 : 52;
08E99 : 32;
08E9A : 56;
08E9B : 56;
08E9C : 76;
08E9D : 56;
08E9E : 56;
08E9F : 56;
08EA0 : 2D;
08EA1 : 32;
08EA2 : 2E;
08EA3 : 52;
08EA4 : 52;
08EA5 : 52;
08EA6 : 52;
08EA7 : 52;
08EA8 : 52;
08EA9 : 52;
08EAA : 52;
08EAB : 32;
08EAC : 32;
08EAD : 32;
08EAE : 32;
08EAF : 32;
08EB0 : 32;
08EB1 : 32;
08EB2 : 32;
08EB3 : 56;
08EB4 : 56;
08EB5 : 32;
08EB6 : 32;
08EB7 : 32;
08EB8 : 56;
08EB9 : 56;
08EBA : 32;
08EBB : 56;
08EBC : 56;
08EBD : 56;
08EBE : 56;
08EBF : 56;
08EC0 : 32;
08EC1 : 52;
08EC2 : 52;
08EC3 : 4D;
08EC4 : 52;
08EC5 : 52;
08EC6 : 52;
08EC7 : 4D;
08EC8 : 52;
08EC9 : 52;
08ECA : 52;
08ECB : 52;
08ECC : 52;
08ECD : 32;
08ECE : 2E;
08ECF : 32;
08ED0 : 32;
08ED1 : 32;
08ED2 : 56;
08ED3 : 56;
08ED4 : 32;
08ED5 : 32;
08ED6 : 32;
08ED7 : 52;
08ED8 : 52;
08ED9 : 32;
08EDA : 56;
08EDB : 76;
08EDC : 76;
08EDD : 56;
08EDE : 56;
08EDF : 56;
08EE0 : 29;
08EE1 : 29;
08EE2 : 2D;
08EE3 : 4D;
08EE4 : 52;
08EE5 : 52;
08EE6 : 52;
08EE7 : 52;
08EE8 : 52;
08EE9 : 51;
08EEA : 52;
08EEB : 29;
08EEC : 2D;
08EED : 2D;
08EEE : 32;
08EEF : 2D;
08EF0 : 52;
08EF1 : 32;
08EF2 : 32;
08EF3 : 2D;
08EF4 : 2D;
08EF5 : 29;
08EF6 : 2D;
08EF7 : 32;
08EF8 : 32;
08EF9 : 56;
08EFA : 32;
08EFB : 56;
08EFC : 52;
08EFD : 52;
08EFE : 56;
08EFF : 56;
08F00 : 29;
08F01 : 25;
08F02 : 29;
08F03 : 51;
08F04 : 4D;
08F05 : 4D;
08F06 : 4E;
08F07 : 4D;
08F08 : 4D;
08F09 : 4D;
08F0A : 25;
08F0B : 29;
08F0C : 2D;
08F0D : 29;
08F0E : 52;
08F0F : 2D;
08F10 : 2D;
08F11 : 52;
08F12 : 29;
08F13 : 2E;
08F14 : 2D;
08F15 : 32;
08F16 : 32;
08F17 : 52;
08F18 : 56;
08F19 : 56;
08F1A : 56;
08F1B : 52;
08F1C : 76;
08F1D : 76;
08F1E : 76;
08F1F : 76;
08F20 : 25;
08F21 : 25;
08F22 : 25;
08F23 : 72;
08F24 : 4D;
08F25 : 4D;
08F26 : 49;
08F27 : 4D;
08F28 : 25;
08F29 : 25;
08F2A : 25;
08F2B : 49;
08F2C : 29;
08F2D : 4D;
08F2E : 71;
08F2F : 56;
08F30 : 52;
08F31 : 4D;
08F32 : 29;
08F33 : 29;
08F34 : 29;
08F35 : 2D;
08F36 : 52;
08F37 : 52;
08F38 : 56;
08F39 : 76;
08F3A : 56;
08F3B : 76;
08F3C : 76;
08F3D : 76;
08F3E : 76;
08F3F : 76;
08F40 : 24;
08F41 : 00;
08F42 : 04;
08F43 : 49;
08F44 : 00;
08F45 : 00;
08F46 : 00;
08F47 : 04;
08F48 : 24;
08F49 : 00;
08F4A : 4D;
08F4B : 4D;
08F4C : 00;
08F4D : 4D;
08F4E : 6D;
08F4F : 4D;
08F50 : 29;
08F51 : 29;
08F52 : 2D;
08F53 : 2D;
08F54 : 2E;
08F55 : 52;
08F56 : 52;
08F57 : 52;
08F58 : 52;
08F59 : 52;
08F5A : 56;
08F5B : 76;
08F5C : 76;
08F5D : 76;
08F5E : 76;
08F5F : 76;
08F60 : 24;
08F61 : 04;
08F62 : 00;
08F63 : 24;
08F64 : 24;
08F65 : 25;
08F66 : 29;
08F67 : 25;
08F68 : 4D;
08F69 : 4D;
08F6A : 4D;
08F6B : 71;
08F6C : 6D;
08F6D : 71;
08F6E : 71;
08F6F : 4D;
08F70 : 00;
08F71 : 04;
08F72 : 2D;
08F73 : 2D;
08F74 : 52;
08F75 : 4D;
08F76 : 4D;
08F77 : 52;
08F78 : 2D;
08F79 : 76;
08F7A : 76;
08F7B : 76;
08F7C : 56;
08F7D : 56;
08F7E : 76;
08F7F : 56;
08F80 : 29;
08F81 : 49;
08F82 : 49;
08F83 : 29;
08F84 : 4D;
08F85 : 4D;
08F86 : 4D;
08F87 : 71;
08F88 : 04;
08F89 : 29;
08F8A : 00;
08F8B : 00;
08F8C : 25;
08F8D : 25;
08F8E : 4D;
08F8F : 25;
08F90 : 49;
08F91 : 25;
08F92 : 25;
08F93 : 29;
08F94 : 4D;
08F95 : 4D;
08F96 : 4E;
08F97 : 2E;
08F98 : 52;
08F99 : 52;
08F9A : 56;
08F9B : 56;
08F9C : 56;
08F9D : 76;
08F9E : 76;
08F9F : 76;
08FA0 : 49;
08FA1 : 71;
08FA2 : 71;
08FA3 : 4D;
08FA4 : 49;
08FA5 : 4D;
08FA6 : 4D;
08FA7 : 71;
08FA8 : 00;
08FA9 : 00;
08FAA : 00;
08FAB : 25;
08FAC : 04;
08FAD : 04;
08FAE : 04;
08FAF : 00;
08FB0 : 4D;
08FB1 : 4D;
08FB2 : 25;
08FB3 : 29;
08FB4 : 49;
08FB5 : 4D;
08FB6 : 4D;
08FB7 : 52;
08FB8 : 56;
08FB9 : 52;
08FBA : 56;
08FBB : 76;
08FBC : 76;
08FBD : 76;
08FBE : 76;
08FBF : 76;
08FC0 : 29;
08FC1 : 29;
08FC2 : 4D;
08FC3 : 4D;
08FC4 : 4D;
08FC5 : 49;
08FC6 : 49;
08FC7 : 29;
08FC8 : 29;
08FC9 : 25;
08FCA : 25;
08FCB : 25;
08FCC : 4D;
08FCD : 4D;
08FCE : 4D;
08FCF : 4D;
08FD0 : 49;
08FD1 : 29;
08FD2 : 29;
08FD3 : 29;
08FD4 : 29;
08FD5 : 4D;
08FD6 : 4D;
08FD7 : 52;
08FD8 : 76;
08FD9 : 51;
08FDA : 56;
08FDB : 76;
08FDC : 76;
08FDD : 76;
08FDE : 76;
08FDF : 76;
08FE0 : 24;
08FE1 : 29;
08FE2 : 28;
08FE3 : 24;
08FE4 : 49;
08FE5 : 29;
08FE6 : 4D;
08FE7 : 49;
08FE8 : 25;
08FE9 : 24;
08FEA : 25;
08FEB : 25;
08FEC : 29;
08FED : 29;
08FEE : 4D;
08FEF : 4D;
08FF0 : 29;
08FF1 : 29;
08FF2 : 29;
08FF3 : 29;
08FF4 : 4D;
08FF5 : 29;
08FF6 : 29;
08FF7 : 4D;
08FF8 : 71;
08FF9 : 71;
08FFA : 76;
08FFB : 76;
08FFC : 76;
08FFD : 76;
08FFE : 76;
08FFF : 76;
09000 : 8C;
09001 : 8C;
09002 : 8C;
09003 : 8C;
09004 : 8C;
09005 : 8C;
09006 : 8C;
09007 : 8C;
09008 : 8C;
09009 : 8C;
0900A : 8C;
0900B : 8C;
0900C : 8C;
0900D : 8C;
0900E : 8C;
0900F : 8C;
09010 : 8C;
09011 : 8C;
09012 : 8C;
09013 : 8C;
09014 : 8C;
09015 : 8C;
09016 : 8C;
09017 : 8C;
09018 : 8C;
09019 : 8C;
0901A : 8C;
0901B : 8C;
0901C : 8C;
0901D : 8C;
0901E : 8C;
0901F : 8C;
09020 : 8C;
09021 : 68;
09022 : 68;
09023 : 68;
09024 : 68;
09025 : 68;
09026 : 68;
09027 : 68;
09028 : 68;
09029 : 68;
0902A : 68;
0902B : 68;
0902C : 68;
0902D : 68;
0902E : 68;
0902F : 68;
09030 : 68;
09031 : 68;
09032 : 68;
09033 : 68;
09034 : 68;
09035 : 68;
09036 : 68;
09037 : 68;
09038 : 68;
09039 : 68;
0903A : 68;
0903B : 68;
0903C : 68;
0903D : 68;
0903E : 68;
0903F : 68;
09040 : 8C;
09041 : 68;
09042 : 68;
09043 : 68;
09044 : 68;
09045 : 68;
09046 : 68;
09047 : 68;
09048 : 68;
09049 : 68;
0904A : 68;
0904B : 68;
0904C : 68;
0904D : 68;
0904E : 68;
0904F : 68;
09050 : 68;
09051 : 68;
09052 : 68;
09053 : 68;
09054 : 68;
09055 : 68;
09056 : 68;
09057 : 68;
09058 : 68;
09059 : 68;
0905A : 68;
0905B : 68;
0905C : 68;
0905D : 68;
0905E : 68;
0905F : 68;
09060 : 68;
09061 : 68;
09062 : 68;
09063 : 8C;
09064 : 8C;
09065 : 8C;
09066 : 8C;
09067 : 8C;
09068 : 8C;
09069 : 8C;
0906A : 8C;
0906B : 8C;
0906C : 8C;
0906D : 8C;
0906E : 8C;
0906F : 8C;
09070 : 8C;
09071 : 8C;
09072 : 8C;
09073 : 8C;
09074 : 8C;
09075 : 8C;
09076 : 8C;
09077 : 8C;
09078 : 8C;
09079 : 8C;
0907A : 8C;
0907B : 8C;
0907C : 8C;
0907D : 8C;
0907E : 8C;
0907F : 8C;
09080 : 68;
09081 : 68;
09082 : 68;
09083 : 8C;
09084 : 8C;
09085 : 8C;
09086 : 8C;
09087 : 8C;
09088 : 8C;
09089 : 8C;
0908A : 8C;
0908B : 8C;
0908C : 8C;
0908D : 8C;
0908E : 8C;
0908F : 8C;
09090 : 8C;
09091 : 8C;
09092 : 8C;
09093 : 8C;
09094 : 8C;
09095 : 8C;
09096 : 8C;
09097 : 8C;
09098 : 8C;
09099 : 8C;
0909A : 8C;
0909B : 8C;
0909C : 8C;
0909D : 8C;
0909E : 8C;
0909F : 8C;
090A0 : 68;
090A1 : 68;
090A2 : 68;
090A3 : 8C;
090A4 : 8C;
090A5 : 8C;
090A6 : 8C;
090A7 : 8C;
090A8 : 8C;
090A9 : 8C;
090AA : 8C;
090AB : 8C;
090AC : 8C;
090AD : 8C;
090AE : 8C;
090AF : 8C;
090B0 : 8C;
090B1 : 8C;
090B2 : 8C;
090B3 : 8C;
090B4 : 8C;
090B5 : 8C;
090B6 : 8C;
090B7 : 8C;
090B8 : 8C;
090B9 : 8C;
090BA : 8C;
090BB : 8C;
090BC : 8C;
090BD : 8C;
090BE : 8C;
090BF : 8C;
090C0 : 8C;
090C1 : 8C;
090C2 : 8C;
090C3 : 8C;
090C4 : 8C;
090C5 : 8C;
090C6 : 8C;
090C7 : 8C;
090C8 : 8C;
090C9 : 8C;
090CA : 8C;
090CB : 8C;
090CC : 8C;
090CD : 8C;
090CE : 8C;
090CF : 8C;
090D0 : 8C;
090D1 : 8C;
090D2 : 8C;
090D3 : 8C;
090D4 : 8C;
090D5 : 8C;
090D6 : 8C;
090D7 : 8C;
090D8 : 8C;
090D9 : 8C;
090DA : 8C;
090DB : 8C;
090DC : 8C;
090DD : 8C;
090DE : 8C;
090DF : 8C;
090E0 : 8C;
090E1 : 8C;
090E2 : 8C;
090E3 : 8C;
090E4 : 8C;
090E5 : 8C;
090E6 : 8C;
090E7 : 8C;
090E8 : 8C;
090E9 : 8C;
090EA : 8C;
090EB : 8C;
090EC : 8C;
090ED : 8C;
090EE : 8C;
090EF : 8C;
090F0 : 8C;
090F1 : 8C;
090F2 : 8C;
090F3 : 8C;
090F4 : 8C;
090F5 : 8C;
090F6 : 8C;
090F7 : 8C;
090F8 : 8C;
090F9 : 8C;
090FA : 8C;
090FB : 8C;
090FC : 8C;
090FD : 8C;
090FE : 8C;
090FF : 8C;
09100 : 8C;
09101 : 8C;
09102 : 8C;
09103 : 8C;
09104 : 8C;
09105 : 8C;
09106 : 8C;
09107 : 8C;
09108 : 8C;
09109 : 8C;
0910A : 8C;
0910B : 8C;
0910C : 8C;
0910D : 8C;
0910E : 8C;
0910F : 8C;
09110 : 8C;
09111 : 8C;
09112 : 8C;
09113 : 8C;
09114 : 8C;
09115 : 8C;
09116 : 8C;
09117 : 8C;
09118 : 8C;
09119 : 8C;
0911A : 8C;
0911B : 8C;
0911C : 8C;
0911D : 8C;
0911E : 8C;
0911F : 8C;
09120 : 8C;
09121 : 8C;
09122 : 8C;
09123 : 8C;
09124 : 8C;
09125 : 8C;
09126 : 8C;
09127 : 8C;
09128 : 8C;
09129 : 8C;
0912A : 8C;
0912B : 8C;
0912C : 8C;
0912D : 8C;
0912E : 8C;
0912F : 8C;
09130 : 8C;
09131 : 8C;
09132 : 8C;
09133 : 8C;
09134 : 8C;
09135 : 8C;
09136 : 8C;
09137 : 8C;
09138 : 8C;
09139 : 8C;
0913A : 8C;
0913B : 8C;
0913C : 8C;
0913D : 8C;
0913E : 8C;
0913F : 8C;
09140 : 8C;
09141 : 8C;
09142 : 8C;
09143 : 8C;
09144 : 8C;
09145 : 8C;
09146 : 8C;
09147 : 8C;
09148 : 8C;
09149 : 8C;
0914A : 8C;
0914B : 8C;
0914C : 8C;
0914D : 8C;
0914E : 8C;
0914F : 8C;
09150 : 8C;
09151 : 8C;
09152 : 8C;
09153 : 8C;
09154 : 8C;
09155 : 8C;
09156 : 8C;
09157 : 8C;
09158 : 8C;
09159 : 8C;
0915A : 8C;
0915B : 8C;
0915C : 8C;
0915D : 8C;
0915E : 8C;
0915F : 8C;
09160 : 8C;
09161 : 8C;
09162 : 8C;
09163 : 8C;
09164 : 8C;
09165 : 8C;
09166 : 8C;
09167 : 8C;
09168 : 8C;
09169 : 8C;
0916A : 8C;
0916B : 8C;
0916C : 8C;
0916D : 8C;
0916E : 8C;
0916F : 8C;
09170 : 8C;
09171 : 8C;
09172 : 8C;
09173 : 8C;
09174 : 8C;
09175 : 8C;
09176 : 8C;
09177 : 8C;
09178 : 8C;
09179 : 8C;
0917A : 8C;
0917B : 8C;
0917C : 8C;
0917D : 8C;
0917E : 8C;
0917F : 8C;
09180 : 8C;
09181 : 8C;
09182 : 8C;
09183 : 8C;
09184 : 8C;
09185 : 8C;
09186 : 8C;
09187 : 8C;
09188 : 8C;
09189 : 8C;
0918A : 8C;
0918B : 8C;
0918C : 8C;
0918D : 8C;
0918E : 8C;
0918F : 8C;
09190 : 8C;
09191 : 8C;
09192 : 8C;
09193 : 8C;
09194 : 8C;
09195 : 8C;
09196 : 8C;
09197 : 8C;
09198 : 8C;
09199 : 8C;
0919A : 8C;
0919B : 8C;
0919C : 8C;
0919D : 8C;
0919E : 8C;
0919F : 8C;
091A0 : 8C;
091A1 : 8C;
091A2 : 8C;
091A3 : 8C;
091A4 : 8C;
091A5 : 8C;
091A6 : 8C;
091A7 : 8C;
091A8 : 8C;
091A9 : 8C;
091AA : 8C;
091AB : 8C;
091AC : 8C;
091AD : 8C;
091AE : 8C;
091AF : 8C;
091B0 : 8C;
091B1 : 8C;
091B2 : 8C;
091B3 : 8C;
091B4 : 8C;
091B5 : 8C;
091B6 : 8C;
091B7 : 8C;
091B8 : 8C;
091B9 : 8C;
091BA : 8C;
091BB : 8C;
091BC : 8C;
091BD : 8C;
091BE : 8C;
091BF : 8C;
091C0 : 8C;
091C1 : 8C;
091C2 : 8C;
091C3 : 8C;
091C4 : 8C;
091C5 : 8C;
091C6 : 8C;
091C7 : 8C;
091C8 : 8C;
091C9 : 8C;
091CA : 8C;
091CB : 8C;
091CC : 8C;
091CD : 8C;
091CE : 8C;
091CF : 8C;
091D0 : 8C;
091D1 : 8C;
091D2 : 8C;
091D3 : 8C;
091D4 : 8C;
091D5 : 8C;
091D6 : 8C;
091D7 : 8C;
091D8 : 8C;
091D9 : 8C;
091DA : 8C;
091DB : 8C;
091DC : 8C;
091DD : 8C;
091DE : 8C;
091DF : 8C;
091E0 : 8C;
091E1 : 8C;
091E2 : 8C;
091E3 : 8C;
091E4 : 8C;
091E5 : 8C;
091E6 : 8C;
091E7 : 8C;
091E8 : 8C;
091E9 : 8C;
091EA : 8C;
091EB : 8C;
091EC : 8C;
091ED : 8C;
091EE : 8C;
091EF : 8C;
091F0 : 8C;
091F1 : 8C;
091F2 : 8C;
091F3 : 8C;
091F4 : 8C;
091F5 : 8C;
091F6 : 8C;
091F7 : 8C;
091F8 : 8C;
091F9 : 8C;
091FA : 8C;
091FB : 8C;
091FC : 8C;
091FD : 8C;
091FE : 8C;
091FF : 8C;
09200 : 68;
09201 : 68;
09202 : 68;
09203 : 68;
09204 : 68;
09205 : 68;
09206 : 68;
09207 : 68;
09208 : 68;
09209 : 68;
0920A : 68;
0920B : 68;
0920C : 68;
0920D : 68;
0920E : 68;
0920F : 68;
09210 : 68;
09211 : 68;
09212 : 68;
09213 : 68;
09214 : 68;
09215 : 68;
09216 : 68;
09217 : 68;
09218 : 68;
09219 : 68;
0921A : 68;
0921B : 68;
0921C : 68;
0921D : 68;
0921E : 68;
0921F : 68;
09220 : 68;
09221 : 68;
09222 : 68;
09223 : 68;
09224 : 68;
09225 : 68;
09226 : 68;
09227 : 68;
09228 : 68;
09229 : 68;
0922A : 68;
0922B : 68;
0922C : 68;
0922D : 68;
0922E : 68;
0922F : 68;
09230 : 68;
09231 : 68;
09232 : 68;
09233 : 68;
09234 : 68;
09235 : 68;
09236 : 68;
09237 : 68;
09238 : 68;
09239 : 68;
0923A : 68;
0923B : 68;
0923C : 68;
0923D : 68;
0923E : 68;
0923F : 68;
09240 : 8C;
09241 : 8C;
09242 : 8C;
09243 : 8C;
09244 : 8C;
09245 : 8C;
09246 : 8C;
09247 : 8C;
09248 : 8C;
09249 : 8C;
0924A : 8C;
0924B : 8C;
0924C : 8C;
0924D : 8C;
0924E : 8C;
0924F : 8C;
09250 : 8C;
09251 : 8C;
09252 : 8C;
09253 : 8C;
09254 : 8C;
09255 : 8C;
09256 : 8C;
09257 : 8C;
09258 : 8C;
09259 : 8C;
0925A : 8C;
0925B : 8C;
0925C : 8C;
0925D : 8C;
0925E : 8C;
0925F : 8C;
09260 : 8C;
09261 : 8C;
09262 : 8C;
09263 : 8C;
09264 : 8C;
09265 : 8C;
09266 : 8C;
09267 : 8C;
09268 : 8C;
09269 : 8C;
0926A : 8C;
0926B : 8C;
0926C : 8C;
0926D : 8C;
0926E : 8C;
0926F : 8C;
09270 : 8C;
09271 : 8C;
09272 : 8C;
09273 : 8C;
09274 : 8C;
09275 : 8C;
09276 : 8C;
09277 : 8C;
09278 : 8C;
09279 : 8C;
0927A : 8C;
0927B : 8C;
0927C : 8C;
0927D : 8C;
0927E : 8C;
0927F : 8C;
09280 : 8C;
09281 : 8C;
09282 : 8C;
09283 : 8C;
09284 : 8C;
09285 : 8C;
09286 : 8C;
09287 : 8C;
09288 : 8C;
09289 : 8C;
0928A : 8C;
0928B : 8C;
0928C : 8C;
0928D : 8C;
0928E : 68;
0928F : 68;
09290 : 68;
09291 : 68;
09292 : 68;
09293 : 68;
09294 : 68;
09295 : 68;
09296 : 68;
09297 : 68;
09298 : 68;
09299 : 68;
0929A : 68;
0929B : 68;
0929C : 68;
0929D : 68;
0929E : 8C;
0929F : 8C;
092A0 : 8C;
092A1 : 8C;
092A2 : 8C;
092A3 : 8C;
092A4 : 8C;
092A5 : 8C;
092A6 : 8C;
092A7 : 8C;
092A8 : 8C;
092A9 : 8C;
092AA : 8C;
092AB : 8C;
092AC : 8C;
092AD : 8C;
092AE : 8C;
092AF : 68;
092B0 : 68;
092B1 : 68;
092B2 : 68;
092B3 : 68;
092B4 : 68;
092B5 : 68;
092B6 : 68;
092B7 : 68;
092B8 : 68;
092B9 : 68;
092BA : 68;
092BB : 68;
092BC : 68;
092BD : 68;
092BE : 68;
092BF : 8C;
092C0 : 8C;
092C1 : 8C;
092C2 : 8C;
092C3 : 8C;
092C4 : 8C;
092C5 : 8C;
092C6 : 8C;
092C7 : 8C;
092C8 : 8C;
092C9 : 8C;
092CA : 8C;
092CB : 8C;
092CC : 8C;
092CD : 8C;
092CE : 8C;
092CF : 8C;
092D0 : 8C;
092D1 : 8C;
092D2 : 8C;
092D3 : 8C;
092D4 : 8C;
092D5 : 8C;
092D6 : 8C;
092D7 : 8C;
092D8 : 8C;
092D9 : 8C;
092DA : 8C;
092DB : 8C;
092DC : 8C;
092DD : 68;
092DE : 68;
092DF : 68;
092E0 : 8C;
092E1 : 8C;
092E2 : 8C;
092E3 : 8C;
092E4 : 8C;
092E5 : 8C;
092E6 : 8C;
092E7 : 8C;
092E8 : 8C;
092E9 : 8C;
092EA : 8C;
092EB : 8C;
092EC : 8C;
092ED : 8C;
092EE : 8C;
092EF : 8C;
092F0 : 8C;
092F1 : 8C;
092F2 : 8C;
092F3 : 8C;
092F4 : 8C;
092F5 : 8C;
092F6 : 8C;
092F7 : 8C;
092F8 : 8C;
092F9 : 8C;
092FA : 8C;
092FB : 8C;
092FC : 8C;
092FD : 68;
092FE : 68;
092FF : 68;
09300 : 8C;
09301 : 8C;
09302 : 8C;
09303 : 8C;
09304 : 8C;
09305 : 8C;
09306 : 8C;
09307 : 8C;
09308 : 8C;
09309 : 8C;
0930A : 8C;
0930B : 8C;
0930C : 8C;
0930D : 8C;
0930E : 8C;
0930F : 8C;
09310 : 8C;
09311 : 8C;
09312 : 8C;
09313 : 8C;
09314 : 8C;
09315 : 8C;
09316 : 8C;
09317 : 8C;
09318 : 8C;
09319 : 8C;
0931A : 8C;
0931B : 8C;
0931C : 8C;
0931D : 8C;
0931E : 8C;
0931F : 8C;
09320 : 8C;
09321 : 8C;
09322 : 8C;
09323 : 8C;
09324 : 8C;
09325 : 8C;
09326 : 8C;
09327 : 8C;
09328 : 8C;
09329 : 8C;
0932A : 8C;
0932B : 8C;
0932C : 8C;
0932D : 8C;
0932E : 8C;
0932F : 8C;
09330 : 8C;
09331 : 8C;
09332 : 8C;
09333 : 8C;
09334 : 8C;
09335 : 8C;
09336 : 8C;
09337 : 8C;
09338 : 8C;
09339 : 8C;
0933A : 8C;
0933B : 8C;
0933C : 8C;
0933D : 8C;
0933E : 8C;
0933F : 8C;
09340 : 8C;
09341 : 8C;
09342 : 8C;
09343 : 8C;
09344 : 8C;
09345 : 8C;
09346 : 8C;
09347 : 8C;
09348 : 8C;
09349 : 8C;
0934A : 8C;
0934B : 8C;
0934C : 8C;
0934D : 8C;
0934E : 8C;
0934F : 8C;
09350 : 8C;
09351 : 8C;
09352 : 8C;
09353 : 8C;
09354 : 8C;
09355 : 8C;
09356 : 8C;
09357 : 8C;
09358 : 8C;
09359 : 8C;
0935A : 8C;
0935B : 8C;
0935C : 8C;
0935D : 8C;
0935E : 8C;
0935F : 8C;
09360 : 8C;
09361 : 8C;
09362 : 8C;
09363 : 8C;
09364 : 8C;
09365 : 8C;
09366 : 8C;
09367 : 8C;
09368 : 8C;
09369 : 8C;
0936A : 8C;
0936B : 8C;
0936C : 8C;
0936D : 8C;
0936E : 8C;
0936F : 8C;
09370 : 8C;
09371 : 8C;
09372 : 8C;
09373 : 8C;
09374 : 8C;
09375 : 8C;
09376 : 8C;
09377 : 8C;
09378 : 8C;
09379 : 8C;
0937A : 8C;
0937B : 8C;
0937C : 8C;
0937D : 8C;
0937E : 8C;
0937F : 8C;
09380 : 8C;
09381 : 8C;
09382 : 8C;
09383 : 8C;
09384 : 8C;
09385 : 8C;
09386 : 8C;
09387 : 8C;
09388 : 8C;
09389 : 8C;
0938A : 8C;
0938B : 8C;
0938C : 8C;
0938D : 8C;
0938E : 8C;
0938F : 8C;
09390 : 8C;
09391 : 8C;
09392 : 8C;
09393 : 8C;
09394 : 8C;
09395 : 8C;
09396 : 8C;
09397 : 8C;
09398 : 8C;
09399 : 8C;
0939A : 8C;
0939B : 8C;
0939C : 8C;
0939D : 8C;
0939E : 8C;
0939F : 8C;
093A0 : 8C;
093A1 : 8C;
093A2 : 8C;
093A3 : 8C;
093A4 : 8C;
093A5 : 8C;
093A6 : 8C;
093A7 : 8C;
093A8 : 8C;
093A9 : 8C;
093AA : 8C;
093AB : 8C;
093AC : 8C;
093AD : 8C;
093AE : 8C;
093AF : 8C;
093B0 : 8C;
093B1 : 8C;
093B2 : 8C;
093B3 : 8C;
093B4 : 8C;
093B5 : 8C;
093B6 : 8C;
093B7 : 8C;
093B8 : 8C;
093B9 : 8C;
093BA : 8C;
093BB : 8C;
093BC : 8C;
093BD : 8C;
093BE : 8C;
093BF : 8C;
093C0 : 8C;
093C1 : 68;
093C2 : 68;
093C3 : 68;
093C4 : 68;
093C5 : 68;
093C6 : 68;
093C7 : 68;
093C8 : 68;
093C9 : 68;
093CA : 68;
093CB : 68;
093CC : 68;
093CD : 68;
093CE : 68;
093CF : 68;
093D0 : 68;
093D1 : 68;
093D2 : 68;
093D3 : 68;
093D4 : 8C;
093D5 : 8C;
093D6 : 8C;
093D7 : 8C;
093D8 : 8C;
093D9 : 8C;
093DA : 8C;
093DB : 8C;
093DC : 8C;
093DD : 8C;
093DE : 8C;
093DF : 8C;
093E0 : 68;
093E1 : 68;
093E2 : 68;
093E3 : 68;
093E4 : 68;
093E5 : 68;
093E6 : 68;
093E7 : 68;
093E8 : 68;
093E9 : 68;
093EA : 68;
093EB : 8C;
093EC : 8C;
093ED : 8C;
093EE : 8C;
093EF : 8C;
093F0 : 8C;
093F1 : 8C;
093F2 : 8C;
093F3 : 8C;
093F4 : 8C;
093F5 : 8C;
093F6 : 8C;
093F7 : 8C;
093F8 : 8C;
093F9 : 8C;
093FA : 8C;
093FB : 8C;
093FC : 8C;
093FD : 8C;
093FE : 8C;
093FF : 8C;
09400 : 8C;
09401 : 8C;
09402 : 8C;
09403 : 8C;
09404 : 8C;
09405 : 8C;
09406 : 8C;
09407 : 8C;
09408 : 8C;
09409 : 8C;
0940A : 8C;
0940B : 8C;
0940C : 8C;
0940D : 8C;
0940E : 8C;
0940F : 8C;
09410 : 8C;
09411 : 8C;
09412 : 8C;
09413 : 8C;
09414 : 8C;
09415 : 8C;
09416 : 8C;
09417 : 8C;
09418 : 8C;
09419 : 8C;
0941A : 8C;
0941B : 8C;
0941C : 8C;
0941D : 8C;
0941E : 8C;
0941F : 8C;
09420 : 68;
09421 : 68;
09422 : 68;
09423 : 68;
09424 : 8C;
09425 : 8C;
09426 : 8C;
09427 : 8C;
09428 : 8C;
09429 : 8C;
0942A : 8C;
0942B : 8C;
0942C : 8C;
0942D : 8C;
0942E : 8C;
0942F : 8C;
09430 : 8C;
09431 : 8C;
09432 : 8C;
09433 : 8C;
09434 : 8C;
09435 : 8C;
09436 : 8C;
09437 : 8C;
09438 : 8C;
09439 : 8C;
0943A : 8C;
0943B : 8C;
0943C : 8C;
0943D : 8C;
0943E : 8C;
0943F : 8C;
09440 : 68;
09441 : 68;
09442 : 68;
09443 : 68;
09444 : 8C;
09445 : 8C;
09446 : 8C;
09447 : 8C;
09448 : 8C;
09449 : 8C;
0944A : 8C;
0944B : 8C;
0944C : 8C;
0944D : 8C;
0944E : 8C;
0944F : 8C;
09450 : 8C;
09451 : 8C;
09452 : 8C;
09453 : 8C;
09454 : 8C;
09455 : 8C;
09456 : 8C;
09457 : 8C;
09458 : 8C;
09459 : 8C;
0945A : 8C;
0945B : 8C;
0945C : 8C;
0945D : 8C;
0945E : 8C;
0945F : 8C;
09460 : 8C;
09461 : 8C;
09462 : 8C;
09463 : 8C;
09464 : 8C;
09465 : 8C;
09466 : 8C;
09467 : 8C;
09468 : 8C;
09469 : 8C;
0946A : 8C;
0946B : 8C;
0946C : 8C;
0946D : 8C;
0946E : 8C;
0946F : 8C;
09470 : 8C;
09471 : 8C;
09472 : 8C;
09473 : 8C;
09474 : 8C;
09475 : 8C;
09476 : 8C;
09477 : 8C;
09478 : 8C;
09479 : 8C;
0947A : 8C;
0947B : 8C;
0947C : 8C;
0947D : 8C;
0947E : 8C;
0947F : 8C;
09480 : 8C;
09481 : 8C;
09482 : 8C;
09483 : 8C;
09484 : 8C;
09485 : 8C;
09486 : 8C;
09487 : 8C;
09488 : 8C;
09489 : 8C;
0948A : 8C;
0948B : 8C;
0948C : 8C;
0948D : 8C;
0948E : 8C;
0948F : 8C;
09490 : 8C;
09491 : 8C;
09492 : 8C;
09493 : 8C;
09494 : 8C;
09495 : 8C;
09496 : 8C;
09497 : 8C;
09498 : 8C;
09499 : 8C;
0949A : 8C;
0949B : 8C;
0949C : 8C;
0949D : 8C;
0949E : 8C;
0949F : 8C;
094A0 : 8C;
094A1 : 8C;
094A2 : 8C;
094A3 : 8C;
094A4 : 8C;
094A5 : 8C;
094A6 : 8C;
094A7 : 8C;
094A8 : 8C;
094A9 : 8C;
094AA : 8C;
094AB : 8C;
094AC : 8C;
094AD : 8C;
094AE : 8C;
094AF : 8C;
094B0 : 8C;
094B1 : 8C;
094B2 : 8C;
094B3 : 8C;
094B4 : 8C;
094B5 : 8C;
094B6 : 8C;
094B7 : 8C;
094B8 : 8C;
094B9 : 8C;
094BA : 8C;
094BB : 8C;
094BC : 8C;
094BD : 8C;
094BE : 8C;
094BF : 8C;
094C0 : 8C;
094C1 : 8C;
094C2 : 8C;
094C3 : 8C;
094C4 : 8C;
094C5 : 8C;
094C6 : 8C;
094C7 : 8C;
094C8 : 8C;
094C9 : 8C;
094CA : 8C;
094CB : 68;
094CC : 68;
094CD : 68;
094CE : 68;
094CF : 68;
094D0 : 68;
094D1 : 68;
094D2 : 68;
094D3 : 68;
094D4 : 68;
094D5 : 68;
094D6 : 68;
094D7 : 68;
094D8 : 68;
094D9 : 68;
094DA : 68;
094DB : 68;
094DC : 68;
094DD : 68;
094DE : 8C;
094DF : 8C;
094E0 : 8C;
094E1 : 8C;
094E2 : 8C;
094E3 : 8C;
094E4 : 8C;
094E5 : 8C;
094E6 : 8C;
094E7 : 8C;
094E8 : 8C;
094E9 : 8C;
094EA : 8C;
094EB : 8C;
094EC : 8C;
094ED : 68;
094EE : 68;
094EF : 68;
094F0 : 68;
094F1 : 68;
094F2 : 68;
094F3 : 68;
094F4 : 68;
094F5 : 68;
094F6 : 68;
094F7 : 68;
094F8 : 68;
094F9 : 68;
094FA : 68;
094FB : 68;
094FC : 68;
094FD : 8C;
094FE : 8C;
094FF : 8C;
09500 : 8C;
09501 : 8C;
09502 : 8C;
09503 : 8C;
09504 : 8C;
09505 : 8C;
09506 : 8C;
09507 : 8C;
09508 : 8C;
09509 : 8C;
0950A : 8C;
0950B : 8C;
0950C : 8C;
0950D : 8C;
0950E : 8C;
0950F : 8C;
09510 : 8C;
09511 : 8C;
09512 : 8C;
09513 : 8C;
09514 : 8C;
09515 : 8C;
09516 : 8C;
09517 : 8C;
09518 : 8C;
09519 : 8C;
0951A : 8C;
0951B : 8C;
0951C : 8C;
0951D : 8C;
0951E : 8C;
0951F : 8C;
09520 : 8C;
09521 : 8C;
09522 : 8C;
09523 : 8C;
09524 : 8C;
09525 : 8C;
09526 : 8C;
09527 : 8C;
09528 : 8C;
09529 : 8C;
0952A : 8C;
0952B : 8C;
0952C : 8C;
0952D : 8C;
0952E : 8C;
0952F : 8C;
09530 : 8C;
09531 : 8C;
09532 : 8C;
09533 : 8C;
09534 : 8C;
09535 : 8C;
09536 : 8C;
09537 : 8C;
09538 : 8C;
09539 : 8C;
0953A : 8C;
0953B : 8C;
0953C : 8C;
0953D : 8C;
0953E : 8C;
0953F : 8C;
09540 : 8C;
09541 : 8C;
09542 : 8C;
09543 : 8C;
09544 : 8C;
09545 : 8C;
09546 : 8C;
09547 : 8C;
09548 : 8C;
09549 : 8C;
0954A : 8C;
0954B : 8C;
0954C : 8C;
0954D : 8C;
0954E : 8C;
0954F : 8C;
09550 : 8C;
09551 : 8C;
09552 : 8C;
09553 : 8C;
09554 : 8C;
09555 : 8C;
09556 : 8C;
09557 : 8C;
09558 : 8C;
09559 : 8C;
0955A : 8C;
0955B : 8C;
0955C : 8C;
0955D : 8C;
0955E : 8C;
0955F : 8C;
09560 : 8C;
09561 : 8C;
09562 : 8C;
09563 : 8C;
09564 : 8C;
09565 : 8C;
09566 : 8C;
09567 : 8C;
09568 : 8C;
09569 : 8C;
0956A : 8C;
0956B : 8C;
0956C : 8C;
0956D : 8C;
0956E : 8C;
0956F : 8C;
09570 : 8C;
09571 : 8C;
09572 : 8C;
09573 : 8C;
09574 : 8C;
09575 : 8C;
09576 : 8C;
09577 : 8C;
09578 : 8C;
09579 : 8C;
0957A : 8C;
0957B : 8C;
0957C : 8C;
0957D : 8C;
0957E : 8C;
0957F : 8C;
09580 : 8C;
09581 : 8C;
09582 : 8C;
09583 : 8C;
09584 : 8C;
09585 : 8C;
09586 : 8C;
09587 : 8C;
09588 : 8C;
09589 : 8C;
0958A : 8C;
0958B : 8C;
0958C : 8C;
0958D : 8C;
0958E : 8C;
0958F : 8C;
09590 : 8C;
09591 : 8C;
09592 : 8C;
09593 : 8C;
09594 : 8C;
09595 : 8C;
09596 : 8C;
09597 : 8C;
09598 : 8C;
09599 : 8C;
0959A : 8C;
0959B : 8C;
0959C : 8C;
0959D : 8C;
0959E : 8C;
0959F : 8C;
095A0 : 8C;
095A1 : 8C;
095A2 : 8C;
095A3 : 8C;
095A4 : 8C;
095A5 : 8C;
095A6 : 8C;
095A7 : 8C;
095A8 : 8C;
095A9 : 8C;
095AA : 8C;
095AB : 8C;
095AC : 8C;
095AD : 8C;
095AE : 8C;
095AF : 8C;
095B0 : 8C;
095B1 : 8C;
095B2 : 8C;
095B3 : 8C;
095B4 : 8C;
095B5 : 8C;
095B6 : 8C;
095B7 : 8C;
095B8 : 8C;
095B9 : 8C;
095BA : 8C;
095BB : 8C;
095BC : 8C;
095BD : 8C;
095BE : 8C;
095BF : 8C;
095C0 : 8C;
095C1 : 8C;
095C2 : 8C;
095C3 : 8C;
095C4 : 8C;
095C5 : 8C;
095C6 : 8C;
095C7 : 8C;
095C8 : 8C;
095C9 : 8C;
095CA : 8C;
095CB : 8C;
095CC : 8C;
095CD : 8C;
095CE : 8C;
095CF : 8C;
095D0 : 8C;
095D1 : 8C;
095D2 : 8C;
095D3 : 8C;
095D4 : 8C;
095D5 : 8C;
095D6 : 8C;
095D7 : 8C;
095D8 : 8C;
095D9 : 8C;
095DA : 8C;
095DB : 8C;
095DC : 8C;
095DD : 8C;
095DE : 8C;
095DF : 8C;
095E0 : 8C;
095E1 : 8C;
095E2 : 8C;
095E3 : 8C;
095E4 : 8C;
095E5 : 8C;
095E6 : 8C;
095E7 : 8C;
095E8 : 8C;
095E9 : 8C;
095EA : 8C;
095EB : 8C;
095EC : 8C;
095ED : 8C;
095EE : 8C;
095EF : 8C;
095F0 : 8C;
095F1 : 8C;
095F2 : 8C;
095F3 : 8C;
095F4 : 8C;
095F5 : 8C;
095F6 : 8C;
095F7 : 8C;
095F8 : 8C;
095F9 : 8C;
095FA : 8C;
095FB : 8C;
095FC : 8C;
095FD : 8C;
095FE : 8C;
095FF : 8C;
09600 : 68;
09601 : 68;
09602 : 68;
09603 : 68;
09604 : 68;
09605 : 68;
09606 : 68;
09607 : 68;
09608 : 68;
09609 : 68;
0960A : 68;
0960B : 68;
0960C : 68;
0960D : 68;
0960E : 68;
0960F : 68;
09610 : 68;
09611 : 68;
09612 : 68;
09613 : 68;
09614 : 68;
09615 : 68;
09616 : 68;
09617 : 68;
09618 : 68;
09619 : 68;
0961A : 68;
0961B : 68;
0961C : 68;
0961D : 68;
0961E : 68;
0961F : 68;
09620 : 68;
09621 : 68;
09622 : 68;
09623 : 68;
09624 : 68;
09625 : 68;
09626 : 68;
09627 : 68;
09628 : 68;
09629 : 68;
0962A : 68;
0962B : 68;
0962C : 68;
0962D : 68;
0962E : 68;
0962F : 68;
09630 : 68;
09631 : 68;
09632 : 68;
09633 : 68;
09634 : 68;
09635 : 68;
09636 : 68;
09637 : 68;
09638 : 68;
09639 : 68;
0963A : 68;
0963B : 68;
0963C : 68;
0963D : 68;
0963E : 68;
0963F : 68;
09640 : 8C;
09641 : 8C;
09642 : 8C;
09643 : 8C;
09644 : 8C;
09645 : 8C;
09646 : 8C;
09647 : 8C;
09648 : 8C;
09649 : 8C;
0964A : 8C;
0964B : 8C;
0964C : 8C;
0964D : 8C;
0964E : 8C;
0964F : 8C;
09650 : 8C;
09651 : 8C;
09652 : 8C;
09653 : 8C;
09654 : 8C;
09655 : 8C;
09656 : 8C;
09657 : 8C;
09658 : 8C;
09659 : 8C;
0965A : 8C;
0965B : 8C;
0965C : 8C;
0965D : 8C;
0965E : 8C;
0965F : 8C;
09660 : 8C;
09661 : 8C;
09662 : 8C;
09663 : 8C;
09664 : 8C;
09665 : 8C;
09666 : 8C;
09667 : 8C;
09668 : 8C;
09669 : 8C;
0966A : 8C;
0966B : 8C;
0966C : 8C;
0966D : 8C;
0966E : 8C;
0966F : 8C;
09670 : 8C;
09671 : 8C;
09672 : 8C;
09673 : 8C;
09674 : 8C;
09675 : 8C;
09676 : 8C;
09677 : 8C;
09678 : 8C;
09679 : 8C;
0967A : 8C;
0967B : 8C;
0967C : 8C;
0967D : 8C;
0967E : 8C;
0967F : 8C;
09680 : 8C;
09681 : 8C;
09682 : 8C;
09683 : 8C;
09684 : 8C;
09685 : 8C;
09686 : 8C;
09687 : 8C;
09688 : 8C;
09689 : 8C;
0968A : 8C;
0968B : 8C;
0968C : 8C;
0968D : 8C;
0968E : 8C;
0968F : 8C;
09690 : 8C;
09691 : 8C;
09692 : 68;
09693 : 68;
09694 : 68;
09695 : 68;
09696 : 68;
09697 : 68;
09698 : 68;
09699 : 68;
0969A : 68;
0969B : 68;
0969C : 68;
0969D : 68;
0969E : 68;
0969F : 8C;
096A0 : 8C;
096A1 : 8C;
096A2 : 8C;
096A3 : 8C;
096A4 : 8C;
096A5 : 8C;
096A6 : 8C;
096A7 : 8C;
096A8 : 8C;
096A9 : 8C;
096AA : 8C;
096AB : 8C;
096AC : 8C;
096AD : 8C;
096AE : 8C;
096AF : 8C;
096B0 : 8C;
096B1 : 8C;
096B2 : 8C;
096B3 : 8C;
096B4 : 8C;
096B5 : 8C;
096B6 : 8C;
096B7 : 8C;
096B8 : 8C;
096B9 : 8C;
096BA : 8C;
096BB : 8C;
096BC : 8C;
096BD : 8C;
096BE : 8C;
096BF : 8C;
096C0 : 68;
096C1 : 68;
096C2 : 68;
096C3 : 68;
096C4 : 68;
096C5 : 68;
096C6 : 68;
096C7 : 68;
096C8 : 68;
096C9 : 68;
096CA : 68;
096CB : 68;
096CC : 68;
096CD : 68;
096CE : 68;
096CF : 68;
096D0 : 68;
096D1 : 68;
096D2 : 68;
096D3 : 68;
096D4 : 68;
096D5 : 68;
096D6 : 68;
096D7 : 68;
096D8 : 68;
096D9 : 68;
096DA : 68;
096DB : 68;
096DC : 68;
096DD : 68;
096DE : 68;
096DF : 8C;
096E0 : 68;
096E1 : 68;
096E2 : 68;
096E3 : 68;
096E4 : 68;
096E5 : 68;
096E6 : 68;
096E7 : 68;
096E8 : 68;
096E9 : 68;
096EA : 68;
096EB : 68;
096EC : 68;
096ED : 68;
096EE : 68;
096EF : 68;
096F0 : 68;
096F1 : 68;
096F2 : 68;
096F3 : 68;
096F4 : 68;
096F5 : 68;
096F6 : 68;
096F7 : 68;
096F8 : 68;
096F9 : 68;
096FA : 68;
096FB : 68;
096FC : 68;
096FD : 8C;
096FE : 8C;
096FF : 8C;
09700 : 8C;
09701 : 8C;
09702 : 8C;
09703 : 8C;
09704 : 8C;
09705 : 8C;
09706 : 8C;
09707 : 8C;
09708 : 8C;
09709 : 8C;
0970A : 8C;
0970B : 8C;
0970C : 8C;
0970D : 8C;
0970E : 8C;
0970F : 8C;
09710 : 8C;
09711 : 8C;
09712 : 8C;
09713 : 8C;
09714 : 8C;
09715 : 8C;
09716 : 8C;
09717 : 8C;
09718 : 8C;
09719 : 8C;
0971A : 8C;
0971B : 8C;
0971C : 8C;
0971D : 8C;
0971E : 8C;
0971F : 8C;
09720 : 8C;
09721 : 8C;
09722 : 8C;
09723 : 8C;
09724 : 8C;
09725 : 8C;
09726 : 8C;
09727 : 8C;
09728 : 8C;
09729 : 8C;
0972A : 8C;
0972B : 8C;
0972C : 8C;
0972D : 8C;
0972E : 8C;
0972F : 8C;
09730 : 8C;
09731 : 8C;
09732 : 8C;
09733 : 8C;
09734 : 8C;
09735 : 8C;
09736 : 8C;
09737 : 8C;
09738 : 68;
09739 : 68;
0973A : 68;
0973B : 68;
0973C : 68;
0973D : 68;
0973E : 68;
0973F : 8C;
09740 : 8C;
09741 : 8C;
09742 : 8C;
09743 : 8C;
09744 : 8C;
09745 : 8C;
09746 : 8C;
09747 : 8C;
09748 : 8C;
09749 : 8C;
0974A : 8C;
0974B : 8C;
0974C : 8C;
0974D : 8C;
0974E : 8C;
0974F : 8C;
09750 : 8C;
09751 : 8C;
09752 : 8C;
09753 : 8C;
09754 : 8C;
09755 : 8C;
09756 : 8C;
09757 : 8C;
09758 : 8C;
09759 : 8C;
0975A : 8C;
0975B : 8C;
0975C : 8C;
0975D : 8C;
0975E : 8C;
0975F : 8C;
09760 : 8C;
09761 : 8C;
09762 : 8C;
09763 : 8C;
09764 : 8C;
09765 : 8C;
09766 : 8C;
09767 : 8C;
09768 : 8C;
09769 : 8C;
0976A : 8C;
0976B : 8C;
0976C : 8C;
0976D : 8C;
0976E : 8C;
0976F : 8C;
09770 : 8C;
09771 : 8C;
09772 : 8C;
09773 : 8C;
09774 : 8C;
09775 : 8C;
09776 : 8C;
09777 : 8C;
09778 : 8C;
09779 : 8C;
0977A : 8C;
0977B : 8C;
0977C : 8C;
0977D : 8C;
0977E : 8C;
0977F : 8C;
09780 : 8C;
09781 : 8C;
09782 : 8C;
09783 : 8C;
09784 : 8C;
09785 : 8C;
09786 : 8C;
09787 : 8C;
09788 : 8C;
09789 : 8C;
0978A : 8C;
0978B : 8C;
0978C : 8C;
0978D : 8C;
0978E : 8C;
0978F : 8C;
09790 : 8C;
09791 : 8C;
09792 : 8C;
09793 : 8C;
09794 : 8C;
09795 : 8C;
09796 : 8C;
09797 : 8C;
09798 : 8C;
09799 : 8C;
0979A : 8C;
0979B : 8C;
0979C : 8C;
0979D : 8C;
0979E : 8C;
0979F : 8C;
097A0 : 8C;
097A1 : 8C;
097A2 : 8C;
097A3 : 8C;
097A4 : 8C;
097A5 : 8C;
097A6 : 8C;
097A7 : 8C;
097A8 : 8C;
097A9 : 8C;
097AA : 8C;
097AB : 8C;
097AC : 8C;
097AD : 8C;
097AE : 8C;
097AF : 8C;
097B0 : 8C;
097B1 : 8C;
097B2 : 8C;
097B3 : 8C;
097B4 : 8C;
097B5 : 8C;
097B6 : 8C;
097B7 : 8C;
097B8 : 8C;
097B9 : 8C;
097BA : 8C;
097BB : 8C;
097BC : 8C;
097BD : 8C;
097BE : 8C;
097BF : 8C;
097C0 : 8C;
097C1 : 8C;
097C2 : 8C;
097C3 : 8C;
097C4 : 8C;
097C5 : 8C;
097C6 : 8C;
097C7 : 8C;
097C8 : 8C;
097C9 : 8C;
097CA : 8C;
097CB : 8C;
097CC : 8C;
097CD : 8C;
097CE : 8C;
097CF : 8C;
097D0 : 8C;
097D1 : 8C;
097D2 : 8C;
097D3 : 8C;
097D4 : 8C;
097D5 : 8C;
097D6 : 8C;
097D7 : 8C;
097D8 : 8C;
097D9 : 8C;
097DA : 8C;
097DB : 8C;
097DC : 8C;
097DD : 8C;
097DE : 8C;
097DF : 8C;
097E0 : 8C;
097E1 : 8C;
097E2 : 8C;
097E3 : 8C;
097E4 : 8C;
097E5 : 8C;
097E6 : 8C;
097E7 : 8C;
097E8 : 8C;
097E9 : 8C;
097EA : 8C;
097EB : 8C;
097EC : 8C;
097ED : 8C;
097EE : 8C;
097EF : 8C;
097F0 : 8C;
097F1 : 8C;
097F2 : 8C;
097F3 : 8C;
097F4 : 8C;
097F5 : 8C;
097F6 : 8C;
097F7 : 8C;
097F8 : 8C;
097F9 : 8C;
097FA : 8C;
097FB : 8C;
097FC : 8C;
097FD : 8C;
097FE : 8C;
097FF : 8C;
09800 : D5;
09801 : D5;
09802 : D5;
09803 : D5;
09804 : D5;
09805 : D5;
09806 : D5;
09807 : D5;
09808 : D5;
09809 : D5;
0980A : D5;
0980B : D5;
0980C : D5;
0980D : D5;
0980E : D5;
0980F : D5;
09810 : D5;
09811 : D5;
09812 : D5;
09813 : D5;
09814 : D5;
09815 : D5;
09816 : D5;
09817 : D5;
09818 : D5;
09819 : D5;
0981A : D5;
0981B : D5;
0981C : D5;
0981D : D5;
0981E : D5;
0981F : D5;
09820 : D5;
09821 : D5;
09822 : D5;
09823 : D5;
09824 : D5;
09825 : D5;
09826 : D5;
09827 : D5;
09828 : D5;
09829 : D5;
0982A : D5;
0982B : D5;
0982C : D5;
0982D : D5;
0982E : D5;
0982F : D5;
09830 : D5;
09831 : D5;
09832 : D5;
09833 : D5;
09834 : D5;
09835 : D5;
09836 : D5;
09837 : D5;
09838 : D5;
09839 : D5;
0983A : D5;
0983B : D5;
0983C : D5;
0983D : D5;
0983E : D5;
0983F : D5;
09840 : D5;
09841 : D5;
09842 : D5;
09843 : D5;
09844 : D5;
09845 : D5;
09846 : D5;
09847 : D5;
09848 : D5;
09849 : D5;
0984A : D5;
0984B : D5;
0984C : D5;
0984D : D5;
0984E : D5;
0984F : D5;
09850 : D5;
09851 : D5;
09852 : D5;
09853 : D5;
09854 : D5;
09855 : D5;
09856 : D5;
09857 : D5;
09858 : D5;
09859 : D5;
0985A : D5;
0985B : D5;
0985C : D5;
0985D : D5;
0985E : D5;
0985F : D5;
09860 : D9;
09861 : D9;
09862 : D9;
09863 : D9;
09864 : D9;
09865 : D9;
09866 : D9;
09867 : D9;
09868 : D9;
09869 : D9;
0986A : D9;
0986B : D9;
0986C : D9;
0986D : D9;
0986E : D9;
0986F : D9;
09870 : D9;
09871 : D9;
09872 : D9;
09873 : D9;
09874 : D9;
09875 : D9;
09876 : D9;
09877 : D9;
09878 : D9;
09879 : D9;
0987A : D9;
0987B : D9;
0987C : D9;
0987D : D9;
0987E : D9;
0987F : D9;
09880 : D0;
09881 : D0;
09882 : D0;
09883 : D0;
09884 : D0;
09885 : D0;
09886 : D0;
09887 : D0;
09888 : D0;
09889 : D0;
0988A : D0;
0988B : D0;
0988C : D0;
0988D : D0;
0988E : D0;
0988F : D0;
09890 : D0;
09891 : D0;
09892 : D0;
09893 : D0;
09894 : D0;
09895 : D0;
09896 : D0;
09897 : D0;
09898 : D0;
09899 : D0;
0989A : D0;
0989B : D0;
0989C : D0;
0989D : D0;
0989E : D0;
0989F : D0;
098A0 : D0;
098A1 : D0;
098A2 : D0;
098A3 : D0;
098A4 : D0;
098A5 : D0;
098A6 : D0;
098A7 : D0;
098A8 : D0;
098A9 : D0;
098AA : D0;
098AB : D0;
098AC : D0;
098AD : D0;
098AE : D0;
098AF : D0;
098B0 : D0;
098B1 : D0;
098B2 : D0;
098B3 : D0;
098B4 : D0;
098B5 : D0;
098B6 : D0;
098B7 : D0;
098B8 : D0;
098B9 : D0;
098BA : D0;
098BB : D0;
098BC : D0;
098BD : D0;
098BE : D0;
098BF : D0;
098C0 : D0;
098C1 : D0;
098C2 : D0;
098C3 : D0;
098C4 : D0;
098C5 : D0;
098C6 : D0;
098C7 : D0;
098C8 : D0;
098C9 : D0;
098CA : D0;
098CB : D0;
098CC : D0;
098CD : D0;
098CE : D0;
098CF : D0;
098D0 : D0;
098D1 : D0;
098D2 : D0;
098D3 : D0;
098D4 : D0;
098D5 : D0;
098D6 : D0;
098D7 : D0;
098D8 : D0;
098D9 : D0;
098DA : D0;
098DB : D0;
098DC : D0;
098DD : D0;
098DE : D0;
098DF : D0;
098E0 : D0;
098E1 : D0;
098E2 : D0;
098E3 : D0;
098E4 : D0;
098E5 : D0;
098E6 : D0;
098E7 : D0;
098E8 : D0;
098E9 : D0;
098EA : D0;
098EB : D0;
098EC : D0;
098ED : D0;
098EE : D0;
098EF : D0;
098F0 : D0;
098F1 : D0;
098F2 : D0;
098F3 : D0;
098F4 : D0;
098F5 : D0;
098F6 : D0;
098F7 : D0;
098F8 : D0;
098F9 : D0;
098FA : D0;
098FB : D0;
098FC : D0;
098FD : D0;
098FE : D0;
098FF : D0;
09900 : D0;
09901 : D0;
09902 : D0;
09903 : D0;
09904 : D0;
09905 : D0;
09906 : D0;
09907 : D0;
09908 : D0;
09909 : D0;
0990A : D0;
0990B : D0;
0990C : D0;
0990D : D0;
0990E : D0;
0990F : D0;
09910 : D0;
09911 : D0;
09912 : D0;
09913 : D0;
09914 : D0;
09915 : D0;
09916 : D0;
09917 : D0;
09918 : D0;
09919 : D0;
0991A : D0;
0991B : D0;
0991C : D0;
0991D : D0;
0991E : D0;
0991F : D0;
09920 : D0;
09921 : D0;
09922 : D0;
09923 : D0;
09924 : D0;
09925 : D0;
09926 : D0;
09927 : D0;
09928 : D0;
09929 : D0;
0992A : D0;
0992B : D0;
0992C : D0;
0992D : D0;
0992E : D0;
0992F : D0;
09930 : D0;
09931 : D0;
09932 : D0;
09933 : D0;
09934 : D0;
09935 : D0;
09936 : D0;
09937 : D0;
09938 : D0;
09939 : D0;
0993A : D0;
0993B : D0;
0993C : D0;
0993D : D0;
0993E : D0;
0993F : D0;
09940 : D0;
09941 : D0;
09942 : D0;
09943 : D0;
09944 : D0;
09945 : D0;
09946 : D0;
09947 : D0;
09948 : D0;
09949 : D0;
0994A : D0;
0994B : D0;
0994C : D0;
0994D : D0;
0994E : D0;
0994F : D0;
09950 : D0;
09951 : D0;
09952 : D0;
09953 : D0;
09954 : D0;
09955 : D0;
09956 : D0;
09957 : D0;
09958 : D0;
09959 : D0;
0995A : D0;
0995B : D0;
0995C : D0;
0995D : D0;
0995E : D0;
0995F : D0;
09960 : D0;
09961 : D0;
09962 : D0;
09963 : D0;
09964 : D0;
09965 : D0;
09966 : D0;
09967 : D0;
09968 : D0;
09969 : D0;
0996A : D0;
0996B : D0;
0996C : D0;
0996D : D0;
0996E : D0;
0996F : D0;
09970 : D0;
09971 : D0;
09972 : D0;
09973 : D0;
09974 : D0;
09975 : D0;
09976 : D0;
09977 : D0;
09978 : D0;
09979 : D0;
0997A : D0;
0997B : D0;
0997C : D0;
0997D : D0;
0997E : D0;
0997F : D0;
09980 : D0;
09981 : D0;
09982 : D0;
09983 : D0;
09984 : D0;
09985 : D0;
09986 : D0;
09987 : D0;
09988 : D0;
09989 : D0;
0998A : D0;
0998B : D0;
0998C : D0;
0998D : D0;
0998E : D0;
0998F : D0;
09990 : D0;
09991 : D0;
09992 : D0;
09993 : D0;
09994 : D0;
09995 : D0;
09996 : D0;
09997 : D0;
09998 : D0;
09999 : D0;
0999A : D0;
0999B : D0;
0999C : D0;
0999D : D0;
0999E : D0;
0999F : D0;
099A0 : D0;
099A1 : D0;
099A2 : D0;
099A3 : D0;
099A4 : D0;
099A5 : D0;
099A6 : D0;
099A7 : D0;
099A8 : D0;
099A9 : D0;
099AA : D0;
099AB : D0;
099AC : D0;
099AD : D0;
099AE : D0;
099AF : D0;
099B0 : D0;
099B1 : D0;
099B2 : D0;
099B3 : D0;
099B4 : D0;
099B5 : D0;
099B6 : D0;
099B7 : D0;
099B8 : D0;
099B9 : D0;
099BA : D0;
099BB : D0;
099BC : D0;
099BD : D0;
099BE : D0;
099BF : D0;
099C0 : D5;
099C1 : D5;
099C2 : D5;
099C3 : D5;
099C4 : D5;
099C5 : D5;
099C6 : D5;
099C7 : D5;
099C8 : D5;
099C9 : D5;
099CA : D5;
099CB : D5;
099CC : D5;
099CD : D5;
099CE : D5;
099CF : D5;
099D0 : D5;
099D1 : D5;
099D2 : D5;
099D3 : D5;
099D4 : D5;
099D5 : D5;
099D6 : D5;
099D7 : D5;
099D8 : D5;
099D9 : D5;
099DA : D5;
099DB : D5;
099DC : D5;
099DD : D5;
099DE : D5;
099DF : D5;
099E0 : D5;
099E1 : D5;
099E2 : D5;
099E3 : D5;
099E4 : D5;
099E5 : D5;
099E6 : D5;
099E7 : D5;
099E8 : D5;
099E9 : D5;
099EA : D5;
099EB : D5;
099EC : D5;
099ED : D5;
099EE : D5;
099EF : D5;
099F0 : D5;
099F1 : D5;
099F2 : D5;
099F3 : D5;
099F4 : D5;
099F5 : D5;
099F6 : D5;
099F7 : D5;
099F8 : D5;
099F9 : D5;
099FA : D5;
099FB : D5;
099FC : D5;
099FD : D5;
099FE : D5;
099FF : D5;
09A00 : D5;
09A01 : D5;
09A02 : D5;
09A03 : D5;
09A04 : D5;
09A05 : D5;
09A06 : D5;
09A07 : D5;
09A08 : D5;
09A09 : D5;
09A0A : D5;
09A0B : D5;
09A0C : D5;
09A0D : D5;
09A0E : D5;
09A0F : D5;
09A10 : D5;
09A11 : D5;
09A12 : D5;
09A13 : D5;
09A14 : D5;
09A15 : D5;
09A16 : D5;
09A17 : D5;
09A18 : D5;
09A19 : D5;
09A1A : D5;
09A1B : D5;
09A1C : D5;
09A1D : D5;
09A1E : D5;
09A1F : D5;
09A20 : D4;
09A21 : D4;
09A22 : D4;
09A23 : D4;
09A24 : D4;
09A25 : D4;
09A26 : D4;
09A27 : D4;
09A28 : D4;
09A29 : D4;
09A2A : D4;
09A2B : D4;
09A2C : D4;
09A2D : D4;
09A2E : D4;
09A2F : D4;
09A30 : D4;
09A31 : D4;
09A32 : D4;
09A33 : D4;
09A34 : D4;
09A35 : D4;
09A36 : D5;
09A37 : D5;
09A38 : D5;
09A39 : D5;
09A3A : D4;
09A3B : D4;
09A3C : D4;
09A3D : D4;
09A3E : D4;
09A3F : D4;
09A40 : D0;
09A41 : D0;
09A42 : D0;
09A43 : D0;
09A44 : D0;
09A45 : D0;
09A46 : D0;
09A47 : D0;
09A48 : D0;
09A49 : D0;
09A4A : D0;
09A4B : D0;
09A4C : D0;
09A4D : D0;
09A4E : D0;
09A4F : D0;
09A50 : D0;
09A51 : D0;
09A52 : D0;
09A53 : D0;
09A54 : D0;
09A55 : D0;
09A56 : D0;
09A57 : D0;
09A58 : D0;
09A59 : D0;
09A5A : D0;
09A5B : D0;
09A5C : D0;
09A5D : D0;
09A5E : D0;
09A5F : D0;
09A60 : CC;
09A61 : CC;
09A62 : CC;
09A63 : CC;
09A64 : CC;
09A65 : CC;
09A66 : CC;
09A67 : CC;
09A68 : CC;
09A69 : CC;
09A6A : CC;
09A6B : CC;
09A6C : CC;
09A6D : CC;
09A6E : CC;
09A6F : CC;
09A70 : CC;
09A71 : CC;
09A72 : CC;
09A73 : CC;
09A74 : CC;
09A75 : CC;
09A76 : CC;
09A77 : CC;
09A78 : CC;
09A79 : CC;
09A7A : CC;
09A7B : CC;
09A7C : CC;
09A7D : CC;
09A7E : CC;
09A7F : CC;
09A80 : CC;
09A81 : CC;
09A82 : CC;
09A83 : CC;
09A84 : CC;
09A85 : CC;
09A86 : CC;
09A87 : CC;
09A88 : CC;
09A89 : CC;
09A8A : CC;
09A8B : CC;
09A8C : CC;
09A8D : CC;
09A8E : CC;
09A8F : CC;
09A90 : CC;
09A91 : CC;
09A92 : CC;
09A93 : CC;
09A94 : CC;
09A95 : CC;
09A96 : CC;
09A97 : CC;
09A98 : CC;
09A99 : CC;
09A9A : CC;
09A9B : CC;
09A9C : CC;
09A9D : CC;
09A9E : CC;
09A9F : CC;
09AA0 : CC;
09AA1 : CC;
09AA2 : CC;
09AA3 : CC;
09AA4 : CC;
09AA5 : CC;
09AA6 : CC;
09AA7 : CC;
09AA8 : D0;
09AA9 : D0;
09AAA : CC;
09AAB : D0;
09AAC : D0;
09AAD : CC;
09AAE : CC;
09AAF : D0;
09AB0 : CC;
09AB1 : D0;
09AB2 : CC;
09AB3 : D0;
09AB4 : CC;
09AB5 : CC;
09AB6 : D0;
09AB7 : CC;
09AB8 : CC;
09AB9 : CC;
09ABA : CC;
09ABB : D0;
09ABC : D0;
09ABD : D0;
09ABE : D0;
09ABF : CC;
09AC0 : 88;
09AC1 : 88;
09AC2 : 88;
09AC3 : 88;
09AC4 : 88;
09AC5 : 88;
09AC6 : 88;
09AC7 : 88;
09AC8 : 88;
09AC9 : 88;
09ACA : 88;
09ACB : 88;
09ACC : 88;
09ACD : 88;
09ACE : 88;
09ACF : 88;
09AD0 : 88;
09AD1 : 88;
09AD2 : 88;
09AD3 : 88;
09AD4 : 88;
09AD5 : 88;
09AD6 : 88;
09AD7 : 88;
09AD8 : 88;
09AD9 : 88;
09ADA : 88;
09ADB : 88;
09ADC : 88;
09ADD : 88;
09ADE : 88;
09ADF : 88;
09AE0 : 88;
09AE1 : 88;
09AE2 : 88;
09AE3 : 88;
09AE4 : 88;
09AE5 : 88;
09AE6 : 88;
09AE7 : 88;
09AE8 : 88;
09AE9 : 88;
09AEA : 88;
09AEB : 88;
09AEC : 88;
09AED : 88;
09AEE : 88;
09AEF : 88;
09AF0 : 88;
09AF1 : 88;
09AF2 : 88;
09AF3 : 88;
09AF4 : 88;
09AF5 : 88;
09AF6 : 88;
09AF7 : 88;
09AF8 : 88;
09AF9 : 88;
09AFA : 88;
09AFB : 88;
09AFC : 88;
09AFD : 88;
09AFE : 88;
09AFF : 88;
09B00 : 88;
09B01 : 88;
09B02 : 88;
09B03 : 88;
09B04 : 88;
09B05 : 88;
09B06 : 88;
09B07 : 88;
09B08 : 88;
09B09 : 88;
09B0A : 88;
09B0B : 88;
09B0C : 88;
09B0D : 88;
09B0E : 88;
09B0F : 88;
09B10 : 88;
09B11 : 88;
09B12 : 88;
09B13 : 88;
09B14 : 88;
09B15 : 88;
09B16 : 88;
09B17 : 88;
09B18 : 88;
09B19 : 88;
09B1A : 88;
09B1B : 88;
09B1C : 88;
09B1D : 88;
09B1E : 88;
09B1F : 88;
09B20 : AC;
09B21 : AC;
09B22 : AC;
09B23 : AC;
09B24 : AC;
09B25 : AC;
09B26 : AC;
09B27 : AC;
09B28 : AC;
09B29 : AC;
09B2A : AC;
09B2B : AC;
09B2C : AC;
09B2D : AC;
09B2E : AC;
09B2F : AC;
09B30 : AC;
09B31 : AC;
09B32 : AC;
09B33 : AC;
09B34 : AC;
09B35 : AC;
09B36 : AC;
09B37 : AC;
09B38 : AC;
09B39 : AC;
09B3A : AC;
09B3B : AC;
09B3C : AC;
09B3D : AC;
09B3E : AC;
09B3F : AC;
09B40 : AC;
09B41 : A8;
09B42 : A8;
09B43 : A8;
09B44 : AC;
09B45 : A8;
09B46 : A8;
09B47 : AC;
09B48 : A8;
09B49 : AC;
09B4A : A8;
09B4B : A8;
09B4C : A8;
09B4D : A8;
09B4E : AC;
09B4F : AC;
09B50 : A8;
09B51 : A8;
09B52 : A8;
09B53 : AC;
09B54 : A8;
09B55 : A8;
09B56 : AC;
09B57 : AC;
09B58 : A8;
09B59 : A8;
09B5A : A8;
09B5B : A8;
09B5C : AC;
09B5D : A8;
09B5E : A8;
09B5F : A8;
09B60 : A8;
09B61 : A8;
09B62 : A8;
09B63 : A8;
09B64 : A8;
09B65 : A8;
09B66 : A8;
09B67 : A8;
09B68 : A8;
09B69 : A8;
09B6A : A8;
09B6B : A8;
09B6C : A8;
09B6D : A8;
09B6E : A8;
09B6F : A8;
09B70 : A8;
09B71 : A8;
09B72 : A8;
09B73 : A8;
09B74 : A8;
09B75 : A8;
09B76 : A8;
09B77 : A8;
09B78 : A8;
09B79 : A8;
09B7A : A8;
09B7B : A8;
09B7C : AC;
09B7D : A8;
09B7E : A8;
09B7F : A8;
09B80 : A8;
09B81 : A8;
09B82 : A8;
09B83 : A8;
09B84 : A8;
09B85 : A8;
09B86 : A8;
09B87 : A8;
09B88 : A8;
09B89 : A8;
09B8A : A8;
09B8B : A8;
09B8C : A8;
09B8D : A8;
09B8E : A8;
09B8F : A8;
09B90 : A8;
09B91 : A8;
09B92 : A8;
09B93 : A8;
09B94 : A8;
09B95 : A8;
09B96 : A8;
09B97 : A8;
09B98 : A8;
09B99 : A8;
09B9A : A8;
09B9B : A8;
09B9C : A8;
09B9D : A8;
09B9E : A8;
09B9F : A8;
09BA0 : 64;
09BA1 : 64;
09BA2 : 64;
09BA3 : 64;
09BA4 : 64;
09BA5 : 64;
09BA6 : 64;
09BA7 : 64;
09BA8 : 64;
09BA9 : 64;
09BAA : 64;
09BAB : 64;
09BAC : 64;
09BAD : 64;
09BAE : 64;
09BAF : 64;
09BB0 : 64;
09BB1 : 64;
09BB2 : 64;
09BB3 : 64;
09BB4 : 64;
09BB5 : 64;
09BB6 : 64;
09BB7 : 64;
09BB8 : 64;
09BB9 : 64;
09BBA : 64;
09BBB : 64;
09BBC : 64;
09BBD : 64;
09BBE : 64;
09BBF : 64;
09BC0 : 8C;
09BC1 : 68;
09BC2 : 68;
09BC3 : 68;
09BC4 : 68;
09BC5 : 68;
09BC6 : 68;
09BC7 : 68;
09BC8 : 68;
09BC9 : 68;
09BCA : 68;
09BCB : 68;
09BCC : 68;
09BCD : 68;
09BCE : 68;
09BCF : 68;
09BD0 : 68;
09BD1 : 68;
09BD2 : 68;
09BD3 : 68;
09BD4 : 8C;
09BD5 : 8C;
09BD6 : 8C;
09BD7 : 8C;
09BD8 : 8C;
09BD9 : 8C;
09BDA : 8C;
09BDB : 8C;
09BDC : 8C;
09BDD : 8C;
09BDE : 8C;
09BDF : 8C;
09BE0 : 68;
09BE1 : 68;
09BE2 : 68;
09BE3 : 68;
09BE4 : 68;
09BE5 : 68;
09BE6 : 68;
09BE7 : 68;
09BE8 : 68;
09BE9 : 68;
09BEA : 68;
09BEB : 8C;
09BEC : 8C;
09BED : 8C;
09BEE : 8C;
09BEF : 8C;
09BF0 : 8C;
09BF1 : 8C;
09BF2 : 8C;
09BF3 : 8C;
09BF4 : 8C;
09BF5 : 8C;
09BF6 : 8C;
09BF7 : 8C;
09BF8 : 8C;
09BF9 : 8C;
09BFA : 8C;
09BFB : 8C;
09BFC : 8C;
09BFD : 8C;
09BFE : 8C;
09BFF : 8C;
09C00 : D5;
09C01 : D5;
09C02 : D5;
09C03 : D5;
09C04 : D5;
09C05 : D5;
09C06 : D5;
09C07 : D5;
09C08 : D5;
09C09 : D5;
09C0A : D5;
09C0B : D5;
09C0C : D5;
09C0D : D5;
09C0E : D5;
09C0F : D5;
09C10 : D5;
09C11 : D5;
09C12 : D5;
09C13 : D5;
09C14 : D5;
09C15 : D5;
09C16 : D5;
09C17 : D5;
09C18 : D5;
09C19 : D5;
09C1A : D5;
09C1B : D5;
09C1C : D5;
09C1D : D5;
09C1E : D5;
09C1F : D5;
09C20 : D5;
09C21 : D5;
09C22 : D5;
09C23 : D5;
09C24 : D5;
09C25 : D5;
09C26 : D5;
09C27 : D5;
09C28 : D5;
09C29 : D5;
09C2A : D5;
09C2B : D5;
09C2C : D5;
09C2D : D5;
09C2E : D5;
09C2F : D5;
09C30 : D5;
09C31 : D5;
09C32 : D5;
09C33 : D5;
09C34 : D5;
09C35 : D5;
09C36 : D5;
09C37 : D5;
09C38 : D5;
09C39 : D5;
09C3A : D5;
09C3B : D5;
09C3C : D5;
09C3D : D5;
09C3E : D5;
09C3F : D5;
09C40 : D5;
09C41 : D5;
09C42 : D5;
09C43 : D5;
09C44 : D5;
09C45 : D5;
09C46 : D5;
09C47 : D5;
09C48 : D5;
09C49 : D5;
09C4A : D5;
09C4B : D5;
09C4C : D5;
09C4D : D5;
09C4E : D5;
09C4F : D5;
09C50 : D5;
09C51 : D5;
09C52 : D5;
09C53 : D5;
09C54 : D5;
09C55 : D5;
09C56 : D5;
09C57 : D5;
09C58 : D5;
09C59 : D5;
09C5A : D5;
09C5B : D5;
09C5C : D5;
09C5D : D5;
09C5E : D5;
09C5F : D5;
09C60 : D9;
09C61 : D9;
09C62 : D9;
09C63 : D9;
09C64 : D9;
09C65 : D9;
09C66 : D9;
09C67 : D9;
09C68 : D9;
09C69 : D9;
09C6A : D9;
09C6B : D9;
09C6C : D9;
09C6D : D9;
09C6E : D9;
09C6F : D9;
09C70 : D9;
09C71 : D9;
09C72 : D9;
09C73 : D9;
09C74 : D9;
09C75 : D9;
09C76 : D9;
09C77 : D9;
09C78 : D9;
09C79 : D9;
09C7A : D9;
09C7B : D9;
09C7C : D9;
09C7D : D9;
09C7E : D9;
09C7F : D9;
09C80 : D0;
09C81 : D0;
09C82 : D0;
09C83 : D0;
09C84 : D0;
09C85 : D0;
09C86 : D0;
09C87 : D0;
09C88 : D0;
09C89 : D0;
09C8A : D0;
09C8B : D0;
09C8C : D0;
09C8D : D0;
09C8E : D0;
09C8F : D0;
09C90 : D0;
09C91 : D0;
09C92 : D0;
09C93 : D0;
09C94 : D0;
09C95 : D0;
09C96 : D0;
09C97 : D0;
09C98 : D0;
09C99 : D0;
09C9A : D0;
09C9B : D0;
09C9C : D0;
09C9D : D0;
09C9E : D0;
09C9F : D0;
09CA0 : D0;
09CA1 : D0;
09CA2 : D0;
09CA3 : D0;
09CA4 : D0;
09CA5 : D0;
09CA6 : D0;
09CA7 : D0;
09CA8 : D0;
09CA9 : D0;
09CAA : D0;
09CAB : D0;
09CAC : D0;
09CAD : D0;
09CAE : D0;
09CAF : D0;
09CB0 : D0;
09CB1 : D0;
09CB2 : D0;
09CB3 : D0;
09CB4 : D0;
09CB5 : D0;
09CB6 : D0;
09CB7 : D0;
09CB8 : D0;
09CB9 : D0;
09CBA : D0;
09CBB : D0;
09CBC : D0;
09CBD : D0;
09CBE : D0;
09CBF : D0;
09CC0 : D0;
09CC1 : D0;
09CC2 : D0;
09CC3 : D0;
09CC4 : D0;
09CC5 : D0;
09CC6 : D0;
09CC7 : D0;
09CC8 : D0;
09CC9 : D0;
09CCA : D0;
09CCB : D0;
09CCC : D0;
09CCD : D0;
09CCE : D0;
09CCF : D0;
09CD0 : D0;
09CD1 : D0;
09CD2 : D0;
09CD3 : D0;
09CD4 : D0;
09CD5 : D0;
09CD6 : D0;
09CD7 : D0;
09CD8 : D0;
09CD9 : D0;
09CDA : D0;
09CDB : D0;
09CDC : D0;
09CDD : D0;
09CDE : D0;
09CDF : D0;
09CE0 : D0;
09CE1 : D0;
09CE2 : D0;
09CE3 : D0;
09CE4 : D0;
09CE5 : D0;
09CE6 : D0;
09CE7 : D0;
09CE8 : D0;
09CE9 : D0;
09CEA : D0;
09CEB : D0;
09CEC : D0;
09CED : D0;
09CEE : D0;
09CEF : D0;
09CF0 : D0;
09CF1 : D0;
09CF2 : D0;
09CF3 : D0;
09CF4 : D0;
09CF5 : D0;
09CF6 : D0;
09CF7 : D0;
09CF8 : D0;
09CF9 : D0;
09CFA : D0;
09CFB : D0;
09CFC : D0;
09CFD : D0;
09CFE : D0;
09CFF : D0;
09D00 : D0;
09D01 : D0;
09D02 : D0;
09D03 : D0;
09D04 : D0;
09D05 : D0;
09D06 : D0;
09D07 : D0;
09D08 : D0;
09D09 : D0;
09D0A : D0;
09D0B : D0;
09D0C : D0;
09D0D : D0;
09D0E : D0;
09D0F : D0;
09D10 : D0;
09D11 : D0;
09D12 : D0;
09D13 : D0;
09D14 : D0;
09D15 : D0;
09D16 : D0;
09D17 : D0;
09D18 : D0;
09D19 : D0;
09D1A : D0;
09D1B : D0;
09D1C : D0;
09D1D : D0;
09D1E : D0;
09D1F : D0;
09D20 : D0;
09D21 : D0;
09D22 : D0;
09D23 : D0;
09D24 : D0;
09D25 : D0;
09D26 : D0;
09D27 : D0;
09D28 : D0;
09D29 : D0;
09D2A : D0;
09D2B : D0;
09D2C : D0;
09D2D : D0;
09D2E : D0;
09D2F : D0;
09D30 : D0;
09D31 : D0;
09D32 : D0;
09D33 : D0;
09D34 : D0;
09D35 : D0;
09D36 : D0;
09D37 : D0;
09D38 : D0;
09D39 : D0;
09D3A : D0;
09D3B : D0;
09D3C : D0;
09D3D : D0;
09D3E : D0;
09D3F : D0;
09D40 : D0;
09D41 : D0;
09D42 : D0;
09D43 : D0;
09D44 : D0;
09D45 : D0;
09D46 : D0;
09D47 : D0;
09D48 : D0;
09D49 : D0;
09D4A : D0;
09D4B : D0;
09D4C : D0;
09D4D : D0;
09D4E : D0;
09D4F : D0;
09D50 : D0;
09D51 : D0;
09D52 : D0;
09D53 : D0;
09D54 : D0;
09D55 : D0;
09D56 : D0;
09D57 : D0;
09D58 : D0;
09D59 : D0;
09D5A : D0;
09D5B : D0;
09D5C : D0;
09D5D : D0;
09D5E : D0;
09D5F : D0;
09D60 : D0;
09D61 : D0;
09D62 : D0;
09D63 : D0;
09D64 : D0;
09D65 : D0;
09D66 : D0;
09D67 : D0;
09D68 : D0;
09D69 : D0;
09D6A : D0;
09D6B : D0;
09D6C : D0;
09D6D : D0;
09D6E : D0;
09D6F : D0;
09D70 : D0;
09D71 : D0;
09D72 : D0;
09D73 : D0;
09D74 : D0;
09D75 : D0;
09D76 : D0;
09D77 : D0;
09D78 : D0;
09D79 : D0;
09D7A : D0;
09D7B : D0;
09D7C : D0;
09D7D : D0;
09D7E : D0;
09D7F : D0;
09D80 : D0;
09D81 : D0;
09D82 : D0;
09D83 : D0;
09D84 : D0;
09D85 : D0;
09D86 : D0;
09D87 : D0;
09D88 : D0;
09D89 : D0;
09D8A : D0;
09D8B : D0;
09D8C : D0;
09D8D : D0;
09D8E : D0;
09D8F : D0;
09D90 : D0;
09D91 : D0;
09D92 : D0;
09D93 : D0;
09D94 : D0;
09D95 : D0;
09D96 : D0;
09D97 : D0;
09D98 : D0;
09D99 : D0;
09D9A : D0;
09D9B : D0;
09D9C : D0;
09D9D : D0;
09D9E : D0;
09D9F : D0;
09DA0 : D0;
09DA1 : D0;
09DA2 : D0;
09DA3 : D0;
09DA4 : D0;
09DA5 : D0;
09DA6 : D0;
09DA7 : D0;
09DA8 : D0;
09DA9 : D0;
09DAA : D0;
09DAB : D0;
09DAC : D0;
09DAD : D0;
09DAE : D0;
09DAF : D0;
09DB0 : D0;
09DB1 : D0;
09DB2 : D0;
09DB3 : D0;
09DB4 : D0;
09DB5 : D0;
09DB6 : D0;
09DB7 : D0;
09DB8 : D0;
09DB9 : D0;
09DBA : D0;
09DBB : D0;
09DBC : D0;
09DBD : D0;
09DBE : D0;
09DBF : D0;
09DC0 : D5;
09DC1 : D5;
09DC2 : D5;
09DC3 : D5;
09DC4 : D5;
09DC5 : D5;
09DC6 : D5;
09DC7 : D5;
09DC8 : D5;
09DC9 : D5;
09DCA : D5;
09DCB : D5;
09DCC : D5;
09DCD : D5;
09DCE : D5;
09DCF : D5;
09DD0 : D5;
09DD1 : D5;
09DD2 : D5;
09DD3 : D5;
09DD4 : D5;
09DD5 : D5;
09DD6 : D5;
09DD7 : D5;
09DD8 : D5;
09DD9 : D5;
09DDA : D5;
09DDB : D5;
09DDC : D5;
09DDD : D5;
09DDE : D5;
09DDF : D5;
09DE0 : D5;
09DE1 : D5;
09DE2 : D5;
09DE3 : D5;
09DE4 : D5;
09DE5 : D5;
09DE6 : D5;
09DE7 : D5;
09DE8 : D5;
09DE9 : D5;
09DEA : D5;
09DEB : D5;
09DEC : D5;
09DED : D5;
09DEE : D5;
09DEF : D5;
09DF0 : D5;
09DF1 : D5;
09DF2 : D5;
09DF3 : D5;
09DF4 : D5;
09DF5 : D5;
09DF6 : D5;
09DF7 : D5;
09DF8 : D5;
09DF9 : D5;
09DFA : D5;
09DFB : D5;
09DFC : D5;
09DFD : D5;
09DFE : D5;
09DFF : D5;
09E00 : D5;
09E01 : D5;
09E02 : D5;
09E03 : D5;
09E04 : D5;
09E05 : D5;
09E06 : D5;
09E07 : D5;
09E08 : D5;
09E09 : D5;
09E0A : D5;
09E0B : D5;
09E0C : D5;
09E0D : D5;
09E0E : D5;
09E0F : D5;
09E10 : D5;
09E11 : D5;
09E12 : D5;
09E13 : D5;
09E14 : D5;
09E15 : D5;
09E16 : D5;
09E17 : D5;
09E18 : D5;
09E19 : D5;
09E1A : D5;
09E1B : D5;
09E1C : D5;
09E1D : D5;
09E1E : D5;
09E1F : D5;
09E20 : D4;
09E21 : D4;
09E22 : D5;
09E23 : D4;
09E24 : D4;
09E25 : D4;
09E26 : D4;
09E27 : D4;
09E28 : D5;
09E29 : D4;
09E2A : D4;
09E2B : D5;
09E2C : D4;
09E2D : D4;
09E2E : D4;
09E2F : D4;
09E30 : D4;
09E31 : D4;
09E32 : D4;
09E33 : D4;
09E34 : D4;
09E35 : D4;
09E36 : D4;
09E37 : D4;
09E38 : D4;
09E39 : D4;
09E3A : D4;
09E3B : D4;
09E3C : D5;
09E3D : D4;
09E3E : D4;
09E3F : D4;
09E40 : D0;
09E41 : D0;
09E42 : D0;
09E43 : D0;
09E44 : D0;
09E45 : D0;
09E46 : D0;
09E47 : D0;
09E48 : D0;
09E49 : D0;
09E4A : D0;
09E4B : D0;
09E4C : D0;
09E4D : D0;
09E4E : D0;
09E4F : D0;
09E50 : D0;
09E51 : D0;
09E52 : D0;
09E53 : D0;
09E54 : D0;
09E55 : D0;
09E56 : D0;
09E57 : D0;
09E58 : D0;
09E59 : D0;
09E5A : D0;
09E5B : D0;
09E5C : D0;
09E5D : D0;
09E5E : D0;
09E5F : D0;
09E60 : CC;
09E61 : CC;
09E62 : CC;
09E63 : CC;
09E64 : CC;
09E65 : CC;
09E66 : CC;
09E67 : CC;
09E68 : CC;
09E69 : CC;
09E6A : CC;
09E6B : CC;
09E6C : CC;
09E6D : CC;
09E6E : CC;
09E6F : CC;
09E70 : CC;
09E71 : CC;
09E72 : CC;
09E73 : CC;
09E74 : CC;
09E75 : CC;
09E76 : CC;
09E77 : CC;
09E78 : CC;
09E79 : CC;
09E7A : CC;
09E7B : CC;
09E7C : CC;
09E7D : CC;
09E7E : CC;
09E7F : CC;
09E80 : CC;
09E81 : CC;
09E82 : CC;
09E83 : CC;
09E84 : CC;
09E85 : CC;
09E86 : CC;
09E87 : CC;
09E88 : CC;
09E89 : CC;
09E8A : CC;
09E8B : CC;
09E8C : CC;
09E8D : CC;
09E8E : CC;
09E8F : CC;
09E90 : CC;
09E91 : CC;
09E92 : CC;
09E93 : CC;
09E94 : CC;
09E95 : CC;
09E96 : CC;
09E97 : CC;
09E98 : CC;
09E99 : CC;
09E9A : CC;
09E9B : CC;
09E9C : CC;
09E9D : CC;
09E9E : CC;
09E9F : CC;
09EA0 : CC;
09EA1 : CC;
09EA2 : CC;
09EA3 : CC;
09EA4 : CC;
09EA5 : CC;
09EA6 : CC;
09EA7 : CC;
09EA8 : CC;
09EA9 : CC;
09EAA : CC;
09EAB : D0;
09EAC : CC;
09EAD : D0;
09EAE : CC;
09EAF : CC;
09EB0 : CC;
09EB1 : CC;
09EB2 : CC;
09EB3 : CC;
09EB4 : D0;
09EB5 : D0;
09EB6 : CC;
09EB7 : CC;
09EB8 : CC;
09EB9 : D0;
09EBA : D0;
09EBB : D0;
09EBC : D0;
09EBD : D0;
09EBE : D0;
09EBF : D0;
09EC0 : 88;
09EC1 : 88;
09EC2 : 88;
09EC3 : 88;
09EC4 : 88;
09EC5 : 88;
09EC6 : 88;
09EC7 : 88;
09EC8 : 88;
09EC9 : 88;
09ECA : 88;
09ECB : 88;
09ECC : 88;
09ECD : 88;
09ECE : 88;
09ECF : 88;
09ED0 : 88;
09ED1 : 88;
09ED2 : 88;
09ED3 : 88;
09ED4 : 88;
09ED5 : 88;
09ED6 : 88;
09ED7 : 88;
09ED8 : 88;
09ED9 : 88;
09EDA : 88;
09EDB : 88;
09EDC : 88;
09EDD : 88;
09EDE : 88;
09EDF : 88;
09EE0 : 88;
09EE1 : 88;
09EE2 : 88;
09EE3 : 88;
09EE4 : 88;
09EE5 : 88;
09EE6 : 88;
09EE7 : 88;
09EE8 : 88;
09EE9 : 88;
09EEA : 88;
09EEB : 88;
09EEC : 88;
09EED : 88;
09EEE : 88;
09EEF : 88;
09EF0 : 88;
09EF1 : 88;
09EF2 : 88;
09EF3 : 88;
09EF4 : 88;
09EF5 : 88;
09EF6 : 88;
09EF7 : 88;
09EF8 : 88;
09EF9 : 88;
09EFA : 88;
09EFB : 88;
09EFC : 88;
09EFD : 88;
09EFE : 88;
09EFF : 88;
09F00 : 88;
09F01 : 88;
09F02 : 88;
09F03 : 88;
09F04 : 88;
09F05 : 88;
09F06 : 88;
09F07 : 88;
09F08 : 88;
09F09 : 88;
09F0A : 88;
09F0B : 88;
09F0C : 88;
09F0D : 88;
09F0E : 88;
09F0F : 88;
09F10 : 88;
09F11 : 88;
09F12 : 88;
09F13 : 88;
09F14 : 88;
09F15 : 88;
09F16 : 88;
09F17 : 88;
09F18 : 88;
09F19 : 88;
09F1A : 88;
09F1B : 88;
09F1C : 88;
09F1D : 88;
09F1E : 88;
09F1F : 88;
09F20 : AC;
09F21 : AC;
09F22 : AC;
09F23 : AC;
09F24 : AC;
09F25 : AC;
09F26 : AC;
09F27 : AC;
09F28 : AC;
09F29 : AC;
09F2A : AC;
09F2B : AC;
09F2C : AC;
09F2D : AC;
09F2E : AC;
09F2F : AC;
09F30 : AC;
09F31 : AC;
09F32 : AC;
09F33 : AC;
09F34 : AC;
09F35 : AC;
09F36 : AC;
09F37 : AC;
09F38 : AC;
09F39 : AC;
09F3A : AC;
09F3B : AC;
09F3C : AC;
09F3D : AC;
09F3E : AC;
09F3F : AC;
09F40 : AC;
09F41 : A8;
09F42 : A8;
09F43 : A8;
09F44 : A8;
09F45 : A8;
09F46 : A8;
09F47 : AC;
09F48 : A8;
09F49 : AC;
09F4A : A8;
09F4B : A8;
09F4C : A8;
09F4D : A8;
09F4E : AC;
09F4F : AC;
09F50 : AC;
09F51 : A8;
09F52 : A8;
09F53 : A8;
09F54 : A8;
09F55 : A8;
09F56 : AC;
09F57 : AC;
09F58 : A8;
09F59 : AC;
09F5A : AC;
09F5B : A8;
09F5C : A8;
09F5D : A8;
09F5E : AC;
09F5F : A8;
09F60 : A8;
09F61 : A8;
09F62 : A8;
09F63 : A8;
09F64 : A8;
09F65 : A8;
09F66 : A8;
09F67 : A8;
09F68 : A8;
09F69 : A8;
09F6A : A8;
09F6B : A8;
09F6C : A8;
09F6D : A8;
09F6E : A8;
09F6F : A8;
09F70 : AC;
09F71 : A8;
09F72 : A8;
09F73 : A8;
09F74 : A8;
09F75 : A8;
09F76 : A8;
09F77 : A8;
09F78 : A8;
09F79 : A8;
09F7A : A8;
09F7B : A8;
09F7C : A8;
09F7D : A8;
09F7E : A8;
09F7F : A8;
09F80 : A8;
09F81 : A8;
09F82 : A8;
09F83 : A8;
09F84 : A8;
09F85 : A8;
09F86 : A8;
09F87 : A8;
09F88 : A8;
09F89 : A8;
09F8A : A8;
09F8B : A8;
09F8C : A8;
09F8D : A8;
09F8E : A8;
09F8F : A8;
09F90 : A8;
09F91 : A8;
09F92 : A8;
09F93 : A8;
09F94 : A8;
09F95 : A8;
09F96 : A8;
09F97 : A8;
09F98 : A8;
09F99 : A8;
09F9A : A8;
09F9B : A8;
09F9C : A8;
09F9D : A8;
09F9E : A8;
09F9F : A8;
09FA0 : 64;
09FA1 : 64;
09FA2 : 64;
09FA3 : 64;
09FA4 : 64;
09FA5 : 64;
09FA6 : 64;
09FA7 : 64;
09FA8 : 64;
09FA9 : 64;
09FAA : 64;
09FAB : 64;
09FAC : 64;
09FAD : 64;
09FAE : 64;
09FAF : 64;
09FB0 : 64;
09FB1 : 64;
09FB2 : 64;
09FB3 : 64;
09FB4 : 64;
09FB5 : 64;
09FB6 : 64;
09FB7 : 64;
09FB8 : 64;
09FB9 : 64;
09FBA : 64;
09FBB : 64;
09FBC : 64;
09FBD : 64;
09FBE : 64;
09FBF : 64;
09FC0 : 8C;
09FC1 : 8C;
09FC2 : 8C;
09FC3 : 8C;
09FC4 : 8C;
09FC5 : 8C;
09FC6 : 8C;
09FC7 : 8C;
09FC8 : 8C;
09FC9 : 8C;
09FCA : 8C;
09FCB : 8C;
09FCC : 8C;
09FCD : 8C;
09FCE : 8C;
09FCF : 8C;
09FD0 : 8C;
09FD1 : 8C;
09FD2 : 8C;
09FD3 : 8C;
09FD4 : 8C;
09FD5 : 8C;
09FD6 : 8C;
09FD7 : 8C;
09FD8 : 8C;
09FD9 : 8C;
09FDA : 8C;
09FDB : 8C;
09FDC : 8C;
09FDD : 8C;
09FDE : 8C;
09FDF : 8C;
09FE0 : 8C;
09FE1 : 8C;
09FE2 : 8C;
09FE3 : 8C;
09FE4 : 8C;
09FE5 : 8C;
09FE6 : 8C;
09FE7 : 8C;
09FE8 : 8C;
09FE9 : 8C;
09FEA : 8C;
09FEB : 8C;
09FEC : 8C;
09FED : 8C;
09FEE : 8C;
09FEF : 8C;
09FF0 : 8C;
09FF1 : 8C;
09FF2 : 8C;
09FF3 : 8C;
09FF4 : 8C;
09FF5 : 8C;
09FF6 : 8C;
09FF7 : 8C;
09FF8 : 8C;
09FF9 : 8C;
09FFA : 8C;
09FFB : 8C;
09FFC : 8C;
09FFD : 8C;
09FFE : 8C;
09FFF : 8C;
0A000 : 25;
0A001 : 49;
0A002 : 29;
0A003 : 4D;
0A004 : 49;
0A005 : 49;
0A006 : 92;
0A007 : 4D;
0A008 : 29;
0A009 : 04;
0A00A : 24;
0A00B : 24;
0A00C : 04;
0A00D : 04;
0A00E : 00;
0A00F : 29;
0A010 : 71;
0A011 : 71;
0A012 : 6D;
0A013 : 6D;
0A014 : 6D;
0A015 : 6D;
0A016 : 6D;
0A017 : 28;
0A018 : 4D;
0A019 : 4D;
0A01A : 4D;
0A01B : 4D;
0A01C : 24;
0A01D : 4D;
0A01E : 04;
0A01F : 04;
0A020 : 04;
0A021 : 29;
0A022 : 6D;
0A023 : 71;
0A024 : 71;
0A025 : 6D;
0A026 : 6D;
0A027 : 4D;
0A028 : 4D;
0A029 : 24;
0A02A : 24;
0A02B : 25;
0A02C : 25;
0A02D : 25;
0A02E : 49;
0A02F : 29;
0A030 : 29;
0A031 : 4D;
0A032 : 4D;
0A033 : 4D;
0A034 : 71;
0A035 : 71;
0A036 : 71;
0A037 : 96;
0A038 : 6D;
0A039 : 71;
0A03A : 71;
0A03B : 4D;
0A03C : 29;
0A03D : 71;
0A03E : 29;
0A03F : 25;
0A040 : 04;
0A041 : 4D;
0A042 : 6D;
0A043 : 71;
0A044 : 6D;
0A045 : 6D;
0A046 : 6D;
0A047 : 4D;
0A048 : 4D;
0A049 : 4D;
0A04A : 25;
0A04B : 24;
0A04C : 24;
0A04D : 25;
0A04E : 49;
0A04F : 29;
0A050 : 29;
0A051 : 49;
0A052 : 6D;
0A053 : 49;
0A054 : 4D;
0A055 : 6D;
0A056 : 71;
0A057 : 71;
0A058 : 71;
0A059 : 71;
0A05A : 71;
0A05B : 49;
0A05C : 24;
0A05D : 24;
0A05E : 49;
0A05F : 4D;
0A060 : 24;
0A061 : 4D;
0A062 : 6D;
0A063 : 4D;
0A064 : 6D;
0A065 : 6D;
0A066 : 4D;
0A067 : 71;
0A068 : 04;
0A069 : 4D;
0A06A : 24;
0A06B : 49;
0A06C : 00;
0A06D : 25;
0A06E : 29;
0A06F : 25;
0A070 : 49;
0A071 : 49;
0A072 : 25;
0A073 : 49;
0A074 : 4D;
0A075 : 91;
0A076 : 71;
0A077 : 91;
0A078 : 96;
0A079 : 71;
0A07A : 6D;
0A07B : 24;
0A07C : 24;
0A07D : 71;
0A07E : 4D;
0A07F : 4D;
0A080 : 24;
0A081 : 49;
0A082 : 4D;
0A083 : 49;
0A084 : 25;
0A085 : 29;
0A086 : 4D;
0A087 : 29;
0A088 : 25;
0A089 : 04;
0A08A : 04;
0A08B : 25;
0A08C : 00;
0A08D : 25;
0A08E : 25;
0A08F : 24;
0A090 : 29;
0A091 : 29;
0A092 : 4D;
0A093 : 4D;
0A094 : 49;
0A095 : 00;
0A096 : 71;
0A097 : 91;
0A098 : 4D;
0A099 : 71;
0A09A : 71;
0A09B : 49;
0A09C : 00;
0A09D : 00;
0A09E : 24;
0A09F : 49;
0A0A0 : 04;
0A0A1 : 24;
0A0A2 : 4D;
0A0A3 : 24;
0A0A4 : 04;
0A0A5 : 00;
0A0A6 : 4D;
0A0A7 : 29;
0A0A8 : 00;
0A0A9 : 25;
0A0AA : 00;
0A0AB : 25;
0A0AC : 00;
0A0AD : 25;
0A0AE : 25;
0A0AF : 00;
0A0B0 : 29;
0A0B1 : 49;
0A0B2 : 49;
0A0B3 : 29;
0A0B4 : 49;
0A0B5 : 24;
0A0B6 : 6D;
0A0B7 : 6D;
0A0B8 : 4D;
0A0B9 : 71;
0A0BA : 71;
0A0BB : 4D;
0A0BC : 00;
0A0BD : 24;
0A0BE : 04;
0A0BF : 29;
0A0C0 : 25;
0A0C1 : 00;
0A0C2 : 24;
0A0C3 : 00;
0A0C4 : 25;
0A0C5 : 25;
0A0C6 : 25;
0A0C7 : 25;
0A0C8 : 25;
0A0C9 : 04;
0A0CA : 00;
0A0CB : 25;
0A0CC : 25;
0A0CD : 29;
0A0CE : 29;
0A0CF : 04;
0A0D0 : 49;
0A0D1 : 29;
0A0D2 : 4D;
0A0D3 : 4D;
0A0D4 : 49;
0A0D5 : 49;
0A0D6 : 25;
0A0D7 : 29;
0A0D8 : 25;
0A0D9 : 4D;
0A0DA : 6D;
0A0DB : 00;
0A0DC : 00;
0A0DD : 04;
0A0DE : 49;
0A0DF : 25;
0A0E0 : 25;
0A0E1 : 04;
0A0E2 : 00;
0A0E3 : 00;
0A0E4 : 04;
0A0E5 : 00;
0A0E6 : 04;
0A0E7 : 29;
0A0E8 : 24;
0A0E9 : 00;
0A0EA : 00;
0A0EB : 24;
0A0EC : 25;
0A0ED : 29;
0A0EE : 29;
0A0EF : 24;
0A0F0 : 4D;
0A0F1 : 6D;
0A0F2 : 4D;
0A0F3 : 4D;
0A0F4 : 4D;
0A0F5 : 49;
0A0F6 : 49;
0A0F7 : 25;
0A0F8 : 04;
0A0F9 : 4D;
0A0FA : 71;
0A0FB : 00;
0A0FC : 00;
0A0FD : 00;
0A0FE : 49;
0A0FF : 49;
0A100 : 4D;
0A101 : 00;
0A102 : 25;
0A103 : 04;
0A104 : 04;
0A105 : 25;
0A106 : 04;
0A107 : 00;
0A108 : 00;
0A109 : 04;
0A10A : 04;
0A10B : 00;
0A10C : 25;
0A10D : 00;
0A10E : 29;
0A10F : 25;
0A110 : 4D;
0A111 : 49;
0A112 : 4D;
0A113 : 4D;
0A114 : 4D;
0A115 : 49;
0A116 : 4D;
0A117 : 00;
0A118 : 04;
0A119 : 25;
0A11A : 29;
0A11B : 00;
0A11C : 00;
0A11D : 24;
0A11E : 24;
0A11F : 24;
0A120 : 04;
0A121 : 24;
0A122 : 24;
0A123 : 24;
0A124 : 25;
0A125 : 25;
0A126 : 25;
0A127 : 29;
0A128 : 24;
0A129 : 25;
0A12A : 25;
0A12B : 00;
0A12C : 04;
0A12D : 00;
0A12E : 49;
0A12F : 25;
0A130 : 00;
0A131 : 29;
0A132 : 4D;
0A133 : 4D;
0A134 : 49;
0A135 : 49;
0A136 : 29;
0A137 : 25;
0A138 : 24;
0A139 : 00;
0A13A : 25;
0A13B : 24;
0A13C : 49;
0A13D : 00;
0A13E : 00;
0A13F : 00;
0A140 : 25;
0A141 : 04;
0A142 : 04;
0A143 : 00;
0A144 : 49;
0A145 : 49;
0A146 : 24;
0A147 : 4D;
0A148 : 00;
0A149 : 25;
0A14A : 25;
0A14B : 24;
0A14C : 00;
0A14D : 00;
0A14E : 00;
0A14F : 4D;
0A150 : 49;
0A151 : 49;
0A152 : 49;
0A153 : 49;
0A154 : 25;
0A155 : 25;
0A156 : 29;
0A157 : 29;
0A158 : 6D;
0A159 : 71;
0A15A : 4D;
0A15B : 49;
0A15C : 29;
0A15D : 04;
0A15E : 00;
0A15F : 00;
0A160 : 25;
0A161 : 24;
0A162 : 25;
0A163 : 29;
0A164 : 29;
0A165 : 29;
0A166 : 49;
0A167 : 4D;
0A168 : 29;
0A169 : 25;
0A16A : 4D;
0A16B : 04;
0A16C : 00;
0A16D : 25;
0A16E : 00;
0A16F : 49;
0A170 : 29;
0A171 : 25;
0A172 : 49;
0A173 : 4D;
0A174 : 04;
0A175 : 29;
0A176 : 4D;
0A177 : 4D;
0A178 : 71;
0A179 : 71;
0A17A : 6D;
0A17B : 6D;
0A17C : 29;
0A17D : 24;
0A17E : 24;
0A17F : 24;
0A180 : 24;
0A181 : 25;
0A182 : 29;
0A183 : 29;
0A184 : 29;
0A185 : 04;
0A186 : 25;
0A187 : 29;
0A188 : 6D;
0A189 : 4D;
0A18A : 29;
0A18B : 25;
0A18C : 00;
0A18D : 04;
0A18E : 25;
0A18F : 25;
0A190 : 25;
0A191 : 25;
0A192 : 29;
0A193 : 25;
0A194 : 25;
0A195 : 4D;
0A196 : 4D;
0A197 : 6D;
0A198 : 4D;
0A199 : 49;
0A19A : 6D;
0A19B : 4D;
0A19C : 29;
0A19D : 24;
0A19E : 25;
0A19F : 25;
0A1A0 : 00;
0A1A1 : 25;
0A1A2 : 25;
0A1A3 : 49;
0A1A4 : 49;
0A1A5 : 25;
0A1A6 : 25;
0A1A7 : 6D;
0A1A8 : 25;
0A1A9 : 6D;
0A1AA : 71;
0A1AB : 00;
0A1AC : 00;
0A1AD : 04;
0A1AE : 25;
0A1AF : 25;
0A1B0 : 25;
0A1B1 : 25;
0A1B2 : 29;
0A1B3 : 25;
0A1B4 : 4D;
0A1B5 : 29;
0A1B6 : 4D;
0A1B7 : 49;
0A1B8 : 71;
0A1B9 : 71;
0A1BA : 71;
0A1BB : 49;
0A1BC : 4D;
0A1BD : 04;
0A1BE : 04;
0A1BF : 25;
0A1C0 : 25;
0A1C1 : 25;
0A1C2 : 25;
0A1C3 : 49;
0A1C4 : 4D;
0A1C5 : 4D;
0A1C6 : 4D;
0A1C7 : 4D;
0A1C8 : 4D;
0A1C9 : 6D;
0A1CA : 71;
0A1CB : 29;
0A1CC : 25;
0A1CD : 25;
0A1CE : 25;
0A1CF : 24;
0A1D0 : 29;
0A1D1 : 25;
0A1D2 : 29;
0A1D3 : 25;
0A1D4 : 71;
0A1D5 : 71;
0A1D6 : 71;
0A1D7 : 71;
0A1D8 : 71;
0A1D9 : 6D;
0A1DA : 6D;
0A1DB : 4D;
0A1DC : 4D;
0A1DD : 49;
0A1DE : 25;
0A1DF : 24;
0A1E0 : 25;
0A1E1 : 29;
0A1E2 : 49;
0A1E3 : 4D;
0A1E4 : 4D;
0A1E5 : 4D;
0A1E6 : 4D;
0A1E7 : 4D;
0A1E8 : 6D;
0A1E9 : 71;
0A1EA : 6D;
0A1EB : 71;
0A1EC : 4D;
0A1ED : 29;
0A1EE : 49;
0A1EF : 25;
0A1F0 : 25;
0A1F1 : 25;
0A1F2 : 00;
0A1F3 : 6D;
0A1F4 : 4D;
0A1F5 : 6D;
0A1F6 : 6D;
0A1F7 : 6D;
0A1F8 : 71;
0A1F9 : 71;
0A1FA : 4D;
0A1FB : 71;
0A1FC : 4D;
0A1FD : 71;
0A1FE : 6D;
0A1FF : 29;
0A200 : 25;
0A201 : 25;
0A202 : 29;
0A203 : 49;
0A204 : 49;
0A205 : 4D;
0A206 : 4D;
0A207 : 4D;
0A208 : 4D;
0A209 : 6D;
0A20A : 71;
0A20B : 4D;
0A20C : 6D;
0A20D : 29;
0A20E : 04;
0A20F : 00;
0A210 : 25;
0A211 : 00;
0A212 : 25;
0A213 : 6D;
0A214 : 71;
0A215 : 6D;
0A216 : 6D;
0A217 : 24;
0A218 : 00;
0A219 : 4D;
0A21A : 6D;
0A21B : 71;
0A21C : 6D;
0A21D : 4D;
0A21E : 49;
0A21F : 25;
0A220 : 25;
0A221 : 25;
0A222 : 25;
0A223 : 25;
0A224 : 29;
0A225 : 4D;
0A226 : 4D;
0A227 : 4D;
0A228 : 4D;
0A229 : 4D;
0A22A : 4D;
0A22B : 4D;
0A22C : 4D;
0A22D : 49;
0A22E : 25;
0A22F : 25;
0A230 : 4D;
0A231 : 4D;
0A232 : 6D;
0A233 : 6D;
0A234 : 4D;
0A235 : 71;
0A236 : 71;
0A237 : 4D;
0A238 : 71;
0A239 : 4D;
0A23A : 71;
0A23B : 71;
0A23C : 4D;
0A23D : 49;
0A23E : 49;
0A23F : 29;
0A240 : 25;
0A241 : 24;
0A242 : 49;
0A243 : 25;
0A244 : 25;
0A245 : 49;
0A246 : 4D;
0A247 : 4D;
0A248 : 4D;
0A249 : 4D;
0A24A : 4D;
0A24B : 4D;
0A24C : 29;
0A24D : 29;
0A24E : 24;
0A24F : 25;
0A250 : 96;
0A251 : 4D;
0A252 : 6D;
0A253 : 4D;
0A254 : 6D;
0A255 : 4D;
0A256 : 71;
0A257 : 6D;
0A258 : 6D;
0A259 : 6D;
0A25A : 71;
0A25B : 49;
0A25C : 4D;
0A25D : 29;
0A25E : 29;
0A25F : 25;
0A260 : 25;
0A261 : 25;
0A262 : 25;
0A263 : 25;
0A264 : 25;
0A265 : 25;
0A266 : 49;
0A267 : 4D;
0A268 : 4D;
0A269 : 4D;
0A26A : 4D;
0A26B : 4D;
0A26C : 49;
0A26D : 25;
0A26E : 25;
0A26F : 25;
0A270 : 4D;
0A271 : 71;
0A272 : 4D;
0A273 : 71;
0A274 : 4D;
0A275 : 71;
0A276 : 49;
0A277 : 4D;
0A278 : 4D;
0A279 : 71;
0A27A : 29;
0A27B : 4D;
0A27C : 49;
0A27D : 4D;
0A27E : 29;
0A27F : 25;
0A280 : 24;
0A281 : 25;
0A282 : 25;
0A283 : 29;
0A284 : 25;
0A285 : 4D;
0A286 : 29;
0A287 : 25;
0A288 : 49;
0A289 : 4D;
0A28A : 49;
0A28B : 4D;
0A28C : 04;
0A28D : 29;
0A28E : 29;
0A28F : 25;
0A290 : 25;
0A291 : 29;
0A292 : 4D;
0A293 : 4D;
0A294 : 6D;
0A295 : 6D;
0A296 : 49;
0A297 : 29;
0A298 : 49;
0A299 : 29;
0A29A : 4D;
0A29B : 4D;
0A29C : 4D;
0A29D : 4D;
0A29E : 29;
0A29F : 25;
0A2A0 : 24;
0A2A1 : 04;
0A2A2 : 25;
0A2A3 : 25;
0A2A4 : 25;
0A2A5 : 25;
0A2A6 : 25;
0A2A7 : 29;
0A2A8 : 04;
0A2A9 : 49;
0A2AA : 49;
0A2AB : 29;
0A2AC : 25;
0A2AD : 25;
0A2AE : 24;
0A2AF : 25;
0A2B0 : 04;
0A2B1 : 25;
0A2B2 : 71;
0A2B3 : 6D;
0A2B4 : 4D;
0A2B5 : 4D;
0A2B6 : 4D;
0A2B7 : 49;
0A2B8 : 49;
0A2B9 : 4D;
0A2BA : 4D;
0A2BB : 4D;
0A2BC : 4D;
0A2BD : 4D;
0A2BE : 25;
0A2BF : 25;
0A2C0 : 04;
0A2C1 : 24;
0A2C2 : 25;
0A2C3 : 25;
0A2C4 : 25;
0A2C5 : 25;
0A2C6 : 29;
0A2C7 : 25;
0A2C8 : 29;
0A2C9 : 25;
0A2CA : 29;
0A2CB : 25;
0A2CC : 25;
0A2CD : 24;
0A2CE : 00;
0A2CF : 00;
0A2D0 : 6D;
0A2D1 : 29;
0A2D2 : 25;
0A2D3 : 71;
0A2D4 : 6D;
0A2D5 : 4D;
0A2D6 : 4D;
0A2D7 : 49;
0A2D8 : 4D;
0A2D9 : 4D;
0A2DA : 4D;
0A2DB : 4D;
0A2DC : 4D;
0A2DD : 29;
0A2DE : 24;
0A2DF : 24;
0A2E0 : 25;
0A2E1 : 24;
0A2E2 : 24;
0A2E3 : 25;
0A2E4 : 25;
0A2E5 : 25;
0A2E6 : 25;
0A2E7 : 25;
0A2E8 : 00;
0A2E9 : 04;
0A2EA : 24;
0A2EB : 25;
0A2EC : 00;
0A2ED : 29;
0A2EE : 4D;
0A2EF : 6D;
0A2F0 : 4D;
0A2F1 : 49;
0A2F2 : 49;
0A2F3 : 49;
0A2F4 : 49;
0A2F5 : 49;
0A2F6 : 49;
0A2F7 : 49;
0A2F8 : 49;
0A2F9 : 4D;
0A2FA : 4D;
0A2FB : 49;
0A2FC : 4D;
0A2FD : 24;
0A2FE : 24;
0A2FF : 04;
0A300 : 25;
0A301 : 24;
0A302 : 24;
0A303 : 25;
0A304 : 25;
0A305 : 25;
0A306 : 25;
0A307 : 29;
0A308 : 24;
0A309 : 04;
0A30A : 25;
0A30B : 04;
0A30C : 25;
0A30D : 29;
0A30E : 4D;
0A30F : 4D;
0A310 : 49;
0A311 : 4D;
0A312 : 29;
0A313 : 25;
0A314 : 00;
0A315 : 29;
0A316 : 49;
0A317 : 49;
0A318 : 49;
0A319 : 49;
0A31A : 49;
0A31B : 29;
0A31C : 29;
0A31D : 00;
0A31E : 00;
0A31F : 00;
0A320 : 24;
0A321 : 25;
0A322 : 25;
0A323 : 25;
0A324 : 25;
0A325 : 29;
0A326 : 25;
0A327 : 29;
0A328 : 29;
0A329 : 29;
0A32A : 25;
0A32B : 00;
0A32C : 29;
0A32D : 25;
0A32E : 4D;
0A32F : 4D;
0A330 : 49;
0A331 : 4D;
0A332 : 49;
0A333 : 20;
0A334 : 00;
0A335 : 00;
0A336 : 29;
0A337 : 4D;
0A338 : 29;
0A339 : 49;
0A33A : 29;
0A33B : 49;
0A33C : 24;
0A33D : 00;
0A33E : 00;
0A33F : 00;
0A340 : 04;
0A341 : 04;
0A342 : 24;
0A343 : 00;
0A344 : 24;
0A345 : 29;
0A346 : 29;
0A347 : 49;
0A348 : 29;
0A349 : 49;
0A34A : 25;
0A34B : 6D;
0A34C : 49;
0A34D : 4D;
0A34E : 49;
0A34F : 29;
0A350 : 71;
0A351 : 71;
0A352 : 49;
0A353 : 45;
0A354 : 20;
0A355 : 49;
0A356 : 24;
0A357 : 29;
0A358 : 4D;
0A359 : 49;
0A35A : 24;
0A35B : 29;
0A35C : 24;
0A35D : 00;
0A35E : 00;
0A35F : 29;
0A360 : 24;
0A361 : 24;
0A362 : 25;
0A363 : 25;
0A364 : 04;
0A365 : 04;
0A366 : 04;
0A367 : 04;
0A368 : 25;
0A369 : 25;
0A36A : 25;
0A36B : 71;
0A36C : 4D;
0A36D : 49;
0A36E : 4D;
0A36F : 4D;
0A370 : 6D;
0A371 : 4D;
0A372 : 6D;
0A373 : 49;
0A374 : 49;
0A375 : 24;
0A376 : 24;
0A377 : 49;
0A378 : 29;
0A379 : 49;
0A37A : 49;
0A37B : 24;
0A37C : 24;
0A37D : 25;
0A37E : 49;
0A37F : 29;
0A380 : 25;
0A381 : 25;
0A382 : 25;
0A383 : 25;
0A384 : 25;
0A385 : 49;
0A386 : 49;
0A387 : 4D;
0A388 : 4D;
0A389 : 25;
0A38A : 49;
0A38B : 49;
0A38C : 6D;
0A38D : 29;
0A38E : 71;
0A38F : 6D;
0A390 : 6D;
0A391 : 49;
0A392 : 4D;
0A393 : 6D;
0A394 : 6D;
0A395 : 24;
0A396 : 00;
0A397 : 25;
0A398 : 25;
0A399 : 4D;
0A39A : 24;
0A39B : 24;
0A39C : 24;
0A39D : 71;
0A39E : 6D;
0A39F : 29;
0A3A0 : 25;
0A3A1 : 25;
0A3A2 : 25;
0A3A3 : 25;
0A3A4 : 4D;
0A3A5 : 4D;
0A3A6 : 4D;
0A3A7 : 4D;
0A3A8 : 4D;
0A3A9 : 49;
0A3AA : 25;
0A3AB : 4D;
0A3AC : 29;
0A3AD : 29;
0A3AE : 4D;
0A3AF : 6D;
0A3B0 : 4D;
0A3B1 : 6D;
0A3B2 : 4D;
0A3B3 : 4D;
0A3B4 : 4D;
0A3B5 : 49;
0A3B6 : 00;
0A3B7 : 00;
0A3B8 : 25;
0A3B9 : 49;
0A3BA : 4D;
0A3BB : 00;
0A3BC : 71;
0A3BD : 4D;
0A3BE : 4D;
0A3BF : 4D;
0A3C0 : 29;
0A3C1 : 25;
0A3C2 : 29;
0A3C3 : 49;
0A3C4 : 49;
0A3C5 : 4D;
0A3C6 : 4D;
0A3C7 : 4D;
0A3C8 : 4D;
0A3C9 : 49;
0A3CA : 49;
0A3CB : 24;
0A3CC : 25;
0A3CD : 24;
0A3CE : 4D;
0A3CF : 71;
0A3D0 : 4D;
0A3D1 : 4D;
0A3D2 : 4D;
0A3D3 : 6D;
0A3D4 : 6D;
0A3D5 : 49;
0A3D6 : 00;
0A3D7 : 24;
0A3D8 : 00;
0A3D9 : 24;
0A3DA : 24;
0A3DB : 29;
0A3DC : 6D;
0A3DD : 4D;
0A3DE : 4D;
0A3DF : 4D;
0A3E0 : 25;
0A3E1 : 25;
0A3E2 : 49;
0A3E3 : 4D;
0A3E4 : 4D;
0A3E5 : 4D;
0A3E6 : 4D;
0A3E7 : 4D;
0A3E8 : 4D;
0A3E9 : 4D;
0A3EA : 4D;
0A3EB : 4D;
0A3EC : 24;
0A3ED : 29;
0A3EE : 25;
0A3EF : 49;
0A3F0 : 29;
0A3F1 : 49;
0A3F2 : 6D;
0A3F3 : 4D;
0A3F4 : 49;
0A3F5 : 49;
0A3F6 : 24;
0A3F7 : 24;
0A3F8 : 24;
0A3F9 : 29;
0A3FA : 49;
0A3FB : 4D;
0A3FC : 4D;
0A3FD : 4D;
0A3FE : 4D;
0A3FF : 4D;
0A400 : 6D;
0A401 : 25;
0A402 : 25;
0A403 : 25;
0A404 : 29;
0A405 : 49;
0A406 : 25;
0A407 : 49;
0A408 : 49;
0A409 : 49;
0A40A : 49;
0A40B : 25;
0A40C : 49;
0A40D : 6D;
0A40E : 4D;
0A40F : 4D;
0A410 : 25;
0A411 : 49;
0A412 : 49;
0A413 : 6E;
0A414 : 25;
0A415 : 6D;
0A416 : 00;
0A417 : 25;
0A418 : 25;
0A419 : 25;
0A41A : 49;
0A41B : 49;
0A41C : 45;
0A41D : 49;
0A41E : 49;
0A41F : 25;
0A420 : 49;
0A421 : 49;
0A422 : 49;
0A423 : 49;
0A424 : 49;
0A425 : 49;
0A426 : 49;
0A427 : 49;
0A428 : 49;
0A429 : 49;
0A42A : 49;
0A42B : 25;
0A42C : 45;
0A42D : 49;
0A42E : 49;
0A42F : 49;
0A430 : 49;
0A431 : 49;
0A432 : 49;
0A433 : 49;
0A434 : 49;
0A435 : 25;
0A436 : 25;
0A437 : 45;
0A438 : 25;
0A439 : 49;
0A43A : 29;
0A43B : 25;
0A43C : 49;
0A43D : 49;
0A43E : 25;
0A43F : 49;
0A440 : 49;
0A441 : 49;
0A442 : 49;
0A443 : 49;
0A444 : 49;
0A445 : 49;
0A446 : 49;
0A447 : 49;
0A448 : 49;
0A449 : 49;
0A44A : 49;
0A44B : 25;
0A44C : 49;
0A44D : 49;
0A44E : 49;
0A44F : 49;
0A450 : 49;
0A451 : 49;
0A452 : 49;
0A453 : 29;
0A454 : 25;
0A455 : 25;
0A456 : 25;
0A457 : 25;
0A458 : 25;
0A459 : 25;
0A45A : 25;
0A45B : 49;
0A45C : 49;
0A45D : 25;
0A45E : 25;
0A45F : 49;
0A460 : 49;
0A461 : 49;
0A462 : 49;
0A463 : 49;
0A464 : 49;
0A465 : 49;
0A466 : 49;
0A467 : 49;
0A468 : 49;
0A469 : 49;
0A46A : 49;
0A46B : 49;
0A46C : 49;
0A46D : 49;
0A46E : 49;
0A46F : 49;
0A470 : 49;
0A471 : 49;
0A472 : 25;
0A473 : 25;
0A474 : 25;
0A475 : 25;
0A476 : 25;
0A477 : 25;
0A478 : 25;
0A479 : 25;
0A47A : 49;
0A47B : 49;
0A47C : 49;
0A47D : 49;
0A47E : 49;
0A47F : 49;
0A480 : 6E;
0A481 : 49;
0A482 : 49;
0A483 : 49;
0A484 : 25;
0A485 : 49;
0A486 : 49;
0A487 : 49;
0A488 : 49;
0A489 : 49;
0A48A : 49;
0A48B : 25;
0A48C : 25;
0A48D : 25;
0A48E : 25;
0A48F : 49;
0A490 : 25;
0A491 : 25;
0A492 : 25;
0A493 : 25;
0A494 : 25;
0A495 : 25;
0A496 : 25;
0A497 : 49;
0A498 : 49;
0A499 : 49;
0A49A : 25;
0A49B : 25;
0A49C : 00;
0A49D : 00;
0A49E : 25;
0A49F : 49;
0A4A0 : 25;
0A4A1 : 49;
0A4A2 : 25;
0A4A3 : 25;
0A4A4 : 49;
0A4A5 : 49;
0A4A6 : 49;
0A4A7 : 25;
0A4A8 : 25;
0A4A9 : 49;
0A4AA : 49;
0A4AB : 49;
0A4AC : 25;
0A4AD : 49;
0A4AE : 25;
0A4AF : 25;
0A4B0 : 25;
0A4B1 : 49;
0A4B2 : 49;
0A4B3 : 25;
0A4B4 : 49;
0A4B5 : 25;
0A4B6 : 25;
0A4B7 : 25;
0A4B8 : 25;
0A4B9 : 25;
0A4BA : 25;
0A4BB : 25;
0A4BC : 25;
0A4BD : 49;
0A4BE : 25;
0A4BF : 49;
0A4C0 : 25;
0A4C1 : 25;
0A4C2 : 25;
0A4C3 : 25;
0A4C4 : 25;
0A4C5 : 49;
0A4C6 : 25;
0A4C7 : 25;
0A4C8 : 49;
0A4C9 : 49;
0A4CA : 49;
0A4CB : 49;
0A4CC : 25;
0A4CD : 25;
0A4CE : 25;
0A4CF : 25;
0A4D0 : 45;
0A4D1 : 49;
0A4D2 : 49;
0A4D3 : 49;
0A4D4 : 49;
0A4D5 : 25;
0A4D6 : 45;
0A4D7 : 49;
0A4D8 : 49;
0A4D9 : 25;
0A4DA : 25;
0A4DB : 49;
0A4DC : 45;
0A4DD : 45;
0A4DE : 25;
0A4DF : 49;
0A4E0 : 25;
0A4E1 : 25;
0A4E2 : 25;
0A4E3 : 45;
0A4E4 : 45;
0A4E5 : 25;
0A4E6 : 49;
0A4E7 : 49;
0A4E8 : 49;
0A4E9 : 49;
0A4EA : 49;
0A4EB : 29;
0A4EC : 49;
0A4ED : 25;
0A4EE : 25;
0A4EF : 25;
0A4F0 : 25;
0A4F1 : 49;
0A4F2 : 49;
0A4F3 : 49;
0A4F4 : 49;
0A4F5 : 25;
0A4F6 : 49;
0A4F7 : 49;
0A4F8 : 49;
0A4F9 : 6E;
0A4FA : 49;
0A4FB : 25;
0A4FC : 49;
0A4FD : 49;
0A4FE : 25;
0A4FF : 25;
0A500 : 25;
0A501 : 25;
0A502 : 25;
0A503 : 49;
0A504 : 49;
0A505 : 25;
0A506 : 29;
0A507 : 25;
0A508 : 49;
0A509 : 49;
0A50A : 49;
0A50B : 49;
0A50C : 49;
0A50D : 25;
0A50E : 25;
0A50F : 25;
0A510 : 00;
0A511 : 49;
0A512 : 49;
0A513 : 49;
0A514 : 49;
0A515 : 49;
0A516 : 49;
0A517 : 49;
0A518 : 49;
0A519 : 24;
0A51A : 25;
0A51B : 49;
0A51C : 49;
0A51D : 49;
0A51E : 25;
0A51F : 49;
0A520 : 49;
0A521 : 49;
0A522 : 25;
0A523 : 25;
0A524 : 25;
0A525 : 49;
0A526 : 49;
0A527 : 49;
0A528 : 49;
0A529 : 49;
0A52A : 49;
0A52B : 49;
0A52C : 25;
0A52D : 25;
0A52E : 25;
0A52F : 25;
0A530 : 25;
0A531 : 25;
0A532 : 25;
0A533 : 25;
0A534 : 49;
0A535 : 49;
0A536 : 25;
0A537 : 49;
0A538 : 49;
0A539 : 49;
0A53A : 49;
0A53B : 49;
0A53C : 49;
0A53D : 49;
0A53E : 49;
0A53F : 25;
0A540 : 00;
0A541 : 25;
0A542 : 25;
0A543 : 25;
0A544 : 25;
0A545 : 49;
0A546 : 25;
0A547 : 25;
0A548 : 49;
0A549 : 49;
0A54A : 29;
0A54B : 25;
0A54C : 25;
0A54D : 25;
0A54E : 25;
0A54F : 25;
0A550 : 25;
0A551 : 24;
0A552 : 20;
0A553 : 49;
0A554 : 25;
0A555 : 25;
0A556 : 25;
0A557 : 00;
0A558 : 49;
0A559 : 49;
0A55A : 49;
0A55B : 25;
0A55C : 49;
0A55D : 25;
0A55E : 25;
0A55F : 49;
0A560 : 25;
0A561 : 25;
0A562 : 25;
0A563 : 25;
0A564 : 25;
0A565 : 25;
0A566 : 49;
0A567 : 25;
0A568 : 49;
0A569 : 25;
0A56A : 25;
0A56B : 25;
0A56C : 25;
0A56D : 49;
0A56E : 25;
0A56F : 25;
0A570 : 25;
0A571 : 00;
0A572 : 00;
0A573 : 00;
0A574 : 00;
0A575 : 25;
0A576 : 49;
0A577 : 25;
0A578 : 25;
0A579 : 49;
0A57A : 25;
0A57B : 49;
0A57C : 25;
0A57D : 25;
0A57E : 25;
0A57F : 25;
0A580 : 49;
0A581 : 25;
0A582 : 25;
0A583 : 25;
0A584 : 25;
0A585 : 25;
0A586 : 25;
0A587 : 25;
0A588 : 25;
0A589 : 25;
0A58A : 25;
0A58B : 25;
0A58C : 25;
0A58D : 25;
0A58E : 49;
0A58F : 25;
0A590 : 25;
0A591 : 25;
0A592 : 24;
0A593 : 24;
0A594 : 25;
0A595 : 25;
0A596 : 25;
0A597 : 25;
0A598 : 25;
0A599 : 49;
0A59A : 49;
0A59B : 25;
0A59C : 25;
0A59D : 25;
0A59E : 25;
0A59F : 25;
0A5A0 : 25;
0A5A1 : 25;
0A5A2 : 25;
0A5A3 : 25;
0A5A4 : 25;
0A5A5 : 25;
0A5A6 : 49;
0A5A7 : 49;
0A5A8 : 49;
0A5A9 : 25;
0A5AA : 25;
0A5AB : 25;
0A5AC : 25;
0A5AD : 49;
0A5AE : 49;
0A5AF : 25;
0A5B0 : 25;
0A5B1 : 25;
0A5B2 : 49;
0A5B3 : 00;
0A5B4 : 25;
0A5B5 : 6E;
0A5B6 : 25;
0A5B7 : 25;
0A5B8 : 25;
0A5B9 : 49;
0A5BA : 25;
0A5BB : 25;
0A5BC : 25;
0A5BD : 25;
0A5BE : 25;
0A5BF : 25;
0A5C0 : 25;
0A5C1 : 25;
0A5C2 : 25;
0A5C3 : 25;
0A5C4 : 00;
0A5C5 : 25;
0A5C6 : 25;
0A5C7 : 25;
0A5C8 : 25;
0A5C9 : 00;
0A5CA : 00;
0A5CB : 25;
0A5CC : 25;
0A5CD : 25;
0A5CE : 25;
0A5CF : 49;
0A5D0 : 49;
0A5D1 : 49;
0A5D2 : 25;
0A5D3 : 25;
0A5D4 : 25;
0A5D5 : 00;
0A5D6 : 25;
0A5D7 : 25;
0A5D8 : 00;
0A5D9 : 25;
0A5DA : 25;
0A5DB : 25;
0A5DC : 49;
0A5DD : 25;
0A5DE : 25;
0A5DF : 20;
0A5E0 : 25;
0A5E1 : 25;
0A5E2 : 25;
0A5E3 : 25;
0A5E4 : 20;
0A5E5 : 20;
0A5E6 : 25;
0A5E7 : 25;
0A5E8 : 25;
0A5E9 : 25;
0A5EA : 25;
0A5EB : 25;
0A5EC : 00;
0A5ED : 4D;
0A5EE : 25;
0A5EF : 25;
0A5F0 : 25;
0A5F1 : 25;
0A5F2 : 25;
0A5F3 : 25;
0A5F4 : 25;
0A5F5 : 25;
0A5F6 : 24;
0A5F7 : 25;
0A5F8 : 00;
0A5F9 : 25;
0A5FA : 00;
0A5FB : 25;
0A5FC : 49;
0A5FD : 25;
0A5FE : 25;
0A5FF : 24;
0A600 : 25;
0A601 : 49;
0A602 : 25;
0A603 : 00;
0A604 : 92;
0A605 : 6E;
0A606 : 25;
0A607 : 00;
0A608 : 49;
0A609 : 25;
0A60A : 45;
0A60B : 00;
0A60C : 25;
0A60D : 25;
0A60E : 49;
0A60F : 25;
0A610 : 25;
0A611 : 25;
0A612 : 25;
0A613 : 25;
0A614 : 25;
0A615 : 25;
0A616 : 25;
0A617 : 25;
0A618 : 25;
0A619 : 25;
0A61A : 25;
0A61B : 25;
0A61C : 25;
0A61D : 25;
0A61E : 24;
0A61F : 25;
0A620 : 4D;
0A621 : 25;
0A622 : 25;
0A623 : 25;
0A624 : 49;
0A625 : 25;
0A626 : 49;
0A627 : 6D;
0A628 : 49;
0A629 : 24;
0A62A : 25;
0A62B : 49;
0A62C : 49;
0A62D : 25;
0A62E : 25;
0A62F : 25;
0A630 : 25;
0A631 : 25;
0A632 : 25;
0A633 : 25;
0A634 : 25;
0A635 : 25;
0A636 : 25;
0A637 : 25;
0A638 : 25;
0A639 : 49;
0A63A : 25;
0A63B : 49;
0A63C : 25;
0A63D : 25;
0A63E : 49;
0A63F : 4D;
0A640 : 49;
0A641 : 20;
0A642 : 20;
0A643 : 25;
0A644 : 49;
0A645 : 25;
0A646 : 49;
0A647 : 49;
0A648 : 49;
0A649 : 6D;
0A64A : 4D;
0A64B : 49;
0A64C : 49;
0A64D : 25;
0A64E : 25;
0A64F : 25;
0A650 : 25;
0A651 : 25;
0A652 : 25;
0A653 : 25;
0A654 : 25;
0A655 : 25;
0A656 : 25;
0A657 : 25;
0A658 : 25;
0A659 : 49;
0A65A : 49;
0A65B : 49;
0A65C : 25;
0A65D : 49;
0A65E : 4D;
0A65F : 49;
0A660 : 25;
0A661 : 25;
0A662 : 25;
0A663 : 00;
0A664 : 25;
0A665 : 49;
0A666 : 49;
0A667 : 49;
0A668 : 6D;
0A669 : 6E;
0A66A : 49;
0A66B : 49;
0A66C : 49;
0A66D : 25;
0A66E : 49;
0A66F : 25;
0A670 : 25;
0A671 : 25;
0A672 : 25;
0A673 : 49;
0A674 : 49;
0A675 : 49;
0A676 : 25;
0A677 : 49;
0A678 : 49;
0A679 : 49;
0A67A : 25;
0A67B : 00;
0A67C : 49;
0A67D : 25;
0A67E : 4D;
0A67F : 4D;
0A680 : 25;
0A681 : 25;
0A682 : 4D;
0A683 : 25;
0A684 : 49;
0A685 : 49;
0A686 : 6E;
0A687 : 49;
0A688 : 25;
0A689 : 25;
0A68A : 25;
0A68B : 6D;
0A68C : 6D;
0A68D : 49;
0A68E : 6D;
0A68F : 25;
0A690 : 49;
0A691 : 49;
0A692 : 49;
0A693 : 25;
0A694 : 25;
0A695 : 25;
0A696 : 25;
0A697 : 49;
0A698 : 25;
0A699 : 25;
0A69A : 49;
0A69B : 49;
0A69C : 49;
0A69D : 49;
0A69E : 6E;
0A69F : 25;
0A6A0 : 25;
0A6A1 : 25;
0A6A2 : 25;
0A6A3 : 25;
0A6A4 : 49;
0A6A5 : 25;
0A6A6 : 25;
0A6A7 : 49;
0A6A8 : 49;
0A6A9 : 49;
0A6AA : 25;
0A6AB : 49;
0A6AC : 25;
0A6AD : 49;
0A6AE : 6D;
0A6AF : 25;
0A6B0 : 49;
0A6B1 : 49;
0A6B2 : 49;
0A6B3 : 49;
0A6B4 : 25;
0A6B5 : 25;
0A6B6 : 25;
0A6B7 : 25;
0A6B8 : 25;
0A6B9 : 25;
0A6BA : 6E;
0A6BB : 49;
0A6BC : 49;
0A6BD : 49;
0A6BE : 49;
0A6BF : 25;
0A6C0 : 25;
0A6C1 : 25;
0A6C2 : 25;
0A6C3 : 25;
0A6C4 : 4D;
0A6C5 : 49;
0A6C6 : 25;
0A6C7 : 00;
0A6C8 : 25;
0A6C9 : 49;
0A6CA : 49;
0A6CB : 49;
0A6CC : 49;
0A6CD : 49;
0A6CE : 25;
0A6CF : 49;
0A6D0 : 25;
0A6D1 : 49;
0A6D2 : 49;
0A6D3 : 49;
0A6D4 : 49;
0A6D5 : 49;
0A6D6 : 25;
0A6D7 : 24;
0A6D8 : 25;
0A6D9 : 49;
0A6DA : 6E;
0A6DB : 6E;
0A6DC : 49;
0A6DD : 6E;
0A6DE : 25;
0A6DF : 25;
0A6E0 : 49;
0A6E1 : 45;
0A6E2 : 49;
0A6E3 : 00;
0A6E4 : 25;
0A6E5 : 49;
0A6E6 : 25;
0A6E7 : 20;
0A6E8 : 25;
0A6E9 : 45;
0A6EA : 45;
0A6EB : 49;
0A6EC : 49;
0A6ED : 45;
0A6EE : 25;
0A6EF : 25;
0A6F0 : 49;
0A6F1 : 49;
0A6F2 : 25;
0A6F3 : 49;
0A6F4 : 49;
0A6F5 : 00;
0A6F6 : 00;
0A6F7 : 25;
0A6F8 : 4D;
0A6F9 : 25;
0A6FA : 6E;
0A6FB : 49;
0A6FC : 49;
0A6FD : 49;
0A6FE : 25;
0A6FF : 25;
0A700 : 49;
0A701 : 25;
0A702 : 49;
0A703 : 49;
0A704 : 25;
0A705 : 25;
0A706 : 25;
0A707 : 25;
0A708 : 25;
0A709 : 25;
0A70A : 25;
0A70B : 49;
0A70C : 49;
0A70D : 25;
0A70E : 25;
0A70F : 4D;
0A710 : 25;
0A711 : 49;
0A712 : 25;
0A713 : 25;
0A714 : 25;
0A715 : 49;
0A716 : 20;
0A717 : 49;
0A718 : 4D;
0A719 : 25;
0A71A : 49;
0A71B : 49;
0A71C : 49;
0A71D : 6E;
0A71E : 25;
0A71F : 49;
0A720 : 25;
0A721 : 25;
0A722 : 45;
0A723 : 49;
0A724 : 25;
0A725 : 49;
0A726 : 25;
0A727 : 49;
0A728 : 25;
0A729 : 25;
0A72A : 25;
0A72B : 6D;
0A72C : 49;
0A72D : 49;
0A72E : 25;
0A72F : 25;
0A730 : 25;
0A731 : 25;
0A732 : 25;
0A733 : 25;
0A734 : 25;
0A735 : 49;
0A736 : 25;
0A737 : 25;
0A738 : 25;
0A739 : 49;
0A73A : 25;
0A73B : 49;
0A73C : 4D;
0A73D : 49;
0A73E : 25;
0A73F : 49;
0A740 : 20;
0A741 : 25;
0A742 : 25;
0A743 : 25;
0A744 : 25;
0A745 : 25;
0A746 : 25;
0A747 : 25;
0A748 : 25;
0A749 : 25;
0A74A : 25;
0A74B : 24;
0A74C : 25;
0A74D : 25;
0A74E : 25;
0A74F : 25;
0A750 : 25;
0A751 : 25;
0A752 : 25;
0A753 : 25;
0A754 : 25;
0A755 : 25;
0A756 : 49;
0A757 : 49;
0A758 : 49;
0A759 : 25;
0A75A : 25;
0A75B : 49;
0A75C : 25;
0A75D : 25;
0A75E : 49;
0A75F : 25;
0A760 : 49;
0A761 : 25;
0A762 : 25;
0A763 : 25;
0A764 : 25;
0A765 : 25;
0A766 : 25;
0A767 : 25;
0A768 : 25;
0A769 : 25;
0A76A : 25;
0A76B : 45;
0A76C : 25;
0A76D : 49;
0A76E : 25;
0A76F : 25;
0A770 : 25;
0A771 : 25;
0A772 : 25;
0A773 : 25;
0A774 : 49;
0A775 : 49;
0A776 : 25;
0A777 : 25;
0A778 : 25;
0A779 : 25;
0A77A : 25;
0A77B : 25;
0A77C : 49;
0A77D : 25;
0A77E : 49;
0A77F : 49;
0A780 : 25;
0A781 : 25;
0A782 : 25;
0A783 : 25;
0A784 : 25;
0A785 : 25;
0A786 : 25;
0A787 : 25;
0A788 : 25;
0A789 : 25;
0A78A : 25;
0A78B : 25;
0A78C : 25;
0A78D : 25;
0A78E : 25;
0A78F : 25;
0A790 : 25;
0A791 : 25;
0A792 : 25;
0A793 : 25;
0A794 : 24;
0A795 : 25;
0A796 : 00;
0A797 : 49;
0A798 : 25;
0A799 : 49;
0A79A : 25;
0A79B : 49;
0A79C : 49;
0A79D : 49;
0A79E : 49;
0A79F : 25;
0A7A0 : 25;
0A7A1 : 25;
0A7A2 : 25;
0A7A3 : 25;
0A7A4 : 25;
0A7A5 : 25;
0A7A6 : 25;
0A7A7 : 29;
0A7A8 : 25;
0A7A9 : 25;
0A7AA : 25;
0A7AB : 25;
0A7AC : 25;
0A7AD : 25;
0A7AE : 25;
0A7AF : 25;
0A7B0 : 25;
0A7B1 : 25;
0A7B2 : 25;
0A7B3 : 49;
0A7B4 : 25;
0A7B5 : 24;
0A7B6 : 00;
0A7B7 : 49;
0A7B8 : 49;
0A7B9 : 25;
0A7BA : 49;
0A7BB : 4D;
0A7BC : 49;
0A7BD : 25;
0A7BE : 49;
0A7BF : 49;
0A7C0 : 25;
0A7C1 : 25;
0A7C2 : 25;
0A7C3 : 25;
0A7C4 : 25;
0A7C5 : 49;
0A7C6 : 49;
0A7C7 : 49;
0A7C8 : 25;
0A7C9 : 49;
0A7CA : 25;
0A7CB : 25;
0A7CC : 25;
0A7CD : 25;
0A7CE : 25;
0A7CF : 25;
0A7D0 : 25;
0A7D1 : 25;
0A7D2 : 25;
0A7D3 : 25;
0A7D4 : 25;
0A7D5 : 24;
0A7D6 : 00;
0A7D7 : 49;
0A7D8 : 49;
0A7D9 : 49;
0A7DA : 49;
0A7DB : 49;
0A7DC : 49;
0A7DD : 49;
0A7DE : 49;
0A7DF : 25;
0A7E0 : 25;
0A7E1 : 25;
0A7E2 : 25;
0A7E3 : 25;
0A7E4 : 25;
0A7E5 : 29;
0A7E6 : 49;
0A7E7 : 49;
0A7E8 : 25;
0A7E9 : 25;
0A7EA : 25;
0A7EB : 25;
0A7EC : 25;
0A7ED : 25;
0A7EE : 25;
0A7EF : 25;
0A7F0 : 25;
0A7F1 : 25;
0A7F2 : 25;
0A7F3 : 49;
0A7F4 : 25;
0A7F5 : 24;
0A7F6 : 25;
0A7F7 : 25;
0A7F8 : 6D;
0A7F9 : 4D;
0A7FA : 49;
0A7FB : 49;
0A7FC : 49;
0A7FD : 49;
0A7FE : 25;
0A7FF : 25;
0A800 : 49;
0A801 : 49;
0A802 : 49;
0A803 : 49;
0A804 : 49;
0A805 : 49;
0A806 : 45;
0A807 : 45;
0A808 : 45;
0A809 : 49;
0A80A : 49;
0A80B : 49;
0A80C : 49;
0A80D : 45;
0A80E : 49;
0A80F : 49;
0A810 : 25;
0A811 : 25;
0A812 : 25;
0A813 : 6D;
0A814 : 49;
0A815 : 49;
0A816 : 49;
0A817 : 49;
0A818 : 49;
0A819 : 49;
0A81A : 49;
0A81B : 25;
0A81C : 49;
0A81D : 49;
0A81E : 49;
0A81F : 49;
0A820 : 49;
0A821 : 49;
0A822 : 49;
0A823 : 49;
0A824 : 49;
0A825 : 49;
0A826 : 49;
0A827 : 49;
0A828 : 49;
0A829 : 49;
0A82A : 49;
0A82B : 49;
0A82C : 49;
0A82D : 49;
0A82E : 49;
0A82F : 49;
0A830 : 49;
0A831 : 49;
0A832 : 49;
0A833 : 25;
0A834 : 25;
0A835 : 25;
0A836 : 25;
0A837 : 6E;
0A838 : 49;
0A839 : 25;
0A83A : 25;
0A83B : 25;
0A83C : 25;
0A83D : 24;
0A83E : 25;
0A83F : 25;
0A840 : 45;
0A841 : 49;
0A842 : 45;
0A843 : 49;
0A844 : 49;
0A845 : 49;
0A846 : 45;
0A847 : 25;
0A848 : 25;
0A849 : 25;
0A84A : 45;
0A84B : 25;
0A84C : 49;
0A84D : 49;
0A84E : 49;
0A84F : 25;
0A850 : 49;
0A851 : 49;
0A852 : 49;
0A853 : 49;
0A854 : 25;
0A855 : 25;
0A856 : 25;
0A857 : 49;
0A858 : 25;
0A859 : 25;
0A85A : 25;
0A85B : 25;
0A85C : 25;
0A85D : 25;
0A85E : 25;
0A85F : 25;
0A860 : 49;
0A861 : 49;
0A862 : 49;
0A863 : 25;
0A864 : 45;
0A865 : 25;
0A866 : 25;
0A867 : 25;
0A868 : 25;
0A869 : 25;
0A86A : 25;
0A86B : 25;
0A86C : 49;
0A86D : 49;
0A86E : 49;
0A86F : 25;
0A870 : 45;
0A871 : 45;
0A872 : 45;
0A873 : 25;
0A874 : 49;
0A875 : 6D;
0A876 : 49;
0A877 : 6D;
0A878 : 25;
0A879 : 49;
0A87A : 25;
0A87B : 25;
0A87C : 25;
0A87D : 25;
0A87E : 25;
0A87F : 25;
0A880 : 49;
0A881 : 25;
0A882 : 25;
0A883 : 49;
0A884 : 45;
0A885 : 25;
0A886 : 25;
0A887 : 25;
0A888 : 25;
0A889 : 25;
0A88A : 49;
0A88B : 45;
0A88C : 49;
0A88D : 49;
0A88E : 49;
0A88F : 25;
0A890 : 45;
0A891 : 25;
0A892 : 25;
0A893 : 49;
0A894 : 49;
0A895 : 6D;
0A896 : 49;
0A897 : 49;
0A898 : 49;
0A899 : 24;
0A89A : 20;
0A89B : 24;
0A89C : 25;
0A89D : 25;
0A89E : 25;
0A89F : 25;
0A8A0 : 49;
0A8A1 : 49;
0A8A2 : 25;
0A8A3 : 25;
0A8A4 : 25;
0A8A5 : 25;
0A8A6 : 45;
0A8A7 : 45;
0A8A8 : 45;
0A8A9 : 25;
0A8AA : 25;
0A8AB : 45;
0A8AC : 25;
0A8AD : 49;
0A8AE : 49;
0A8AF : 45;
0A8B0 : 25;
0A8B1 : 25;
0A8B2 : 49;
0A8B3 : 49;
0A8B4 : 49;
0A8B5 : 49;
0A8B6 : 49;
0A8B7 : 49;
0A8B8 : 49;
0A8B9 : 49;
0A8BA : 25;
0A8BB : 49;
0A8BC : 25;
0A8BD : 25;
0A8BE : 49;
0A8BF : 25;
0A8C0 : 49;
0A8C1 : 49;
0A8C2 : 49;
0A8C3 : 49;
0A8C4 : 25;
0A8C5 : 49;
0A8C6 : 49;
0A8C7 : 25;
0A8C8 : 25;
0A8C9 : 25;
0A8CA : 25;
0A8CB : 25;
0A8CC : 25;
0A8CD : 25;
0A8CE : 49;
0A8CF : 25;
0A8D0 : 49;
0A8D1 : 25;
0A8D2 : 49;
0A8D3 : 49;
0A8D4 : 49;
0A8D5 : 49;
0A8D6 : 6D;
0A8D7 : 6E;
0A8D8 : 49;
0A8D9 : 49;
0A8DA : 49;
0A8DB : 00;
0A8DC : 25;
0A8DD : 25;
0A8DE : 25;
0A8DF : 25;
0A8E0 : 25;
0A8E1 : 25;
0A8E2 : 49;
0A8E3 : 49;
0A8E4 : 6E;
0A8E5 : 49;
0A8E6 : 25;
0A8E7 : 45;
0A8E8 : 45;
0A8E9 : 25;
0A8EA : 45;
0A8EB : 25;
0A8EC : 25;
0A8ED : 25;
0A8EE : 49;
0A8EF : 49;
0A8F0 : 25;
0A8F1 : 49;
0A8F2 : 25;
0A8F3 : 25;
0A8F4 : 49;
0A8F5 : 25;
0A8F6 : 49;
0A8F7 : 49;
0A8F8 : 49;
0A8F9 : 6E;
0A8FA : 49;
0A8FB : 25;
0A8FC : 25;
0A8FD : 25;
0A8FE : 25;
0A8FF : 25;
0A900 : 25;
0A901 : 25;
0A902 : 25;
0A903 : 25;
0A904 : 25;
0A905 : 25;
0A906 : 49;
0A907 : 45;
0A908 : 25;
0A909 : 25;
0A90A : 25;
0A90B : 25;
0A90C : 25;
0A90D : 49;
0A90E : 49;
0A90F : 49;
0A910 : 25;
0A911 : 49;
0A912 : 25;
0A913 : 49;
0A914 : 49;
0A915 : 25;
0A916 : 6E;
0A917 : 49;
0A918 : 49;
0A919 : 49;
0A91A : 49;
0A91B : 49;
0A91C : 49;
0A91D : 20;
0A91E : 25;
0A91F : 25;
0A920 : 25;
0A921 : 25;
0A922 : 25;
0A923 : 25;
0A924 : 25;
0A925 : 25;
0A926 : 25;
0A927 : 25;
0A928 : 25;
0A929 : 25;
0A92A : 25;
0A92B : 49;
0A92C : 25;
0A92D : 49;
0A92E : 49;
0A92F : 45;
0A930 : 49;
0A931 : 25;
0A932 : 49;
0A933 : 25;
0A934 : 25;
0A935 : 49;
0A936 : 25;
0A937 : 45;
0A938 : 49;
0A939 : 49;
0A93A : 49;
0A93B : 49;
0A93C : 25;
0A93D : 25;
0A93E : 25;
0A93F : 25;
0A940 : 49;
0A941 : 25;
0A942 : 25;
0A943 : 45;
0A944 : 25;
0A945 : 25;
0A946 : 25;
0A947 : 49;
0A948 : 49;
0A949 : 25;
0A94A : 6D;
0A94B : 49;
0A94C : 49;
0A94D : 4D;
0A94E : 25;
0A94F : 49;
0A950 : 49;
0A951 : 25;
0A952 : 49;
0A953 : 49;
0A954 : 49;
0A955 : 49;
0A956 : 49;
0A957 : 49;
0A958 : 49;
0A959 : 25;
0A95A : 49;
0A95B : 49;
0A95C : 49;
0A95D : 25;
0A95E : 00;
0A95F : 20;
0A960 : 49;
0A961 : 25;
0A962 : 25;
0A963 : 49;
0A964 : 49;
0A965 : 45;
0A966 : 00;
0A967 : 00;
0A968 : 25;
0A969 : 25;
0A96A : 25;
0A96B : 49;
0A96C : 49;
0A96D : 25;
0A96E : 49;
0A96F : 49;
0A970 : 25;
0A971 : 25;
0A972 : 49;
0A973 : 49;
0A974 : 49;
0A975 : 49;
0A976 : 49;
0A977 : 25;
0A978 : 49;
0A979 : 49;
0A97A : 49;
0A97B : 49;
0A97C : 25;
0A97D : 25;
0A97E : 25;
0A97F : 25;
0A980 : 25;
0A981 : 24;
0A982 : 25;
0A983 : 25;
0A984 : 45;
0A985 : 49;
0A986 : 49;
0A987 : 25;
0A988 : 45;
0A989 : 49;
0A98A : 49;
0A98B : 25;
0A98C : 49;
0A98D : 25;
0A98E : 49;
0A98F : 49;
0A990 : 49;
0A991 : 25;
0A992 : 49;
0A993 : 49;
0A994 : 49;
0A995 : 49;
0A996 : 25;
0A997 : 49;
0A998 : 49;
0A999 : 49;
0A99A : 25;
0A99B : 49;
0A99C : 49;
0A99D : 49;
0A99E : 49;
0A99F : 49;
0A9A0 : 25;
0A9A1 : 25;
0A9A2 : 00;
0A9A3 : 49;
0A9A4 : 49;
0A9A5 : 25;
0A9A6 : 49;
0A9A7 : 24;
0A9A8 : 49;
0A9A9 : 49;
0A9AA : 49;
0A9AB : 25;
0A9AC : 49;
0A9AD : 49;
0A9AE : 49;
0A9AF : 6E;
0A9B0 : 49;
0A9B1 : 49;
0A9B2 : 25;
0A9B3 : 25;
0A9B4 : 49;
0A9B5 : 25;
0A9B6 : 25;
0A9B7 : 49;
0A9B8 : 25;
0A9B9 : 25;
0A9BA : 49;
0A9BB : 49;
0A9BC : 49;
0A9BD : 49;
0A9BE : 49;
0A9BF : 49;
0A9C0 : 25;
0A9C1 : 25;
0A9C2 : 00;
0A9C3 : 25;
0A9C4 : 25;
0A9C5 : 49;
0A9C6 : 49;
0A9C7 : 49;
0A9C8 : 6D;
0A9C9 : 6D;
0A9CA : 49;
0A9CB : 49;
0A9CC : 6E;
0A9CD : 4D;
0A9CE : 25;
0A9CF : 25;
0A9D0 : 25;
0A9D1 : 25;
0A9D2 : 25;
0A9D3 : 49;
0A9D4 : 49;
0A9D5 : 49;
0A9D6 : 25;
0A9D7 : 25;
0A9D8 : 25;
0A9D9 : 45;
0A9DA : 25;
0A9DB : 25;
0A9DC : 25;
0A9DD : 25;
0A9DE : 25;
0A9DF : 25;
0A9E0 : 25;
0A9E1 : 25;
0A9E2 : 49;
0A9E3 : 49;
0A9E4 : 49;
0A9E5 : 49;
0A9E6 : 49;
0A9E7 : 49;
0A9E8 : 49;
0A9E9 : 49;
0A9EA : 6D;
0A9EB : 49;
0A9EC : 25;
0A9ED : 25;
0A9EE : 25;
0A9EF : 25;
0A9F0 : 25;
0A9F1 : 25;
0A9F2 : 45;
0A9F3 : 49;
0A9F4 : 49;
0A9F5 : 25;
0A9F6 : 25;
0A9F7 : 25;
0A9F8 : 25;
0A9F9 : 25;
0A9FA : 25;
0A9FB : 45;
0A9FC : 25;
0A9FD : 49;
0A9FE : 25;
0A9FF : 25;
0AA00 : 49;
0AA01 : 49;
0AA02 : 25;
0AA03 : 6D;
0AA04 : 49;
0AA05 : 49;
0AA06 : 49;
0AA07 : 49;
0AA08 : 49;
0AA09 : 49;
0AA0A : 49;
0AA0B : 25;
0AA0C : 49;
0AA0D : 6D;
0AA0E : 25;
0AA0F : 49;
0AA10 : 25;
0AA11 : 25;
0AA12 : 25;
0AA13 : 25;
0AA14 : 49;
0AA15 : 25;
0AA16 : 25;
0AA17 : 25;
0AA18 : 25;
0AA19 : 49;
0AA1A : 25;
0AA1B : 25;
0AA1C : 49;
0AA1D : 49;
0AA1E : 25;
0AA1F : 25;
0AA20 : 6E;
0AA21 : 49;
0AA22 : 49;
0AA23 : 6E;
0AA24 : 25;
0AA25 : 49;
0AA26 : 49;
0AA27 : 25;
0AA28 : 25;
0AA29 : 25;
0AA2A : 00;
0AA2B : 49;
0AA2C : 6E;
0AA2D : 6D;
0AA2E : 25;
0AA2F : 49;
0AA30 : 45;
0AA31 : 25;
0AA32 : 25;
0AA33 : 49;
0AA34 : 25;
0AA35 : 25;
0AA36 : 25;
0AA37 : 25;
0AA38 : 25;
0AA39 : 25;
0AA3A : 25;
0AA3B : 45;
0AA3C : 45;
0AA3D : 25;
0AA3E : 25;
0AA3F : 25;
0AA40 : 6D;
0AA41 : 6E;
0AA42 : 6E;
0AA43 : 6E;
0AA44 : 6E;
0AA45 : 49;
0AA46 : 25;
0AA47 : 49;
0AA48 : 25;
0AA49 : 25;
0AA4A : 25;
0AA4B : 25;
0AA4C : 25;
0AA4D : 25;
0AA4E : 25;
0AA4F : 49;
0AA50 : 25;
0AA51 : 25;
0AA52 : 25;
0AA53 : 49;
0AA54 : 49;
0AA55 : 49;
0AA56 : 25;
0AA57 : 25;
0AA58 : 25;
0AA59 : 25;
0AA5A : 25;
0AA5B : 25;
0AA5C : 25;
0AA5D : 25;
0AA5E : 25;
0AA5F : 25;
0AA60 : 25;
0AA61 : 49;
0AA62 : 49;
0AA63 : 49;
0AA64 : 6E;
0AA65 : 49;
0AA66 : 49;
0AA67 : 49;
0AA68 : 25;
0AA69 : 45;
0AA6A : 25;
0AA6B : 25;
0AA6C : 25;
0AA6D : 25;
0AA6E : 25;
0AA6F : 49;
0AA70 : 49;
0AA71 : 25;
0AA72 : 25;
0AA73 : 25;
0AA74 : 45;
0AA75 : 25;
0AA76 : 45;
0AA77 : 25;
0AA78 : 25;
0AA79 : 25;
0AA7A : 49;
0AA7B : 49;
0AA7C : 25;
0AA7D : 25;
0AA7E : 25;
0AA7F : 25;
0AA80 : 49;
0AA81 : 25;
0AA82 : 49;
0AA83 : 6E;
0AA84 : 6E;
0AA85 : 49;
0AA86 : 25;
0AA87 : 49;
0AA88 : 25;
0AA89 : 25;
0AA8A : 49;
0AA8B : 25;
0AA8C : 49;
0AA8D : 25;
0AA8E : 25;
0AA8F : 25;
0AA90 : 49;
0AA91 : 25;
0AA92 : 25;
0AA93 : 25;
0AA94 : 25;
0AA95 : 25;
0AA96 : 25;
0AA97 : 25;
0AA98 : 25;
0AA99 : 00;
0AA9A : 00;
0AA9B : 00;
0AA9C : 25;
0AA9D : 49;
0AA9E : 25;
0AA9F : 25;
0AAA0 : 6E;
0AAA1 : 6D;
0AAA2 : 49;
0AAA3 : 6E;
0AAA4 : 72;
0AAA5 : 6E;
0AAA6 : 49;
0AAA7 : 25;
0AAA8 : 49;
0AAA9 : 49;
0AAAA : 49;
0AAAB : 49;
0AAAC : 25;
0AAAD : 25;
0AAAE : 25;
0AAAF : 25;
0AAB0 : 00;
0AAB1 : 25;
0AAB2 : 25;
0AAB3 : 25;
0AAB4 : 25;
0AAB5 : 25;
0AAB6 : 25;
0AAB7 : 25;
0AAB8 : 25;
0AAB9 : 25;
0AABA : 25;
0AABB : 25;
0AABC : 25;
0AABD : 25;
0AABE : 25;
0AABF : 25;
0AAC0 : 49;
0AAC1 : 25;
0AAC2 : 6D;
0AAC3 : 29;
0AAC4 : 25;
0AAC5 : 49;
0AAC6 : 49;
0AAC7 : 49;
0AAC8 : 49;
0AAC9 : 25;
0AACA : 49;
0AACB : 25;
0AACC : 25;
0AACD : 25;
0AACE : 25;
0AACF : 25;
0AAD0 : 25;
0AAD1 : 25;
0AAD2 : 25;
0AAD3 : 25;
0AAD4 : 25;
0AAD5 : 25;
0AAD6 : 24;
0AAD7 : 25;
0AAD8 : 25;
0AAD9 : 25;
0AADA : 24;
0AADB : 25;
0AADC : 25;
0AADD : 25;
0AADE : 25;
0AADF : 25;
0AAE0 : 25;
0AAE1 : 49;
0AAE2 : 25;
0AAE3 : 00;
0AAE4 : 25;
0AAE5 : 25;
0AAE6 : 49;
0AAE7 : 25;
0AAE8 : 49;
0AAE9 : 25;
0AAEA : 25;
0AAEB : 49;
0AAEC : 49;
0AAED : 49;
0AAEE : 25;
0AAEF : 45;
0AAF0 : 25;
0AAF1 : 25;
0AAF2 : 25;
0AAF3 : 25;
0AAF4 : 25;
0AAF5 : 25;
0AAF6 : 25;
0AAF7 : 25;
0AAF8 : 25;
0AAF9 : 25;
0AAFA : 24;
0AAFB : 25;
0AAFC : 25;
0AAFD : 25;
0AAFE : 25;
0AAFF : 25;
0AB00 : 49;
0AB01 : 49;
0AB02 : 25;
0AB03 : 49;
0AB04 : 49;
0AB05 : 25;
0AB06 : 49;
0AB07 : 49;
0AB08 : 49;
0AB09 : 49;
0AB0A : 49;
0AB0B : 49;
0AB0C : 49;
0AB0D : 49;
0AB0E : 25;
0AB0F : 45;
0AB10 : 25;
0AB11 : 25;
0AB12 : 25;
0AB13 : 25;
0AB14 : 25;
0AB15 : 25;
0AB16 : 25;
0AB17 : 25;
0AB18 : 25;
0AB19 : 25;
0AB1A : 25;
0AB1B : 25;
0AB1C : 25;
0AB1D : 25;
0AB1E : 25;
0AB1F : 25;
0AB20 : 25;
0AB21 : 25;
0AB22 : 49;
0AB23 : 49;
0AB24 : 45;
0AB25 : 25;
0AB26 : 49;
0AB27 : 49;
0AB28 : 49;
0AB29 : 49;
0AB2A : 49;
0AB2B : 49;
0AB2C : 49;
0AB2D : 49;
0AB2E : 49;
0AB2F : 25;
0AB30 : 25;
0AB31 : 25;
0AB32 : 25;
0AB33 : 25;
0AB34 : 25;
0AB35 : 25;
0AB36 : 25;
0AB37 : 25;
0AB38 : 25;
0AB39 : 25;
0AB3A : 25;
0AB3B : 25;
0AB3C : 25;
0AB3D : 25;
0AB3E : 25;
0AB3F : 25;
0AB40 : 25;
0AB41 : 25;
0AB42 : 25;
0AB43 : 49;
0AB44 : 49;
0AB45 : 49;
0AB46 : 49;
0AB47 : 49;
0AB48 : 49;
0AB49 : 49;
0AB4A : 49;
0AB4B : 6E;
0AB4C : 49;
0AB4D : 49;
0AB4E : 49;
0AB4F : 25;
0AB50 : 25;
0AB51 : 25;
0AB52 : 25;
0AB53 : 25;
0AB54 : 25;
0AB55 : 25;
0AB56 : 25;
0AB57 : 25;
0AB58 : 25;
0AB59 : 25;
0AB5A : 25;
0AB5B : 25;
0AB5C : 25;
0AB5D : 25;
0AB5E : 25;
0AB5F : 49;
0AB60 : 49;
0AB61 : 49;
0AB62 : 25;
0AB63 : 49;
0AB64 : 49;
0AB65 : 49;
0AB66 : 6D;
0AB67 : 49;
0AB68 : 49;
0AB69 : 49;
0AB6A : 6D;
0AB6B : 6D;
0AB6C : 49;
0AB6D : 49;
0AB6E : 49;
0AB6F : 49;
0AB70 : 25;
0AB71 : 25;
0AB72 : 25;
0AB73 : 25;
0AB74 : 25;
0AB75 : 25;
0AB76 : 25;
0AB77 : 25;
0AB78 : 25;
0AB79 : 25;
0AB7A : 25;
0AB7B : 25;
0AB7C : 25;
0AB7D : 25;
0AB7E : 25;
0AB7F : 25;
0AB80 : 49;
0AB81 : 49;
0AB82 : 49;
0AB83 : 25;
0AB84 : 49;
0AB85 : 49;
0AB86 : 49;
0AB87 : 49;
0AB88 : 6E;
0AB89 : 6D;
0AB8A : 6E;
0AB8B : 49;
0AB8C : 6D;
0AB8D : 49;
0AB8E : 25;
0AB8F : 25;
0AB90 : 25;
0AB91 : 25;
0AB92 : 25;
0AB93 : 25;
0AB94 : 25;
0AB95 : 25;
0AB96 : 45;
0AB97 : 25;
0AB98 : 25;
0AB99 : 25;
0AB9A : 25;
0AB9B : 25;
0AB9C : 25;
0AB9D : 25;
0AB9E : 25;
0AB9F : 25;
0ABA0 : 49;
0ABA1 : 49;
0ABA2 : 49;
0ABA3 : 49;
0ABA4 : 49;
0ABA5 : 49;
0ABA6 : 25;
0ABA7 : 25;
0ABA8 : 25;
0ABA9 : 49;
0ABAA : 49;
0ABAB : 49;
0ABAC : 6D;
0ABAD : 25;
0ABAE : 49;
0ABAF : 25;
0ABB0 : 25;
0ABB1 : 25;
0ABB2 : 25;
0ABB3 : 25;
0ABB4 : 25;
0ABB5 : 49;
0ABB6 : 49;
0ABB7 : 25;
0ABB8 : 25;
0ABB9 : 25;
0ABBA : 25;
0ABBB : 25;
0ABBC : 25;
0ABBD : 25;
0ABBE : 25;
0ABBF : 25;
0ABC0 : 25;
0ABC1 : 25;
0ABC2 : 49;
0ABC3 : 45;
0ABC4 : 25;
0ABC5 : 49;
0ABC6 : 49;
0ABC7 : 49;
0ABC8 : 25;
0ABC9 : 25;
0ABCA : 25;
0ABCB : 6D;
0ABCC : 25;
0ABCD : 49;
0ABCE : 25;
0ABCF : 49;
0ABD0 : 25;
0ABD1 : 25;
0ABD2 : 25;
0ABD3 : 25;
0ABD4 : 45;
0ABD5 : 49;
0ABD6 : 49;
0ABD7 : 49;
0ABD8 : 25;
0ABD9 : 25;
0ABDA : 25;
0ABDB : 25;
0ABDC : 25;
0ABDD : 25;
0ABDE : 25;
0ABDF : 25;
0ABE0 : 25;
0ABE1 : 25;
0ABE2 : 49;
0ABE3 : 49;
0ABE4 : 49;
0ABE5 : 25;
0ABE6 : 6D;
0ABE7 : 49;
0ABE8 : 49;
0ABE9 : 49;
0ABEA : 49;
0ABEB : 25;
0ABEC : 25;
0ABED : 25;
0ABEE : 25;
0ABEF : 25;
0ABF0 : 25;
0ABF1 : 25;
0ABF2 : 25;
0ABF3 : 25;
0ABF4 : 25;
0ABF5 : 25;
0ABF6 : 49;
0ABF7 : 49;
0ABF8 : 25;
0ABF9 : 25;
0ABFA : 25;
0ABFB : 25;
0ABFC : 25;
0ABFD : 25;
0ABFE : 25;
0ABFF : 25;
0AC00 : 6D;
0AC01 : 25;
0AC02 : 25;
0AC03 : 25;
0AC04 : 29;
0AC05 : 49;
0AC06 : 25;
0AC07 : 49;
0AC08 : 49;
0AC09 : 49;
0AC0A : 49;
0AC0B : 25;
0AC0C : 49;
0AC0D : 6D;
0AC0E : 4D;
0AC0F : 4D;
0AC10 : 25;
0AC11 : 49;
0AC12 : 49;
0AC13 : 6E;
0AC14 : 25;
0AC15 : 6D;
0AC16 : 00;
0AC17 : 25;
0AC18 : 25;
0AC19 : 25;
0AC1A : 49;
0AC1B : 49;
0AC1C : 45;
0AC1D : 49;
0AC1E : 49;
0AC1F : 25;
0AC20 : 49;
0AC21 : 49;
0AC22 : 49;
0AC23 : 49;
0AC24 : 49;
0AC25 : 49;
0AC26 : 49;
0AC27 : 49;
0AC28 : 49;
0AC29 : 49;
0AC2A : 49;
0AC2B : 25;
0AC2C : 45;
0AC2D : 49;
0AC2E : 49;
0AC2F : 49;
0AC30 : 49;
0AC31 : 49;
0AC32 : 49;
0AC33 : 49;
0AC34 : 49;
0AC35 : 25;
0AC36 : 25;
0AC37 : 45;
0AC38 : 25;
0AC39 : 49;
0AC3A : 29;
0AC3B : 25;
0AC3C : 49;
0AC3D : 49;
0AC3E : 25;
0AC3F : 49;
0AC40 : 49;
0AC41 : 49;
0AC42 : 49;
0AC43 : 49;
0AC44 : 49;
0AC45 : 49;
0AC46 : 49;
0AC47 : 49;
0AC48 : 49;
0AC49 : 49;
0AC4A : 49;
0AC4B : 25;
0AC4C : 49;
0AC4D : 49;
0AC4E : 49;
0AC4F : 49;
0AC50 : 49;
0AC51 : 49;
0AC52 : 49;
0AC53 : 29;
0AC54 : 25;
0AC55 : 25;
0AC56 : 25;
0AC57 : 25;
0AC58 : 25;
0AC59 : 25;
0AC5A : 25;
0AC5B : 49;
0AC5C : 49;
0AC5D : 25;
0AC5E : 25;
0AC5F : 49;
0AC60 : 49;
0AC61 : 49;
0AC62 : 49;
0AC63 : 49;
0AC64 : 49;
0AC65 : 49;
0AC66 : 49;
0AC67 : 49;
0AC68 : 49;
0AC69 : 49;
0AC6A : 49;
0AC6B : 49;
0AC6C : 49;
0AC6D : 49;
0AC6E : 49;
0AC6F : 49;
0AC70 : 49;
0AC71 : 49;
0AC72 : 25;
0AC73 : 25;
0AC74 : 25;
0AC75 : 25;
0AC76 : 25;
0AC77 : 25;
0AC78 : 25;
0AC79 : 25;
0AC7A : 49;
0AC7B : 49;
0AC7C : 49;
0AC7D : 49;
0AC7E : 49;
0AC7F : 49;
0AC80 : 6E;
0AC81 : 49;
0AC82 : 49;
0AC83 : 49;
0AC84 : 25;
0AC85 : 49;
0AC86 : 49;
0AC87 : 49;
0AC88 : 49;
0AC89 : 49;
0AC8A : 49;
0AC8B : 25;
0AC8C : 25;
0AC8D : 25;
0AC8E : 25;
0AC8F : 49;
0AC90 : 25;
0AC91 : 25;
0AC92 : 25;
0AC93 : 25;
0AC94 : 25;
0AC95 : 25;
0AC96 : 25;
0AC97 : 49;
0AC98 : 49;
0AC99 : 49;
0AC9A : 25;
0AC9B : 25;
0AC9C : 00;
0AC9D : 00;
0AC9E : 25;
0AC9F : 49;
0ACA0 : 25;
0ACA1 : 49;
0ACA2 : 25;
0ACA3 : 25;
0ACA4 : 49;
0ACA5 : 49;
0ACA6 : 49;
0ACA7 : 25;
0ACA8 : 25;
0ACA9 : 49;
0ACAA : 49;
0ACAB : 49;
0ACAC : 25;
0ACAD : 49;
0ACAE : 25;
0ACAF : 25;
0ACB0 : 25;
0ACB1 : 49;
0ACB2 : 49;
0ACB3 : 25;
0ACB4 : 49;
0ACB5 : 25;
0ACB6 : 25;
0ACB7 : 25;
0ACB8 : 25;
0ACB9 : 25;
0ACBA : 25;
0ACBB : 25;
0ACBC : 25;
0ACBD : 49;
0ACBE : 25;
0ACBF : 49;
0ACC0 : 25;
0ACC1 : 25;
0ACC2 : 25;
0ACC3 : 25;
0ACC4 : 25;
0ACC5 : 49;
0ACC6 : 25;
0ACC7 : 25;
0ACC8 : 49;
0ACC9 : 49;
0ACCA : 49;
0ACCB : 49;
0ACCC : 25;
0ACCD : 25;
0ACCE : 25;
0ACCF : 25;
0ACD0 : 45;
0ACD1 : 49;
0ACD2 : 49;
0ACD3 : 49;
0ACD4 : 49;
0ACD5 : 25;
0ACD6 : 45;
0ACD7 : 49;
0ACD8 : 49;
0ACD9 : 25;
0ACDA : 25;
0ACDB : 49;
0ACDC : 45;
0ACDD : 45;
0ACDE : 25;
0ACDF : 49;
0ACE0 : 25;
0ACE1 : 25;
0ACE2 : 25;
0ACE3 : 45;
0ACE4 : 45;
0ACE5 : 25;
0ACE6 : 49;
0ACE7 : 49;
0ACE8 : 49;
0ACE9 : 49;
0ACEA : 49;
0ACEB : 29;
0ACEC : 49;
0ACED : 25;
0ACEE : 25;
0ACEF : 25;
0ACF0 : 25;
0ACF1 : 49;
0ACF2 : 49;
0ACF3 : 49;
0ACF4 : 49;
0ACF5 : 25;
0ACF6 : 49;
0ACF7 : 49;
0ACF8 : 49;
0ACF9 : 6E;
0ACFA : 49;
0ACFB : 25;
0ACFC : 49;
0ACFD : 49;
0ACFE : 25;
0ACFF : 25;
0AD00 : 25;
0AD01 : 25;
0AD02 : 25;
0AD03 : 49;
0AD04 : 49;
0AD05 : 25;
0AD06 : 29;
0AD07 : 25;
0AD08 : 49;
0AD09 : 49;
0AD0A : 49;
0AD0B : 49;
0AD0C : 49;
0AD0D : 25;
0AD0E : 25;
0AD0F : 25;
0AD10 : 00;
0AD11 : 49;
0AD12 : 49;
0AD13 : 49;
0AD14 : 49;
0AD15 : 49;
0AD16 : 49;
0AD17 : 49;
0AD18 : 49;
0AD19 : 24;
0AD1A : 25;
0AD1B : 49;
0AD1C : 49;
0AD1D : 49;
0AD1E : 25;
0AD1F : 49;
0AD20 : 49;
0AD21 : 49;
0AD22 : 25;
0AD23 : 25;
0AD24 : 25;
0AD25 : 49;
0AD26 : 49;
0AD27 : 49;
0AD28 : 49;
0AD29 : 49;
0AD2A : 49;
0AD2B : 49;
0AD2C : 25;
0AD2D : 25;
0AD2E : 25;
0AD2F : 25;
0AD30 : 25;
0AD31 : 25;
0AD32 : 25;
0AD33 : 25;
0AD34 : 49;
0AD35 : 49;
0AD36 : 25;
0AD37 : 49;
0AD38 : 49;
0AD39 : 49;
0AD3A : 49;
0AD3B : 49;
0AD3C : 49;
0AD3D : 49;
0AD3E : 49;
0AD3F : 25;
0AD40 : 00;
0AD41 : 25;
0AD42 : 25;
0AD43 : 25;
0AD44 : 25;
0AD45 : 49;
0AD46 : 25;
0AD47 : 25;
0AD48 : 49;
0AD49 : 49;
0AD4A : 29;
0AD4B : 25;
0AD4C : 25;
0AD4D : 25;
0AD4E : 25;
0AD4F : 25;
0AD50 : 25;
0AD51 : 24;
0AD52 : 20;
0AD53 : 49;
0AD54 : 25;
0AD55 : 25;
0AD56 : 25;
0AD57 : 00;
0AD58 : 49;
0AD59 : 49;
0AD5A : 49;
0AD5B : 25;
0AD5C : 49;
0AD5D : 25;
0AD5E : 25;
0AD5F : 49;
0AD60 : 25;
0AD61 : 25;
0AD62 : 25;
0AD63 : 25;
0AD64 : 25;
0AD65 : 25;
0AD66 : 49;
0AD67 : 25;
0AD68 : 49;
0AD69 : 25;
0AD6A : 25;
0AD6B : 25;
0AD6C : 25;
0AD6D : 49;
0AD6E : 25;
0AD6F : 25;
0AD70 : 25;
0AD71 : 00;
0AD72 : 00;
0AD73 : 00;
0AD74 : 00;
0AD75 : 25;
0AD76 : 49;
0AD77 : 25;
0AD78 : 25;
0AD79 : 49;
0AD7A : 25;
0AD7B : 49;
0AD7C : 25;
0AD7D : 25;
0AD7E : 25;
0AD7F : 25;
0AD80 : 49;
0AD81 : 25;
0AD82 : 25;
0AD83 : 25;
0AD84 : 25;
0AD85 : 25;
0AD86 : 25;
0AD87 : 25;
0AD88 : 25;
0AD89 : 25;
0AD8A : 25;
0AD8B : 25;
0AD8C : 25;
0AD8D : 25;
0AD8E : 49;
0AD8F : 25;
0AD90 : 25;
0AD91 : 25;
0AD92 : 24;
0AD93 : 24;
0AD94 : 25;
0AD95 : 25;
0AD96 : 25;
0AD97 : 25;
0AD98 : 25;
0AD99 : 49;
0AD9A : 49;
0AD9B : 25;
0AD9C : 25;
0AD9D : 25;
0AD9E : 25;
0AD9F : 25;
0ADA0 : 25;
0ADA1 : 25;
0ADA2 : 25;
0ADA3 : 25;
0ADA4 : 25;
0ADA5 : 25;
0ADA6 : 49;
0ADA7 : 49;
0ADA8 : 49;
0ADA9 : 25;
0ADAA : 25;
0ADAB : 25;
0ADAC : 25;
0ADAD : 49;
0ADAE : 49;
0ADAF : 25;
0ADB0 : 25;
0ADB1 : 25;
0ADB2 : 49;
0ADB3 : 00;
0ADB4 : 25;
0ADB5 : 6E;
0ADB6 : 25;
0ADB7 : 25;
0ADB8 : 25;
0ADB9 : 49;
0ADBA : 25;
0ADBB : 25;
0ADBC : 25;
0ADBD : 25;
0ADBE : 25;
0ADBF : 25;
0ADC0 : 25;
0ADC1 : 25;
0ADC2 : 25;
0ADC3 : 25;
0ADC4 : 00;
0ADC5 : 25;
0ADC6 : 25;
0ADC7 : 25;
0ADC8 : 25;
0ADC9 : 00;
0ADCA : 00;
0ADCB : 25;
0ADCC : 25;
0ADCD : 25;
0ADCE : 25;
0ADCF : 49;
0ADD0 : 49;
0ADD1 : 49;
0ADD2 : 25;
0ADD3 : 25;
0ADD4 : 25;
0ADD5 : 00;
0ADD6 : 25;
0ADD7 : 25;
0ADD8 : 00;
0ADD9 : 25;
0ADDA : 25;
0ADDB : 25;
0ADDC : 49;
0ADDD : 25;
0ADDE : 25;
0ADDF : 20;
0ADE0 : 25;
0ADE1 : 25;
0ADE2 : 25;
0ADE3 : 25;
0ADE4 : 20;
0ADE5 : 20;
0ADE6 : 25;
0ADE7 : 25;
0ADE8 : 25;
0ADE9 : 25;
0ADEA : 25;
0ADEB : 25;
0ADEC : 00;
0ADED : 4D;
0ADEE : 25;
0ADEF : 25;
0ADF0 : 25;
0ADF1 : 25;
0ADF2 : 25;
0ADF3 : 25;
0ADF4 : 25;
0ADF5 : 25;
0ADF6 : 24;
0ADF7 : 25;
0ADF8 : 00;
0ADF9 : 25;
0ADFA : 00;
0ADFB : 25;
0ADFC : 49;
0ADFD : 25;
0ADFE : 25;
0ADFF : 24;
0AE00 : 25;
0AE01 : 49;
0AE02 : 25;
0AE03 : 00;
0AE04 : 92;
0AE05 : 6E;
0AE06 : 25;
0AE07 : 00;
0AE08 : 49;
0AE09 : 25;
0AE0A : 45;
0AE0B : 00;
0AE0C : 25;
0AE0D : 25;
0AE0E : 49;
0AE0F : 25;
0AE10 : 25;
0AE11 : 25;
0AE12 : 25;
0AE13 : 25;
0AE14 : 25;
0AE15 : 25;
0AE16 : 25;
0AE17 : 25;
0AE18 : 25;
0AE19 : 25;
0AE1A : 25;
0AE1B : 25;
0AE1C : 25;
0AE1D : 25;
0AE1E : 24;
0AE1F : 25;
0AE20 : 4D;
0AE21 : 25;
0AE22 : 25;
0AE23 : 25;
0AE24 : 49;
0AE25 : 25;
0AE26 : 49;
0AE27 : 6D;
0AE28 : 49;
0AE29 : 24;
0AE2A : 25;
0AE2B : 49;
0AE2C : 49;
0AE2D : 25;
0AE2E : 25;
0AE2F : 25;
0AE30 : 25;
0AE31 : 25;
0AE32 : 25;
0AE33 : 25;
0AE34 : 25;
0AE35 : 25;
0AE36 : 25;
0AE37 : 25;
0AE38 : 25;
0AE39 : 49;
0AE3A : 25;
0AE3B : 49;
0AE3C : 25;
0AE3D : 25;
0AE3E : 49;
0AE3F : 4D;
0AE40 : 49;
0AE41 : 20;
0AE42 : 20;
0AE43 : 25;
0AE44 : 49;
0AE45 : 25;
0AE46 : 49;
0AE47 : 49;
0AE48 : 49;
0AE49 : 6D;
0AE4A : 4D;
0AE4B : 49;
0AE4C : 49;
0AE4D : 25;
0AE4E : 25;
0AE4F : 25;
0AE50 : 25;
0AE51 : 25;
0AE52 : 25;
0AE53 : 25;
0AE54 : 25;
0AE55 : 25;
0AE56 : 25;
0AE57 : 25;
0AE58 : 25;
0AE59 : 49;
0AE5A : 49;
0AE5B : 49;
0AE5C : 25;
0AE5D : 49;
0AE5E : 4D;
0AE5F : 49;
0AE60 : 25;
0AE61 : 25;
0AE62 : 25;
0AE63 : 00;
0AE64 : 25;
0AE65 : 49;
0AE66 : 49;
0AE67 : 49;
0AE68 : 6D;
0AE69 : 6E;
0AE6A : 49;
0AE6B : 49;
0AE6C : 49;
0AE6D : 25;
0AE6E : 49;
0AE6F : 25;
0AE70 : 25;
0AE71 : 25;
0AE72 : 25;
0AE73 : 49;
0AE74 : 49;
0AE75 : 49;
0AE76 : 25;
0AE77 : 49;
0AE78 : 49;
0AE79 : 49;
0AE7A : 25;
0AE7B : 00;
0AE7C : 49;
0AE7D : 25;
0AE7E : 4D;
0AE7F : 4D;
0AE80 : 25;
0AE81 : 25;
0AE82 : 4D;
0AE83 : 25;
0AE84 : 49;
0AE85 : 49;
0AE86 : 6E;
0AE87 : 49;
0AE88 : 25;
0AE89 : 25;
0AE8A : 25;
0AE8B : 6D;
0AE8C : 6D;
0AE8D : 49;
0AE8E : 6D;
0AE8F : 25;
0AE90 : 49;
0AE91 : 49;
0AE92 : 49;
0AE93 : 25;
0AE94 : 25;
0AE95 : 25;
0AE96 : 25;
0AE97 : 49;
0AE98 : 25;
0AE99 : 25;
0AE9A : 49;
0AE9B : 49;
0AE9C : 49;
0AE9D : 49;
0AE9E : 6E;
0AE9F : 25;
0AEA0 : 25;
0AEA1 : 25;
0AEA2 : 25;
0AEA3 : 25;
0AEA4 : 49;
0AEA5 : 25;
0AEA6 : 25;
0AEA7 : 49;
0AEA8 : 49;
0AEA9 : 49;
0AEAA : 25;
0AEAB : 49;
0AEAC : 25;
0AEAD : 49;
0AEAE : 6D;
0AEAF : 25;
0AEB0 : 49;
0AEB1 : 49;
0AEB2 : 49;
0AEB3 : 49;
0AEB4 : 25;
0AEB5 : 25;
0AEB6 : 25;
0AEB7 : 25;
0AEB8 : 25;
0AEB9 : 25;
0AEBA : 6E;
0AEBB : 49;
0AEBC : 49;
0AEBD : 49;
0AEBE : 49;
0AEBF : 25;
0AEC0 : 25;
0AEC1 : 25;
0AEC2 : 25;
0AEC3 : 25;
0AEC4 : 4D;
0AEC5 : 49;
0AEC6 : 25;
0AEC7 : 00;
0AEC8 : 25;
0AEC9 : 49;
0AECA : 49;
0AECB : 49;
0AECC : 49;
0AECD : 49;
0AECE : 25;
0AECF : 49;
0AED0 : 25;
0AED1 : 49;
0AED2 : 49;
0AED3 : 49;
0AED4 : 49;
0AED5 : 49;
0AED6 : 25;
0AED7 : 24;
0AED8 : 25;
0AED9 : 49;
0AEDA : 6E;
0AEDB : 6E;
0AEDC : 49;
0AEDD : 6E;
0AEDE : 25;
0AEDF : 25;
0AEE0 : 49;
0AEE1 : 45;
0AEE2 : 49;
0AEE3 : 00;
0AEE4 : 25;
0AEE5 : 49;
0AEE6 : 25;
0AEE7 : 20;
0AEE8 : 25;
0AEE9 : 45;
0AEEA : 45;
0AEEB : 49;
0AEEC : 49;
0AEED : 45;
0AEEE : 25;
0AEEF : 25;
0AEF0 : 49;
0AEF1 : 49;
0AEF2 : 25;
0AEF3 : 49;
0AEF4 : 49;
0AEF5 : 00;
0AEF6 : 00;
0AEF7 : 25;
0AEF8 : 4D;
0AEF9 : 25;
0AEFA : 6E;
0AEFB : 49;
0AEFC : 49;
0AEFD : 49;
0AEFE : 25;
0AEFF : 25;
0AF00 : 49;
0AF01 : 25;
0AF02 : 49;
0AF03 : 49;
0AF04 : 25;
0AF05 : 25;
0AF06 : 25;
0AF07 : 25;
0AF08 : 25;
0AF09 : 25;
0AF0A : 25;
0AF0B : 49;
0AF0C : 49;
0AF0D : 25;
0AF0E : 25;
0AF0F : 4D;
0AF10 : 25;
0AF11 : 49;
0AF12 : 25;
0AF13 : 25;
0AF14 : 25;
0AF15 : 49;
0AF16 : 20;
0AF17 : 49;
0AF18 : 4D;
0AF19 : 25;
0AF1A : 49;
0AF1B : 49;
0AF1C : 49;
0AF1D : 6E;
0AF1E : 25;
0AF1F : 49;
0AF20 : 25;
0AF21 : 25;
0AF22 : 45;
0AF23 : 49;
0AF24 : 25;
0AF25 : 49;
0AF26 : 25;
0AF27 : 49;
0AF28 : 25;
0AF29 : 25;
0AF2A : 25;
0AF2B : 6D;
0AF2C : 49;
0AF2D : 49;
0AF2E : 25;
0AF2F : 25;
0AF30 : 25;
0AF31 : 25;
0AF32 : 25;
0AF33 : 25;
0AF34 : 25;
0AF35 : 49;
0AF36 : 25;
0AF37 : 25;
0AF38 : 25;
0AF39 : 49;
0AF3A : 25;
0AF3B : 49;
0AF3C : 4D;
0AF3D : 49;
0AF3E : 25;
0AF3F : 49;
0AF40 : 20;
0AF41 : 25;
0AF42 : 25;
0AF43 : 25;
0AF44 : 25;
0AF45 : 25;
0AF46 : 25;
0AF47 : 25;
0AF48 : 25;
0AF49 : 25;
0AF4A : 25;
0AF4B : 24;
0AF4C : 25;
0AF4D : 25;
0AF4E : 25;
0AF4F : 25;
0AF50 : 25;
0AF51 : 25;
0AF52 : 25;
0AF53 : 25;
0AF54 : 25;
0AF55 : 25;
0AF56 : 49;
0AF57 : 49;
0AF58 : 49;
0AF59 : 25;
0AF5A : 25;
0AF5B : 49;
0AF5C : 25;
0AF5D : 25;
0AF5E : 49;
0AF5F : 25;
0AF60 : 49;
0AF61 : 25;
0AF62 : 25;
0AF63 : 25;
0AF64 : 25;
0AF65 : 25;
0AF66 : 25;
0AF67 : 25;
0AF68 : 25;
0AF69 : 25;
0AF6A : 25;
0AF6B : 45;
0AF6C : 25;
0AF6D : 49;
0AF6E : 25;
0AF6F : 25;
0AF70 : 25;
0AF71 : 25;
0AF72 : 25;
0AF73 : 25;
0AF74 : 49;
0AF75 : 49;
0AF76 : 25;
0AF77 : 25;
0AF78 : 25;
0AF79 : 25;
0AF7A : 25;
0AF7B : 25;
0AF7C : 49;
0AF7D : 25;
0AF7E : 49;
0AF7F : 49;
0AF80 : 25;
0AF81 : 25;
0AF82 : 25;
0AF83 : 25;
0AF84 : 25;
0AF85 : 25;
0AF86 : 25;
0AF87 : 25;
0AF88 : 25;
0AF89 : 25;
0AF8A : 25;
0AF8B : 25;
0AF8C : 25;
0AF8D : 25;
0AF8E : 25;
0AF8F : 25;
0AF90 : 25;
0AF91 : 25;
0AF92 : 25;
0AF93 : 25;
0AF94 : 24;
0AF95 : 25;
0AF96 : 00;
0AF97 : 49;
0AF98 : 25;
0AF99 : 49;
0AF9A : 25;
0AF9B : 49;
0AF9C : 49;
0AF9D : 49;
0AF9E : 49;
0AF9F : 25;
0AFA0 : 25;
0AFA1 : 25;
0AFA2 : 25;
0AFA3 : 25;
0AFA4 : 25;
0AFA5 : 25;
0AFA6 : 25;
0AFA7 : 29;
0AFA8 : 25;
0AFA9 : 25;
0AFAA : 25;
0AFAB : 25;
0AFAC : 25;
0AFAD : 25;
0AFAE : 25;
0AFAF : 25;
0AFB0 : 25;
0AFB1 : 25;
0AFB2 : 25;
0AFB3 : 49;
0AFB4 : 25;
0AFB5 : 24;
0AFB6 : 00;
0AFB7 : 49;
0AFB8 : 49;
0AFB9 : 25;
0AFBA : 49;
0AFBB : 4D;
0AFBC : 49;
0AFBD : 25;
0AFBE : 49;
0AFBF : 49;
0AFC0 : 25;
0AFC1 : 25;
0AFC2 : 25;
0AFC3 : 25;
0AFC4 : 25;
0AFC5 : 49;
0AFC6 : 49;
0AFC7 : 49;
0AFC8 : 25;
0AFC9 : 49;
0AFCA : 25;
0AFCB : 25;
0AFCC : 25;
0AFCD : 25;
0AFCE : 25;
0AFCF : 25;
0AFD0 : 25;
0AFD1 : 25;
0AFD2 : 25;
0AFD3 : 25;
0AFD4 : 25;
0AFD5 : 24;
0AFD6 : 00;
0AFD7 : 49;
0AFD8 : 49;
0AFD9 : 49;
0AFDA : 49;
0AFDB : 49;
0AFDC : 49;
0AFDD : 49;
0AFDE : 49;
0AFDF : 25;
0AFE0 : 25;
0AFE1 : 25;
0AFE2 : 25;
0AFE3 : 25;
0AFE4 : 25;
0AFE5 : 29;
0AFE6 : 49;
0AFE7 : 49;
0AFE8 : 25;
0AFE9 : 25;
0AFEA : 25;
0AFEB : 25;
0AFEC : 25;
0AFED : 25;
0AFEE : 25;
0AFEF : 25;
0AFF0 : 25;
0AFF1 : 25;
0AFF2 : 25;
0AFF3 : 49;
0AFF4 : 25;
0AFF5 : 24;
0AFF6 : 25;
0AFF7 : 25;
0AFF8 : 6D;
0AFF9 : 4D;
0AFFA : 49;
0AFFB : 49;
0AFFC : 49;
0AFFD : 49;
0AFFE : 25;
0AFFF : 25;
0B000 : 49;
0B001 : 49;
0B002 : 49;
0B003 : 49;
0B004 : 49;
0B005 : 49;
0B006 : 45;
0B007 : 45;
0B008 : 45;
0B009 : 49;
0B00A : 49;
0B00B : 49;
0B00C : 49;
0B00D : 45;
0B00E : 49;
0B00F : 49;
0B010 : 25;
0B011 : 25;
0B012 : 25;
0B013 : 6D;
0B014 : 49;
0B015 : 49;
0B016 : 49;
0B017 : 49;
0B018 : 49;
0B019 : 49;
0B01A : 49;
0B01B : 25;
0B01C : 49;
0B01D : 49;
0B01E : 49;
0B01F : 49;
0B020 : 49;
0B021 : 49;
0B022 : 49;
0B023 : 49;
0B024 : 49;
0B025 : 49;
0B026 : 49;
0B027 : 49;
0B028 : 49;
0B029 : 49;
0B02A : 49;
0B02B : 49;
0B02C : 49;
0B02D : 49;
0B02E : 49;
0B02F : 49;
0B030 : 49;
0B031 : 49;
0B032 : 49;
0B033 : 25;
0B034 : 25;
0B035 : 25;
0B036 : 25;
0B037 : 6E;
0B038 : 49;
0B039 : 25;
0B03A : 25;
0B03B : 25;
0B03C : 25;
0B03D : 24;
0B03E : 25;
0B03F : 25;
0B040 : 45;
0B041 : 49;
0B042 : 45;
0B043 : 49;
0B044 : 49;
0B045 : 49;
0B046 : 45;
0B047 : 25;
0B048 : 25;
0B049 : 25;
0B04A : 45;
0B04B : 25;
0B04C : 49;
0B04D : 49;
0B04E : 49;
0B04F : 25;
0B050 : 49;
0B051 : 49;
0B052 : 49;
0B053 : 49;
0B054 : 25;
0B055 : 25;
0B056 : 25;
0B057 : 49;
0B058 : 25;
0B059 : 25;
0B05A : 25;
0B05B : 25;
0B05C : 25;
0B05D : 25;
0B05E : 25;
0B05F : 25;
0B060 : 49;
0B061 : 49;
0B062 : 49;
0B063 : 25;
0B064 : 45;
0B065 : 25;
0B066 : 25;
0B067 : 25;
0B068 : 25;
0B069 : 25;
0B06A : 25;
0B06B : 25;
0B06C : 49;
0B06D : 49;
0B06E : 49;
0B06F : 25;
0B070 : 45;
0B071 : 45;
0B072 : 45;
0B073 : 25;
0B074 : 49;
0B075 : 6D;
0B076 : 49;
0B077 : 6D;
0B078 : 25;
0B079 : 49;
0B07A : 25;
0B07B : 25;
0B07C : 25;
0B07D : 25;
0B07E : 25;
0B07F : 25;
0B080 : 49;
0B081 : 25;
0B082 : 25;
0B083 : 49;
0B084 : 45;
0B085 : 25;
0B086 : 25;
0B087 : 25;
0B088 : 25;
0B089 : 25;
0B08A : 49;
0B08B : 45;
0B08C : 49;
0B08D : 49;
0B08E : 49;
0B08F : 25;
0B090 : 45;
0B091 : 25;
0B092 : 25;
0B093 : 49;
0B094 : 49;
0B095 : 6D;
0B096 : 49;
0B097 : 49;
0B098 : 49;
0B099 : 24;
0B09A : 20;
0B09B : 24;
0B09C : 25;
0B09D : 25;
0B09E : 25;
0B09F : 25;
0B0A0 : 49;
0B0A1 : 49;
0B0A2 : 25;
0B0A3 : 25;
0B0A4 : 25;
0B0A5 : 25;
0B0A6 : 45;
0B0A7 : 45;
0B0A8 : 45;
0B0A9 : 25;
0B0AA : 25;
0B0AB : 45;
0B0AC : 25;
0B0AD : 49;
0B0AE : 49;
0B0AF : 45;
0B0B0 : 25;
0B0B1 : 25;
0B0B2 : 49;
0B0B3 : 49;
0B0B4 : 49;
0B0B5 : 49;
0B0B6 : 49;
0B0B7 : 49;
0B0B8 : 49;
0B0B9 : 49;
0B0BA : 25;
0B0BB : 49;
0B0BC : 25;
0B0BD : 25;
0B0BE : 49;
0B0BF : 25;
0B0C0 : 49;
0B0C1 : 49;
0B0C2 : 49;
0B0C3 : 49;
0B0C4 : 25;
0B0C5 : 49;
0B0C6 : 49;
0B0C7 : 25;
0B0C8 : 25;
0B0C9 : 25;
0B0CA : 25;
0B0CB : 25;
0B0CC : 25;
0B0CD : 25;
0B0CE : 49;
0B0CF : 25;
0B0D0 : 49;
0B0D1 : 25;
0B0D2 : 49;
0B0D3 : 49;
0B0D4 : 49;
0B0D5 : 49;
0B0D6 : 6D;
0B0D7 : 6E;
0B0D8 : 49;
0B0D9 : 49;
0B0DA : 49;
0B0DB : 00;
0B0DC : 25;
0B0DD : 25;
0B0DE : 25;
0B0DF : 25;
0B0E0 : 25;
0B0E1 : 25;
0B0E2 : 49;
0B0E3 : 49;
0B0E4 : 6E;
0B0E5 : 49;
0B0E6 : 25;
0B0E7 : 45;
0B0E8 : 45;
0B0E9 : 25;
0B0EA : 45;
0B0EB : 25;
0B0EC : 25;
0B0ED : 25;
0B0EE : 49;
0B0EF : 49;
0B0F0 : 25;
0B0F1 : 49;
0B0F2 : 25;
0B0F3 : 25;
0B0F4 : 49;
0B0F5 : 25;
0B0F6 : 49;
0B0F7 : 49;
0B0F8 : 49;
0B0F9 : 6E;
0B0FA : 49;
0B0FB : 25;
0B0FC : 25;
0B0FD : 25;
0B0FE : 25;
0B0FF : 25;
0B100 : 25;
0B101 : 25;
0B102 : 25;
0B103 : 25;
0B104 : 25;
0B105 : 25;
0B106 : 49;
0B107 : 45;
0B108 : 25;
0B109 : 25;
0B10A : 25;
0B10B : 25;
0B10C : 25;
0B10D : 49;
0B10E : 49;
0B10F : 49;
0B110 : 25;
0B111 : 49;
0B112 : 25;
0B113 : 49;
0B114 : 49;
0B115 : 25;
0B116 : 6E;
0B117 : 49;
0B118 : 49;
0B119 : 49;
0B11A : 49;
0B11B : 49;
0B11C : 49;
0B11D : 20;
0B11E : 25;
0B11F : 25;
0B120 : 25;
0B121 : 25;
0B122 : 25;
0B123 : 25;
0B124 : 25;
0B125 : 25;
0B126 : 25;
0B127 : 25;
0B128 : 25;
0B129 : 25;
0B12A : 25;
0B12B : 49;
0B12C : 25;
0B12D : 49;
0B12E : 49;
0B12F : 45;
0B130 : 49;
0B131 : 25;
0B132 : 49;
0B133 : 25;
0B134 : 25;
0B135 : 49;
0B136 : 25;
0B137 : 45;
0B138 : 49;
0B139 : 49;
0B13A : 49;
0B13B : 49;
0B13C : 25;
0B13D : 25;
0B13E : 25;
0B13F : 25;
0B140 : 49;
0B141 : 25;
0B142 : 25;
0B143 : 45;
0B144 : 25;
0B145 : 25;
0B146 : 25;
0B147 : 49;
0B148 : 49;
0B149 : 25;
0B14A : 6D;
0B14B : 49;
0B14C : 49;
0B14D : 4D;
0B14E : 25;
0B14F : 49;
0B150 : 49;
0B151 : 25;
0B152 : 49;
0B153 : 49;
0B154 : 49;
0B155 : 49;
0B156 : 49;
0B157 : 49;
0B158 : 49;
0B159 : 25;
0B15A : 49;
0B15B : 49;
0B15C : 49;
0B15D : 25;
0B15E : 00;
0B15F : 20;
0B160 : 49;
0B161 : 25;
0B162 : 25;
0B163 : 49;
0B164 : 49;
0B165 : 45;
0B166 : 00;
0B167 : 00;
0B168 : 25;
0B169 : 25;
0B16A : 25;
0B16B : 49;
0B16C : 49;
0B16D : 25;
0B16E : 49;
0B16F : 49;
0B170 : 25;
0B171 : 25;
0B172 : 49;
0B173 : 49;
0B174 : 49;
0B175 : 49;
0B176 : 49;
0B177 : 25;
0B178 : 49;
0B179 : 49;
0B17A : 49;
0B17B : 49;
0B17C : 25;
0B17D : 25;
0B17E : 25;
0B17F : 25;
0B180 : 25;
0B181 : 24;
0B182 : 25;
0B183 : 25;
0B184 : 45;
0B185 : 49;
0B186 : 49;
0B187 : 25;
0B188 : 45;
0B189 : 49;
0B18A : 49;
0B18B : 25;
0B18C : 49;
0B18D : 25;
0B18E : 49;
0B18F : 49;
0B190 : 49;
0B191 : 25;
0B192 : 49;
0B193 : 49;
0B194 : 49;
0B195 : 49;
0B196 : 25;
0B197 : 49;
0B198 : 49;
0B199 : 49;
0B19A : 25;
0B19B : 49;
0B19C : 49;
0B19D : 49;
0B19E : 49;
0B19F : 49;
0B1A0 : 25;
0B1A1 : 25;
0B1A2 : 00;
0B1A3 : 49;
0B1A4 : 49;
0B1A5 : 25;
0B1A6 : 49;
0B1A7 : 24;
0B1A8 : 49;
0B1A9 : 49;
0B1AA : 49;
0B1AB : 25;
0B1AC : 49;
0B1AD : 49;
0B1AE : 49;
0B1AF : 6E;
0B1B0 : 49;
0B1B1 : 49;
0B1B2 : 25;
0B1B3 : 25;
0B1B4 : 49;
0B1B5 : 25;
0B1B6 : 25;
0B1B7 : 49;
0B1B8 : 25;
0B1B9 : 25;
0B1BA : 49;
0B1BB : 49;
0B1BC : 49;
0B1BD : 49;
0B1BE : 49;
0B1BF : 49;
0B1C0 : 25;
0B1C1 : 25;
0B1C2 : 00;
0B1C3 : 25;
0B1C4 : 25;
0B1C5 : 49;
0B1C6 : 49;
0B1C7 : 49;
0B1C8 : 6D;
0B1C9 : 6D;
0B1CA : 49;
0B1CB : 49;
0B1CC : 6E;
0B1CD : 4D;
0B1CE : 25;
0B1CF : 25;
0B1D0 : 25;
0B1D1 : 25;
0B1D2 : 25;
0B1D3 : 49;
0B1D4 : 49;
0B1D5 : 49;
0B1D6 : 25;
0B1D7 : 25;
0B1D8 : 25;
0B1D9 : 45;
0B1DA : 25;
0B1DB : 25;
0B1DC : 25;
0B1DD : 25;
0B1DE : 25;
0B1DF : 25;
0B1E0 : 25;
0B1E1 : 25;
0B1E2 : 49;
0B1E3 : 49;
0B1E4 : 49;
0B1E5 : 49;
0B1E6 : 49;
0B1E7 : 49;
0B1E8 : 49;
0B1E9 : 49;
0B1EA : 6D;
0B1EB : 49;
0B1EC : 25;
0B1ED : 25;
0B1EE : 25;
0B1EF : 25;
0B1F0 : 25;
0B1F1 : 25;
0B1F2 : 45;
0B1F3 : 49;
0B1F4 : 49;
0B1F5 : 25;
0B1F6 : 25;
0B1F7 : 25;
0B1F8 : 25;
0B1F9 : 25;
0B1FA : 25;
0B1FB : 45;
0B1FC : 25;
0B1FD : 49;
0B1FE : 25;
0B1FF : 25;
0B200 : 49;
0B201 : 49;
0B202 : 25;
0B203 : 6D;
0B204 : 49;
0B205 : 49;
0B206 : 49;
0B207 : 49;
0B208 : 49;
0B209 : 49;
0B20A : 49;
0B20B : 25;
0B20C : 49;
0B20D : 6D;
0B20E : 25;
0B20F : 49;
0B210 : 25;
0B211 : 25;
0B212 : 25;
0B213 : 25;
0B214 : 49;
0B215 : 25;
0B216 : 25;
0B217 : 25;
0B218 : 25;
0B219 : 49;
0B21A : 25;
0B21B : 25;
0B21C : 49;
0B21D : 49;
0B21E : 25;
0B21F : 25;
0B220 : 6E;
0B221 : 49;
0B222 : 49;
0B223 : 6E;
0B224 : 25;
0B225 : 49;
0B226 : 49;
0B227 : 25;
0B228 : 25;
0B229 : 25;
0B22A : 00;
0B22B : 49;
0B22C : 6E;
0B22D : 6D;
0B22E : 25;
0B22F : 49;
0B230 : 45;
0B231 : 25;
0B232 : 25;
0B233 : 49;
0B234 : 25;
0B235 : 25;
0B236 : 25;
0B237 : 25;
0B238 : 25;
0B239 : 25;
0B23A : 25;
0B23B : 45;
0B23C : 45;
0B23D : 25;
0B23E : 25;
0B23F : 25;
0B240 : 6D;
0B241 : 6E;
0B242 : 6E;
0B243 : 6E;
0B244 : 6E;
0B245 : 49;
0B246 : 25;
0B247 : 49;
0B248 : 25;
0B249 : 25;
0B24A : 25;
0B24B : 25;
0B24C : 25;
0B24D : 25;
0B24E : 25;
0B24F : 49;
0B250 : 25;
0B251 : 25;
0B252 : 25;
0B253 : 49;
0B254 : 49;
0B255 : 49;
0B256 : 25;
0B257 : 25;
0B258 : 25;
0B259 : 25;
0B25A : 25;
0B25B : 25;
0B25C : 25;
0B25D : 25;
0B25E : 25;
0B25F : 25;
0B260 : 25;
0B261 : 49;
0B262 : 49;
0B263 : 49;
0B264 : 6E;
0B265 : 49;
0B266 : 49;
0B267 : 49;
0B268 : 25;
0B269 : 45;
0B26A : 25;
0B26B : 25;
0B26C : 25;
0B26D : 25;
0B26E : 25;
0B26F : 49;
0B270 : 49;
0B271 : 25;
0B272 : 25;
0B273 : 25;
0B274 : 45;
0B275 : 25;
0B276 : 45;
0B277 : 25;
0B278 : 25;
0B279 : 25;
0B27A : 49;
0B27B : 49;
0B27C : 25;
0B27D : 25;
0B27E : 25;
0B27F : 25;
0B280 : 49;
0B281 : 25;
0B282 : 49;
0B283 : 6E;
0B284 : 6E;
0B285 : 49;
0B286 : 25;
0B287 : 49;
0B288 : 25;
0B289 : 25;
0B28A : 49;
0B28B : 25;
0B28C : 49;
0B28D : 25;
0B28E : 25;
0B28F : 25;
0B290 : 49;
0B291 : 25;
0B292 : 25;
0B293 : 25;
0B294 : 25;
0B295 : 25;
0B296 : 25;
0B297 : 25;
0B298 : 25;
0B299 : 00;
0B29A : 00;
0B29B : 00;
0B29C : 25;
0B29D : 49;
0B29E : 25;
0B29F : 25;
0B2A0 : 6E;
0B2A1 : 6D;
0B2A2 : 49;
0B2A3 : 6E;
0B2A4 : 72;
0B2A5 : 6E;
0B2A6 : 49;
0B2A7 : 25;
0B2A8 : 49;
0B2A9 : 49;
0B2AA : 49;
0B2AB : 49;
0B2AC : 25;
0B2AD : 25;
0B2AE : 25;
0B2AF : 25;
0B2B0 : 00;
0B2B1 : 25;
0B2B2 : 25;
0B2B3 : 25;
0B2B4 : 25;
0B2B5 : 25;
0B2B6 : 25;
0B2B7 : 25;
0B2B8 : 25;
0B2B9 : 25;
0B2BA : 25;
0B2BB : 25;
0B2BC : 25;
0B2BD : 25;
0B2BE : 25;
0B2BF : 25;
0B2C0 : 49;
0B2C1 : 25;
0B2C2 : 6D;
0B2C3 : 29;
0B2C4 : 25;
0B2C5 : 49;
0B2C6 : 49;
0B2C7 : 49;
0B2C8 : 49;
0B2C9 : 25;
0B2CA : 49;
0B2CB : 25;
0B2CC : 25;
0B2CD : 25;
0B2CE : 25;
0B2CF : 25;
0B2D0 : 25;
0B2D1 : 25;
0B2D2 : 25;
0B2D3 : 25;
0B2D4 : 25;
0B2D5 : 25;
0B2D6 : 24;
0B2D7 : 25;
0B2D8 : 25;
0B2D9 : 25;
0B2DA : 24;
0B2DB : 25;
0B2DC : 25;
0B2DD : 25;
0B2DE : 25;
0B2DF : 25;
0B2E0 : 25;
0B2E1 : 49;
0B2E2 : 25;
0B2E3 : 00;
0B2E4 : 25;
0B2E5 : 25;
0B2E6 : 49;
0B2E7 : 25;
0B2E8 : 49;
0B2E9 : 25;
0B2EA : 25;
0B2EB : 49;
0B2EC : 49;
0B2ED : 49;
0B2EE : 25;
0B2EF : 45;
0B2F0 : 25;
0B2F1 : 25;
0B2F2 : 25;
0B2F3 : 25;
0B2F4 : 25;
0B2F5 : 25;
0B2F6 : 25;
0B2F7 : 25;
0B2F8 : 25;
0B2F9 : 25;
0B2FA : 24;
0B2FB : 25;
0B2FC : 25;
0B2FD : 25;
0B2FE : 25;
0B2FF : 25;
0B300 : 49;
0B301 : 49;
0B302 : 25;
0B303 : 49;
0B304 : 49;
0B305 : 25;
0B306 : 49;
0B307 : 49;
0B308 : 49;
0B309 : 49;
0B30A : 49;
0B30B : 49;
0B30C : 49;
0B30D : 49;
0B30E : 25;
0B30F : 45;
0B310 : 25;
0B311 : 25;
0B312 : 25;
0B313 : 25;
0B314 : 25;
0B315 : 25;
0B316 : 25;
0B317 : 25;
0B318 : 25;
0B319 : 25;
0B31A : 25;
0B31B : 25;
0B31C : 25;
0B31D : 25;
0B31E : 25;
0B31F : 25;
0B320 : 25;
0B321 : 25;
0B322 : 49;
0B323 : 49;
0B324 : 45;
0B325 : 25;
0B326 : 49;
0B327 : 49;
0B328 : 49;
0B329 : 49;
0B32A : 49;
0B32B : 49;
0B32C : 49;
0B32D : 49;
0B32E : 49;
0B32F : 25;
0B330 : 25;
0B331 : 25;
0B332 : 25;
0B333 : 25;
0B334 : 25;
0B335 : 25;
0B336 : 25;
0B337 : 25;
0B338 : 25;
0B339 : 25;
0B33A : 25;
0B33B : 25;
0B33C : 25;
0B33D : 25;
0B33E : 25;
0B33F : 25;
0B340 : 25;
0B341 : 25;
0B342 : 25;
0B343 : 49;
0B344 : 49;
0B345 : 49;
0B346 : 49;
0B347 : 49;
0B348 : 49;
0B349 : 49;
0B34A : 49;
0B34B : 6E;
0B34C : 49;
0B34D : 49;
0B34E : 49;
0B34F : 25;
0B350 : 25;
0B351 : 25;
0B352 : 25;
0B353 : 25;
0B354 : 25;
0B355 : 25;
0B356 : 25;
0B357 : 25;
0B358 : 25;
0B359 : 25;
0B35A : 25;
0B35B : 25;
0B35C : 25;
0B35D : 25;
0B35E : 25;
0B35F : 49;
0B360 : 49;
0B361 : 49;
0B362 : 25;
0B363 : 49;
0B364 : 49;
0B365 : 49;
0B366 : 6D;
0B367 : 49;
0B368 : 49;
0B369 : 49;
0B36A : 6D;
0B36B : 6D;
0B36C : 49;
0B36D : 49;
0B36E : 49;
0B36F : 49;
0B370 : 25;
0B371 : 25;
0B372 : 25;
0B373 : 25;
0B374 : 25;
0B375 : 25;
0B376 : 25;
0B377 : 25;
0B378 : 25;
0B379 : 25;
0B37A : 25;
0B37B : 25;
0B37C : 25;
0B37D : 25;
0B37E : 25;
0B37F : 25;
0B380 : 49;
0B381 : 49;
0B382 : 49;
0B383 : 25;
0B384 : 49;
0B385 : 49;
0B386 : 49;
0B387 : 49;
0B388 : 6E;
0B389 : 6D;
0B38A : 6E;
0B38B : 49;
0B38C : 6D;
0B38D : 49;
0B38E : 25;
0B38F : 25;
0B390 : 25;
0B391 : 25;
0B392 : 25;
0B393 : 25;
0B394 : 25;
0B395 : 25;
0B396 : 45;
0B397 : 25;
0B398 : 25;
0B399 : 25;
0B39A : 25;
0B39B : 25;
0B39C : 25;
0B39D : 25;
0B39E : 25;
0B39F : 25;
0B3A0 : 49;
0B3A1 : 49;
0B3A2 : 49;
0B3A3 : 49;
0B3A4 : 49;
0B3A5 : 49;
0B3A6 : 25;
0B3A7 : 25;
0B3A8 : 25;
0B3A9 : 49;
0B3AA : 49;
0B3AB : 49;
0B3AC : 6D;
0B3AD : 25;
0B3AE : 49;
0B3AF : 25;
0B3B0 : 25;
0B3B1 : 25;
0B3B2 : 25;
0B3B3 : 25;
0B3B4 : 25;
0B3B5 : 49;
0B3B6 : 49;
0B3B7 : 25;
0B3B8 : 25;
0B3B9 : 25;
0B3BA : 25;
0B3BB : 25;
0B3BC : 25;
0B3BD : 25;
0B3BE : 25;
0B3BF : 25;
0B3C0 : 25;
0B3C1 : 25;
0B3C2 : 49;
0B3C3 : 45;
0B3C4 : 25;
0B3C5 : 49;
0B3C6 : 49;
0B3C7 : 49;
0B3C8 : 25;
0B3C9 : 25;
0B3CA : 25;
0B3CB : 6D;
0B3CC : 25;
0B3CD : 49;
0B3CE : 25;
0B3CF : 49;
0B3D0 : 25;
0B3D1 : 25;
0B3D2 : 25;
0B3D3 : 25;
0B3D4 : 45;
0B3D5 : 49;
0B3D6 : 49;
0B3D7 : 49;
0B3D8 : 25;
0B3D9 : 25;
0B3DA : 25;
0B3DB : 25;
0B3DC : 25;
0B3DD : 25;
0B3DE : 25;
0B3DF : 25;
0B3E0 : 25;
0B3E1 : 25;
0B3E2 : 49;
0B3E3 : 49;
0B3E4 : 49;
0B3E5 : 25;
0B3E6 : 6D;
0B3E7 : 49;
0B3E8 : 49;
0B3E9 : 49;
0B3EA : 49;
0B3EB : 25;
0B3EC : 25;
0B3ED : 25;
0B3EE : 25;
0B3EF : 25;
0B3F0 : 25;
0B3F1 : 25;
0B3F2 : 25;
0B3F3 : 25;
0B3F4 : 25;
0B3F5 : 25;
0B3F6 : 49;
0B3F7 : 49;
0B3F8 : 25;
0B3F9 : 25;
0B3FA : 25;
0B3FB : 25;
0B3FC : 25;
0B3FD : 25;
0B3FE : 25;
0B3FF : 25;
0B400 : 04;
0B401 : 00;
0B402 : 04;
0B403 : 04;
0B404 : 25;
0B405 : 25;
0B406 : 00;
0B407 : 04;
0B408 : 00;
0B409 : 00;
0B40A : 00;
0B40B : 04;
0B40C : 24;
0B40D : 00;
0B40E : 00;
0B40F : 00;
0B410 : 25;
0B411 : 25;
0B412 : 29;
0B413 : 49;
0B414 : 4D;
0B415 : 29;
0B416 : 29;
0B417 : 4D;
0B418 : 4D;
0B419 : 71;
0B41A : 49;
0B41B : 49;
0B41C : 24;
0B41D : 24;
0B41E : 24;
0B41F : 00;
0B420 : 24;
0B421 : 24;
0B422 : 24;
0B423 : 25;
0B424 : 25;
0B425 : 29;
0B426 : 00;
0B427 : 00;
0B428 : 00;
0B429 : 00;
0B42A : 00;
0B42B : 00;
0B42C : 00;
0B42D : 00;
0B42E : 00;
0B42F : 00;
0B430 : 04;
0B431 : 24;
0B432 : 29;
0B433 : 25;
0B434 : 29;
0B435 : 4D;
0B436 : 4D;
0B437 : 4D;
0B438 : 4D;
0B439 : 4D;
0B43A : 4D;
0B43B : 25;
0B43C : 25;
0B43D : 24;
0B43E : 24;
0B43F : 00;
0B440 : 25;
0B441 : 25;
0B442 : 04;
0B443 : 25;
0B444 : 29;
0B445 : 25;
0B446 : 29;
0B447 : 24;
0B448 : 25;
0B449 : 25;
0B44A : 29;
0B44B : 29;
0B44C : 25;
0B44D : 00;
0B44E : 24;
0B44F : 04;
0B450 : 00;
0B451 : 04;
0B452 : 29;
0B453 : 04;
0B454 : 49;
0B455 : 4D;
0B456 : 4D;
0B457 : 25;
0B458 : 29;
0B459 : 4D;
0B45A : 29;
0B45B : 25;
0B45C : 25;
0B45D : 04;
0B45E : 25;
0B45F : 00;
0B460 : 25;
0B461 : 25;
0B462 : 25;
0B463 : 25;
0B464 : 29;
0B465 : 25;
0B466 : 29;
0B467 : 49;
0B468 : 49;
0B469 : 49;
0B46A : 29;
0B46B : 25;
0B46C : 04;
0B46D : 29;
0B46E : 00;
0B46F : 04;
0B470 : 00;
0B471 : 25;
0B472 : 25;
0B473 : 24;
0B474 : 4D;
0B475 : 29;
0B476 : 29;
0B477 : 25;
0B478 : 29;
0B479 : 49;
0B47A : 25;
0B47B : 04;
0B47C : 04;
0B47D : 24;
0B47E : 24;
0B47F : 00;
0B480 : 24;
0B481 : 25;
0B482 : 25;
0B483 : 25;
0B484 : 25;
0B485 : 4D;
0B486 : 4D;
0B487 : 4D;
0B488 : 6D;
0B489 : 71;
0B48A : 71;
0B48B : 6D;
0B48C : 4D;
0B48D : 4D;
0B48E : 71;
0B48F : 71;
0B490 : 4D;
0B491 : 24;
0B492 : 24;
0B493 : 25;
0B494 : 29;
0B495 : 4D;
0B496 : 49;
0B497 : 29;
0B498 : 29;
0B499 : 49;
0B49A : 49;
0B49B : 25;
0B49C : 29;
0B49D : 25;
0B49E : 25;
0B49F : 00;
0B4A0 : 25;
0B4A1 : 25;
0B4A2 : 25;
0B4A3 : 25;
0B4A4 : 49;
0B4A5 : 4D;
0B4A6 : 4D;
0B4A7 : 4D;
0B4A8 : 6D;
0B4A9 : 4D;
0B4AA : 6D;
0B4AB : 6D;
0B4AC : 71;
0B4AD : 4D;
0B4AE : 4D;
0B4AF : 29;
0B4B0 : 4D;
0B4B1 : 24;
0B4B2 : 04;
0B4B3 : 25;
0B4B4 : 25;
0B4B5 : 4D;
0B4B6 : 49;
0B4B7 : 29;
0B4B8 : 29;
0B4B9 : 4D;
0B4BA : 29;
0B4BB : 25;
0B4BC : 29;
0B4BD : 29;
0B4BE : 25;
0B4BF : 00;
0B4C0 : 00;
0B4C1 : 00;
0B4C2 : 04;
0B4C3 : 00;
0B4C4 : 71;
0B4C5 : 4D;
0B4C6 : 4D;
0B4C7 : 71;
0B4C8 : 71;
0B4C9 : 71;
0B4CA : 71;
0B4CB : 71;
0B4CC : 71;
0B4CD : 71;
0B4CE : 4D;
0B4CF : 00;
0B4D0 : 24;
0B4D1 : 29;
0B4D2 : 71;
0B4D3 : 25;
0B4D4 : 25;
0B4D5 : 25;
0B4D6 : 49;
0B4D7 : 4D;
0B4D8 : 49;
0B4D9 : 29;
0B4DA : 29;
0B4DB : 25;
0B4DC : 25;
0B4DD : 24;
0B4DE : 25;
0B4DF : 00;
0B4E0 : 00;
0B4E1 : 00;
0B4E2 : 25;
0B4E3 : 25;
0B4E4 : 71;
0B4E5 : 4D;
0B4E6 : 6D;
0B4E7 : 71;
0B4E8 : 4D;
0B4E9 : 71;
0B4EA : 71;
0B4EB : 71;
0B4EC : 6D;
0B4ED : 71;
0B4EE : 6D;
0B4EF : 71;
0B4F0 : 6D;
0B4F1 : 4D;
0B4F2 : 4D;
0B4F3 : 29;
0B4F4 : 25;
0B4F5 : 29;
0B4F6 : 04;
0B4F7 : 4D;
0B4F8 : 4D;
0B4F9 : 49;
0B4FA : 49;
0B4FB : 29;
0B4FC : 25;
0B4FD : 25;
0B4FE : 25;
0B4FF : 00;
0B500 : 00;
0B501 : 04;
0B502 : 25;
0B503 : 25;
0B504 : 71;
0B505 : 4D;
0B506 : 6D;
0B507 : 4D;
0B508 : 29;
0B509 : 71;
0B50A : 71;
0B50B : 71;
0B50C : 71;
0B50D : 4D;
0B50E : 6D;
0B50F : 71;
0B510 : 6D;
0B511 : 4D;
0B512 : 4D;
0B513 : 49;
0B514 : 25;
0B515 : 25;
0B516 : 00;
0B517 : 00;
0B518 : 04;
0B519 : 25;
0B51A : 29;
0B51B : 25;
0B51C : 25;
0B51D : 00;
0B51E : 24;
0B51F : 00;
0B520 : 04;
0B521 : 24;
0B522 : 25;
0B523 : 29;
0B524 : 6D;
0B525 : 4D;
0B526 : 4D;
0B527 : 6D;
0B528 : 71;
0B529 : 71;
0B52A : 6D;
0B52B : 71;
0B52C : 29;
0B52D : 4D;
0B52E : 71;
0B52F : 6D;
0B530 : 4D;
0B531 : 49;
0B532 : 24;
0B533 : 71;
0B534 : 25;
0B535 : 25;
0B536 : 04;
0B537 : 00;
0B538 : 00;
0B539 : 04;
0B53A : 04;
0B53B : 00;
0B53C : 00;
0B53D : 00;
0B53E : 00;
0B53F : 00;
0B540 : 04;
0B541 : 24;
0B542 : 49;
0B543 : 29;
0B544 : 71;
0B545 : 71;
0B546 : 71;
0B547 : 4D;
0B548 : 4D;
0B549 : 4D;
0B54A : 71;
0B54B : 4D;
0B54C : 71;
0B54D : 71;
0B54E : 71;
0B54F : 71;
0B550 : 4D;
0B551 : 6D;
0B552 : 49;
0B553 : 29;
0B554 : 25;
0B555 : 00;
0B556 : 00;
0B557 : 25;
0B558 : 71;
0B559 : 29;
0B55A : 00;
0B55B : 25;
0B55C : 00;
0B55D : 00;
0B55E : 25;
0B55F : 00;
0B560 : 00;
0B561 : 24;
0B562 : 25;
0B563 : 24;
0B564 : 49;
0B565 : 6D;
0B566 : 4D;
0B567 : 71;
0B568 : 71;
0B569 : 6D;
0B56A : 71;
0B56B : 4D;
0B56C : 71;
0B56D : 4D;
0B56E : 49;
0B56F : 04;
0B570 : 4D;
0B571 : 4D;
0B572 : 29;
0B573 : 49;
0B574 : 00;
0B575 : 4D;
0B576 : 29;
0B577 : 4D;
0B578 : 71;
0B579 : 25;
0B57A : 29;
0B57B : 29;
0B57C : 49;
0B57D : 25;
0B57E : 29;
0B57F : 00;
0B580 : 00;
0B581 : 24;
0B582 : 25;
0B583 : 29;
0B584 : 49;
0B585 : 4D;
0B586 : 49;
0B587 : 29;
0B588 : 29;
0B589 : 29;
0B58A : 4D;
0B58B : 4D;
0B58C : 96;
0B58D : 71;
0B58E : 24;
0B58F : 24;
0B590 : 25;
0B591 : 4D;
0B592 : 72;
0B593 : 25;
0B594 : 49;
0B595 : 4D;
0B596 : 4D;
0B597 : 4D;
0B598 : 6D;
0B599 : 71;
0B59A : 29;
0B59B : 25;
0B59C : 29;
0B59D : 4D;
0B59E : 29;
0B59F : 25;
0B5A0 : 00;
0B5A1 : 24;
0B5A2 : 25;
0B5A3 : 25;
0B5A4 : 4D;
0B5A5 : 49;
0B5A6 : 29;
0B5A7 : 49;
0B5A8 : 4D;
0B5A9 : 4D;
0B5AA : 4D;
0B5AB : 49;
0B5AC : 24;
0B5AD : 00;
0B5AE : 04;
0B5AF : 49;
0B5B0 : 04;
0B5B1 : 29;
0B5B2 : 24;
0B5B3 : 4D;
0B5B4 : 4D;
0B5B5 : 4D;
0B5B6 : 4D;
0B5B7 : 4D;
0B5B8 : 71;
0B5B9 : 4D;
0B5BA : 29;
0B5BB : 29;
0B5BC : 29;
0B5BD : 29;
0B5BE : 29;
0B5BF : 25;
0B5C0 : 00;
0B5C1 : 24;
0B5C2 : 25;
0B5C3 : 25;
0B5C4 : 4D;
0B5C5 : 49;
0B5C6 : 29;
0B5C7 : 49;
0B5C8 : 49;
0B5C9 : 49;
0B5CA : 29;
0B5CB : 25;
0B5CC : 24;
0B5CD : 25;
0B5CE : 25;
0B5CF : 4D;
0B5D0 : 29;
0B5D1 : 71;
0B5D2 : 4D;
0B5D3 : 4D;
0B5D4 : 4D;
0B5D5 : 4D;
0B5D6 : 4D;
0B5D7 : 4D;
0B5D8 : 4D;
0B5D9 : 4D;
0B5DA : 29;
0B5DB : 25;
0B5DC : 29;
0B5DD : 29;
0B5DE : 29;
0B5DF : 25;
0B5E0 : 00;
0B5E1 : 24;
0B5E2 : 25;
0B5E3 : 25;
0B5E4 : 72;
0B5E5 : 4D;
0B5E6 : 49;
0B5E7 : 49;
0B5E8 : 49;
0B5E9 : 24;
0B5EA : 24;
0B5EB : 04;
0B5EC : 49;
0B5ED : 25;
0B5EE : 49;
0B5EF : 6D;
0B5F0 : 71;
0B5F1 : 72;
0B5F2 : 71;
0B5F3 : 4D;
0B5F4 : 6D;
0B5F5 : 4D;
0B5F6 : 4D;
0B5F7 : 4D;
0B5F8 : 4D;
0B5F9 : 29;
0B5FA : 29;
0B5FB : 25;
0B5FC : 29;
0B5FD : 29;
0B5FE : 49;
0B5FF : 25;
0B600 : 00;
0B601 : 24;
0B602 : 00;
0B603 : 00;
0B604 : 49;
0B605 : 00;
0B606 : 00;
0B607 : 00;
0B608 : 04;
0B609 : 24;
0B60A : 00;
0B60B : 4D;
0B60C : 4D;
0B60D : 00;
0B60E : 4D;
0B60F : 6D;
0B610 : 4D;
0B611 : 4D;
0B612 : 4D;
0B613 : 6D;
0B614 : 6D;
0B615 : 4D;
0B616 : 4D;
0B617 : 29;
0B618 : 29;
0B619 : 4D;
0B61A : 29;
0B61B : 29;
0B61C : 29;
0B61D : 25;
0B61E : 25;
0B61F : 04;
0B620 : 00;
0B621 : 24;
0B622 : 04;
0B623 : 00;
0B624 : 24;
0B625 : 24;
0B626 : 25;
0B627 : 29;
0B628 : 25;
0B629 : 4D;
0B62A : 49;
0B62B : 49;
0B62C : 71;
0B62D : 6D;
0B62E : 71;
0B62F : 6D;
0B630 : 4D;
0B631 : 4D;
0B632 : 4D;
0B633 : 4D;
0B634 : 49;
0B635 : 04;
0B636 : 29;
0B637 : 4D;
0B638 : 4D;
0B639 : 4D;
0B63A : 25;
0B63B : 25;
0B63C : 29;
0B63D : 25;
0B63E : 25;
0B63F : 24;
0B640 : 00;
0B641 : 04;
0B642 : 00;
0B643 : 00;
0B644 : 04;
0B645 : 04;
0B646 : 00;
0B647 : 49;
0B648 : 29;
0B649 : 4D;
0B64A : 4D;
0B64B : 6D;
0B64C : 4D;
0B64D : 71;
0B64E : 71;
0B64F : 6D;
0B650 : 4D;
0B651 : 4D;
0B652 : 4D;
0B653 : 49;
0B654 : 4D;
0B655 : 49;
0B656 : 4D;
0B657 : 4D;
0B658 : 4D;
0B659 : 4D;
0B65A : 25;
0B65B : 25;
0B65C : 29;
0B65D : 29;
0B65E : 29;
0B65F : 04;
0B660 : 00;
0B661 : 00;
0B662 : 00;
0B663 : 00;
0B664 : 00;
0B665 : 00;
0B666 : 29;
0B667 : 49;
0B668 : 25;
0B669 : 29;
0B66A : 29;
0B66B : 4D;
0B66C : 6D;
0B66D : 6D;
0B66E : 71;
0B66F : 6D;
0B670 : 6D;
0B671 : 4D;
0B672 : 71;
0B673 : 4D;
0B674 : 25;
0B675 : 04;
0B676 : 4D;
0B677 : 4D;
0B678 : 4D;
0B679 : 4D;
0B67A : 25;
0B67B : 29;
0B67C : 29;
0B67D : 29;
0B67E : 25;
0B67F : 04;
0B680 : 00;
0B681 : 00;
0B682 : 24;
0B683 : 25;
0B684 : 29;
0B685 : 04;
0B686 : 00;
0B687 : 4D;
0B688 : 04;
0B689 : 4D;
0B68A : 4D;
0B68B : 4D;
0B68C : 4D;
0B68D : 6D;
0B68E : 6D;
0B68F : 6D;
0B690 : 4D;
0B691 : 6D;
0B692 : 4D;
0B693 : 4D;
0B694 : 4D;
0B695 : 29;
0B696 : 4D;
0B697 : 4D;
0B698 : 29;
0B699 : 4D;
0B69A : 29;
0B69B : 29;
0B69C : 29;
0B69D : 29;
0B69E : 25;
0B69F : 25;
0B6A0 : 00;
0B6A1 : 00;
0B6A2 : 4D;
0B6A3 : 29;
0B6A4 : 49;
0B6A5 : 04;
0B6A6 : 25;
0B6A7 : 49;
0B6A8 : 4D;
0B6A9 : 49;
0B6AA : 6D;
0B6AB : 29;
0B6AC : 4D;
0B6AD : 4D;
0B6AE : 4D;
0B6AF : 6D;
0B6B0 : 4D;
0B6B1 : 4D;
0B6B2 : 4D;
0B6B3 : 4D;
0B6B4 : 71;
0B6B5 : 71;
0B6B6 : 4D;
0B6B7 : 49;
0B6B8 : 4D;
0B6B9 : 29;
0B6BA : 29;
0B6BB : 29;
0B6BC : 29;
0B6BD : 29;
0B6BE : 49;
0B6BF : 25;
0B6C0 : 25;
0B6C1 : 29;
0B6C2 : 4D;
0B6C3 : 4D;
0B6C4 : 4D;
0B6C5 : 4D;
0B6C6 : 4D;
0B6C7 : 4D;
0B6C8 : 4D;
0B6C9 : 4D;
0B6CA : 29;
0B6CB : 29;
0B6CC : 25;
0B6CD : 4D;
0B6CE : 49;
0B6CF : 4D;
0B6D0 : 71;
0B6D1 : 71;
0B6D2 : 71;
0B6D3 : 4D;
0B6D4 : 4D;
0B6D5 : 4D;
0B6D6 : 4D;
0B6D7 : 29;
0B6D8 : 29;
0B6D9 : 4D;
0B6DA : 29;
0B6DB : 29;
0B6DC : 29;
0B6DD : 29;
0B6DE : 04;
0B6DF : 04;
0B6E0 : 29;
0B6E1 : 29;
0B6E2 : 4D;
0B6E3 : 4D;
0B6E4 : 4D;
0B6E5 : 4D;
0B6E6 : 4D;
0B6E7 : 49;
0B6E8 : 25;
0B6E9 : 49;
0B6EA : 29;
0B6EB : 49;
0B6EC : 6D;
0B6ED : 4D;
0B6EE : 71;
0B6EF : 4D;
0B6F0 : 49;
0B6F1 : 29;
0B6F2 : 49;
0B6F3 : 49;
0B6F4 : 4D;
0B6F5 : 4D;
0B6F6 : 4D;
0B6F7 : 4D;
0B6F8 : 49;
0B6F9 : 4D;
0B6FA : 4D;
0B6FB : 29;
0B6FC : 29;
0B6FD : 29;
0B6FE : 00;
0B6FF : 25;
0B700 : 25;
0B701 : 29;
0B702 : 4D;
0B703 : 49;
0B704 : 29;
0B705 : 4D;
0B706 : 49;
0B707 : 49;
0B708 : 29;
0B709 : 29;
0B70A : 29;
0B70B : 29;
0B70C : 04;
0B70D : 49;
0B70E : 49;
0B70F : 29;
0B710 : 29;
0B711 : 29;
0B712 : 29;
0B713 : 4D;
0B714 : 4D;
0B715 : 4D;
0B716 : 71;
0B717 : 4D;
0B718 : 4D;
0B719 : 49;
0B71A : 29;
0B71B : 49;
0B71C : 29;
0B71D : 25;
0B71E : 04;
0B71F : 24;
0B720 : 04;
0B721 : 25;
0B722 : 29;
0B723 : 24;
0B724 : 29;
0B725 : 71;
0B726 : 4D;
0B727 : 49;
0B728 : 4D;
0B729 : 4D;
0B72A : 29;
0B72B : 25;
0B72C : 25;
0B72D : 00;
0B72E : 71;
0B72F : 25;
0B730 : 49;
0B731 : 4D;
0B732 : 29;
0B733 : 4D;
0B734 : 4D;
0B735 : 4D;
0B736 : 71;
0B737 : 4D;
0B738 : 6D;
0B739 : 4D;
0B73A : 25;
0B73B : 29;
0B73C : 29;
0B73D : 25;
0B73E : 25;
0B73F : 04;
0B740 : 00;
0B741 : 29;
0B742 : 49;
0B743 : 25;
0B744 : 4D;
0B745 : 4D;
0B746 : 4D;
0B747 : 4D;
0B748 : 29;
0B749 : 29;
0B74A : 4D;
0B74B : 4D;
0B74C : 4D;
0B74D : 29;
0B74E : 24;
0B74F : 4D;
0B750 : 4D;
0B751 : 4D;
0B752 : 4D;
0B753 : 4D;
0B754 : 4D;
0B755 : 71;
0B756 : 4D;
0B757 : 4D;
0B758 : 4D;
0B759 : 29;
0B75A : 25;
0B75B : 25;
0B75C : 29;
0B75D : 25;
0B75E : 25;
0B75F : 00;
0B760 : 00;
0B761 : 04;
0B762 : 24;
0B763 : 25;
0B764 : 29;
0B765 : 4D;
0B766 : 4D;
0B767 : 4D;
0B768 : 4D;
0B769 : 49;
0B76A : 49;
0B76B : 29;
0B76C : 4D;
0B76D : 29;
0B76E : 00;
0B76F : 24;
0B770 : 29;
0B771 : 49;
0B772 : 71;
0B773 : 4D;
0B774 : 71;
0B775 : 4D;
0B776 : 4D;
0B777 : 4D;
0B778 : 4D;
0B779 : 72;
0B77A : 6D;
0B77B : 49;
0B77C : 4D;
0B77D : 25;
0B77E : 4D;
0B77F : 00;
0B780 : 00;
0B781 : 25;
0B782 : 04;
0B783 : 24;
0B784 : 24;
0B785 : 49;
0B786 : 4D;
0B787 : 4D;
0B788 : 4D;
0B789 : 4D;
0B78A : 49;
0B78B : 4D;
0B78C : 4D;
0B78D : 4D;
0B78E : 4D;
0B78F : 29;
0B790 : 49;
0B791 : 29;
0B792 : 4D;
0B793 : 71;
0B794 : 4D;
0B795 : 4D;
0B796 : 71;
0B797 : 4D;
0B798 : 4D;
0B799 : 71;
0B79A : 4D;
0B79B : 29;
0B79C : 29;
0B79D : 29;
0B79E : 4D;
0B79F : 00;
0B7A0 : 00;
0B7A1 : 49;
0B7A2 : 4D;
0B7A3 : 25;
0B7A4 : 29;
0B7A5 : 00;
0B7A6 : 4D;
0B7A7 : 49;
0B7A8 : 49;
0B7A9 : 4D;
0B7AA : 4D;
0B7AB : 4D;
0B7AC : 6D;
0B7AD : 6D;
0B7AE : 6D;
0B7AF : 71;
0B7B0 : 29;
0B7B1 : 24;
0B7B2 : 24;
0B7B3 : 29;
0B7B4 : 4D;
0B7B5 : 4D;
0B7B6 : 4D;
0B7B7 : 4D;
0B7B8 : 4D;
0B7B9 : 4D;
0B7BA : 49;
0B7BB : 49;
0B7BC : 25;
0B7BD : 25;
0B7BE : 25;
0B7BF : 00;
0B7C0 : 00;
0B7C1 : 04;
0B7C2 : 49;
0B7C3 : 4D;
0B7C4 : 29;
0B7C5 : 00;
0B7C6 : 49;
0B7C7 : 29;
0B7C8 : 49;
0B7C9 : 4D;
0B7CA : 4D;
0B7CB : 6D;
0B7CC : 6D;
0B7CD : 71;
0B7CE : 6D;
0B7CF : 4D;
0B7D0 : 49;
0B7D1 : 49;
0B7D2 : 25;
0B7D3 : 00;
0B7D4 : 00;
0B7D5 : 4D;
0B7D6 : 00;
0B7D7 : 04;
0B7D8 : 4D;
0B7D9 : 6D;
0B7DA : 49;
0B7DB : 25;
0B7DC : 29;
0B7DD : 25;
0B7DE : 25;
0B7DF : 00;
0B7E0 : 00;
0B7E1 : 00;
0B7E2 : 00;
0B7E3 : 25;
0B7E4 : 29;
0B7E5 : 29;
0B7E6 : 4D;
0B7E7 : 4D;
0B7E8 : 6D;
0B7E9 : 4D;
0B7EA : 6D;
0B7EB : 71;
0B7EC : 6D;
0B7ED : 6D;
0B7EE : 71;
0B7EF : 6D;
0B7F0 : 4D;
0B7F1 : 49;
0B7F2 : 4D;
0B7F3 : 25;
0B7F4 : 25;
0B7F5 : 00;
0B7F6 : 04;
0B7F7 : 49;
0B7F8 : 49;
0B7F9 : 00;
0B7FA : 25;
0B7FB : 25;
0B7FC : 04;
0B7FD : 00;
0B7FE : 04;
0B7FF : 00;
0B800 : 8C;
0B801 : 8C;
0B802 : 8C;
0B803 : 8C;
0B804 : 8C;
0B805 : 8C;
0B806 : 8C;
0B807 : 8C;
0B808 : 8C;
0B809 : 8C;
0B80A : 8C;
0B80B : 8C;
0B80C : 8C;
0B80D : 8C;
0B80E : 8C;
0B80F : 8C;
0B810 : 8C;
0B811 : 8C;
0B812 : 8C;
0B813 : 8C;
0B814 : 8C;
0B815 : 8C;
0B816 : 8C;
0B817 : 8C;
0B818 : 8C;
0B819 : 8C;
0B81A : 8C;
0B81B : 8C;
0B81C : 8C;
0B81D : 8C;
0B81E : 8C;
0B81F : 8C;
0B820 : 8C;
0B821 : 8C;
0B822 : 8C;
0B823 : 8C;
0B824 : 8C;
0B825 : 8C;
0B826 : 8C;
0B827 : 8C;
0B828 : 8C;
0B829 : 8C;
0B82A : 8C;
0B82B : 8C;
0B82C : 8C;
0B82D : 8C;
0B82E : 8C;
0B82F : 8C;
0B830 : 8C;
0B831 : 8C;
0B832 : 8C;
0B833 : 8C;
0B834 : 8C;
0B835 : 8C;
0B836 : 8C;
0B837 : 8C;
0B838 : 8C;
0B839 : 8C;
0B83A : 8C;
0B83B : 8C;
0B83C : 8C;
0B83D : 8C;
0B83E : 8C;
0B83F : 8C;
0B840 : 8C;
0B841 : 8C;
0B842 : 8C;
0B843 : 8C;
0B844 : 8C;
0B845 : 8C;
0B846 : 8C;
0B847 : 8C;
0B848 : 8C;
0B849 : 8C;
0B84A : 8C;
0B84B : 8C;
0B84C : 8C;
0B84D : 8C;
0B84E : 8C;
0B84F : 8C;
0B850 : 8C;
0B851 : 8C;
0B852 : 8C;
0B853 : 8C;
0B854 : 8C;
0B855 : 8C;
0B856 : 8C;
0B857 : 8C;
0B858 : 8C;
0B859 : 8C;
0B85A : 8C;
0B85B : 8C;
0B85C : 8C;
0B85D : 8C;
0B85E : 8C;
0B85F : 8C;
0B860 : 8C;
0B861 : 8C;
0B862 : 8C;
0B863 : 8C;
0B864 : 8C;
0B865 : 8C;
0B866 : 8C;
0B867 : 8C;
0B868 : 8C;
0B869 : 8C;
0B86A : 8C;
0B86B : 8C;
0B86C : 8C;
0B86D : 8C;
0B86E : 8C;
0B86F : 8C;
0B870 : 8C;
0B871 : 8C;
0B872 : 8C;
0B873 : 8C;
0B874 : 8C;
0B875 : 8C;
0B876 : 8C;
0B877 : 8C;
0B878 : 8C;
0B879 : 8C;
0B87A : 8C;
0B87B : 8C;
0B87C : 8C;
0B87D : 8C;
0B87E : 8C;
0B87F : 8C;
0B880 : 8C;
0B881 : 8C;
0B882 : 8C;
0B883 : 8C;
0B884 : 8C;
0B885 : 8C;
0B886 : 8C;
0B887 : 8C;
0B888 : 8C;
0B889 : 8C;
0B88A : 8C;
0B88B : 8C;
0B88C : 8C;
0B88D : 8C;
0B88E : 8C;
0B88F : 8C;
0B890 : 8C;
0B891 : 8C;
0B892 : 8C;
0B893 : 8C;
0B894 : 8C;
0B895 : 8C;
0B896 : 8C;
0B897 : 8C;
0B898 : 8C;
0B899 : 8C;
0B89A : 8C;
0B89B : 8C;
0B89C : 8C;
0B89D : 8C;
0B89E : 8C;
0B89F : 8C;
0B8A0 : 8C;
0B8A1 : 8C;
0B8A2 : 8C;
0B8A3 : 8C;
0B8A4 : 8C;
0B8A5 : 8C;
0B8A6 : 8C;
0B8A7 : 8C;
0B8A8 : 8C;
0B8A9 : 8C;
0B8AA : 8C;
0B8AB : 8C;
0B8AC : 8C;
0B8AD : 8C;
0B8AE : 8C;
0B8AF : 8C;
0B8B0 : 8C;
0B8B1 : 8C;
0B8B2 : 8C;
0B8B3 : 8C;
0B8B4 : 8C;
0B8B5 : 8C;
0B8B6 : 8C;
0B8B7 : 8C;
0B8B8 : 8C;
0B8B9 : 8C;
0B8BA : 8C;
0B8BB : 8C;
0B8BC : 8C;
0B8BD : 8C;
0B8BE : 8C;
0B8BF : 8C;
0B8C0 : 68;
0B8C1 : 68;
0B8C2 : 68;
0B8C3 : 68;
0B8C4 : 68;
0B8C5 : 68;
0B8C6 : 68;
0B8C7 : 68;
0B8C8 : 68;
0B8C9 : 68;
0B8CA : 68;
0B8CB : 68;
0B8CC : 68;
0B8CD : 68;
0B8CE : 68;
0B8CF : 68;
0B8D0 : 68;
0B8D1 : 68;
0B8D2 : 68;
0B8D3 : 68;
0B8D4 : 68;
0B8D5 : 68;
0B8D6 : 68;
0B8D7 : 68;
0B8D8 : 68;
0B8D9 : 68;
0B8DA : 68;
0B8DB : 68;
0B8DC : 68;
0B8DD : 68;
0B8DE : 68;
0B8DF : 68;
0B8E0 : 68;
0B8E1 : 68;
0B8E2 : 68;
0B8E3 : 68;
0B8E4 : 68;
0B8E5 : 68;
0B8E6 : 68;
0B8E7 : 68;
0B8E8 : 68;
0B8E9 : 68;
0B8EA : 68;
0B8EB : 68;
0B8EC : 68;
0B8ED : 68;
0B8EE : 68;
0B8EF : 68;
0B8F0 : 68;
0B8F1 : 68;
0B8F2 : 68;
0B8F3 : 68;
0B8F4 : 68;
0B8F5 : 68;
0B8F6 : 68;
0B8F7 : 68;
0B8F8 : 68;
0B8F9 : 68;
0B8FA : 68;
0B8FB : 68;
0B8FC : 68;
0B8FD : 68;
0B8FE : 68;
0B8FF : 68;
0B900 : 8C;
0B901 : 8C;
0B902 : 8C;
0B903 : 8C;
0B904 : 8C;
0B905 : 8C;
0B906 : 8C;
0B907 : 8C;
0B908 : 8C;
0B909 : 8C;
0B90A : 8C;
0B90B : 8C;
0B90C : 8C;
0B90D : 8C;
0B90E : 8C;
0B90F : 8C;
0B910 : 8C;
0B911 : 8C;
0B912 : 8C;
0B913 : 8C;
0B914 : 8C;
0B915 : 8C;
0B916 : 8C;
0B917 : 8C;
0B918 : 8C;
0B919 : 8C;
0B91A : 8C;
0B91B : 8C;
0B91C : 8C;
0B91D : 8C;
0B91E : 8C;
0B91F : 8C;
0B920 : 8C;
0B921 : 8C;
0B922 : 8C;
0B923 : 8C;
0B924 : 8C;
0B925 : 8C;
0B926 : 8C;
0B927 : 8C;
0B928 : 8C;
0B929 : 8C;
0B92A : 8C;
0B92B : 8C;
0B92C : 8C;
0B92D : 8C;
0B92E : 8C;
0B92F : 8C;
0B930 : 8C;
0B931 : 8C;
0B932 : 8C;
0B933 : 8C;
0B934 : 8C;
0B935 : 8C;
0B936 : 8C;
0B937 : 8C;
0B938 : 8C;
0B939 : 8C;
0B93A : 8C;
0B93B : 8C;
0B93C : 8C;
0B93D : 8C;
0B93E : 8C;
0B93F : 8C;
0B940 : 8C;
0B941 : 8C;
0B942 : 8C;
0B943 : 8C;
0B944 : 8C;
0B945 : 8C;
0B946 : 8C;
0B947 : 8C;
0B948 : 8C;
0B949 : 8C;
0B94A : 8C;
0B94B : 8C;
0B94C : 8C;
0B94D : 8C;
0B94E : 8C;
0B94F : 8C;
0B950 : 8C;
0B951 : 8C;
0B952 : 8C;
0B953 : 8C;
0B954 : 8C;
0B955 : 8C;
0B956 : 8C;
0B957 : 8C;
0B958 : 8C;
0B959 : 8C;
0B95A : 8C;
0B95B : 8C;
0B95C : 8C;
0B95D : 8C;
0B95E : 8C;
0B95F : 8C;
0B960 : 8C;
0B961 : 8C;
0B962 : 8C;
0B963 : 8C;
0B964 : 8C;
0B965 : 8C;
0B966 : 8C;
0B967 : 8C;
0B968 : 8C;
0B969 : 8C;
0B96A : 8C;
0B96B : 8C;
0B96C : 8C;
0B96D : 8C;
0B96E : 8C;
0B96F : 8C;
0B970 : 8C;
0B971 : 8C;
0B972 : 8C;
0B973 : 8C;
0B974 : 8C;
0B975 : 8C;
0B976 : 8C;
0B977 : 8C;
0B978 : 8C;
0B979 : 8C;
0B97A : 8C;
0B97B : 8C;
0B97C : 8C;
0B97D : 8C;
0B97E : 8C;
0B97F : 8C;
0B980 : 8C;
0B981 : 8C;
0B982 : 8C;
0B983 : 8C;
0B984 : 8C;
0B985 : 8C;
0B986 : 8C;
0B987 : 8C;
0B988 : 8C;
0B989 : 8C;
0B98A : 8C;
0B98B : 8C;
0B98C : 8C;
0B98D : 8C;
0B98E : 8C;
0B98F : 8C;
0B990 : 8C;
0B991 : 8C;
0B992 : 8C;
0B993 : 8C;
0B994 : 8C;
0B995 : 8C;
0B996 : 8C;
0B997 : 8C;
0B998 : 8C;
0B999 : 8C;
0B99A : 8C;
0B99B : 8C;
0B99C : 8C;
0B99D : 8C;
0B99E : 8C;
0B99F : 8C;
0B9A0 : 8C;
0B9A1 : 8C;
0B9A2 : 8C;
0B9A3 : 8C;
0B9A4 : 8C;
0B9A5 : 8C;
0B9A6 : 8C;
0B9A7 : 8C;
0B9A8 : 8C;
0B9A9 : 8C;
0B9AA : 8C;
0B9AB : 8C;
0B9AC : 8C;
0B9AD : 8C;
0B9AE : 8C;
0B9AF : 8C;
0B9B0 : 8C;
0B9B1 : 8C;
0B9B2 : 8C;
0B9B3 : 8C;
0B9B4 : 8C;
0B9B5 : 8C;
0B9B6 : 8C;
0B9B7 : 8C;
0B9B8 : 8C;
0B9B9 : 8C;
0B9BA : 8C;
0B9BB : 8C;
0B9BC : 8C;
0B9BD : 8C;
0B9BE : 8C;
0B9BF : 8C;
0B9C0 : 8C;
0B9C1 : 8C;
0B9C2 : 8C;
0B9C3 : 8C;
0B9C4 : 8C;
0B9C5 : 8C;
0B9C6 : 8C;
0B9C7 : 8C;
0B9C8 : 8C;
0B9C9 : 8C;
0B9CA : 8C;
0B9CB : 8C;
0B9CC : 8C;
0B9CD : 8C;
0B9CE : 8C;
0B9CF : 8C;
0B9D0 : 8C;
0B9D1 : 8C;
0B9D2 : 8C;
0B9D3 : 8C;
0B9D4 : 8C;
0B9D5 : 8C;
0B9D6 : 8C;
0B9D7 : 8C;
0B9D8 : 8C;
0B9D9 : 8C;
0B9DA : 8C;
0B9DB : 8C;
0B9DC : 8C;
0B9DD : 8C;
0B9DE : 8C;
0B9DF : 8C;
0B9E0 : 8C;
0B9E1 : 68;
0B9E2 : 68;
0B9E3 : 68;
0B9E4 : 68;
0B9E5 : 68;
0B9E6 : 68;
0B9E7 : 68;
0B9E8 : 68;
0B9E9 : 68;
0B9EA : 68;
0B9EB : 68;
0B9EC : 68;
0B9ED : 68;
0B9EE : 68;
0B9EF : 68;
0B9F0 : 68;
0B9F1 : 68;
0B9F2 : 68;
0B9F3 : 68;
0B9F4 : 68;
0B9F5 : 68;
0B9F6 : 68;
0B9F7 : 68;
0B9F8 : 68;
0B9F9 : 68;
0B9FA : 68;
0B9FB : 68;
0B9FC : 68;
0B9FD : 68;
0B9FE : 68;
0B9FF : 68;
0BA00 : 68;
0BA01 : 68;
0BA02 : 68;
0BA03 : 68;
0BA04 : 68;
0BA05 : 68;
0BA06 : 68;
0BA07 : 68;
0BA08 : 68;
0BA09 : 68;
0BA0A : 68;
0BA0B : 68;
0BA0C : 68;
0BA0D : 68;
0BA0E : 68;
0BA0F : 68;
0BA10 : 68;
0BA11 : 68;
0BA12 : 68;
0BA13 : 68;
0BA14 : 68;
0BA15 : 68;
0BA16 : 68;
0BA17 : 68;
0BA18 : 68;
0BA19 : 68;
0BA1A : 68;
0BA1B : 68;
0BA1C : 68;
0BA1D : 68;
0BA1E : 68;
0BA1F : 68;
0BA20 : 8C;
0BA21 : 8C;
0BA22 : 8C;
0BA23 : 8C;
0BA24 : 8C;
0BA25 : 8C;
0BA26 : 8C;
0BA27 : 8C;
0BA28 : 8C;
0BA29 : 8C;
0BA2A : 8C;
0BA2B : 8C;
0BA2C : 8C;
0BA2D : 8C;
0BA2E : 8C;
0BA2F : 8C;
0BA30 : 8C;
0BA31 : 8C;
0BA32 : 8C;
0BA33 : 8C;
0BA34 : 8C;
0BA35 : 8C;
0BA36 : 8C;
0BA37 : 8C;
0BA38 : 8C;
0BA39 : 8C;
0BA3A : 8C;
0BA3B : 8C;
0BA3C : 8C;
0BA3D : 8C;
0BA3E : 8C;
0BA3F : 8C;
0BA40 : 8C;
0BA41 : 8C;
0BA42 : 8C;
0BA43 : 8C;
0BA44 : 8C;
0BA45 : 8C;
0BA46 : 8C;
0BA47 : 8C;
0BA48 : 8C;
0BA49 : 8C;
0BA4A : 8C;
0BA4B : 8C;
0BA4C : 8C;
0BA4D : 8C;
0BA4E : 8C;
0BA4F : 8C;
0BA50 : 8C;
0BA51 : 8C;
0BA52 : 8C;
0BA53 : 8C;
0BA54 : 8C;
0BA55 : 8C;
0BA56 : 8C;
0BA57 : 8C;
0BA58 : 8C;
0BA59 : 8C;
0BA5A : 8C;
0BA5B : 8C;
0BA5C : 8C;
0BA5D : 8C;
0BA5E : 8C;
0BA5F : 8C;
0BA60 : 8C;
0BA61 : 8C;
0BA62 : 8C;
0BA63 : 8C;
0BA64 : 8C;
0BA65 : 8C;
0BA66 : 8C;
0BA67 : 8C;
0BA68 : 8C;
0BA69 : 8C;
0BA6A : 8C;
0BA6B : 8C;
0BA6C : 8C;
0BA6D : 8C;
0BA6E : 8C;
0BA6F : 8C;
0BA70 : 8C;
0BA71 : 8C;
0BA72 : 8C;
0BA73 : 8C;
0BA74 : 8C;
0BA75 : 8C;
0BA76 : 8C;
0BA77 : 8C;
0BA78 : 8C;
0BA79 : 8C;
0BA7A : 8C;
0BA7B : 8C;
0BA7C : 8C;
0BA7D : 8C;
0BA7E : 8C;
0BA7F : 8C;
0BA80 : 8C;
0BA81 : 8C;
0BA82 : 8C;
0BA83 : 8C;
0BA84 : 8C;
0BA85 : 8C;
0BA86 : 8C;
0BA87 : 8C;
0BA88 : 8C;
0BA89 : 8C;
0BA8A : 8C;
0BA8B : 8C;
0BA8C : 8C;
0BA8D : 8C;
0BA8E : 8C;
0BA8F : 8C;
0BA90 : 8C;
0BA91 : 8C;
0BA92 : 8C;
0BA93 : 8C;
0BA94 : 8C;
0BA95 : 8C;
0BA96 : 8C;
0BA97 : 8C;
0BA98 : 8C;
0BA99 : 8C;
0BA9A : 8C;
0BA9B : 8C;
0BA9C : 8C;
0BA9D : 8C;
0BA9E : 8C;
0BA9F : 68;
0BAA0 : 8C;
0BAA1 : 8C;
0BAA2 : 8C;
0BAA3 : 8C;
0BAA4 : 8C;
0BAA5 : 8C;
0BAA6 : 8C;
0BAA7 : 8C;
0BAA8 : 8C;
0BAA9 : 8C;
0BAAA : 8C;
0BAAB : 8C;
0BAAC : 8C;
0BAAD : 8C;
0BAAE : 8C;
0BAAF : 8C;
0BAB0 : 8C;
0BAB1 : 8C;
0BAB2 : 8C;
0BAB3 : 8C;
0BAB4 : 8C;
0BAB5 : 8C;
0BAB6 : 8C;
0BAB7 : 8C;
0BAB8 : 8C;
0BAB9 : 8C;
0BABA : 8C;
0BABB : 8C;
0BABC : 8C;
0BABD : 8C;
0BABE : 8C;
0BABF : 8C;
0BAC0 : 8C;
0BAC1 : 8C;
0BAC2 : 8C;
0BAC3 : 8C;
0BAC4 : 8C;
0BAC5 : 8C;
0BAC6 : 8C;
0BAC7 : 8C;
0BAC8 : 8C;
0BAC9 : 8C;
0BACA : 8C;
0BACB : 8C;
0BACC : 8C;
0BACD : 8C;
0BACE : 8C;
0BACF : 8C;
0BAD0 : 8C;
0BAD1 : 8C;
0BAD2 : 8C;
0BAD3 : 8C;
0BAD4 : 8C;
0BAD5 : 8C;
0BAD6 : 8C;
0BAD7 : 8C;
0BAD8 : 8C;
0BAD9 : 8C;
0BADA : 8C;
0BADB : 8C;
0BADC : 8C;
0BADD : 8C;
0BADE : 8C;
0BADF : 8C;
0BAE0 : 8C;
0BAE1 : 8C;
0BAE2 : 8C;
0BAE3 : 8C;
0BAE4 : 8C;
0BAE5 : 8C;
0BAE6 : 8C;
0BAE7 : 8C;
0BAE8 : 8C;
0BAE9 : 8C;
0BAEA : 8C;
0BAEB : 8C;
0BAEC : 8C;
0BAED : 8C;
0BAEE : 8C;
0BAEF : 8C;
0BAF0 : 8C;
0BAF1 : 8C;
0BAF2 : 8C;
0BAF3 : 8C;
0BAF4 : 8C;
0BAF5 : 8C;
0BAF6 : 8C;
0BAF7 : 8C;
0BAF8 : 8C;
0BAF9 : 8C;
0BAFA : 8C;
0BAFB : 8C;
0BAFC : 8C;
0BAFD : 8C;
0BAFE : 8C;
0BAFF : 8C;
0BB00 : 8C;
0BB01 : 8C;
0BB02 : 8C;
0BB03 : 8C;
0BB04 : 8C;
0BB05 : 8C;
0BB06 : 8C;
0BB07 : 8C;
0BB08 : 8C;
0BB09 : 8C;
0BB0A : 8C;
0BB0B : 8C;
0BB0C : 8C;
0BB0D : 8C;
0BB0E : 8C;
0BB0F : 8C;
0BB10 : 8C;
0BB11 : 8C;
0BB12 : 8C;
0BB13 : 8C;
0BB14 : 8C;
0BB15 : 8C;
0BB16 : 8C;
0BB17 : 8C;
0BB18 : 8C;
0BB19 : 8C;
0BB1A : 8C;
0BB1B : 8C;
0BB1C : 8C;
0BB1D : 8C;
0BB1E : 8C;
0BB1F : 8C;
0BB20 : 8C;
0BB21 : 8C;
0BB22 : 8C;
0BB23 : 8C;
0BB24 : 8C;
0BB25 : 8C;
0BB26 : 8C;
0BB27 : 8C;
0BB28 : 8C;
0BB29 : 8C;
0BB2A : 8C;
0BB2B : 8C;
0BB2C : 8C;
0BB2D : 8C;
0BB2E : 8C;
0BB2F : 8C;
0BB30 : 8C;
0BB31 : 8C;
0BB32 : 8C;
0BB33 : 8C;
0BB34 : 8C;
0BB35 : 8C;
0BB36 : 8C;
0BB37 : 8C;
0BB38 : 8C;
0BB39 : 8C;
0BB3A : 8C;
0BB3B : 8C;
0BB3C : 8C;
0BB3D : 8C;
0BB3E : 8C;
0BB3F : 8C;
0BB40 : 8C;
0BB41 : 8C;
0BB42 : 8C;
0BB43 : 8C;
0BB44 : 8C;
0BB45 : 8C;
0BB46 : 8C;
0BB47 : 8C;
0BB48 : 8C;
0BB49 : 8C;
0BB4A : 8C;
0BB4B : 8C;
0BB4C : 8C;
0BB4D : 8C;
0BB4E : 8C;
0BB4F : 8C;
0BB50 : 8C;
0BB51 : 8C;
0BB52 : 8C;
0BB53 : 8C;
0BB54 : 8C;
0BB55 : 8C;
0BB56 : 8C;
0BB57 : 8C;
0BB58 : 8C;
0BB59 : 8C;
0BB5A : 8C;
0BB5B : 8C;
0BB5C : 8C;
0BB5D : 8C;
0BB5E : 8C;
0BB5F : 8C;
0BB60 : 44;
0BB61 : 44;
0BB62 : 44;
0BB63 : 44;
0BB64 : 44;
0BB65 : 44;
0BB66 : 44;
0BB67 : 44;
0BB68 : 44;
0BB69 : 44;
0BB6A : 44;
0BB6B : 44;
0BB6C : 44;
0BB6D : 44;
0BB6E : 44;
0BB6F : 44;
0BB70 : 44;
0BB71 : 44;
0BB72 : 44;
0BB73 : 44;
0BB74 : 44;
0BB75 : 44;
0BB76 : 44;
0BB77 : 44;
0BB78 : 44;
0BB79 : 44;
0BB7A : 44;
0BB7B : 44;
0BB7C : 44;
0BB7D : 44;
0BB7E : 44;
0BB7F : 44;
0BB80 : 44;
0BB81 : 44;
0BB82 : 44;
0BB83 : 44;
0BB84 : 44;
0BB85 : 44;
0BB86 : 44;
0BB87 : 44;
0BB88 : 44;
0BB89 : 44;
0BB8A : 44;
0BB8B : 44;
0BB8C : 44;
0BB8D : 44;
0BB8E : 44;
0BB8F : 44;
0BB90 : 44;
0BB91 : 44;
0BB92 : 44;
0BB93 : 44;
0BB94 : 44;
0BB95 : 44;
0BB96 : 44;
0BB97 : 44;
0BB98 : 44;
0BB99 : 44;
0BB9A : 44;
0BB9B : 44;
0BB9C : 44;
0BB9D : 44;
0BB9E : 44;
0BB9F : 44;
0BBA0 : 8C;
0BBA1 : 8C;
0BBA2 : 8C;
0BBA3 : 8C;
0BBA4 : 8C;
0BBA5 : 8C;
0BBA6 : 8C;
0BBA7 : 8C;
0BBA8 : 8C;
0BBA9 : 8C;
0BBAA : 8C;
0BBAB : 8C;
0BBAC : 8C;
0BBAD : 8C;
0BBAE : 8C;
0BBAF : 8C;
0BBB0 : 8C;
0BBB1 : 8C;
0BBB2 : 8C;
0BBB3 : 8C;
0BBB4 : 8C;
0BBB5 : 8C;
0BBB6 : 8C;
0BBB7 : 8C;
0BBB8 : 8C;
0BBB9 : 8C;
0BBBA : 8C;
0BBBB : 8C;
0BBBC : 8C;
0BBBD : 8C;
0BBBE : 8C;
0BBBF : 8C;
0BBC0 : 8C;
0BBC1 : 8C;
0BBC2 : 8C;
0BBC3 : 8C;
0BBC4 : 8C;
0BBC5 : 8C;
0BBC6 : 8C;
0BBC7 : 8C;
0BBC8 : 8C;
0BBC9 : 8C;
0BBCA : 8C;
0BBCB : 8C;
0BBCC : 8C;
0BBCD : 8C;
0BBCE : 8C;
0BBCF : 8C;
0BBD0 : 8C;
0BBD1 : 8C;
0BBD2 : 8C;
0BBD3 : 8C;
0BBD4 : 8C;
0BBD5 : 8C;
0BBD6 : 8C;
0BBD7 : 8C;
0BBD8 : 8C;
0BBD9 : 8C;
0BBDA : 8C;
0BBDB : 8C;
0BBDC : 8C;
0BBDD : 8C;
0BBDE : 8C;
0BBDF : 8C;
0BBE0 : 8C;
0BBE1 : 8C;
0BBE2 : 8C;
0BBE3 : 8C;
0BBE4 : 8C;
0BBE5 : 8C;
0BBE6 : 8C;
0BBE7 : 8C;
0BBE8 : 8C;
0BBE9 : 8C;
0BBEA : 8C;
0BBEB : 8C;
0BBEC : 8C;
0BBED : 8C;
0BBEE : 8C;
0BBEF : 8C;
0BBF0 : 8C;
0BBF1 : 8C;
0BBF2 : 8C;
0BBF3 : 8C;
0BBF4 : 8C;
0BBF5 : 8C;
0BBF6 : 8C;
0BBF7 : 8C;
0BBF8 : 8C;
0BBF9 : 8C;
0BBFA : 8C;
0BBFB : 8C;
0BBFC : 8C;
0BBFD : 8C;
0BBFE : 8C;
0BBFF : 8C;
0BC00 : 8C;
0BC01 : 8C;
0BC02 : 8C;
0BC03 : 8C;
0BC04 : 8C;
0BC05 : 8C;
0BC06 : 8C;
0BC07 : 8C;
0BC08 : 8C;
0BC09 : 8C;
0BC0A : 8C;
0BC0B : 8C;
0BC0C : 8C;
0BC0D : 8C;
0BC0E : 8C;
0BC0F : 8C;
0BC10 : 8C;
0BC11 : 8C;
0BC12 : 8C;
0BC13 : 8C;
0BC14 : 8C;
0BC15 : 8C;
0BC16 : 8C;
0BC17 : 8C;
0BC18 : 8C;
0BC19 : 8C;
0BC1A : 8C;
0BC1B : 8C;
0BC1C : 8C;
0BC1D : 8C;
0BC1E : 8C;
0BC1F : 8C;
0BC20 : 8C;
0BC21 : 8C;
0BC22 : 8C;
0BC23 : 8C;
0BC24 : 8C;
0BC25 : 8C;
0BC26 : 8C;
0BC27 : 8C;
0BC28 : 8C;
0BC29 : 8C;
0BC2A : 8C;
0BC2B : 8C;
0BC2C : 8C;
0BC2D : 8C;
0BC2E : 8C;
0BC2F : 8C;
0BC30 : 8C;
0BC31 : 8C;
0BC32 : 8C;
0BC33 : 8C;
0BC34 : 8C;
0BC35 : 8C;
0BC36 : 8C;
0BC37 : 8C;
0BC38 : 8C;
0BC39 : 8C;
0BC3A : 8C;
0BC3B : 8C;
0BC3C : 8C;
0BC3D : 8C;
0BC3E : 8C;
0BC3F : 8C;
0BC40 : 8C;
0BC41 : 8C;
0BC42 : 8C;
0BC43 : 8C;
0BC44 : 8C;
0BC45 : 8C;
0BC46 : 8C;
0BC47 : 8C;
0BC48 : 8C;
0BC49 : 8C;
0BC4A : 8C;
0BC4B : 8C;
0BC4C : 8C;
0BC4D : 8C;
0BC4E : 8C;
0BC4F : 8C;
0BC50 : 8C;
0BC51 : 8C;
0BC52 : 8C;
0BC53 : 8C;
0BC54 : 8C;
0BC55 : 8C;
0BC56 : 8C;
0BC57 : 8C;
0BC58 : 8C;
0BC59 : 8C;
0BC5A : 8C;
0BC5B : 8C;
0BC5C : 8C;
0BC5D : 8C;
0BC5E : 8C;
0BC5F : 8C;
0BC60 : 8C;
0BC61 : 8C;
0BC62 : 8C;
0BC63 : 8C;
0BC64 : 8C;
0BC65 : 8C;
0BC66 : 8C;
0BC67 : 8C;
0BC68 : 8C;
0BC69 : 8C;
0BC6A : 8C;
0BC6B : 8C;
0BC6C : 8C;
0BC6D : 8C;
0BC6E : 8C;
0BC6F : 8C;
0BC70 : 8C;
0BC71 : 8C;
0BC72 : 8C;
0BC73 : 8C;
0BC74 : 8C;
0BC75 : 8C;
0BC76 : 8C;
0BC77 : 8C;
0BC78 : 8C;
0BC79 : 8C;
0BC7A : 8C;
0BC7B : 8C;
0BC7C : 8C;
0BC7D : 8C;
0BC7E : 8C;
0BC7F : 8C;
0BC80 : 8C;
0BC81 : 8C;
0BC82 : 8C;
0BC83 : 8C;
0BC84 : 8C;
0BC85 : 8C;
0BC86 : 8C;
0BC87 : 8C;
0BC88 : 8C;
0BC89 : 8C;
0BC8A : 8C;
0BC8B : 8C;
0BC8C : 8C;
0BC8D : 8C;
0BC8E : 8C;
0BC8F : 8C;
0BC90 : 8C;
0BC91 : 8C;
0BC92 : 8C;
0BC93 : 8C;
0BC94 : 8C;
0BC95 : 8C;
0BC96 : 8C;
0BC97 : 8C;
0BC98 : 8C;
0BC99 : 8C;
0BC9A : 8C;
0BC9B : 8C;
0BC9C : 8C;
0BC9D : 8C;
0BC9E : 8C;
0BC9F : 8C;
0BCA0 : 8C;
0BCA1 : 8C;
0BCA2 : 8C;
0BCA3 : 8C;
0BCA4 : 8C;
0BCA5 : 8C;
0BCA6 : 8C;
0BCA7 : 8C;
0BCA8 : 8C;
0BCA9 : 8C;
0BCAA : 8C;
0BCAB : 8C;
0BCAC : 8C;
0BCAD : 8C;
0BCAE : 8C;
0BCAF : 8C;
0BCB0 : 8C;
0BCB1 : 8C;
0BCB2 : 8C;
0BCB3 : 8C;
0BCB4 : 8C;
0BCB5 : 8C;
0BCB6 : 8C;
0BCB7 : 8C;
0BCB8 : 8C;
0BCB9 : 8C;
0BCBA : 8C;
0BCBB : 8C;
0BCBC : 8C;
0BCBD : 8C;
0BCBE : 8C;
0BCBF : 8C;
0BCC0 : 68;
0BCC1 : 68;
0BCC2 : 68;
0BCC3 : 68;
0BCC4 : 68;
0BCC5 : 68;
0BCC6 : 68;
0BCC7 : 68;
0BCC8 : 68;
0BCC9 : 68;
0BCCA : 68;
0BCCB : 68;
0BCCC : 68;
0BCCD : 68;
0BCCE : 68;
0BCCF : 68;
0BCD0 : 68;
0BCD1 : 68;
0BCD2 : 68;
0BCD3 : 68;
0BCD4 : 68;
0BCD5 : 68;
0BCD6 : 68;
0BCD7 : 68;
0BCD8 : 68;
0BCD9 : 68;
0BCDA : 68;
0BCDB : 68;
0BCDC : 68;
0BCDD : 68;
0BCDE : 68;
0BCDF : 68;
0BCE0 : 68;
0BCE1 : 68;
0BCE2 : 68;
0BCE3 : 68;
0BCE4 : 68;
0BCE5 : 68;
0BCE6 : 68;
0BCE7 : 68;
0BCE8 : 68;
0BCE9 : 68;
0BCEA : 68;
0BCEB : 68;
0BCEC : 68;
0BCED : 68;
0BCEE : 68;
0BCEF : 68;
0BCF0 : 68;
0BCF1 : 68;
0BCF2 : 68;
0BCF3 : 68;
0BCF4 : 68;
0BCF5 : 68;
0BCF6 : 68;
0BCF7 : 68;
0BCF8 : 68;
0BCF9 : 68;
0BCFA : 68;
0BCFB : 68;
0BCFC : 68;
0BCFD : 68;
0BCFE : 68;
0BCFF : 68;
0BD00 : 8C;
0BD01 : 8C;
0BD02 : 8C;
0BD03 : 8C;
0BD04 : 8C;
0BD05 : 8C;
0BD06 : 8C;
0BD07 : 8C;
0BD08 : 8C;
0BD09 : 8C;
0BD0A : 8C;
0BD0B : 8C;
0BD0C : 8C;
0BD0D : 8C;
0BD0E : 8C;
0BD0F : 8C;
0BD10 : 8C;
0BD11 : 8C;
0BD12 : 8C;
0BD13 : 8C;
0BD14 : 8C;
0BD15 : 8C;
0BD16 : 8C;
0BD17 : 8C;
0BD18 : 8C;
0BD19 : 8C;
0BD1A : 8C;
0BD1B : 8C;
0BD1C : 8C;
0BD1D : 8C;
0BD1E : 8C;
0BD1F : 8C;
0BD20 : 8C;
0BD21 : 8C;
0BD22 : 8C;
0BD23 : 8C;
0BD24 : 8C;
0BD25 : 8C;
0BD26 : 8C;
0BD27 : 8C;
0BD28 : 8C;
0BD29 : 8C;
0BD2A : 8C;
0BD2B : 8C;
0BD2C : 8C;
0BD2D : 8C;
0BD2E : 8C;
0BD2F : 8C;
0BD30 : 8C;
0BD31 : 8C;
0BD32 : 8C;
0BD33 : 8C;
0BD34 : 8C;
0BD35 : 8C;
0BD36 : 8C;
0BD37 : 8C;
0BD38 : 8C;
0BD39 : 8C;
0BD3A : 8C;
0BD3B : 8C;
0BD3C : 8C;
0BD3D : 8C;
0BD3E : 8C;
0BD3F : 8C;
0BD40 : 8C;
0BD41 : 8C;
0BD42 : 8C;
0BD43 : 8C;
0BD44 : 8C;
0BD45 : 8C;
0BD46 : 8C;
0BD47 : 8C;
0BD48 : 8C;
0BD49 : 8C;
0BD4A : 8C;
0BD4B : 8C;
0BD4C : 8C;
0BD4D : 8C;
0BD4E : 8C;
0BD4F : 8C;
0BD50 : 8C;
0BD51 : 8C;
0BD52 : 8C;
0BD53 : 8C;
0BD54 : 8C;
0BD55 : 8C;
0BD56 : 8C;
0BD57 : 8C;
0BD58 : 8C;
0BD59 : 8C;
0BD5A : 8C;
0BD5B : 8C;
0BD5C : 8C;
0BD5D : 8C;
0BD5E : 8C;
0BD5F : 8C;
0BD60 : 8C;
0BD61 : 8C;
0BD62 : 8C;
0BD63 : 8C;
0BD64 : 8C;
0BD65 : 8C;
0BD66 : 8C;
0BD67 : 8C;
0BD68 : 8C;
0BD69 : 8C;
0BD6A : 8C;
0BD6B : 8C;
0BD6C : 8C;
0BD6D : 8C;
0BD6E : 8C;
0BD6F : 8C;
0BD70 : 8C;
0BD71 : 8C;
0BD72 : 8C;
0BD73 : 8C;
0BD74 : 8C;
0BD75 : 8C;
0BD76 : 8C;
0BD77 : 8C;
0BD78 : 8C;
0BD79 : 8C;
0BD7A : 8C;
0BD7B : 8C;
0BD7C : 8C;
0BD7D : 8C;
0BD7E : 8C;
0BD7F : 8C;
0BD80 : 8C;
0BD81 : 8C;
0BD82 : 8C;
0BD83 : 8C;
0BD84 : 8C;
0BD85 : 8C;
0BD86 : 8C;
0BD87 : 8C;
0BD88 : 8C;
0BD89 : 8C;
0BD8A : 8C;
0BD8B : 8C;
0BD8C : 8C;
0BD8D : 8C;
0BD8E : 8C;
0BD8F : 8C;
0BD90 : 8C;
0BD91 : 8C;
0BD92 : 8C;
0BD93 : 8C;
0BD94 : 8C;
0BD95 : 8C;
0BD96 : 8C;
0BD97 : 8C;
0BD98 : 8C;
0BD99 : 8C;
0BD9A : 8C;
0BD9B : 8C;
0BD9C : 8C;
0BD9D : 8C;
0BD9E : 8C;
0BD9F : 8C;
0BDA0 : 8C;
0BDA1 : 8C;
0BDA2 : 8C;
0BDA3 : 8C;
0BDA4 : 8C;
0BDA5 : 8C;
0BDA6 : 8C;
0BDA7 : 8C;
0BDA8 : 8C;
0BDA9 : 8C;
0BDAA : 8C;
0BDAB : 8C;
0BDAC : 8C;
0BDAD : 8C;
0BDAE : 8C;
0BDAF : 8C;
0BDB0 : 8C;
0BDB1 : 8C;
0BDB2 : 8C;
0BDB3 : 8C;
0BDB4 : 8C;
0BDB5 : 8C;
0BDB6 : 8C;
0BDB7 : 8C;
0BDB8 : 8C;
0BDB9 : 8C;
0BDBA : 8C;
0BDBB : 8C;
0BDBC : 8C;
0BDBD : 8C;
0BDBE : 8C;
0BDBF : 8C;
0BDC0 : 8C;
0BDC1 : 8C;
0BDC2 : 8C;
0BDC3 : 8C;
0BDC4 : 8C;
0BDC5 : 8C;
0BDC6 : 8C;
0BDC7 : 8C;
0BDC8 : 8C;
0BDC9 : 8C;
0BDCA : 8C;
0BDCB : 8C;
0BDCC : 8C;
0BDCD : 8C;
0BDCE : 8C;
0BDCF : 8C;
0BDD0 : 8C;
0BDD1 : 8C;
0BDD2 : 8C;
0BDD3 : 8C;
0BDD4 : 8C;
0BDD5 : 8C;
0BDD6 : 8C;
0BDD7 : 8C;
0BDD8 : 8C;
0BDD9 : 8C;
0BDDA : 8C;
0BDDB : 8C;
0BDDC : 8C;
0BDDD : 8C;
0BDDE : 8C;
0BDDF : 8C;
0BDE0 : 68;
0BDE1 : 68;
0BDE2 : 68;
0BDE3 : 8C;
0BDE4 : 8C;
0BDE5 : 8C;
0BDE6 : 8C;
0BDE7 : 8C;
0BDE8 : 8C;
0BDE9 : 8C;
0BDEA : 8C;
0BDEB : 8C;
0BDEC : 8C;
0BDED : 8C;
0BDEE : 8C;
0BDEF : 8C;
0BDF0 : 8C;
0BDF1 : 8C;
0BDF2 : 8C;
0BDF3 : 8C;
0BDF4 : 8C;
0BDF5 : 8C;
0BDF6 : 8C;
0BDF7 : 8C;
0BDF8 : 8C;
0BDF9 : 8C;
0BDFA : 8C;
0BDFB : 8C;
0BDFC : 8C;
0BDFD : 8C;
0BDFE : 8C;
0BDFF : 8C;
0BE00 : 68;
0BE01 : 68;
0BE02 : 68;
0BE03 : 68;
0BE04 : 8C;
0BE05 : 8C;
0BE06 : 8C;
0BE07 : 8C;
0BE08 : 8C;
0BE09 : 8C;
0BE0A : 8C;
0BE0B : 8C;
0BE0C : 8C;
0BE0D : 8C;
0BE0E : 8C;
0BE0F : 8C;
0BE10 : 8C;
0BE11 : 8C;
0BE12 : 8C;
0BE13 : 8C;
0BE14 : 8C;
0BE15 : 8C;
0BE16 : 8C;
0BE17 : 8C;
0BE18 : 8C;
0BE19 : 8C;
0BE1A : 8C;
0BE1B : 8C;
0BE1C : 8C;
0BE1D : 8C;
0BE1E : 8C;
0BE1F : 8C;
0BE20 : 8C;
0BE21 : 8C;
0BE22 : 8C;
0BE23 : 8C;
0BE24 : 8C;
0BE25 : 8C;
0BE26 : 8C;
0BE27 : 8C;
0BE28 : 8C;
0BE29 : 8C;
0BE2A : 8C;
0BE2B : 8C;
0BE2C : 8C;
0BE2D : 8C;
0BE2E : 8C;
0BE2F : 8C;
0BE30 : 8C;
0BE31 : 8C;
0BE32 : 8C;
0BE33 : 8C;
0BE34 : 8C;
0BE35 : 8C;
0BE36 : 8C;
0BE37 : 8C;
0BE38 : 8C;
0BE39 : 8C;
0BE3A : 8C;
0BE3B : 8C;
0BE3C : 8C;
0BE3D : 8C;
0BE3E : 8C;
0BE3F : 8C;
0BE40 : 8C;
0BE41 : 8C;
0BE42 : 8C;
0BE43 : 8C;
0BE44 : 8C;
0BE45 : 8C;
0BE46 : 8C;
0BE47 : 8C;
0BE48 : 8C;
0BE49 : 8C;
0BE4A : 8C;
0BE4B : 8C;
0BE4C : 8C;
0BE4D : 8C;
0BE4E : 8C;
0BE4F : 8C;
0BE50 : 8C;
0BE51 : 8C;
0BE52 : 8C;
0BE53 : 8C;
0BE54 : 8C;
0BE55 : 8C;
0BE56 : 8C;
0BE57 : 8C;
0BE58 : 8C;
0BE59 : 8C;
0BE5A : 8C;
0BE5B : 8C;
0BE5C : 8C;
0BE5D : 8C;
0BE5E : 8C;
0BE5F : 8C;
0BE60 : 8C;
0BE61 : 8C;
0BE62 : 8C;
0BE63 : 8C;
0BE64 : 8C;
0BE65 : 8C;
0BE66 : 8C;
0BE67 : 8C;
0BE68 : 8C;
0BE69 : 8C;
0BE6A : 8C;
0BE6B : 8C;
0BE6C : 8C;
0BE6D : 8C;
0BE6E : 8C;
0BE6F : 8C;
0BE70 : 8C;
0BE71 : 8C;
0BE72 : 8C;
0BE73 : 8C;
0BE74 : 8C;
0BE75 : 8C;
0BE76 : 8C;
0BE77 : 8C;
0BE78 : 8C;
0BE79 : 8C;
0BE7A : 8C;
0BE7B : 8C;
0BE7C : 8C;
0BE7D : 8C;
0BE7E : 8C;
0BE7F : 8C;
0BE80 : 68;
0BE81 : 68;
0BE82 : 68;
0BE83 : 68;
0BE84 : 68;
0BE85 : 68;
0BE86 : 68;
0BE87 : 68;
0BE88 : 68;
0BE89 : 68;
0BE8A : 68;
0BE8B : 68;
0BE8C : 68;
0BE8D : 68;
0BE8E : 68;
0BE8F : 68;
0BE90 : 68;
0BE91 : 68;
0BE92 : 68;
0BE93 : 68;
0BE94 : 68;
0BE95 : 8C;
0BE96 : 8C;
0BE97 : 8C;
0BE98 : 8C;
0BE99 : 8C;
0BE9A : 8C;
0BE9B : 8C;
0BE9C : 8C;
0BE9D : 8C;
0BE9E : 8C;
0BE9F : 8C;
0BEA0 : 68;
0BEA1 : 68;
0BEA2 : 68;
0BEA3 : 68;
0BEA4 : 68;
0BEA5 : 68;
0BEA6 : 68;
0BEA7 : 68;
0BEA8 : 68;
0BEA9 : 68;
0BEAA : 68;
0BEAB : 68;
0BEAC : 68;
0BEAD : 68;
0BEAE : 68;
0BEAF : 68;
0BEB0 : 68;
0BEB1 : 68;
0BEB2 : 68;
0BEB3 : 68;
0BEB4 : 68;
0BEB5 : 68;
0BEB6 : 8C;
0BEB7 : 8C;
0BEB8 : 8C;
0BEB9 : 8C;
0BEBA : 8C;
0BEBB : 8C;
0BEBC : 8C;
0BEBD : 8C;
0BEBE : 8C;
0BEBF : 8C;
0BEC0 : 8C;
0BEC1 : 8C;
0BEC2 : 8C;
0BEC3 : 8C;
0BEC4 : 8C;
0BEC5 : 8C;
0BEC6 : 8C;
0BEC7 : 8C;
0BEC8 : 8C;
0BEC9 : 8C;
0BECA : 8C;
0BECB : 8C;
0BECC : 8C;
0BECD : 8C;
0BECE : 8C;
0BECF : 8C;
0BED0 : 8C;
0BED1 : 8C;
0BED2 : 8C;
0BED3 : 8C;
0BED4 : 8C;
0BED5 : 8C;
0BED6 : 8C;
0BED7 : 8C;
0BED8 : 8C;
0BED9 : 8C;
0BEDA : 8C;
0BEDB : 8C;
0BEDC : 8C;
0BEDD : 8C;
0BEDE : 8C;
0BEDF : 8C;
0BEE0 : 8C;
0BEE1 : 8C;
0BEE2 : 8C;
0BEE3 : 8C;
0BEE4 : 8C;
0BEE5 : 8C;
0BEE6 : 8C;
0BEE7 : 8C;
0BEE8 : 8C;
0BEE9 : 8C;
0BEEA : 8C;
0BEEB : 8C;
0BEEC : 8C;
0BEED : 8C;
0BEEE : 8C;
0BEEF : 8C;
0BEF0 : 8C;
0BEF1 : 8C;
0BEF2 : 8C;
0BEF3 : 8C;
0BEF4 : 8C;
0BEF5 : 8C;
0BEF6 : 8C;
0BEF7 : 8C;
0BEF8 : 8C;
0BEF9 : 8C;
0BEFA : 8C;
0BEFB : 8C;
0BEFC : 8C;
0BEFD : 8C;
0BEFE : 8C;
0BEFF : 8C;
0BF00 : 8C;
0BF01 : 8C;
0BF02 : 8C;
0BF03 : 8C;
0BF04 : 8C;
0BF05 : 8C;
0BF06 : 8C;
0BF07 : 8C;
0BF08 : 8C;
0BF09 : 8C;
0BF0A : 8C;
0BF0B : 8C;
0BF0C : 8C;
0BF0D : 8C;
0BF0E : 8C;
0BF0F : 8C;
0BF10 : 8C;
0BF11 : 8C;
0BF12 : 8C;
0BF13 : 8C;
0BF14 : 8C;
0BF15 : 8C;
0BF16 : 8C;
0BF17 : 8C;
0BF18 : 8C;
0BF19 : 8C;
0BF1A : 8C;
0BF1B : 8C;
0BF1C : 8C;
0BF1D : 8C;
0BF1E : 8C;
0BF1F : 8C;
0BF20 : 8C;
0BF21 : 8C;
0BF22 : 8C;
0BF23 : 8C;
0BF24 : 8C;
0BF25 : 8C;
0BF26 : 8C;
0BF27 : 8C;
0BF28 : 8C;
0BF29 : 8C;
0BF2A : 8C;
0BF2B : 8C;
0BF2C : 8C;
0BF2D : 8C;
0BF2E : 8C;
0BF2F : 8C;
0BF30 : 8C;
0BF31 : 8C;
0BF32 : 8C;
0BF33 : 8C;
0BF34 : 8C;
0BF35 : 8C;
0BF36 : 8C;
0BF37 : 8C;
0BF38 : 8C;
0BF39 : 8C;
0BF3A : 8C;
0BF3B : 8C;
0BF3C : 8C;
0BF3D : 8C;
0BF3E : 8C;
0BF3F : 8C;
0BF40 : 8C;
0BF41 : 8C;
0BF42 : 8C;
0BF43 : 8C;
0BF44 : 8C;
0BF45 : 8C;
0BF46 : 8C;
0BF47 : 8C;
0BF48 : 8C;
0BF49 : 8C;
0BF4A : 8C;
0BF4B : 8C;
0BF4C : 8C;
0BF4D : 8C;
0BF4E : 8C;
0BF4F : 8C;
0BF50 : 8C;
0BF51 : 8C;
0BF52 : 8C;
0BF53 : 8C;
0BF54 : 8C;
0BF55 : 8C;
0BF56 : 8C;
0BF57 : 8C;
0BF58 : 8C;
0BF59 : 8C;
0BF5A : 8C;
0BF5B : 8C;
0BF5C : 8C;
0BF5D : 8C;
0BF5E : 8C;
0BF5F : 8C;
0BF60 : 44;
0BF61 : 44;
0BF62 : 44;
0BF63 : 44;
0BF64 : 44;
0BF65 : 44;
0BF66 : 44;
0BF67 : 44;
0BF68 : 44;
0BF69 : 44;
0BF6A : 44;
0BF6B : 44;
0BF6C : 44;
0BF6D : 44;
0BF6E : 44;
0BF6F : 44;
0BF70 : 44;
0BF71 : 44;
0BF72 : 44;
0BF73 : 44;
0BF74 : 44;
0BF75 : 44;
0BF76 : 44;
0BF77 : 44;
0BF78 : 44;
0BF79 : 44;
0BF7A : 44;
0BF7B : 44;
0BF7C : 44;
0BF7D : 44;
0BF7E : 44;
0BF7F : 44;
0BF80 : 44;
0BF81 : 44;
0BF82 : 44;
0BF83 : 44;
0BF84 : 44;
0BF85 : 44;
0BF86 : 44;
0BF87 : 44;
0BF88 : 44;
0BF89 : 44;
0BF8A : 44;
0BF8B : 44;
0BF8C : 44;
0BF8D : 44;
0BF8E : 44;
0BF8F : 44;
0BF90 : 44;
0BF91 : 44;
0BF92 : 44;
0BF93 : 44;
0BF94 : 44;
0BF95 : 44;
0BF96 : 44;
0BF97 : 44;
0BF98 : 44;
0BF99 : 44;
0BF9A : 44;
0BF9B : 44;
0BF9C : 44;
0BF9D : 44;
0BF9E : 44;
0BF9F : 44;
0BFA0 : 8C;
0BFA1 : 8C;
0BFA2 : 8C;
0BFA3 : 8C;
0BFA4 : 8C;
0BFA5 : 8C;
0BFA6 : 8C;
0BFA7 : 8C;
0BFA8 : 8C;
0BFA9 : 8C;
0BFAA : 8C;
0BFAB : 8C;
0BFAC : 8C;
0BFAD : 8C;
0BFAE : 8C;
0BFAF : 8C;
0BFB0 : 8C;
0BFB1 : 8C;
0BFB2 : 8C;
0BFB3 : 8C;
0BFB4 : 8C;
0BFB5 : 8C;
0BFB6 : 8C;
0BFB7 : 8C;
0BFB8 : 8C;
0BFB9 : 8C;
0BFBA : 8C;
0BFBB : 8C;
0BFBC : 8C;
0BFBD : 8C;
0BFBE : 8C;
0BFBF : 8C;
0BFC0 : 8C;
0BFC1 : 8C;
0BFC2 : 8C;
0BFC3 : 8C;
0BFC4 : 8C;
0BFC5 : 8C;
0BFC6 : 8C;
0BFC7 : 8C;
0BFC8 : 8C;
0BFC9 : 8C;
0BFCA : 8C;
0BFCB : 8C;
0BFCC : 8C;
0BFCD : 8C;
0BFCE : 8C;
0BFCF : 8C;
0BFD0 : 8C;
0BFD1 : 8C;
0BFD2 : 8C;
0BFD3 : 8C;
0BFD4 : 8C;
0BFD5 : 8C;
0BFD6 : 8C;
0BFD7 : 8C;
0BFD8 : 8C;
0BFD9 : 8C;
0BFDA : 8C;
0BFDB : 8C;
0BFDC : 8C;
0BFDD : 8C;
0BFDE : 8C;
0BFDF : 8C;
0BFE0 : 8C;
0BFE1 : 8C;
0BFE2 : 8C;
0BFE3 : 8C;
0BFE4 : 8C;
0BFE5 : 8C;
0BFE6 : 8C;
0BFE7 : 8C;
0BFE8 : 8C;
0BFE9 : 8C;
0BFEA : 8C;
0BFEB : 8C;
0BFEC : 8C;
0BFED : 8C;
0BFEE : 8C;
0BFEF : 8C;
0BFF0 : 8C;
0BFF1 : 8C;
0BFF2 : 8C;
0BFF3 : 8C;
0BFF4 : 8C;
0BFF5 : 8C;
0BFF6 : 8C;
0BFF7 : 8C;
0BFF8 : 8C;
0BFF9 : 8C;
0BFFA : 8C;
0BFFB : 8C;
0BFFC : 8C;
0BFFD : 8C;
0BFFE : 8C;
0BFFF : 8C;
0C000 : 8C;
0C001 : 8C;
0C002 : 8C;
0C003 : 8C;
0C004 : 8C;
0C005 : 8C;
0C006 : 8C;
0C007 : 8C;
0C008 : 8C;
0C009 : 8C;
0C00A : 8C;
0C00B : 8C;
0C00C : 8C;
0C00D : 8C;
0C00E : 8C;
0C00F : 8C;
0C010 : 8C;
0C011 : 8C;
0C012 : 8C;
0C013 : 8C;
0C014 : 8C;
0C015 : 8C;
0C016 : 8C;
0C017 : 8C;
0C018 : 8C;
0C019 : 8C;
0C01A : 8C;
0C01B : 8C;
0C01C : 8C;
0C01D : 8C;
0C01E : 8C;
0C01F : 8C;
0C020 : 8C;
0C021 : 8C;
0C022 : 8C;
0C023 : 8C;
0C024 : 8C;
0C025 : 8C;
0C026 : 8C;
0C027 : 8C;
0C028 : 8C;
0C029 : 8C;
0C02A : 8C;
0C02B : 8C;
0C02C : 8C;
0C02D : 8C;
0C02E : 8C;
0C02F : 8C;
0C030 : 8C;
0C031 : 8C;
0C032 : 8C;
0C033 : 8C;
0C034 : 8C;
0C035 : 8C;
0C036 : 8C;
0C037 : 8C;
0C038 : 8C;
0C039 : 8C;
0C03A : 8C;
0C03B : 8C;
0C03C : 8C;
0C03D : 8C;
0C03E : 8C;
0C03F : 8C;
0C040 : 8C;
0C041 : 8C;
0C042 : 8C;
0C043 : 8C;
0C044 : 8C;
0C045 : 8C;
0C046 : 8C;
0C047 : 8C;
0C048 : 8C;
0C049 : 8C;
0C04A : 8C;
0C04B : 8C;
0C04C : 8C;
0C04D : 8C;
0C04E : 8C;
0C04F : 8C;
0C050 : 8C;
0C051 : 8C;
0C052 : 8C;
0C053 : 8C;
0C054 : 8C;
0C055 : 8C;
0C056 : 8C;
0C057 : 8C;
0C058 : 8C;
0C059 : 8C;
0C05A : 8C;
0C05B : 8C;
0C05C : 8C;
0C05D : 8C;
0C05E : 8C;
0C05F : 8C;
0C060 : 8C;
0C061 : 8C;
0C062 : 8C;
0C063 : 8C;
0C064 : 8C;
0C065 : 8C;
0C066 : 8C;
0C067 : 8C;
0C068 : 8C;
0C069 : 8C;
0C06A : 8C;
0C06B : 8C;
0C06C : 8C;
0C06D : 8C;
0C06E : 8C;
0C06F : 8C;
0C070 : 8C;
0C071 : 8C;
0C072 : 8C;
0C073 : 8C;
0C074 : 8C;
0C075 : 8C;
0C076 : 8C;
0C077 : 8C;
0C078 : 8C;
0C079 : 8C;
0C07A : 8C;
0C07B : 8C;
0C07C : 8C;
0C07D : 8C;
0C07E : 8C;
0C07F : 8C;
0C080 : 8C;
0C081 : 8C;
0C082 : 8C;
0C083 : 8C;
0C084 : 8C;
0C085 : 8C;
0C086 : 8C;
0C087 : 8C;
0C088 : 8C;
0C089 : 8C;
0C08A : 8C;
0C08B : 8C;
0C08C : 8C;
0C08D : 8C;
0C08E : 8C;
0C08F : 8C;
0C090 : 8C;
0C091 : 8C;
0C092 : 8C;
0C093 : 8C;
0C094 : 8C;
0C095 : 8C;
0C096 : 8C;
0C097 : 8C;
0C098 : 8C;
0C099 : 8C;
0C09A : 8C;
0C09B : 8C;
0C09C : 8C;
0C09D : 8C;
0C09E : 8C;
0C09F : 8C;
0C0A0 : 8C;
0C0A1 : 8C;
0C0A2 : 8C;
0C0A3 : 8C;
0C0A4 : 8C;
0C0A5 : 8C;
0C0A6 : 8C;
0C0A7 : 8C;
0C0A8 : 8C;
0C0A9 : 8C;
0C0AA : 8C;
0C0AB : 8C;
0C0AC : 8C;
0C0AD : 8C;
0C0AE : 8C;
0C0AF : 8C;
0C0B0 : 8C;
0C0B1 : 8C;
0C0B2 : 8C;
0C0B3 : 8C;
0C0B4 : 8C;
0C0B5 : 8C;
0C0B6 : 8C;
0C0B7 : 8C;
0C0B8 : 8C;
0C0B9 : 8C;
0C0BA : 8C;
0C0BB : 8C;
0C0BC : 8C;
0C0BD : 8C;
0C0BE : 8C;
0C0BF : 8C;
0C0C0 : 68;
0C0C1 : 68;
0C0C2 : 68;
0C0C3 : 68;
0C0C4 : 68;
0C0C5 : 68;
0C0C6 : 68;
0C0C7 : 68;
0C0C8 : 68;
0C0C9 : 68;
0C0CA : 68;
0C0CB : 68;
0C0CC : 68;
0C0CD : 68;
0C0CE : 68;
0C0CF : 68;
0C0D0 : 68;
0C0D1 : 68;
0C0D2 : 68;
0C0D3 : 68;
0C0D4 : 68;
0C0D5 : 68;
0C0D6 : 68;
0C0D7 : 68;
0C0D8 : 68;
0C0D9 : 68;
0C0DA : 68;
0C0DB : 68;
0C0DC : 68;
0C0DD : 68;
0C0DE : 68;
0C0DF : 68;
0C0E0 : 68;
0C0E1 : 68;
0C0E2 : 68;
0C0E3 : 68;
0C0E4 : 68;
0C0E5 : 68;
0C0E6 : 68;
0C0E7 : 68;
0C0E8 : 68;
0C0E9 : 68;
0C0EA : 68;
0C0EB : 68;
0C0EC : 68;
0C0ED : 68;
0C0EE : 68;
0C0EF : 68;
0C0F0 : 68;
0C0F1 : 68;
0C0F2 : 68;
0C0F3 : 68;
0C0F4 : 68;
0C0F5 : 68;
0C0F6 : 68;
0C0F7 : 68;
0C0F8 : 68;
0C0F9 : 68;
0C0FA : 68;
0C0FB : 68;
0C0FC : 68;
0C0FD : 68;
0C0FE : 68;
0C0FF : 68;
0C100 : 8C;
0C101 : 8C;
0C102 : 8C;
0C103 : 8C;
0C104 : 8C;
0C105 : 8C;
0C106 : 8C;
0C107 : 8C;
0C108 : 8C;
0C109 : 8C;
0C10A : 8C;
0C10B : 8C;
0C10C : 8C;
0C10D : 8C;
0C10E : 8C;
0C10F : 8C;
0C110 : 8C;
0C111 : 8C;
0C112 : 8C;
0C113 : 8C;
0C114 : 8C;
0C115 : 8C;
0C116 : 8C;
0C117 : 8C;
0C118 : 8C;
0C119 : 8C;
0C11A : 8C;
0C11B : 8C;
0C11C : 8C;
0C11D : 8C;
0C11E : 8C;
0C11F : 8C;
0C120 : 8C;
0C121 : 8C;
0C122 : 8C;
0C123 : 8C;
0C124 : 8C;
0C125 : 8C;
0C126 : 8C;
0C127 : 8C;
0C128 : 8C;
0C129 : 8C;
0C12A : 8C;
0C12B : 8C;
0C12C : 8C;
0C12D : 8C;
0C12E : 8C;
0C12F : 8C;
0C130 : 8C;
0C131 : 8C;
0C132 : 8C;
0C133 : 8C;
0C134 : 8C;
0C135 : 8C;
0C136 : 8C;
0C137 : 8C;
0C138 : 8C;
0C139 : 8C;
0C13A : 8C;
0C13B : 8C;
0C13C : 8C;
0C13D : 8C;
0C13E : 8C;
0C13F : 8C;
0C140 : 8C;
0C141 : 8C;
0C142 : 8C;
0C143 : 8C;
0C144 : 8C;
0C145 : 8C;
0C146 : 8C;
0C147 : 8C;
0C148 : 8C;
0C149 : 8C;
0C14A : 8C;
0C14B : 8C;
0C14C : 8C;
0C14D : 8C;
0C14E : 8C;
0C14F : 8C;
0C150 : 8C;
0C151 : 8C;
0C152 : 8C;
0C153 : 8C;
0C154 : 8C;
0C155 : 8C;
0C156 : 8C;
0C157 : 8C;
0C158 : 8C;
0C159 : 8C;
0C15A : 8C;
0C15B : 8C;
0C15C : 8C;
0C15D : 8C;
0C15E : 8C;
0C15F : 8C;
0C160 : 8C;
0C161 : 8C;
0C162 : 8C;
0C163 : 8C;
0C164 : 8C;
0C165 : 8C;
0C166 : 8C;
0C167 : 8C;
0C168 : 8C;
0C169 : 8C;
0C16A : 8C;
0C16B : 8C;
0C16C : 8C;
0C16D : 8C;
0C16E : 8C;
0C16F : 8C;
0C170 : 8C;
0C171 : 8C;
0C172 : 8C;
0C173 : 8C;
0C174 : 8C;
0C175 : 8C;
0C176 : 8C;
0C177 : 8C;
0C178 : 8C;
0C179 : 8C;
0C17A : 8C;
0C17B : 8C;
0C17C : 8C;
0C17D : 8C;
0C17E : 8C;
0C17F : 8C;
0C180 : 8C;
0C181 : 8C;
0C182 : 8C;
0C183 : 8C;
0C184 : 8C;
0C185 : 8C;
0C186 : 8C;
0C187 : 8C;
0C188 : 8C;
0C189 : 8C;
0C18A : 8C;
0C18B : 8C;
0C18C : 8C;
0C18D : 8C;
0C18E : 8C;
0C18F : 8C;
0C190 : 8C;
0C191 : 8C;
0C192 : 8C;
0C193 : 8C;
0C194 : 8C;
0C195 : 8C;
0C196 : 8C;
0C197 : 8C;
0C198 : 8C;
0C199 : 8C;
0C19A : 8C;
0C19B : 8C;
0C19C : 8C;
0C19D : 8C;
0C19E : 8C;
0C19F : 8C;
0C1A0 : 8C;
0C1A1 : 8C;
0C1A2 : 8C;
0C1A3 : 8C;
0C1A4 : 8C;
0C1A5 : 8C;
0C1A6 : 8C;
0C1A7 : 8C;
0C1A8 : 8C;
0C1A9 : 8C;
0C1AA : 8C;
0C1AB : 8C;
0C1AC : 8C;
0C1AD : 8C;
0C1AE : 8C;
0C1AF : 8C;
0C1B0 : 8C;
0C1B1 : 8C;
0C1B2 : 8C;
0C1B3 : 8C;
0C1B4 : 8C;
0C1B5 : 8C;
0C1B6 : 8C;
0C1B7 : 8C;
0C1B8 : 8C;
0C1B9 : 8C;
0C1BA : 8C;
0C1BB : 8C;
0C1BC : 8C;
0C1BD : 8C;
0C1BE : 8C;
0C1BF : 8C;
0C1C0 : 8C;
0C1C1 : 8C;
0C1C2 : 8C;
0C1C3 : 8C;
0C1C4 : 8C;
0C1C5 : 8C;
0C1C6 : 8C;
0C1C7 : 8C;
0C1C8 : 8C;
0C1C9 : 8C;
0C1CA : 8C;
0C1CB : 8C;
0C1CC : 8C;
0C1CD : 8C;
0C1CE : 8C;
0C1CF : 8C;
0C1D0 : 8C;
0C1D1 : 8C;
0C1D2 : 8C;
0C1D3 : 8C;
0C1D4 : 8C;
0C1D5 : 8C;
0C1D6 : 8C;
0C1D7 : 8C;
0C1D8 : 8C;
0C1D9 : 8C;
0C1DA : 8C;
0C1DB : 8C;
0C1DC : 8C;
0C1DD : 8C;
0C1DE : 8C;
0C1DF : 8C;
0C1E0 : 8C;
0C1E1 : 68;
0C1E2 : 68;
0C1E3 : 68;
0C1E4 : 68;
0C1E5 : 68;
0C1E6 : 68;
0C1E7 : 68;
0C1E8 : 68;
0C1E9 : 68;
0C1EA : 68;
0C1EB : 68;
0C1EC : 68;
0C1ED : 68;
0C1EE : 68;
0C1EF : 68;
0C1F0 : 68;
0C1F1 : 68;
0C1F2 : 68;
0C1F3 : 68;
0C1F4 : 68;
0C1F5 : 68;
0C1F6 : 68;
0C1F7 : 68;
0C1F8 : 68;
0C1F9 : 68;
0C1FA : 68;
0C1FB : 68;
0C1FC : 68;
0C1FD : 68;
0C1FE : 68;
0C1FF : 68;
0C200 : 68;
0C201 : 68;
0C202 : 68;
0C203 : 68;
0C204 : 68;
0C205 : 68;
0C206 : 68;
0C207 : 68;
0C208 : 68;
0C209 : 68;
0C20A : 68;
0C20B : 68;
0C20C : 68;
0C20D : 68;
0C20E : 68;
0C20F : 68;
0C210 : 68;
0C211 : 68;
0C212 : 68;
0C213 : 68;
0C214 : 68;
0C215 : 68;
0C216 : 68;
0C217 : 68;
0C218 : 68;
0C219 : 68;
0C21A : 68;
0C21B : 68;
0C21C : 68;
0C21D : 68;
0C21E : 68;
0C21F : 68;
0C220 : 8C;
0C221 : 8C;
0C222 : 8C;
0C223 : 8C;
0C224 : 8C;
0C225 : 8C;
0C226 : 8C;
0C227 : 8C;
0C228 : 8C;
0C229 : 8C;
0C22A : 8C;
0C22B : 8C;
0C22C : 8C;
0C22D : 8C;
0C22E : 8C;
0C22F : 8C;
0C230 : 8C;
0C231 : 8C;
0C232 : 8C;
0C233 : 8C;
0C234 : 8C;
0C235 : 8C;
0C236 : 8C;
0C237 : 8C;
0C238 : 8C;
0C239 : 8C;
0C23A : 8C;
0C23B : 8C;
0C23C : 8C;
0C23D : 8C;
0C23E : 8C;
0C23F : 8C;
0C240 : 8C;
0C241 : 8C;
0C242 : 8C;
0C243 : 8C;
0C244 : 8C;
0C245 : 8C;
0C246 : 8C;
0C247 : 8C;
0C248 : 8C;
0C249 : 8C;
0C24A : 8C;
0C24B : 8C;
0C24C : 8C;
0C24D : 8C;
0C24E : 8C;
0C24F : 8C;
0C250 : 8C;
0C251 : 8C;
0C252 : 8C;
0C253 : 8C;
0C254 : 8C;
0C255 : 8C;
0C256 : 8C;
0C257 : 8C;
0C258 : 8C;
0C259 : 8C;
0C25A : 8C;
0C25B : 8C;
0C25C : 8C;
0C25D : 8C;
0C25E : 8C;
0C25F : 8C;
0C260 : 8C;
0C261 : 8C;
0C262 : 8C;
0C263 : 8C;
0C264 : 8C;
0C265 : 8C;
0C266 : 8C;
0C267 : 8C;
0C268 : 8C;
0C269 : 8C;
0C26A : 8C;
0C26B : 8C;
0C26C : 8C;
0C26D : 8C;
0C26E : 8C;
0C26F : 8C;
0C270 : 8C;
0C271 : 8C;
0C272 : 8C;
0C273 : 8C;
0C274 : 8C;
0C275 : 8C;
0C276 : 8C;
0C277 : 8C;
0C278 : 8C;
0C279 : 8C;
0C27A : 8C;
0C27B : 8C;
0C27C : 8C;
0C27D : 8C;
0C27E : 8C;
0C27F : 8C;
0C280 : 8C;
0C281 : 8C;
0C282 : 8C;
0C283 : 8C;
0C284 : 8C;
0C285 : 8C;
0C286 : 8C;
0C287 : 8C;
0C288 : 8C;
0C289 : 8C;
0C28A : 8C;
0C28B : 8C;
0C28C : 8C;
0C28D : 8C;
0C28E : 8C;
0C28F : 8C;
0C290 : 8C;
0C291 : 8C;
0C292 : 8C;
0C293 : 8C;
0C294 : 8C;
0C295 : 8C;
0C296 : 8C;
0C297 : 8C;
0C298 : 8C;
0C299 : 8C;
0C29A : 8C;
0C29B : 8C;
0C29C : 8C;
0C29D : 8C;
0C29E : 8C;
0C29F : 68;
0C2A0 : 8C;
0C2A1 : 8C;
0C2A2 : 8C;
0C2A3 : 8C;
0C2A4 : 8C;
0C2A5 : 8C;
0C2A6 : 8C;
0C2A7 : 8C;
0C2A8 : 8C;
0C2A9 : 8C;
0C2AA : 8C;
0C2AB : 8C;
0C2AC : 8C;
0C2AD : 8C;
0C2AE : 8C;
0C2AF : 8C;
0C2B0 : 8C;
0C2B1 : 8C;
0C2B2 : 8C;
0C2B3 : 8C;
0C2B4 : 8C;
0C2B5 : 8C;
0C2B6 : 8C;
0C2B7 : 8C;
0C2B8 : 8C;
0C2B9 : 8C;
0C2BA : 8C;
0C2BB : 8C;
0C2BC : 8C;
0C2BD : 8C;
0C2BE : 8C;
0C2BF : 8C;
0C2C0 : 8C;
0C2C1 : 8C;
0C2C2 : 8C;
0C2C3 : 8C;
0C2C4 : 8C;
0C2C5 : 8C;
0C2C6 : 8C;
0C2C7 : 8C;
0C2C8 : 8C;
0C2C9 : 8C;
0C2CA : 8C;
0C2CB : 8C;
0C2CC : 8C;
0C2CD : 8C;
0C2CE : 8C;
0C2CF : 8C;
0C2D0 : 8C;
0C2D1 : 8C;
0C2D2 : 8C;
0C2D3 : 8C;
0C2D4 : 8C;
0C2D5 : 8C;
0C2D6 : 8C;
0C2D7 : 8C;
0C2D8 : 8C;
0C2D9 : 8C;
0C2DA : 8C;
0C2DB : 8C;
0C2DC : 8C;
0C2DD : 8C;
0C2DE : 8C;
0C2DF : 8C;
0C2E0 : 8C;
0C2E1 : 8C;
0C2E2 : 8C;
0C2E3 : 8C;
0C2E4 : 8C;
0C2E5 : 8C;
0C2E6 : 8C;
0C2E7 : 8C;
0C2E8 : 8C;
0C2E9 : 8C;
0C2EA : 8C;
0C2EB : 8C;
0C2EC : 8C;
0C2ED : 8C;
0C2EE : 8C;
0C2EF : 8C;
0C2F0 : 8C;
0C2F1 : 8C;
0C2F2 : 8C;
0C2F3 : 8C;
0C2F4 : 8C;
0C2F5 : 8C;
0C2F6 : 8C;
0C2F7 : 8C;
0C2F8 : 8C;
0C2F9 : 8C;
0C2FA : 8C;
0C2FB : 8C;
0C2FC : 8C;
0C2FD : 8C;
0C2FE : 8C;
0C2FF : 8C;
0C300 : 8C;
0C301 : 8C;
0C302 : 8C;
0C303 : 8C;
0C304 : 8C;
0C305 : 8C;
0C306 : 8C;
0C307 : 8C;
0C308 : 8C;
0C309 : 8C;
0C30A : 8C;
0C30B : 8C;
0C30C : 8C;
0C30D : 8C;
0C30E : 8C;
0C30F : 8C;
0C310 : 8C;
0C311 : 8C;
0C312 : 8C;
0C313 : 8C;
0C314 : 8C;
0C315 : 8C;
0C316 : 8C;
0C317 : 8C;
0C318 : 8C;
0C319 : 8C;
0C31A : 8C;
0C31B : 8C;
0C31C : 8C;
0C31D : 8C;
0C31E : 8C;
0C31F : 8C;
0C320 : 8C;
0C321 : 8C;
0C322 : 8C;
0C323 : 8C;
0C324 : 8C;
0C325 : 8C;
0C326 : 8C;
0C327 : 8C;
0C328 : 8C;
0C329 : 8C;
0C32A : 8C;
0C32B : 8C;
0C32C : 8C;
0C32D : 8C;
0C32E : 8C;
0C32F : 8C;
0C330 : 8C;
0C331 : 8C;
0C332 : 8C;
0C333 : 8C;
0C334 : 8C;
0C335 : 8C;
0C336 : 8C;
0C337 : 8C;
0C338 : 8C;
0C339 : 8C;
0C33A : 8C;
0C33B : 8C;
0C33C : 8C;
0C33D : 8C;
0C33E : 8C;
0C33F : 8C;
0C340 : 8C;
0C341 : 8C;
0C342 : 8C;
0C343 : 8C;
0C344 : 8C;
0C345 : 8C;
0C346 : 8C;
0C347 : 8C;
0C348 : 8C;
0C349 : 8C;
0C34A : 8C;
0C34B : 8C;
0C34C : 8C;
0C34D : 8C;
0C34E : 8C;
0C34F : 8C;
0C350 : 8C;
0C351 : 8C;
0C352 : 8C;
0C353 : 8C;
0C354 : 8C;
0C355 : 8C;
0C356 : 8C;
0C357 : 8C;
0C358 : 8C;
0C359 : 8C;
0C35A : 8C;
0C35B : 8C;
0C35C : 8C;
0C35D : 8C;
0C35E : 8C;
0C35F : 8C;
0C360 : 44;
0C361 : 44;
0C362 : 44;
0C363 : 44;
0C364 : 44;
0C365 : 44;
0C366 : 44;
0C367 : 44;
0C368 : 44;
0C369 : 44;
0C36A : 44;
0C36B : 44;
0C36C : 44;
0C36D : 44;
0C36E : 44;
0C36F : 44;
0C370 : 44;
0C371 : 44;
0C372 : 44;
0C373 : 44;
0C374 : 44;
0C375 : 44;
0C376 : 44;
0C377 : 44;
0C378 : 44;
0C379 : 44;
0C37A : 44;
0C37B : 44;
0C37C : 44;
0C37D : 44;
0C37E : 44;
0C37F : 44;
0C380 : 44;
0C381 : 44;
0C382 : 44;
0C383 : 44;
0C384 : 44;
0C385 : 44;
0C386 : 44;
0C387 : 44;
0C388 : 44;
0C389 : 44;
0C38A : 44;
0C38B : 44;
0C38C : 44;
0C38D : 44;
0C38E : 44;
0C38F : 44;
0C390 : 44;
0C391 : 44;
0C392 : 44;
0C393 : 44;
0C394 : 44;
0C395 : 44;
0C396 : 44;
0C397 : 44;
0C398 : 44;
0C399 : 44;
0C39A : 44;
0C39B : 44;
0C39C : 44;
0C39D : 44;
0C39E : 44;
0C39F : 44;
0C3A0 : 8C;
0C3A1 : 8C;
0C3A2 : 8C;
0C3A3 : 8C;
0C3A4 : 8C;
0C3A5 : 8C;
0C3A6 : 8C;
0C3A7 : 8C;
0C3A8 : 8C;
0C3A9 : 8C;
0C3AA : 8C;
0C3AB : 8C;
0C3AC : 8C;
0C3AD : 8C;
0C3AE : 8C;
0C3AF : 8C;
0C3B0 : 8C;
0C3B1 : 8C;
0C3B2 : 8C;
0C3B3 : 8C;
0C3B4 : 8C;
0C3B5 : 8C;
0C3B6 : 8C;
0C3B7 : 8C;
0C3B8 : 8C;
0C3B9 : 8C;
0C3BA : 8C;
0C3BB : 8C;
0C3BC : 8C;
0C3BD : 8C;
0C3BE : 8C;
0C3BF : 8C;
0C3C0 : 8C;
0C3C1 : 8C;
0C3C2 : 8C;
0C3C3 : 8C;
0C3C4 : 8C;
0C3C5 : 8C;
0C3C6 : 8C;
0C3C7 : 8C;
0C3C8 : 8C;
0C3C9 : 8C;
0C3CA : 8C;
0C3CB : 8C;
0C3CC : 8C;
0C3CD : 8C;
0C3CE : 8C;
0C3CF : 8C;
0C3D0 : 8C;
0C3D1 : 8C;
0C3D2 : 8C;
0C3D3 : 8C;
0C3D4 : 8C;
0C3D5 : 8C;
0C3D6 : 8C;
0C3D7 : 8C;
0C3D8 : 8C;
0C3D9 : 8C;
0C3DA : 8C;
0C3DB : 8C;
0C3DC : 8C;
0C3DD : 8C;
0C3DE : 8C;
0C3DF : 8C;
0C3E0 : 8C;
0C3E1 : 8C;
0C3E2 : 8C;
0C3E3 : 8C;
0C3E4 : 8C;
0C3E5 : 8C;
0C3E6 : 8C;
0C3E7 : 8C;
0C3E8 : 8C;
0C3E9 : 8C;
0C3EA : 8C;
0C3EB : 8C;
0C3EC : 8C;
0C3ED : 8C;
0C3EE : 8C;
0C3EF : 8C;
0C3F0 : 8C;
0C3F1 : 8C;
0C3F2 : 8C;
0C3F3 : 8C;
0C3F4 : 8C;
0C3F5 : 8C;
0C3F6 : 8C;
0C3F7 : 8C;
0C3F8 : 8C;
0C3F9 : 8C;
0C3FA : 8C;
0C3FB : 8C;
0C3FC : 8C;
0C3FD : 8C;
0C3FE : 8C;
0C3FF : 8C;
0C400 : 8C;
0C401 : 8C;
0C402 : 8C;
0C403 : 8C;
0C404 : 8C;
0C405 : 8C;
0C406 : 8C;
0C407 : 8C;
0C408 : 8C;
0C409 : 8C;
0C40A : 8C;
0C40B : 8C;
0C40C : 8C;
0C40D : 8C;
0C40E : 8C;
0C40F : 8C;
0C410 : 8C;
0C411 : 8C;
0C412 : 8C;
0C413 : 8C;
0C414 : 8C;
0C415 : 8C;
0C416 : 8C;
0C417 : 8C;
0C418 : 8C;
0C419 : 8C;
0C41A : 8C;
0C41B : 8C;
0C41C : 8C;
0C41D : 8C;
0C41E : 8C;
0C41F : 8C;
0C420 : 8C;
0C421 : 8C;
0C422 : 8C;
0C423 : 8C;
0C424 : 8C;
0C425 : 8C;
0C426 : 8C;
0C427 : 8C;
0C428 : 8C;
0C429 : 8C;
0C42A : 8C;
0C42B : 8C;
0C42C : 8C;
0C42D : 8C;
0C42E : 8C;
0C42F : 8C;
0C430 : 8C;
0C431 : 8C;
0C432 : 8C;
0C433 : 8C;
0C434 : 8C;
0C435 : 8C;
0C436 : 8C;
0C437 : 8C;
0C438 : 8C;
0C439 : 8C;
0C43A : 8C;
0C43B : 8C;
0C43C : 8C;
0C43D : 8C;
0C43E : 8C;
0C43F : 8C;
0C440 : 8C;
0C441 : 8C;
0C442 : 8C;
0C443 : 8C;
0C444 : 8C;
0C445 : 8C;
0C446 : 8C;
0C447 : 8C;
0C448 : 8C;
0C449 : 8C;
0C44A : 8C;
0C44B : 8C;
0C44C : 8C;
0C44D : 8C;
0C44E : 8C;
0C44F : 8C;
0C450 : 8C;
0C451 : 8C;
0C452 : 8C;
0C453 : 8C;
0C454 : 8C;
0C455 : 8C;
0C456 : 8C;
0C457 : 8C;
0C458 : 8C;
0C459 : 8C;
0C45A : 8C;
0C45B : 8C;
0C45C : 8C;
0C45D : 8C;
0C45E : 8C;
0C45F : 8C;
0C460 : 8C;
0C461 : 8C;
0C462 : 8C;
0C463 : 8C;
0C464 : 8C;
0C465 : 8C;
0C466 : 8C;
0C467 : 8C;
0C468 : 8C;
0C469 : 8C;
0C46A : 8C;
0C46B : 8C;
0C46C : 8C;
0C46D : 8C;
0C46E : 8C;
0C46F : 8C;
0C470 : 8C;
0C471 : 8C;
0C472 : 8C;
0C473 : 8C;
0C474 : 8C;
0C475 : 8C;
0C476 : 8C;
0C477 : 8C;
0C478 : 8C;
0C479 : 8C;
0C47A : 8C;
0C47B : 8C;
0C47C : 8C;
0C47D : 8C;
0C47E : 8C;
0C47F : 8C;
0C480 : 8C;
0C481 : 8C;
0C482 : 8C;
0C483 : 8C;
0C484 : 8C;
0C485 : 8C;
0C486 : 8C;
0C487 : 8C;
0C488 : 8C;
0C489 : 8C;
0C48A : 8C;
0C48B : 8C;
0C48C : 8C;
0C48D : 8C;
0C48E : 8C;
0C48F : 8C;
0C490 : 8C;
0C491 : 8C;
0C492 : 8C;
0C493 : 8C;
0C494 : 8C;
0C495 : 8C;
0C496 : 8C;
0C497 : 8C;
0C498 : 8C;
0C499 : 8C;
0C49A : 8C;
0C49B : 8C;
0C49C : 8C;
0C49D : 8C;
0C49E : 8C;
0C49F : 8C;
0C4A0 : 8C;
0C4A1 : 8C;
0C4A2 : 8C;
0C4A3 : 8C;
0C4A4 : 8C;
0C4A5 : 8C;
0C4A6 : 8C;
0C4A7 : 8C;
0C4A8 : 8C;
0C4A9 : 8C;
0C4AA : 8C;
0C4AB : 8C;
0C4AC : 8C;
0C4AD : 8C;
0C4AE : 8C;
0C4AF : 8C;
0C4B0 : 8C;
0C4B1 : 8C;
0C4B2 : 8C;
0C4B3 : 8C;
0C4B4 : 8C;
0C4B5 : 8C;
0C4B6 : 8C;
0C4B7 : 8C;
0C4B8 : 8C;
0C4B9 : 8C;
0C4BA : 8C;
0C4BB : 8C;
0C4BC : 8C;
0C4BD : 8C;
0C4BE : 8C;
0C4BF : 8C;
0C4C0 : 68;
0C4C1 : 68;
0C4C2 : 68;
0C4C3 : 68;
0C4C4 : 68;
0C4C5 : 68;
0C4C6 : 68;
0C4C7 : 68;
0C4C8 : 68;
0C4C9 : 68;
0C4CA : 68;
0C4CB : 68;
0C4CC : 68;
0C4CD : 68;
0C4CE : 68;
0C4CF : 68;
0C4D0 : 68;
0C4D1 : 68;
0C4D2 : 68;
0C4D3 : 68;
0C4D4 : 68;
0C4D5 : 68;
0C4D6 : 68;
0C4D7 : 68;
0C4D8 : 68;
0C4D9 : 68;
0C4DA : 68;
0C4DB : 68;
0C4DC : 68;
0C4DD : 68;
0C4DE : 68;
0C4DF : 68;
0C4E0 : 68;
0C4E1 : 68;
0C4E2 : 68;
0C4E3 : 68;
0C4E4 : 68;
0C4E5 : 68;
0C4E6 : 68;
0C4E7 : 68;
0C4E8 : 68;
0C4E9 : 68;
0C4EA : 68;
0C4EB : 68;
0C4EC : 68;
0C4ED : 68;
0C4EE : 68;
0C4EF : 68;
0C4F0 : 68;
0C4F1 : 68;
0C4F2 : 68;
0C4F3 : 68;
0C4F4 : 68;
0C4F5 : 68;
0C4F6 : 68;
0C4F7 : 68;
0C4F8 : 68;
0C4F9 : 68;
0C4FA : 68;
0C4FB : 68;
0C4FC : 68;
0C4FD : 68;
0C4FE : 68;
0C4FF : 68;
0C500 : 8C;
0C501 : 8C;
0C502 : 8C;
0C503 : 8C;
0C504 : 8C;
0C505 : 8C;
0C506 : 8C;
0C507 : 8C;
0C508 : 8C;
0C509 : 8C;
0C50A : 8C;
0C50B : 8C;
0C50C : 8C;
0C50D : 8C;
0C50E : 8C;
0C50F : 8C;
0C510 : 8C;
0C511 : 8C;
0C512 : 8C;
0C513 : 8C;
0C514 : 8C;
0C515 : 8C;
0C516 : 8C;
0C517 : 8C;
0C518 : 8C;
0C519 : 8C;
0C51A : 8C;
0C51B : 8C;
0C51C : 8C;
0C51D : 8C;
0C51E : 8C;
0C51F : 8C;
0C520 : 8C;
0C521 : 8C;
0C522 : 8C;
0C523 : 8C;
0C524 : 8C;
0C525 : 8C;
0C526 : 8C;
0C527 : 8C;
0C528 : 8C;
0C529 : 8C;
0C52A : 8C;
0C52B : 8C;
0C52C : 8C;
0C52D : 8C;
0C52E : 8C;
0C52F : 8C;
0C530 : 8C;
0C531 : 8C;
0C532 : 8C;
0C533 : 8C;
0C534 : 8C;
0C535 : 8C;
0C536 : 8C;
0C537 : 8C;
0C538 : 8C;
0C539 : 8C;
0C53A : 8C;
0C53B : 8C;
0C53C : 8C;
0C53D : 8C;
0C53E : 8C;
0C53F : 8C;
0C540 : 8C;
0C541 : 8C;
0C542 : 8C;
0C543 : 8C;
0C544 : 8C;
0C545 : 8C;
0C546 : 8C;
0C547 : 8C;
0C548 : 8C;
0C549 : 8C;
0C54A : 8C;
0C54B : 8C;
0C54C : 8C;
0C54D : 8C;
0C54E : 8C;
0C54F : 8C;
0C550 : 8C;
0C551 : 8C;
0C552 : 8C;
0C553 : 8C;
0C554 : 8C;
0C555 : 8C;
0C556 : 8C;
0C557 : 8C;
0C558 : 8C;
0C559 : 8C;
0C55A : 8C;
0C55B : 8C;
0C55C : 8C;
0C55D : 8C;
0C55E : 8C;
0C55F : 8C;
0C560 : 8C;
0C561 : 8C;
0C562 : 8C;
0C563 : 8C;
0C564 : 8C;
0C565 : 8C;
0C566 : 8C;
0C567 : 8C;
0C568 : 8C;
0C569 : 8C;
0C56A : 8C;
0C56B : 8C;
0C56C : 8C;
0C56D : 8C;
0C56E : 8C;
0C56F : 8C;
0C570 : 8C;
0C571 : 8C;
0C572 : 8C;
0C573 : 8C;
0C574 : 8C;
0C575 : 8C;
0C576 : 8C;
0C577 : 8C;
0C578 : 8C;
0C579 : 8C;
0C57A : 8C;
0C57B : 8C;
0C57C : 8C;
0C57D : 8C;
0C57E : 8C;
0C57F : 8C;
0C580 : 8C;
0C581 : 8C;
0C582 : 8C;
0C583 : 8C;
0C584 : 8C;
0C585 : 8C;
0C586 : 8C;
0C587 : 8C;
0C588 : 8C;
0C589 : 8C;
0C58A : 8C;
0C58B : 8C;
0C58C : 8C;
0C58D : 8C;
0C58E : 8C;
0C58F : 8C;
0C590 : 8C;
0C591 : 8C;
0C592 : 8C;
0C593 : 8C;
0C594 : 8C;
0C595 : 8C;
0C596 : 8C;
0C597 : 8C;
0C598 : 8C;
0C599 : 8C;
0C59A : 8C;
0C59B : 8C;
0C59C : 8C;
0C59D : 8C;
0C59E : 8C;
0C59F : 8C;
0C5A0 : 8C;
0C5A1 : 8C;
0C5A2 : 8C;
0C5A3 : 8C;
0C5A4 : 8C;
0C5A5 : 8C;
0C5A6 : 8C;
0C5A7 : 8C;
0C5A8 : 8C;
0C5A9 : 8C;
0C5AA : 8C;
0C5AB : 8C;
0C5AC : 8C;
0C5AD : 8C;
0C5AE : 8C;
0C5AF : 8C;
0C5B0 : 8C;
0C5B1 : 8C;
0C5B2 : 8C;
0C5B3 : 8C;
0C5B4 : 8C;
0C5B5 : 8C;
0C5B6 : 8C;
0C5B7 : 8C;
0C5B8 : 8C;
0C5B9 : 8C;
0C5BA : 8C;
0C5BB : 8C;
0C5BC : 8C;
0C5BD : 8C;
0C5BE : 8C;
0C5BF : 8C;
0C5C0 : 8C;
0C5C1 : 8C;
0C5C2 : 8C;
0C5C3 : 8C;
0C5C4 : 8C;
0C5C5 : 8C;
0C5C6 : 8C;
0C5C7 : 8C;
0C5C8 : 8C;
0C5C9 : 8C;
0C5CA : 8C;
0C5CB : 8C;
0C5CC : 8C;
0C5CD : 8C;
0C5CE : 8C;
0C5CF : 8C;
0C5D0 : 8C;
0C5D1 : 8C;
0C5D2 : 8C;
0C5D3 : 8C;
0C5D4 : 8C;
0C5D5 : 8C;
0C5D6 : 8C;
0C5D7 : 8C;
0C5D8 : 8C;
0C5D9 : 8C;
0C5DA : 8C;
0C5DB : 8C;
0C5DC : 8C;
0C5DD : 8C;
0C5DE : 8C;
0C5DF : 8C;
0C5E0 : 68;
0C5E1 : 68;
0C5E2 : 68;
0C5E3 : 8C;
0C5E4 : 8C;
0C5E5 : 8C;
0C5E6 : 8C;
0C5E7 : 8C;
0C5E8 : 8C;
0C5E9 : 8C;
0C5EA : 8C;
0C5EB : 8C;
0C5EC : 8C;
0C5ED : 8C;
0C5EE : 8C;
0C5EF : 8C;
0C5F0 : 8C;
0C5F1 : 8C;
0C5F2 : 8C;
0C5F3 : 8C;
0C5F4 : 8C;
0C5F5 : 8C;
0C5F6 : 8C;
0C5F7 : 8C;
0C5F8 : 8C;
0C5F9 : 8C;
0C5FA : 8C;
0C5FB : 8C;
0C5FC : 8C;
0C5FD : 8C;
0C5FE : 8C;
0C5FF : 8C;
0C600 : 68;
0C601 : 68;
0C602 : 68;
0C603 : 68;
0C604 : 8C;
0C605 : 8C;
0C606 : 8C;
0C607 : 8C;
0C608 : 8C;
0C609 : 8C;
0C60A : 8C;
0C60B : 8C;
0C60C : 8C;
0C60D : 8C;
0C60E : 8C;
0C60F : 8C;
0C610 : 8C;
0C611 : 8C;
0C612 : 8C;
0C613 : 8C;
0C614 : 8C;
0C615 : 8C;
0C616 : 8C;
0C617 : 8C;
0C618 : 8C;
0C619 : 8C;
0C61A : 8C;
0C61B : 8C;
0C61C : 8C;
0C61D : 8C;
0C61E : 8C;
0C61F : 8C;
0C620 : 8C;
0C621 : 8C;
0C622 : 8C;
0C623 : 8C;
0C624 : 8C;
0C625 : 8C;
0C626 : 8C;
0C627 : 8C;
0C628 : 8C;
0C629 : 8C;
0C62A : 8C;
0C62B : 8C;
0C62C : 8C;
0C62D : 8C;
0C62E : 8C;
0C62F : 8C;
0C630 : 8C;
0C631 : 8C;
0C632 : 8C;
0C633 : 8C;
0C634 : 8C;
0C635 : 8C;
0C636 : 8C;
0C637 : 8C;
0C638 : 8C;
0C639 : 8C;
0C63A : 8C;
0C63B : 8C;
0C63C : 8C;
0C63D : 8C;
0C63E : 8C;
0C63F : 8C;
0C640 : 8C;
0C641 : 8C;
0C642 : 8C;
0C643 : 8C;
0C644 : 8C;
0C645 : 8C;
0C646 : 8C;
0C647 : 8C;
0C648 : 8C;
0C649 : 8C;
0C64A : 8C;
0C64B : 8C;
0C64C : 8C;
0C64D : 8C;
0C64E : 8C;
0C64F : 8C;
0C650 : 8C;
0C651 : 8C;
0C652 : 8C;
0C653 : 8C;
0C654 : 8C;
0C655 : 8C;
0C656 : 8C;
0C657 : 8C;
0C658 : 8C;
0C659 : 8C;
0C65A : 8C;
0C65B : 8C;
0C65C : 8C;
0C65D : 8C;
0C65E : 8C;
0C65F : 8C;
0C660 : 8C;
0C661 : 8C;
0C662 : 8C;
0C663 : 8C;
0C664 : 8C;
0C665 : 8C;
0C666 : 8C;
0C667 : 8C;
0C668 : 8C;
0C669 : 8C;
0C66A : 8C;
0C66B : 8C;
0C66C : 8C;
0C66D : 8C;
0C66E : 8C;
0C66F : 8C;
0C670 : 8C;
0C671 : 8C;
0C672 : 8C;
0C673 : 8C;
0C674 : 8C;
0C675 : 8C;
0C676 : 8C;
0C677 : 8C;
0C678 : 8C;
0C679 : 8C;
0C67A : 8C;
0C67B : 8C;
0C67C : 8C;
0C67D : 8C;
0C67E : 8C;
0C67F : 8C;
0C680 : 68;
0C681 : 68;
0C682 : 68;
0C683 : 68;
0C684 : 68;
0C685 : 68;
0C686 : 68;
0C687 : 68;
0C688 : 68;
0C689 : 68;
0C68A : 68;
0C68B : 68;
0C68C : 68;
0C68D : 68;
0C68E : 68;
0C68F : 68;
0C690 : 68;
0C691 : 68;
0C692 : 68;
0C693 : 68;
0C694 : 68;
0C695 : 8C;
0C696 : 8C;
0C697 : 8C;
0C698 : 8C;
0C699 : 8C;
0C69A : 8C;
0C69B : 8C;
0C69C : 8C;
0C69D : 8C;
0C69E : 8C;
0C69F : 8C;
0C6A0 : 68;
0C6A1 : 68;
0C6A2 : 68;
0C6A3 : 68;
0C6A4 : 68;
0C6A5 : 68;
0C6A6 : 68;
0C6A7 : 68;
0C6A8 : 68;
0C6A9 : 68;
0C6AA : 68;
0C6AB : 68;
0C6AC : 68;
0C6AD : 68;
0C6AE : 68;
0C6AF : 68;
0C6B0 : 68;
0C6B1 : 68;
0C6B2 : 68;
0C6B3 : 68;
0C6B4 : 68;
0C6B5 : 68;
0C6B6 : 8C;
0C6B7 : 8C;
0C6B8 : 8C;
0C6B9 : 8C;
0C6BA : 8C;
0C6BB : 8C;
0C6BC : 8C;
0C6BD : 8C;
0C6BE : 8C;
0C6BF : 8C;
0C6C0 : 8C;
0C6C1 : 8C;
0C6C2 : 8C;
0C6C3 : 8C;
0C6C4 : 8C;
0C6C5 : 8C;
0C6C6 : 8C;
0C6C7 : 8C;
0C6C8 : 8C;
0C6C9 : 8C;
0C6CA : 8C;
0C6CB : 8C;
0C6CC : 8C;
0C6CD : 8C;
0C6CE : 8C;
0C6CF : 8C;
0C6D0 : 8C;
0C6D1 : 8C;
0C6D2 : 8C;
0C6D3 : 8C;
0C6D4 : 8C;
0C6D5 : 8C;
0C6D6 : 8C;
0C6D7 : 8C;
0C6D8 : 8C;
0C6D9 : 8C;
0C6DA : 8C;
0C6DB : 8C;
0C6DC : 8C;
0C6DD : 8C;
0C6DE : 8C;
0C6DF : 8C;
0C6E0 : 8C;
0C6E1 : 8C;
0C6E2 : 8C;
0C6E3 : 8C;
0C6E4 : 8C;
0C6E5 : 8C;
0C6E6 : 8C;
0C6E7 : 8C;
0C6E8 : 8C;
0C6E9 : 8C;
0C6EA : 8C;
0C6EB : 8C;
0C6EC : 8C;
0C6ED : 8C;
0C6EE : 8C;
0C6EF : 8C;
0C6F0 : 8C;
0C6F1 : 8C;
0C6F2 : 8C;
0C6F3 : 8C;
0C6F4 : 8C;
0C6F5 : 8C;
0C6F6 : 8C;
0C6F7 : 8C;
0C6F8 : 8C;
0C6F9 : 8C;
0C6FA : 8C;
0C6FB : 8C;
0C6FC : 8C;
0C6FD : 8C;
0C6FE : 8C;
0C6FF : 8C;
0C700 : 8C;
0C701 : 8C;
0C702 : 8C;
0C703 : 8C;
0C704 : 8C;
0C705 : 8C;
0C706 : 8C;
0C707 : 8C;
0C708 : 8C;
0C709 : 8C;
0C70A : 8C;
0C70B : 8C;
0C70C : 8C;
0C70D : 8C;
0C70E : 8C;
0C70F : 8C;
0C710 : 8C;
0C711 : 8C;
0C712 : 8C;
0C713 : 8C;
0C714 : 8C;
0C715 : 8C;
0C716 : 8C;
0C717 : 8C;
0C718 : 8C;
0C719 : 8C;
0C71A : 8C;
0C71B : 8C;
0C71C : 8C;
0C71D : 8C;
0C71E : 8C;
0C71F : 8C;
0C720 : 8C;
0C721 : 8C;
0C722 : 8C;
0C723 : 8C;
0C724 : 8C;
0C725 : 8C;
0C726 : 8C;
0C727 : 8C;
0C728 : 8C;
0C729 : 8C;
0C72A : 8C;
0C72B : 8C;
0C72C : 8C;
0C72D : 8C;
0C72E : 8C;
0C72F : 8C;
0C730 : 8C;
0C731 : 8C;
0C732 : 8C;
0C733 : 8C;
0C734 : 8C;
0C735 : 8C;
0C736 : 8C;
0C737 : 8C;
0C738 : 8C;
0C739 : 8C;
0C73A : 8C;
0C73B : 8C;
0C73C : 8C;
0C73D : 8C;
0C73E : 8C;
0C73F : 8C;
0C740 : 8C;
0C741 : 8C;
0C742 : 8C;
0C743 : 8C;
0C744 : 8C;
0C745 : 8C;
0C746 : 8C;
0C747 : 8C;
0C748 : 8C;
0C749 : 8C;
0C74A : 8C;
0C74B : 8C;
0C74C : 8C;
0C74D : 8C;
0C74E : 8C;
0C74F : 8C;
0C750 : 8C;
0C751 : 8C;
0C752 : 8C;
0C753 : 8C;
0C754 : 8C;
0C755 : 8C;
0C756 : 8C;
0C757 : 8C;
0C758 : 8C;
0C759 : 8C;
0C75A : 8C;
0C75B : 8C;
0C75C : 8C;
0C75D : 8C;
0C75E : 8C;
0C75F : 8C;
0C760 : 44;
0C761 : 44;
0C762 : 44;
0C763 : 44;
0C764 : 44;
0C765 : 44;
0C766 : 44;
0C767 : 44;
0C768 : 44;
0C769 : 44;
0C76A : 44;
0C76B : 44;
0C76C : 44;
0C76D : 44;
0C76E : 44;
0C76F : 44;
0C770 : 44;
0C771 : 44;
0C772 : 44;
0C773 : 44;
0C774 : 44;
0C775 : 44;
0C776 : 44;
0C777 : 44;
0C778 : 44;
0C779 : 44;
0C77A : 44;
0C77B : 44;
0C77C : 44;
0C77D : 44;
0C77E : 44;
0C77F : 44;
0C780 : 44;
0C781 : 44;
0C782 : 44;
0C783 : 44;
0C784 : 44;
0C785 : 44;
0C786 : 44;
0C787 : 44;
0C788 : 44;
0C789 : 44;
0C78A : 44;
0C78B : 44;
0C78C : 44;
0C78D : 44;
0C78E : 44;
0C78F : 44;
0C790 : 44;
0C791 : 44;
0C792 : 44;
0C793 : 44;
0C794 : 44;
0C795 : 44;
0C796 : 44;
0C797 : 44;
0C798 : 44;
0C799 : 44;
0C79A : 44;
0C79B : 44;
0C79C : 44;
0C79D : 44;
0C79E : 44;
0C79F : 44;
0C7A0 : 8C;
0C7A1 : 8C;
0C7A2 : 8C;
0C7A3 : 8C;
0C7A4 : 8C;
0C7A5 : 8C;
0C7A6 : 8C;
0C7A7 : 8C;
0C7A8 : 8C;
0C7A9 : 8C;
0C7AA : 8C;
0C7AB : 8C;
0C7AC : 8C;
0C7AD : 8C;
0C7AE : 8C;
0C7AF : 8C;
0C7B0 : 8C;
0C7B1 : 8C;
0C7B2 : 8C;
0C7B3 : 8C;
0C7B4 : 8C;
0C7B5 : 8C;
0C7B6 : 8C;
0C7B7 : 8C;
0C7B8 : 8C;
0C7B9 : 8C;
0C7BA : 8C;
0C7BB : 8C;
0C7BC : 8C;
0C7BD : 8C;
0C7BE : 8C;
0C7BF : 8C;
0C7C0 : 8C;
0C7C1 : 8C;
0C7C2 : 8C;
0C7C3 : 8C;
0C7C4 : 8C;
0C7C5 : 8C;
0C7C6 : 8C;
0C7C7 : 8C;
0C7C8 : 8C;
0C7C9 : 8C;
0C7CA : 8C;
0C7CB : 8C;
0C7CC : 8C;
0C7CD : 8C;
0C7CE : 8C;
0C7CF : 8C;
0C7D0 : 8C;
0C7D1 : 8C;
0C7D2 : 8C;
0C7D3 : 8C;
0C7D4 : 8C;
0C7D5 : 8C;
0C7D6 : 8C;
0C7D7 : 8C;
0C7D8 : 8C;
0C7D9 : 8C;
0C7DA : 8C;
0C7DB : 8C;
0C7DC : 8C;
0C7DD : 8C;
0C7DE : 8C;
0C7DF : 8C;
0C7E0 : 8C;
0C7E1 : 8C;
0C7E2 : 8C;
0C7E3 : 8C;
0C7E4 : 8C;
0C7E5 : 8C;
0C7E6 : 8C;
0C7E7 : 8C;
0C7E8 : 8C;
0C7E9 : 8C;
0C7EA : 8C;
0C7EB : 8C;
0C7EC : 8C;
0C7ED : 8C;
0C7EE : 8C;
0C7EF : 8C;
0C7F0 : 8C;
0C7F1 : 8C;
0C7F2 : 8C;
0C7F3 : 8C;
0C7F4 : 8C;
0C7F5 : 8C;
0C7F6 : 8C;
0C7F7 : 8C;
0C7F8 : 8C;
0C7F9 : 8C;
0C7FA : 8C;
0C7FB : 8C;
0C7FC : 8C;
0C7FD : 8C;
0C7FE : 8C;
0C7FF : 8C;
0C800 : 25;
0C801 : 24;
0C802 : 49;
0C803 : 49;
0C804 : 49;
0C805 : 4D;
0C806 : 4D;
0C807 : 4D;
0C808 : 4D;
0C809 : 4D;
0C80A : 4D;
0C80B : 4D;
0C80C : 24;
0C80D : 25;
0C80E : 4D;
0C80F : 6D;
0C810 : 71;
0C811 : 4D;
0C812 : 4D;
0C813 : 4D;
0C814 : 4D;
0C815 : 24;
0C816 : 49;
0C817 : 4D;
0C818 : 4D;
0C819 : 4D;
0C81A : 4D;
0C81B : 4D;
0C81C : 4D;
0C81D : 49;
0C81E : 4D;
0C81F : 4D;
0C820 : 24;
0C821 : 24;
0C822 : 25;
0C823 : 49;
0C824 : 4D;
0C825 : 4D;
0C826 : 4D;
0C827 : 4D;
0C828 : 4D;
0C829 : 4D;
0C82A : 4D;
0C82B : 4D;
0C82C : 4D;
0C82D : 25;
0C82E : 4D;
0C82F : 4D;
0C830 : 6D;
0C831 : 6D;
0C832 : 4D;
0C833 : 49;
0C834 : 24;
0C835 : 00;
0C836 : 4D;
0C837 : 6D;
0C838 : 4D;
0C839 : 4D;
0C83A : 4D;
0C83B : 49;
0C83C : 49;
0C83D : 49;
0C83E : 49;
0C83F : 49;
0C840 : 24;
0C841 : 24;
0C842 : 25;
0C843 : 4D;
0C844 : 49;
0C845 : 49;
0C846 : 4D;
0C847 : 4D;
0C848 : 4D;
0C849 : 4D;
0C84A : 4D;
0C84B : 4D;
0C84C : 4D;
0C84D : 25;
0C84E : 6D;
0C84F : 6D;
0C850 : 4D;
0C851 : 4D;
0C852 : 4D;
0C853 : 24;
0C854 : 00;
0C855 : 4D;
0C856 : 6D;
0C857 : 71;
0C858 : 4D;
0C859 : 4D;
0C85A : 4D;
0C85B : 4D;
0C85C : 4D;
0C85D : 49;
0C85E : 4D;
0C85F : 4D;
0C860 : 24;
0C861 : 25;
0C862 : 25;
0C863 : 25;
0C864 : 49;
0C865 : 4D;
0C866 : 4D;
0C867 : 4D;
0C868 : 4D;
0C869 : 4D;
0C86A : 4D;
0C86B : 4D;
0C86C : 4D;
0C86D : 25;
0C86E : 29;
0C86F : 25;
0C870 : 4D;
0C871 : 24;
0C872 : 24;
0C873 : 00;
0C874 : 29;
0C875 : 29;
0C876 : 71;
0C877 : 4D;
0C878 : 6D;
0C879 : 6D;
0C87A : 6D;
0C87B : 4D;
0C87C : 29;
0C87D : 29;
0C87E : 29;
0C87F : 24;
0C880 : 04;
0C881 : 25;
0C882 : 25;
0C883 : 25;
0C884 : 29;
0C885 : 4D;
0C886 : 4D;
0C887 : 4D;
0C888 : 4D;
0C889 : 49;
0C88A : 4D;
0C88B : 4D;
0C88C : 4D;
0C88D : 04;
0C88E : 49;
0C88F : 25;
0C890 : 24;
0C891 : 49;
0C892 : 00;
0C893 : 4D;
0C894 : 29;
0C895 : 49;
0C896 : 4D;
0C897 : 4D;
0C898 : 4D;
0C899 : 4D;
0C89A : 29;
0C89B : 29;
0C89C : 29;
0C89D : 25;
0C89E : 04;
0C89F : 04;
0C8A0 : 00;
0C8A1 : 24;
0C8A2 : 25;
0C8A3 : 04;
0C8A4 : 25;
0C8A5 : 25;
0C8A6 : 25;
0C8A7 : 25;
0C8A8 : 6D;
0C8A9 : 4D;
0C8AA : 4D;
0C8AB : 6D;
0C8AC : 4D;
0C8AD : 25;
0C8AE : 25;
0C8AF : 24;
0C8B0 : 04;
0C8B1 : 25;
0C8B2 : 4D;
0C8B3 : 29;
0C8B4 : 24;
0C8B5 : 6D;
0C8B6 : 49;
0C8B7 : 49;
0C8B8 : 4D;
0C8B9 : 4D;
0C8BA : 49;
0C8BB : 29;
0C8BC : 29;
0C8BD : 04;
0C8BE : 04;
0C8BF : 04;
0C8C0 : 00;
0C8C1 : 24;
0C8C2 : 25;
0C8C3 : 25;
0C8C4 : 25;
0C8C5 : 04;
0C8C6 : 04;
0C8C7 : 25;
0C8C8 : 49;
0C8C9 : 49;
0C8CA : 4D;
0C8CB : 71;
0C8CC : 25;
0C8CD : 25;
0C8CE : 25;
0C8CF : 25;
0C8D0 : 4D;
0C8D1 : 4D;
0C8D2 : 4D;
0C8D3 : 29;
0C8D4 : 28;
0C8D5 : 4D;
0C8D6 : 29;
0C8D7 : 29;
0C8D8 : 29;
0C8D9 : 29;
0C8DA : 25;
0C8DB : 49;
0C8DC : 24;
0C8DD : 04;
0C8DE : 04;
0C8DF : 04;
0C8E0 : 00;
0C8E1 : 25;
0C8E2 : 25;
0C8E3 : 25;
0C8E4 : 25;
0C8E5 : 25;
0C8E6 : 24;
0C8E7 : 25;
0C8E8 : 25;
0C8E9 : 49;
0C8EA : 71;
0C8EB : 49;
0C8EC : 24;
0C8ED : 25;
0C8EE : 24;
0C8EF : 49;
0C8F0 : 96;
0C8F1 : 91;
0C8F2 : 71;
0C8F3 : 96;
0C8F4 : 96;
0C8F5 : 4D;
0C8F6 : 29;
0C8F7 : 4D;
0C8F8 : 49;
0C8F9 : 4D;
0C8FA : 29;
0C8FB : 04;
0C8FC : 04;
0C8FD : 24;
0C8FE : 00;
0C8FF : 24;
0C900 : 00;
0C901 : 24;
0C902 : 25;
0C903 : 00;
0C904 : 24;
0C905 : 04;
0C906 : 29;
0C907 : 25;
0C908 : 29;
0C909 : 24;
0C90A : 4D;
0C90B : 6D;
0C90C : 4D;
0C90D : 25;
0C90E : 24;
0C90F : 25;
0C910 : 6D;
0C911 : 6D;
0C912 : 4D;
0C913 : 6D;
0C914 : 6D;
0C915 : 96;
0C916 : 71;
0C917 : 71;
0C918 : 4D;
0C919 : 04;
0C91A : 04;
0C91B : 04;
0C91C : 24;
0C91D : 24;
0C91E : 04;
0C91F : 04;
0C920 : 00;
0C921 : 24;
0C922 : 25;
0C923 : 25;
0C924 : 24;
0C925 : 25;
0C926 : 25;
0C927 : 25;
0C928 : 25;
0C929 : 00;
0C92A : 25;
0C92B : 72;
0C92C : 24;
0C92D : 24;
0C92E : 25;
0C92F : 00;
0C930 : 6D;
0C931 : 6D;
0C932 : 4D;
0C933 : 4D;
0C934 : 4D;
0C935 : 4D;
0C936 : 29;
0C937 : 25;
0C938 : 6D;
0C939 : 4D;
0C93A : 25;
0C93B : 29;
0C93C : 04;
0C93D : 00;
0C93E : 00;
0C93F : 00;
0C940 : 00;
0C941 : 04;
0C942 : 25;
0C943 : 24;
0C944 : 25;
0C945 : 25;
0C946 : 29;
0C947 : 25;
0C948 : 24;
0C949 : 04;
0C94A : 29;
0C94B : 00;
0C94C : 49;
0C94D : 49;
0C94E : 25;
0C94F : 49;
0C950 : 71;
0C951 : 71;
0C952 : 49;
0C953 : 49;
0C954 : 96;
0C955 : 4D;
0C956 : 25;
0C957 : 49;
0C958 : 29;
0C959 : 25;
0C95A : 00;
0C95B : 25;
0C95C : 04;
0C95D : 00;
0C95E : 00;
0C95F : 00;
0C960 : 00;
0C961 : 00;
0C962 : 04;
0C963 : 25;
0C964 : 25;
0C965 : 25;
0C966 : 25;
0C967 : 25;
0C968 : 04;
0C969 : 00;
0C96A : 24;
0C96B : 24;
0C96C : 6D;
0C96D : 49;
0C96E : 49;
0C96F : 49;
0C970 : 29;
0C971 : 25;
0C972 : 49;
0C973 : 25;
0C974 : 25;
0C975 : 24;
0C976 : 00;
0C977 : 29;
0C978 : 25;
0C979 : 24;
0C97A : 24;
0C97B : 24;
0C97C : 00;
0C97D : 00;
0C97E : 00;
0C97F : 24;
0C980 : 00;
0C981 : 00;
0C982 : 24;
0C983 : 24;
0C984 : 25;
0C985 : 25;
0C986 : 25;
0C987 : 25;
0C988 : 00;
0C989 : 25;
0C98A : 04;
0C98B : 6D;
0C98C : 4D;
0C98D : 49;
0C98E : 49;
0C98F : 4D;
0C990 : 29;
0C991 : 29;
0C992 : 49;
0C993 : 25;
0C994 : 29;
0C995 : 25;
0C996 : 25;
0C997 : 25;
0C998 : 25;
0C999 : 24;
0C99A : 24;
0C99B : 24;
0C99C : 00;
0C99D : 00;
0C99E : 00;
0C99F : 00;
0C9A0 : 24;
0C9A1 : 00;
0C9A2 : 04;
0C9A3 : 25;
0C9A4 : 49;
0C9A5 : 24;
0C9A6 : 29;
0C9A7 : 25;
0C9A8 : 04;
0C9A9 : 25;
0C9AA : 24;
0C9AB : 4D;
0C9AC : 6D;
0C9AD : 49;
0C9AE : 49;
0C9AF : 4D;
0C9B0 : 49;
0C9B1 : 49;
0C9B2 : 29;
0C9B3 : 49;
0C9B4 : 29;
0C9B5 : 4D;
0C9B6 : 29;
0C9B7 : 49;
0C9B8 : 29;
0C9B9 : 25;
0C9BA : 25;
0C9BB : 00;
0C9BC : 00;
0C9BD : 00;
0C9BE : 00;
0C9BF : 00;
0C9C0 : 04;
0C9C1 : 00;
0C9C2 : 24;
0C9C3 : 25;
0C9C4 : 04;
0C9C5 : 24;
0C9C6 : 24;
0C9C7 : 24;
0C9C8 : 00;
0C9C9 : 25;
0C9CA : 49;
0C9CB : 6D;
0C9CC : 4D;
0C9CD : 4D;
0C9CE : 25;
0C9CF : 49;
0C9D0 : 49;
0C9D1 : 49;
0C9D2 : 29;
0C9D3 : 71;
0C9D4 : 71;
0C9D5 : 24;
0C9D6 : 6D;
0C9D7 : 4D;
0C9D8 : 71;
0C9D9 : 4D;
0C9DA : 6D;
0C9DB : 49;
0C9DC : 49;
0C9DD : 25;
0C9DE : 24;
0C9DF : 00;
0C9E0 : 04;
0C9E1 : 00;
0C9E2 : 24;
0C9E3 : 00;
0C9E4 : 00;
0C9E5 : 24;
0C9E6 : 25;
0C9E7 : 25;
0C9E8 : 29;
0C9E9 : 29;
0C9EA : 49;
0C9EB : 4D;
0C9EC : 4D;
0C9ED : 49;
0C9EE : 49;
0C9EF : 49;
0C9F0 : 4D;
0C9F1 : 6D;
0C9F2 : 25;
0C9F3 : 71;
0C9F4 : 6D;
0C9F5 : 6D;
0C9F6 : 71;
0C9F7 : 71;
0C9F8 : 4D;
0C9F9 : 4D;
0C9FA : 6D;
0C9FB : 29;
0C9FC : 00;
0C9FD : 24;
0C9FE : 00;
0C9FF : 00;
0CA00 : 04;
0CA01 : 00;
0CA02 : 04;
0CA03 : 00;
0CA04 : 00;
0CA05 : 04;
0CA06 : 25;
0CA07 : 00;
0CA08 : 4D;
0CA09 : 29;
0CA0A : 29;
0CA0B : 25;
0CA0C : 29;
0CA0D : 49;
0CA0E : 49;
0CA0F : 49;
0CA10 : 6D;
0CA11 : 4D;
0CA12 : 25;
0CA13 : 6D;
0CA14 : 6D;
0CA15 : 6D;
0CA16 : 71;
0CA17 : 4D;
0CA18 : 91;
0CA19 : 71;
0CA1A : 6D;
0CA1B : 24;
0CA1C : 00;
0CA1D : 24;
0CA1E : 25;
0CA1F : 00;
0CA20 : 24;
0CA21 : 24;
0CA22 : 00;
0CA23 : 00;
0CA24 : 00;
0CA25 : 00;
0CA26 : 25;
0CA27 : 24;
0CA28 : 25;
0CA29 : 29;
0CA2A : 4D;
0CA2B : 4D;
0CA2C : 49;
0CA2D : 49;
0CA2E : 29;
0CA2F : 29;
0CA30 : 00;
0CA31 : 24;
0CA32 : 4D;
0CA33 : 71;
0CA34 : 6D;
0CA35 : 6D;
0CA36 : 4D;
0CA37 : 29;
0CA38 : 4D;
0CA39 : 29;
0CA3A : 4D;
0CA3B : 04;
0CA3C : 00;
0CA3D : 00;
0CA3E : 00;
0CA3F : 00;
0CA40 : 24;
0CA41 : 25;
0CA42 : 00;
0CA43 : 00;
0CA44 : 00;
0CA45 : 00;
0CA46 : 25;
0CA47 : 49;
0CA48 : 4D;
0CA49 : 49;
0CA4A : 29;
0CA4B : 4D;
0CA4C : 49;
0CA4D : 29;
0CA4E : 29;
0CA4F : 29;
0CA50 : 04;
0CA51 : 4D;
0CA52 : 6D;
0CA53 : 4D;
0CA54 : 4D;
0CA55 : 71;
0CA56 : 71;
0CA57 : 71;
0CA58 : 4D;
0CA59 : 6D;
0CA5A : 71;
0CA5B : 24;
0CA5C : 00;
0CA5D : 00;
0CA5E : 00;
0CA5F : 00;
0CA60 : 24;
0CA61 : 25;
0CA62 : 00;
0CA63 : 04;
0CA64 : 00;
0CA65 : 00;
0CA66 : 00;
0CA67 : 00;
0CA68 : 4D;
0CA69 : 49;
0CA6A : 49;
0CA6B : 49;
0CA6C : 29;
0CA6D : 49;
0CA6E : 29;
0CA6F : 25;
0CA70 : 25;
0CA71 : 49;
0CA72 : 4D;
0CA73 : 4D;
0CA74 : 4D;
0CA75 : 6D;
0CA76 : 91;
0CA77 : 91;
0CA78 : 71;
0CA79 : 71;
0CA7A : 6D;
0CA7B : 6D;
0CA7C : 71;
0CA7D : 25;
0CA7E : 00;
0CA7F : 00;
0CA80 : 24;
0CA81 : 00;
0CA82 : 00;
0CA83 : 04;
0CA84 : 04;
0CA85 : 00;
0CA86 : 00;
0CA87 : 00;
0CA88 : 00;
0CA89 : 25;
0CA8A : 29;
0CA8B : 49;
0CA8C : 29;
0CA8D : 25;
0CA8E : 25;
0CA8F : 29;
0CA90 : 24;
0CA91 : 04;
0CA92 : 6D;
0CA93 : 4D;
0CA94 : 6D;
0CA95 : 71;
0CA96 : 71;
0CA97 : 4D;
0CA98 : 4D;
0CA99 : 4D;
0CA9A : 91;
0CA9B : 71;
0CA9C : 71;
0CA9D : 4D;
0CA9E : 4D;
0CA9F : 00;
0CAA0 : 24;
0CAA1 : 00;
0CAA2 : 04;
0CAA3 : 24;
0CAA4 : 24;
0CAA5 : 24;
0CAA6 : 24;
0CAA7 : 00;
0CAA8 : 24;
0CAA9 : 24;
0CAAA : 24;
0CAAB : 49;
0CAAC : 4D;
0CAAD : 49;
0CAAE : 29;
0CAAF : 29;
0CAB0 : 24;
0CAB1 : 49;
0CAB2 : 6D;
0CAB3 : 49;
0CAB4 : 71;
0CAB5 : 6D;
0CAB6 : 4D;
0CAB7 : 6D;
0CAB8 : 6D;
0CAB9 : 6D;
0CABA : 4D;
0CABB : 71;
0CABC : 6D;
0CABD : 6D;
0CABE : 6D;
0CABF : 00;
0CAC0 : 24;
0CAC1 : 00;
0CAC2 : 24;
0CAC3 : 25;
0CAC4 : 25;
0CAC5 : 04;
0CAC6 : 24;
0CAC7 : 00;
0CAC8 : 00;
0CAC9 : 00;
0CACA : 00;
0CACB : 04;
0CACC : 04;
0CACD : 24;
0CACE : 24;
0CACF : 00;
0CAD0 : 24;
0CAD1 : 71;
0CAD2 : 4D;
0CAD3 : 71;
0CAD4 : 71;
0CAD5 : 4D;
0CAD6 : 4D;
0CAD7 : 71;
0CAD8 : 4D;
0CAD9 : 4D;
0CADA : 4D;
0CADB : 4D;
0CADC : 4D;
0CADD : 4D;
0CADE : 49;
0CADF : 4D;
0CAE0 : 04;
0CAE1 : 00;
0CAE2 : 00;
0CAE3 : 00;
0CAE4 : 00;
0CAE5 : 00;
0CAE6 : 00;
0CAE7 : 00;
0CAE8 : 00;
0CAE9 : 24;
0CAEA : 00;
0CAEB : 00;
0CAEC : 00;
0CAED : 24;
0CAEE : 29;
0CAEF : 49;
0CAF0 : 71;
0CAF1 : 4D;
0CAF2 : 4D;
0CAF3 : 49;
0CAF4 : 4D;
0CAF5 : 71;
0CAF6 : 71;
0CAF7 : 29;
0CAF8 : 6D;
0CAF9 : 4D;
0CAFA : 4D;
0CAFB : 4D;
0CAFC : 71;
0CAFD : 71;
0CAFE : 91;
0CAFF : 6D;
0CB00 : 24;
0CB01 : 24;
0CB02 : 25;
0CB03 : 25;
0CB04 : 25;
0CB05 : 25;
0CB06 : 25;
0CB07 : 29;
0CB08 : 00;
0CB09 : 24;
0CB0A : 00;
0CB0B : 00;
0CB0C : 00;
0CB0D : 00;
0CB0E : 24;
0CB0F : 4D;
0CB10 : 4D;
0CB11 : 4D;
0CB12 : 4D;
0CB13 : 6D;
0CB14 : 71;
0CB15 : 6D;
0CB16 : 71;
0CB17 : 71;
0CB18 : 4D;
0CB19 : 29;
0CB1A : 49;
0CB1B : 4D;
0CB1C : 4D;
0CB1D : 6D;
0CB1E : 4D;
0CB1F : 71;
0CB20 : 04;
0CB21 : 49;
0CB22 : 25;
0CB23 : 04;
0CB24 : 24;
0CB25 : 25;
0CB26 : 25;
0CB27 : 25;
0CB28 : 25;
0CB29 : 00;
0CB2A : 25;
0CB2B : 04;
0CB2C : 00;
0CB2D : 00;
0CB2E : 00;
0CB2F : 00;
0CB30 : 4D;
0CB31 : 6D;
0CB32 : 4D;
0CB33 : 4D;
0CB34 : 49;
0CB35 : 4D;
0CB36 : 4D;
0CB37 : 4D;
0CB38 : 29;
0CB39 : 24;
0CB3A : 4D;
0CB3B : 49;
0CB3C : 49;
0CB3D : 49;
0CB3E : 6D;
0CB3F : 6D;
0CB40 : 25;
0CB41 : 29;
0CB42 : 49;
0CB43 : 4D;
0CB44 : 49;
0CB45 : 25;
0CB46 : 25;
0CB47 : 29;
0CB48 : 49;
0CB49 : 25;
0CB4A : 00;
0CB4B : 49;
0CB4C : 4D;
0CB4D : 00;
0CB4E : 00;
0CB4F : 00;
0CB50 : 49;
0CB51 : 24;
0CB52 : 4D;
0CB53 : 4D;
0CB54 : 24;
0CB55 : 4D;
0CB56 : 29;
0CB57 : 00;
0CB58 : 4D;
0CB59 : 71;
0CB5A : 29;
0CB5B : 4D;
0CB5C : 4D;
0CB5D : 49;
0CB5E : 6D;
0CB5F : 6D;
0CB60 : 25;
0CB61 : 29;
0CB62 : 29;
0CB63 : 29;
0CB64 : 49;
0CB65 : 25;
0CB66 : 25;
0CB67 : 29;
0CB68 : 29;
0CB69 : 25;
0CB6A : 24;
0CB6B : 00;
0CB6C : 25;
0CB6D : 00;
0CB6E : 00;
0CB6F : 00;
0CB70 : 00;
0CB71 : 00;
0CB72 : 4D;
0CB73 : 49;
0CB74 : 49;
0CB75 : 25;
0CB76 : 49;
0CB77 : 4D;
0CB78 : 6D;
0CB79 : 4D;
0CB7A : 4D;
0CB7B : 4D;
0CB7C : 6D;
0CB7D : 6D;
0CB7E : 4D;
0CB7F : 4D;
0CB80 : 29;
0CB81 : 29;
0CB82 : 4D;
0CB83 : 4D;
0CB84 : 4D;
0CB85 : 6D;
0CB86 : 29;
0CB87 : 29;
0CB88 : 25;
0CB89 : 29;
0CB8A : 00;
0CB8B : 24;
0CB8C : 00;
0CB8D : 25;
0CB8E : 25;
0CB8F : 24;
0CB90 : 29;
0CB91 : 25;
0CB92 : 24;
0CB93 : 04;
0CB94 : 24;
0CB95 : 29;
0CB96 : 4D;
0CB97 : 4D;
0CB98 : 49;
0CB99 : 49;
0CB9A : 4D;
0CB9B : 29;
0CB9C : 4D;
0CB9D : 29;
0CB9E : 29;
0CB9F : 24;
0CBA0 : 04;
0CBA1 : 4D;
0CBA2 : 4D;
0CBA3 : 4D;
0CBA4 : 4D;
0CBA5 : 4D;
0CBA6 : 71;
0CBA7 : 25;
0CBA8 : 24;
0CBA9 : 25;
0CBAA : 00;
0CBAB : 24;
0CBAC : 00;
0CBAD : 25;
0CBAE : 24;
0CBAF : 00;
0CBB0 : 49;
0CBB1 : 49;
0CBB2 : 4D;
0CBB3 : 49;
0CBB4 : 49;
0CBB5 : 49;
0CBB6 : 29;
0CBB7 : 49;
0CBB8 : 49;
0CBB9 : 4D;
0CBBA : 6D;
0CBBB : 4D;
0CBBC : 49;
0CBBD : 49;
0CBBE : 6D;
0CBBF : 25;
0CBC0 : 25;
0CBC1 : 29;
0CBC2 : 4D;
0CBC3 : 29;
0CBC4 : 00;
0CBC5 : 96;
0CBC6 : 71;
0CBC7 : 25;
0CBC8 : 00;
0CBC9 : 00;
0CBCA : 00;
0CBCB : 25;
0CBCC : 00;
0CBCD : 25;
0CBCE : 49;
0CBCF : 29;
0CBD0 : 4D;
0CBD1 : 4D;
0CBD2 : 4D;
0CBD3 : 71;
0CBD4 : 6D;
0CBD5 : 4D;
0CBD6 : 25;
0CBD7 : 49;
0CBD8 : 6D;
0CBD9 : 4D;
0CBDA : 4D;
0CBDB : 00;
0CBDC : 00;
0CBDD : 29;
0CBDE : 29;
0CBDF : 25;
0CBE0 : 25;
0CBE1 : 24;
0CBE2 : 29;
0CBE3 : 4D;
0CBE4 : 29;
0CBE5 : 71;
0CBE6 : 4D;
0CBE7 : 4D;
0CBE8 : 04;
0CBE9 : 00;
0CBEA : 25;
0CBEB : 25;
0CBEC : 24;
0CBED : 25;
0CBEE : 25;
0CBEF : 49;
0CBF0 : 4D;
0CBF1 : 49;
0CBF2 : 4D;
0CBF3 : 4D;
0CBF4 : 4D;
0CBF5 : 4D;
0CBF6 : 29;
0CBF7 : 4D;
0CBF8 : 49;
0CBF9 : 4D;
0CBFA : 49;
0CBFB : 49;
0CBFC : 49;
0CBFD : 4D;
0CBFE : 29;
0CBFF : 49;
0CC00 : 25;
0CC01 : 25;
0CC02 : 25;
0CC03 : 49;
0CC04 : 49;
0CC05 : 49;
0CC06 : 25;
0CC07 : 25;
0CC08 : 25;
0CC09 : 25;
0CC0A : 25;
0CC0B : 25;
0CC0C : 25;
0CC0D : 25;
0CC0E : 25;
0CC0F : 25;
0CC10 : 25;
0CC11 : 25;
0CC12 : 25;
0CC13 : 25;
0CC14 : 25;
0CC15 : 25;
0CC16 : 25;
0CC17 : 49;
0CC18 : 92;
0CC19 : 49;
0CC1A : 49;
0CC1B : 25;
0CC1C : 49;
0CC1D : 49;
0CC1E : 49;
0CC1F : 25;
0CC20 : 49;
0CC21 : 25;
0CC22 : 25;
0CC23 : 25;
0CC24 : 25;
0CC25 : 25;
0CC26 : 25;
0CC27 : 25;
0CC28 : 29;
0CC29 : 49;
0CC2A : 49;
0CC2B : 25;
0CC2C : 25;
0CC2D : 25;
0CC2E : 25;
0CC2F : 25;
0CC30 : 25;
0CC31 : 25;
0CC32 : 25;
0CC33 : 25;
0CC34 : 25;
0CC35 : 49;
0CC36 : 25;
0CC37 : 25;
0CC38 : 49;
0CC39 : 49;
0CC3A : 72;
0CC3B : 6E;
0CC3C : 00;
0CC3D : 25;
0CC3E : 25;
0CC3F : 45;
0CC40 : 49;
0CC41 : 25;
0CC42 : 25;
0CC43 : 25;
0CC44 : 25;
0CC45 : 49;
0CC46 : 49;
0CC47 : 25;
0CC48 : 25;
0CC49 : 49;
0CC4A : 25;
0CC4B : 29;
0CC4C : 25;
0CC4D : 25;
0CC4E : 25;
0CC4F : 25;
0CC50 : 25;
0CC51 : 25;
0CC52 : 25;
0CC53 : 24;
0CC54 : 25;
0CC55 : 00;
0CC56 : 20;
0CC57 : 49;
0CC58 : 25;
0CC59 : 25;
0CC5A : 25;
0CC5B : 25;
0CC5C : 25;
0CC5D : 25;
0CC5E : 25;
0CC5F : 25;
0CC60 : 49;
0CC61 : 49;
0CC62 : 25;
0CC63 : 25;
0CC64 : 25;
0CC65 : 25;
0CC66 : 25;
0CC67 : 29;
0CC68 : 49;
0CC69 : 49;
0CC6A : 25;
0CC6B : 29;
0CC6C : 25;
0CC6D : 25;
0CC6E : 25;
0CC6F : 25;
0CC70 : 25;
0CC71 : 25;
0CC72 : 25;
0CC73 : 25;
0CC74 : 72;
0CC75 : 49;
0CC76 : 6D;
0CC77 : 00;
0CC78 : 25;
0CC79 : 25;
0CC7A : 25;
0CC7B : 25;
0CC7C : 25;
0CC7D : 25;
0CC7E : 25;
0CC7F : 25;
0CC80 : 49;
0CC81 : 49;
0CC82 : 25;
0CC83 : 25;
0CC84 : 49;
0CC85 : 29;
0CC86 : 49;
0CC87 : 49;
0CC88 : 49;
0CC89 : 25;
0CC8A : 25;
0CC8B : 25;
0CC8C : 25;
0CC8D : 25;
0CC8E : 25;
0CC8F : 25;
0CC90 : 00;
0CC91 : 25;
0CC92 : 49;
0CC93 : 49;
0CC94 : 00;
0CC95 : 25;
0CC96 : 49;
0CC97 : 00;
0CC98 : 49;
0CC99 : 25;
0CC9A : 25;
0CC9B : 25;
0CC9C : 25;
0CC9D : 49;
0CC9E : 25;
0CC9F : 25;
0CCA0 : 49;
0CCA1 : 25;
0CCA2 : 49;
0CCA3 : 25;
0CCA4 : 49;
0CCA5 : 25;
0CCA6 : 29;
0CCA7 : 49;
0CCA8 : 25;
0CCA9 : 29;
0CCAA : 25;
0CCAB : 25;
0CCAC : 25;
0CCAD : 25;
0CCAE : 25;
0CCAF : 25;
0CCB0 : 25;
0CCB1 : 49;
0CCB2 : 49;
0CCB3 : 49;
0CCB4 : 49;
0CCB5 : 25;
0CCB6 : 49;
0CCB7 : 25;
0CCB8 : 25;
0CCB9 : 49;
0CCBA : 25;
0CCBB : 25;
0CCBC : 25;
0CCBD : 25;
0CCBE : 25;
0CCBF : 25;
0CCC0 : 49;
0CCC1 : 49;
0CCC2 : 45;
0CCC3 : 25;
0CCC4 : 25;
0CCC5 : 25;
0CCC6 : 25;
0CCC7 : 49;
0CCC8 : 25;
0CCC9 : 25;
0CCCA : 45;
0CCCB : 25;
0CCCC : 25;
0CCCD : 25;
0CCCE : 25;
0CCCF : 25;
0CCD0 : 25;
0CCD1 : 49;
0CCD2 : 49;
0CCD3 : 49;
0CCD4 : 25;
0CCD5 : 25;
0CCD6 : 25;
0CCD7 : 00;
0CCD8 : 24;
0CCD9 : 25;
0CCDA : 25;
0CCDB : 25;
0CCDC : 25;
0CCDD : 25;
0CCDE : 25;
0CCDF : 25;
0CCE0 : 49;
0CCE1 : 49;
0CCE2 : 49;
0CCE3 : 25;
0CCE4 : 25;
0CCE5 : 25;
0CCE6 : 25;
0CCE7 : 45;
0CCE8 : 25;
0CCE9 : 49;
0CCEA : 45;
0CCEB : 25;
0CCEC : 6E;
0CCED : 25;
0CCEE : 25;
0CCEF : 6E;
0CCF0 : 6D;
0CCF1 : 6E;
0CCF2 : 6E;
0CCF3 : 49;
0CCF4 : 49;
0CCF5 : 49;
0CCF6 : 49;
0CCF7 : 49;
0CCF8 : 25;
0CCF9 : 6E;
0CCFA : 49;
0CCFB : 49;
0CCFC : 25;
0CCFD : 25;
0CCFE : 49;
0CCFF : 24;
0CD00 : 49;
0CD01 : 49;
0CD02 : 49;
0CD03 : 49;
0CD04 : 25;
0CD05 : 25;
0CD06 : 25;
0CD07 : 25;
0CD08 : 49;
0CD09 : 49;
0CD0A : 25;
0CD0B : 25;
0CD0C : 25;
0CD0D : 25;
0CD0E : 49;
0CD0F : 49;
0CD10 : 6D;
0CD11 : 49;
0CD12 : 49;
0CD13 : 49;
0CD14 : 6E;
0CD15 : 6D;
0CD16 : 6D;
0CD17 : 49;
0CD18 : 6D;
0CD19 : 6D;
0CD1A : 6D;
0CD1B : 25;
0CD1C : 49;
0CD1D : 49;
0CD1E : 6D;
0CD1F : 49;
0CD20 : 49;
0CD21 : 49;
0CD22 : 49;
0CD23 : 49;
0CD24 : 25;
0CD25 : 25;
0CD26 : 25;
0CD27 : 20;
0CD28 : 49;
0CD29 : 25;
0CD2A : 49;
0CD2B : 25;
0CD2C : 49;
0CD2D : 25;
0CD2E : 25;
0CD2F : 6E;
0CD30 : 49;
0CD31 : 49;
0CD32 : 49;
0CD33 : 00;
0CD34 : 72;
0CD35 : 72;
0CD36 : 6D;
0CD37 : 6E;
0CD38 : 49;
0CD39 : 49;
0CD3A : 49;
0CD3B : 6E;
0CD3C : 49;
0CD3D : 25;
0CD3E : 49;
0CD3F : 49;
0CD40 : 49;
0CD41 : 49;
0CD42 : 00;
0CD43 : 49;
0CD44 : 45;
0CD45 : 49;
0CD46 : 25;
0CD47 : 25;
0CD48 : 00;
0CD49 : 49;
0CD4A : 25;
0CD4B : 49;
0CD4C : 20;
0CD4D : 25;
0CD4E : 25;
0CD4F : 24;
0CD50 : 4D;
0CD51 : 49;
0CD52 : 25;
0CD53 : 6E;
0CD54 : 00;
0CD55 : 00;
0CD56 : 00;
0CD57 : 00;
0CD58 : 04;
0CD59 : 00;
0CD5A : 00;
0CD5B : 4D;
0CD5C : 25;
0CD5D : 25;
0CD5E : 25;
0CD5F : 25;
0CD60 : 49;
0CD61 : 49;
0CD62 : 49;
0CD63 : 25;
0CD64 : 25;
0CD65 : 25;
0CD66 : 49;
0CD67 : 49;
0CD68 : 25;
0CD69 : 25;
0CD6A : 49;
0CD6B : 24;
0CD6C : 49;
0CD6D : 25;
0CD6E : 25;
0CD6F : 25;
0CD70 : 49;
0CD71 : 6E;
0CD72 : 49;
0CD73 : 49;
0CD74 : 25;
0CD75 : 25;
0CD76 : 25;
0CD77 : 25;
0CD78 : 25;
0CD79 : 25;
0CD7A : 25;
0CD7B : 25;
0CD7C : 25;
0CD7D : 25;
0CD7E : 25;
0CD7F : 25;
0CD80 : 49;
0CD81 : 25;
0CD82 : 25;
0CD83 : 49;
0CD84 : 49;
0CD85 : 49;
0CD86 : 25;
0CD87 : 25;
0CD88 : 24;
0CD89 : 25;
0CD8A : 25;
0CD8B : 25;
0CD8C : 49;
0CD8D : 25;
0CD8E : 49;
0CD8F : 25;
0CD90 : 25;
0CD91 : 25;
0CD92 : 25;
0CD93 : 25;
0CD94 : 25;
0CD95 : 25;
0CD96 : 25;
0CD97 : 25;
0CD98 : 25;
0CD99 : 25;
0CD9A : 25;
0CD9B : 25;
0CD9C : 49;
0CD9D : 49;
0CD9E : 49;
0CD9F : 25;
0CDA0 : 24;
0CDA1 : 25;
0CDA2 : 49;
0CDA3 : 25;
0CDA4 : 25;
0CDA5 : 49;
0CDA6 : 25;
0CDA7 : 25;
0CDA8 : 00;
0CDA9 : 25;
0CDAA : 49;
0CDAB : 49;
0CDAC : 96;
0CDAD : 49;
0CDAE : 6E;
0CDAF : 25;
0CDB0 : 25;
0CDB1 : 25;
0CDB2 : 25;
0CDB3 : 25;
0CDB4 : 25;
0CDB5 : 25;
0CDB6 : 25;
0CDB7 : 25;
0CDB8 : 25;
0CDB9 : 49;
0CDBA : 49;
0CDBB : 25;
0CDBC : 25;
0CDBD : 25;
0CDBE : 49;
0CDBF : 25;
0CDC0 : 20;
0CDC1 : 25;
0CDC2 : 25;
0CDC3 : 49;
0CDC4 : 25;
0CDC5 : 49;
0CDC6 : 25;
0CDC7 : 25;
0CDC8 : 20;
0CDC9 : 00;
0CDCA : 49;
0CDCB : 6D;
0CDCC : 6E;
0CDCD : 49;
0CDCE : 49;
0CDCF : 25;
0CDD0 : 25;
0CDD1 : 25;
0CDD2 : 25;
0CDD3 : 25;
0CDD4 : 25;
0CDD5 : 25;
0CDD6 : 25;
0CDD7 : 25;
0CDD8 : 25;
0CDD9 : 25;
0CDDA : 25;
0CDDB : 25;
0CDDC : 25;
0CDDD : 49;
0CDDE : 49;
0CDDF : 49;
0CDE0 : 25;
0CDE1 : 25;
0CDE2 : 25;
0CDE3 : 25;
0CDE4 : 49;
0CDE5 : 25;
0CDE6 : 25;
0CDE7 : 20;
0CDE8 : 00;
0CDE9 : 24;
0CDEA : 49;
0CDEB : 4D;
0CDEC : 49;
0CDED : 49;
0CDEE : 49;
0CDEF : 25;
0CDF0 : 25;
0CDF1 : 25;
0CDF2 : 25;
0CDF3 : 25;
0CDF4 : 25;
0CDF5 : 25;
0CDF6 : 25;
0CDF7 : 25;
0CDF8 : 25;
0CDF9 : 25;
0CDFA : 25;
0CDFB : 25;
0CDFC : 25;
0CDFD : 49;
0CDFE : 6E;
0CDFF : 49;
0CE00 : 25;
0CE01 : 00;
0CE02 : 49;
0CE03 : 49;
0CE04 : 00;
0CE05 : 25;
0CE06 : 25;
0CE07 : 49;
0CE08 : 92;
0CE09 : 00;
0CE0A : 49;
0CE0B : 49;
0CE0C : 49;
0CE0D : 25;
0CE0E : 25;
0CE0F : 25;
0CE10 : 25;
0CE11 : 25;
0CE12 : 25;
0CE13 : 25;
0CE14 : 25;
0CE15 : 25;
0CE16 : 25;
0CE17 : 25;
0CE18 : 25;
0CE19 : 25;
0CE1A : 25;
0CE1B : 25;
0CE1C : 25;
0CE1D : 49;
0CE1E : 72;
0CE1F : 49;
0CE20 : 25;
0CE21 : 25;
0CE22 : 49;
0CE23 : 25;
0CE24 : 25;
0CE25 : 25;
0CE26 : 25;
0CE27 : 25;
0CE28 : 49;
0CE29 : 49;
0CE2A : 49;
0CE2B : 25;
0CE2C : 25;
0CE2D : 25;
0CE2E : 49;
0CE2F : 25;
0CE30 : 25;
0CE31 : 25;
0CE32 : 25;
0CE33 : 25;
0CE34 : 25;
0CE35 : 25;
0CE36 : 25;
0CE37 : 25;
0CE38 : 25;
0CE39 : 25;
0CE3A : 25;
0CE3B : 25;
0CE3C : 25;
0CE3D : 49;
0CE3E : 6D;
0CE3F : 49;
0CE40 : 25;
0CE41 : 25;
0CE42 : 25;
0CE43 : 25;
0CE44 : 25;
0CE45 : 49;
0CE46 : 45;
0CE47 : 49;
0CE48 : 49;
0CE49 : 25;
0CE4A : 25;
0CE4B : 25;
0CE4C : 49;
0CE4D : 25;
0CE4E : 25;
0CE4F : 25;
0CE50 : 25;
0CE51 : 25;
0CE52 : 25;
0CE53 : 25;
0CE54 : 25;
0CE55 : 25;
0CE56 : 25;
0CE57 : 25;
0CE58 : 25;
0CE59 : 25;
0CE5A : 25;
0CE5B : 25;
0CE5C : 49;
0CE5D : 49;
0CE5E : 49;
0CE5F : 49;
0CE60 : 25;
0CE61 : 25;
0CE62 : 25;
0CE63 : 25;
0CE64 : 25;
0CE65 : 49;
0CE66 : 25;
0CE67 : 25;
0CE68 : 25;
0CE69 : 49;
0CE6A : 25;
0CE6B : 25;
0CE6C : 25;
0CE6D : 25;
0CE6E : 25;
0CE6F : 25;
0CE70 : 25;
0CE71 : 25;
0CE72 : 25;
0CE73 : 25;
0CE74 : 25;
0CE75 : 25;
0CE76 : 25;
0CE77 : 25;
0CE78 : 25;
0CE79 : 25;
0CE7A : 25;
0CE7B : 25;
0CE7C : 25;
0CE7D : 00;
0CE7E : 25;
0CE7F : 49;
0CE80 : 49;
0CE81 : 49;
0CE82 : 49;
0CE83 : 49;
0CE84 : 49;
0CE85 : 49;
0CE86 : 49;
0CE87 : 49;
0CE88 : 25;
0CE89 : 25;
0CE8A : 49;
0CE8B : 25;
0CE8C : 25;
0CE8D : 25;
0CE8E : 25;
0CE8F : 25;
0CE90 : 25;
0CE91 : 25;
0CE92 : 25;
0CE93 : 25;
0CE94 : 25;
0CE95 : 25;
0CE96 : 25;
0CE97 : 25;
0CE98 : 25;
0CE99 : 49;
0CE9A : 49;
0CE9B : 25;
0CE9C : 49;
0CE9D : 25;
0CE9E : 25;
0CE9F : 25;
0CEA0 : 25;
0CEA1 : 45;
0CEA2 : 49;
0CEA3 : 25;
0CEA4 : 25;
0CEA5 : 49;
0CEA6 : 49;
0CEA7 : 49;
0CEA8 : 25;
0CEA9 : 49;
0CEAA : 49;
0CEAB : 25;
0CEAC : 25;
0CEAD : 25;
0CEAE : 25;
0CEAF : 25;
0CEB0 : 25;
0CEB1 : 25;
0CEB2 : 25;
0CEB3 : 25;
0CEB4 : 25;
0CEB5 : 25;
0CEB6 : 25;
0CEB7 : 25;
0CEB8 : 25;
0CEB9 : 25;
0CEBA : 49;
0CEBB : 25;
0CEBC : 25;
0CEBD : 25;
0CEBE : 25;
0CEBF : 25;
0CEC0 : 49;
0CEC1 : 25;
0CEC2 : 25;
0CEC3 : 25;
0CEC4 : 49;
0CEC5 : 49;
0CEC6 : 49;
0CEC7 : 25;
0CEC8 : 25;
0CEC9 : 49;
0CECA : 25;
0CECB : 25;
0CECC : 25;
0CECD : 25;
0CECE : 25;
0CECF : 25;
0CED0 : 25;
0CED1 : 25;
0CED2 : 25;
0CED3 : 25;
0CED4 : 25;
0CED5 : 25;
0CED6 : 25;
0CED7 : 25;
0CED8 : 25;
0CED9 : 29;
0CEDA : 25;
0CEDB : 49;
0CEDC : 25;
0CEDD : 25;
0CEDE : 25;
0CEDF : 25;
0CEE0 : 00;
0CEE1 : 00;
0CEE2 : 49;
0CEE3 : 6D;
0CEE4 : 6E;
0CEE5 : 6E;
0CEE6 : 49;
0CEE7 : 49;
0CEE8 : 25;
0CEE9 : 25;
0CEEA : 49;
0CEEB : 25;
0CEEC : 25;
0CEED : 25;
0CEEE : 25;
0CEEF : 25;
0CEF0 : 25;
0CEF1 : 49;
0CEF2 : 49;
0CEF3 : 25;
0CEF4 : 00;
0CEF5 : 25;
0CEF6 : 49;
0CEF7 : 25;
0CEF8 : 49;
0CEF9 : 25;
0CEFA : 00;
0CEFB : 00;
0CEFC : 25;
0CEFD : 25;
0CEFE : 25;
0CEFF : 49;
0CF00 : 25;
0CF01 : 25;
0CF02 : 25;
0CF03 : 49;
0CF04 : 49;
0CF05 : 25;
0CF06 : 25;
0CF07 : 49;
0CF08 : 25;
0CF09 : 49;
0CF0A : 49;
0CF0B : 25;
0CF0C : 25;
0CF0D : 25;
0CF0E : 25;
0CF0F : 25;
0CF10 : 49;
0CF11 : 49;
0CF12 : 49;
0CF13 : 49;
0CF14 : 49;
0CF15 : 25;
0CF16 : 49;
0CF17 : 6D;
0CF18 : 49;
0CF19 : 25;
0CF1A : 4D;
0CF1B : 25;
0CF1C : 25;
0CF1D : 25;
0CF1E : 49;
0CF1F : 49;
0CF20 : 25;
0CF21 : 25;
0CF22 : 49;
0CF23 : 49;
0CF24 : 25;
0CF25 : 49;
0CF26 : 49;
0CF27 : 25;
0CF28 : 49;
0CF29 : 49;
0CF2A : 49;
0CF2B : 49;
0CF2C : 45;
0CF2D : 25;
0CF2E : 49;
0CF2F : 49;
0CF30 : 29;
0CF31 : 49;
0CF32 : 49;
0CF33 : 49;
0CF34 : 4D;
0CF35 : 29;
0CF36 : 49;
0CF37 : 49;
0CF38 : B6;
0CF39 : 25;
0CF3A : 25;
0CF3B : 25;
0CF3C : 25;
0CF3D : 25;
0CF3E : 25;
0CF3F : 25;
0CF40 : 49;
0CF41 : 49;
0CF42 : 00;
0CF43 : 49;
0CF44 : 49;
0CF45 : 49;
0CF46 : 25;
0CF47 : 25;
0CF48 : 25;
0CF49 : 49;
0CF4A : 49;
0CF4B : 49;
0CF4C : 49;
0CF4D : 49;
0CF4E : 49;
0CF4F : 6E;
0CF50 : 6E;
0CF51 : 4D;
0CF52 : 49;
0CF53 : 6E;
0CF54 : 4D;
0CF55 : 49;
0CF56 : 49;
0CF57 : 00;
0CF58 : 49;
0CF59 : 25;
0CF5A : 25;
0CF5B : 25;
0CF5C : 25;
0CF5D : 25;
0CF5E : 49;
0CF5F : 49;
0CF60 : 25;
0CF61 : 49;
0CF62 : 49;
0CF63 : 25;
0CF64 : 49;
0CF65 : 49;
0CF66 : 49;
0CF67 : 29;
0CF68 : 25;
0CF69 : 49;
0CF6A : 49;
0CF6B : 49;
0CF6C : 49;
0CF6D : 49;
0CF6E : 49;
0CF6F : 6E;
0CF70 : 6E;
0CF71 : 4D;
0CF72 : 49;
0CF73 : 4D;
0CF74 : 4D;
0CF75 : 49;
0CF76 : 29;
0CF77 : 25;
0CF78 : 00;
0CF79 : 25;
0CF7A : 25;
0CF7B : 25;
0CF7C : 25;
0CF7D : 25;
0CF7E : 25;
0CF7F : 49;
0CF80 : 25;
0CF81 : 25;
0CF82 : 49;
0CF83 : 25;
0CF84 : 25;
0CF85 : 49;
0CF86 : 49;
0CF87 : 49;
0CF88 : 49;
0CF89 : 49;
0CF8A : 49;
0CF8B : 49;
0CF8C : 49;
0CF8D : 4D;
0CF8E : 49;
0CF8F : 4D;
0CF90 : 6E;
0CF91 : 4D;
0CF92 : 6E;
0CF93 : 4D;
0CF94 : 49;
0CF95 : 49;
0CF96 : 25;
0CF97 : 25;
0CF98 : 24;
0CF99 : 25;
0CF9A : 25;
0CF9B : 25;
0CF9C : 25;
0CF9D : 49;
0CF9E : 49;
0CF9F : 49;
0CFA0 : 49;
0CFA1 : 25;
0CFA2 : 25;
0CFA3 : 25;
0CFA4 : 29;
0CFA5 : 25;
0CFA6 : 49;
0CFA7 : 25;
0CFA8 : 25;
0CFA9 : 25;
0CFAA : 25;
0CFAB : 25;
0CFAC : 49;
0CFAD : 49;
0CFAE : 49;
0CFAF : 49;
0CFB0 : 4D;
0CFB1 : 6E;
0CFB2 : 6E;
0CFB3 : 4D;
0CFB4 : 49;
0CFB5 : 49;
0CFB6 : 6D;
0CFB7 : 49;
0CFB8 : 25;
0CFB9 : 25;
0CFBA : 25;
0CFBB : 25;
0CFBC : 49;
0CFBD : 49;
0CFBE : 25;
0CFBF : 49;
0CFC0 : 25;
0CFC1 : 25;
0CFC2 : 29;
0CFC3 : 25;
0CFC4 : 49;
0CFC5 : 49;
0CFC6 : 25;
0CFC7 : 25;
0CFC8 : 25;
0CFC9 : 49;
0CFCA : 25;
0CFCB : 49;
0CFCC : 49;
0CFCD : 4D;
0CFCE : 6E;
0CFCF : 25;
0CFD0 : 29;
0CFD1 : 29;
0CFD2 : 29;
0CFD3 : 6E;
0CFD4 : 49;
0CFD5 : 20;
0CFD6 : 25;
0CFD7 : 25;
0CFD8 : 25;
0CFD9 : 25;
0CFDA : 25;
0CFDB : 25;
0CFDC : 25;
0CFDD : 49;
0CFDE : 25;
0CFDF : 49;
0CFE0 : 25;
0CFE1 : 25;
0CFE2 : 25;
0CFE3 : 49;
0CFE4 : 25;
0CFE5 : 25;
0CFE6 : 25;
0CFE7 : 29;
0CFE8 : 49;
0CFE9 : 49;
0CFEA : 25;
0CFEB : 25;
0CFEC : 49;
0CFED : 6D;
0CFEE : 6E;
0CFEF : 49;
0CFF0 : 49;
0CFF1 : 49;
0CFF2 : 49;
0CFF3 : 29;
0CFF4 : 29;
0CFF5 : 00;
0CFF6 : 25;
0CFF7 : 25;
0CFF8 : 25;
0CFF9 : 25;
0CFFA : 25;
0CFFB : 25;
0CFFC : 25;
0CFFD : 49;
0CFFE : 25;
0CFFF : 49;
0D000 : 49;
0D001 : 49;
0D002 : 49;
0D003 : 49;
0D004 : 49;
0D005 : 49;
0D006 : 49;
0D007 : 6D;
0D008 : 49;
0D009 : 49;
0D00A : 49;
0D00B : 49;
0D00C : 25;
0D00D : 25;
0D00E : 25;
0D00F : 25;
0D010 : 25;
0D011 : 25;
0D012 : 25;
0D013 : 25;
0D014 : 25;
0D015 : 49;
0D016 : 49;
0D017 : 25;
0D018 : 49;
0D019 : 25;
0D01A : 49;
0D01B : 25;
0D01C : 25;
0D01D : 25;
0D01E : 25;
0D01F : 25;
0D020 : 25;
0D021 : 49;
0D022 : 49;
0D023 : 25;
0D024 : 49;
0D025 : 49;
0D026 : 6E;
0D027 : 25;
0D028 : 6D;
0D029 : 6E;
0D02A : 25;
0D02B : 45;
0D02C : 25;
0D02D : 49;
0D02E : 25;
0D02F : 25;
0D030 : 25;
0D031 : 25;
0D032 : 25;
0D033 : 25;
0D034 : 49;
0D035 : 6D;
0D036 : 49;
0D037 : 49;
0D038 : 49;
0D039 : 45;
0D03A : 49;
0D03B : 49;
0D03C : 25;
0D03D : 49;
0D03E : 25;
0D03F : 45;
0D040 : 25;
0D041 : 49;
0D042 : 49;
0D043 : 25;
0D044 : 49;
0D045 : 49;
0D046 : 49;
0D047 : 49;
0D048 : 49;
0D049 : 25;
0D04A : 49;
0D04B : 25;
0D04C : 45;
0D04D : 25;
0D04E : 49;
0D04F : 49;
0D050 : 25;
0D051 : 25;
0D052 : 25;
0D053 : 25;
0D054 : 00;
0D055 : 25;
0D056 : 25;
0D057 : 25;
0D058 : 49;
0D059 : 49;
0D05A : 49;
0D05B : 49;
0D05C : 49;
0D05D : 49;
0D05E : 45;
0D05F : 25;
0D060 : 25;
0D061 : 49;
0D062 : 25;
0D063 : 6D;
0D064 : 25;
0D065 : 49;
0D066 : 6D;
0D067 : 49;
0D068 : 49;
0D069 : 25;
0D06A : 49;
0D06B : 25;
0D06C : 25;
0D06D : 25;
0D06E : 49;
0D06F : 25;
0D070 : 25;
0D071 : 25;
0D072 : 25;
0D073 : 25;
0D074 : 25;
0D075 : 25;
0D076 : 25;
0D077 : 25;
0D078 : 45;
0D079 : 49;
0D07A : 49;
0D07B : 49;
0D07C : 49;
0D07D : 49;
0D07E : 25;
0D07F : 25;
0D080 : 25;
0D081 : 25;
0D082 : 25;
0D083 : 25;
0D084 : 25;
0D085 : 49;
0D086 : 25;
0D087 : 20;
0D088 : 49;
0D089 : 49;
0D08A : 49;
0D08B : 49;
0D08C : 25;
0D08D : 25;
0D08E : 25;
0D08F : 45;
0D090 : 25;
0D091 : 25;
0D092 : 00;
0D093 : 45;
0D094 : 49;
0D095 : 25;
0D096 : 45;
0D097 : 25;
0D098 : 25;
0D099 : 00;
0D09A : 4D;
0D09B : 49;
0D09C : 45;
0D09D : 49;
0D09E : 49;
0D09F : 49;
0D0A0 : 25;
0D0A1 : 25;
0D0A2 : 25;
0D0A3 : 25;
0D0A4 : 25;
0D0A5 : 25;
0D0A6 : 25;
0D0A7 : 25;
0D0A8 : 25;
0D0A9 : 25;
0D0AA : 25;
0D0AB : 45;
0D0AC : 49;
0D0AD : 49;
0D0AE : 25;
0D0AF : 49;
0D0B0 : 49;
0D0B1 : 25;
0D0B2 : 20;
0D0B3 : 25;
0D0B4 : 45;
0D0B5 : 45;
0D0B6 : 49;
0D0B7 : 45;
0D0B8 : 49;
0D0B9 : 49;
0D0BA : 25;
0D0BB : 25;
0D0BC : 49;
0D0BD : 49;
0D0BE : 49;
0D0BF : 6D;
0D0C0 : 25;
0D0C1 : 25;
0D0C2 : 25;
0D0C3 : 25;
0D0C4 : 25;
0D0C5 : 25;
0D0C6 : 25;
0D0C7 : 25;
0D0C8 : 25;
0D0C9 : 49;
0D0CA : 25;
0D0CB : 25;
0D0CC : 25;
0D0CD : 25;
0D0CE : 25;
0D0CF : 25;
0D0D0 : 25;
0D0D1 : 25;
0D0D2 : 00;
0D0D3 : 45;
0D0D4 : 49;
0D0D5 : 45;
0D0D6 : 49;
0D0D7 : 25;
0D0D8 : 25;
0D0D9 : 92;
0D0DA : 49;
0D0DB : 49;
0D0DC : 49;
0D0DD : 49;
0D0DE : 49;
0D0DF : 49;
0D0E0 : 25;
0D0E1 : 25;
0D0E2 : 25;
0D0E3 : 25;
0D0E4 : 00;
0D0E5 : 00;
0D0E6 : 25;
0D0E7 : 25;
0D0E8 : 45;
0D0E9 : 25;
0D0EA : 45;
0D0EB : 49;
0D0EC : 25;
0D0ED : 25;
0D0EE : 49;
0D0EF : 49;
0D0F0 : 49;
0D0F1 : 49;
0D0F2 : 49;
0D0F3 : 49;
0D0F4 : 49;
0D0F5 : 25;
0D0F6 : 49;
0D0F7 : 49;
0D0F8 : 49;
0D0F9 : 25;
0D0FA : 49;
0D0FB : 25;
0D0FC : 25;
0D0FD : 45;
0D0FE : 49;
0D0FF : 25;
0D100 : 6E;
0D101 : 49;
0D102 : 25;
0D103 : 49;
0D104 : 49;
0D105 : 25;
0D106 : 25;
0D107 : 25;
0D108 : 25;
0D109 : 25;
0D10A : 25;
0D10B : 25;
0D10C : 25;
0D10D : 25;
0D10E : 49;
0D10F : 25;
0D110 : 25;
0D111 : 25;
0D112 : 49;
0D113 : 49;
0D114 : 49;
0D115 : 49;
0D116 : 49;
0D117 : 49;
0D118 : 49;
0D119 : 49;
0D11A : 25;
0D11B : 25;
0D11C : 49;
0D11D : 25;
0D11E : 25;
0D11F : 25;
0D120 : 6E;
0D121 : 49;
0D122 : 25;
0D123 : 6E;
0D124 : 25;
0D125 : 00;
0D126 : 25;
0D127 : 25;
0D128 : 25;
0D129 : 25;
0D12A : 25;
0D12B : 49;
0D12C : 25;
0D12D : 49;
0D12E : 25;
0D12F : 49;
0D130 : 25;
0D131 : 25;
0D132 : 49;
0D133 : 49;
0D134 : 49;
0D135 : 49;
0D136 : 25;
0D137 : 49;
0D138 : 49;
0D139 : 49;
0D13A : 25;
0D13B : 49;
0D13C : 25;
0D13D : 25;
0D13E : 25;
0D13F : 49;
0D140 : 00;
0D141 : 25;
0D142 : 49;
0D143 : 6E;
0D144 : 6D;
0D145 : 00;
0D146 : 20;
0D147 : 25;
0D148 : 25;
0D149 : 25;
0D14A : 49;
0D14B : 25;
0D14C : 25;
0D14D : 49;
0D14E : 25;
0D14F : 00;
0D150 : 25;
0D151 : 25;
0D152 : 25;
0D153 : 49;
0D154 : 49;
0D155 : 25;
0D156 : 49;
0D157 : 49;
0D158 : 25;
0D159 : 49;
0D15A : 49;
0D15B : 49;
0D15C : 45;
0D15D : 25;
0D15E : 49;
0D15F : 49;
0D160 : 25;
0D161 : 25;
0D162 : 25;
0D163 : 6E;
0D164 : 6E;
0D165 : 49;
0D166 : 20;
0D167 : 25;
0D168 : 25;
0D169 : 25;
0D16A : 25;
0D16B : 25;
0D16C : 25;
0D16D : 49;
0D16E : 25;
0D16F : 25;
0D170 : 25;
0D171 : 25;
0D172 : 25;
0D173 : 25;
0D174 : 25;
0D175 : 25;
0D176 : 49;
0D177 : 49;
0D178 : 49;
0D179 : 49;
0D17A : 49;
0D17B : 49;
0D17C : 49;
0D17D : 49;
0D17E : 49;
0D17F : 49;
0D180 : 25;
0D181 : 25;
0D182 : 25;
0D183 : 49;
0D184 : 6E;
0D185 : 49;
0D186 : 25;
0D187 : 25;
0D188 : 25;
0D189 : 25;
0D18A : 25;
0D18B : 25;
0D18C : 25;
0D18D : 25;
0D18E : 25;
0D18F : 49;
0D190 : 49;
0D191 : 25;
0D192 : 25;
0D193 : 25;
0D194 : 25;
0D195 : 25;
0D196 : 25;
0D197 : 25;
0D198 : 29;
0D199 : 49;
0D19A : 49;
0D19B : 49;
0D19C : 45;
0D19D : 25;
0D19E : 49;
0D19F : 29;
0D1A0 : 25;
0D1A1 : 49;
0D1A2 : 45;
0D1A3 : 49;
0D1A4 : 6D;
0D1A5 : 49;
0D1A6 : 6D;
0D1A7 : 25;
0D1A8 : 25;
0D1A9 : 49;
0D1AA : 25;
0D1AB : 25;
0D1AC : 25;
0D1AD : 25;
0D1AE : 25;
0D1AF : 6E;
0D1B0 : 49;
0D1B1 : 25;
0D1B2 : 49;
0D1B3 : 25;
0D1B4 : 25;
0D1B5 : 25;
0D1B6 : 24;
0D1B7 : 00;
0D1B8 : 20;
0D1B9 : 25;
0D1BA : 49;
0D1BB : 49;
0D1BC : 6E;
0D1BD : 6E;
0D1BE : 25;
0D1BF : 25;
0D1C0 : 6E;
0D1C1 : 49;
0D1C2 : 49;
0D1C3 : 49;
0D1C4 : 49;
0D1C5 : 49;
0D1C6 : 49;
0D1C7 : 25;
0D1C8 : 25;
0D1C9 : 25;
0D1CA : 25;
0D1CB : 25;
0D1CC : 25;
0D1CD : 25;
0D1CE : 25;
0D1CF : 25;
0D1D0 : 25;
0D1D1 : 25;
0D1D2 : 25;
0D1D3 : 25;
0D1D4 : 25;
0D1D5 : 25;
0D1D6 : 25;
0D1D7 : 25;
0D1D8 : 25;
0D1D9 : 25;
0D1DA : 25;
0D1DB : 49;
0D1DC : 20;
0D1DD : 25;
0D1DE : 25;
0D1DF : 25;
0D1E0 : 6D;
0D1E1 : 4D;
0D1E2 : 49;
0D1E3 : 24;
0D1E4 : 24;
0D1E5 : 49;
0D1E6 : 25;
0D1E7 : 25;
0D1E8 : 25;
0D1E9 : 00;
0D1EA : 24;
0D1EB : 25;
0D1EC : 25;
0D1ED : 25;
0D1EE : 25;
0D1EF : 25;
0D1F0 : 25;
0D1F1 : 25;
0D1F2 : 25;
0D1F3 : 25;
0D1F4 : 25;
0D1F5 : 25;
0D1F6 : 25;
0D1F7 : 25;
0D1F8 : 25;
0D1F9 : 25;
0D1FA : 25;
0D1FB : 25;
0D1FC : 25;
0D1FD : 25;
0D1FE : 25;
0D1FF : 25;
0D200 : 4D;
0D201 : 4D;
0D202 : 25;
0D203 : 25;
0D204 : 00;
0D205 : 25;
0D206 : 25;
0D207 : 25;
0D208 : 25;
0D209 : 25;
0D20A : 25;
0D20B : 25;
0D20C : 25;
0D20D : 25;
0D20E : 25;
0D20F : 25;
0D210 : 25;
0D211 : 25;
0D212 : 25;
0D213 : 25;
0D214 : 25;
0D215 : 25;
0D216 : 25;
0D217 : 25;
0D218 : 25;
0D219 : 25;
0D21A : 25;
0D21B : 25;
0D21C : 25;
0D21D : 25;
0D21E : 25;
0D21F : 25;
0D220 : 4D;
0D221 : 49;
0D222 : 25;
0D223 : 49;
0D224 : 25;
0D225 : 49;
0D226 : 25;
0D227 : 25;
0D228 : 25;
0D229 : 25;
0D22A : 25;
0D22B : 25;
0D22C : 25;
0D22D : 25;
0D22E : 25;
0D22F : 25;
0D230 : 25;
0D231 : 25;
0D232 : 25;
0D233 : 25;
0D234 : 25;
0D235 : 25;
0D236 : 25;
0D237 : 25;
0D238 : 25;
0D239 : 25;
0D23A : 25;
0D23B : 25;
0D23C : 25;
0D23D : 24;
0D23E : 25;
0D23F : 25;
0D240 : 25;
0D241 : 49;
0D242 : 25;
0D243 : 25;
0D244 : 25;
0D245 : 25;
0D246 : 25;
0D247 : 25;
0D248 : 25;
0D249 : 25;
0D24A : 20;
0D24B : 25;
0D24C : 25;
0D24D : 25;
0D24E : 25;
0D24F : 25;
0D250 : 25;
0D251 : 25;
0D252 : 25;
0D253 : 25;
0D254 : 25;
0D255 : 25;
0D256 : 25;
0D257 : 25;
0D258 : 25;
0D259 : 25;
0D25A : 25;
0D25B : 24;
0D25C : 25;
0D25D : 25;
0D25E : 00;
0D25F : 24;
0D260 : 25;
0D261 : 25;
0D262 : 25;
0D263 : 49;
0D264 : 25;
0D265 : 49;
0D266 : 49;
0D267 : 25;
0D268 : 25;
0D269 : 25;
0D26A : 25;
0D26B : 25;
0D26C : 25;
0D26D : 25;
0D26E : 25;
0D26F : 25;
0D270 : 25;
0D271 : 25;
0D272 : 25;
0D273 : 25;
0D274 : 25;
0D275 : 25;
0D276 : 25;
0D277 : 25;
0D278 : 25;
0D279 : 25;
0D27A : 00;
0D27B : 24;
0D27C : 25;
0D27D : 00;
0D27E : 00;
0D27F : 00;
0D280 : 49;
0D281 : 49;
0D282 : 49;
0D283 : 49;
0D284 : 49;
0D285 : 49;
0D286 : 25;
0D287 : 45;
0D288 : 49;
0D289 : 25;
0D28A : 25;
0D28B : 25;
0D28C : 25;
0D28D : 25;
0D28E : 20;
0D28F : 24;
0D290 : 25;
0D291 : 25;
0D292 : 25;
0D293 : 25;
0D294 : 25;
0D295 : 25;
0D296 : 25;
0D297 : 25;
0D298 : 25;
0D299 : 49;
0D29A : 25;
0D29B : 25;
0D29C : 25;
0D29D : 00;
0D29E : 25;
0D29F : 49;
0D2A0 : 25;
0D2A1 : 25;
0D2A2 : 49;
0D2A3 : 49;
0D2A4 : 49;
0D2A5 : 49;
0D2A6 : 49;
0D2A7 : 49;
0D2A8 : 49;
0D2A9 : 25;
0D2AA : 25;
0D2AB : 25;
0D2AC : 24;
0D2AD : 24;
0D2AE : 25;
0D2AF : 25;
0D2B0 : 25;
0D2B1 : 25;
0D2B2 : 25;
0D2B3 : 25;
0D2B4 : 25;
0D2B5 : 25;
0D2B6 : 25;
0D2B7 : 25;
0D2B8 : 25;
0D2B9 : 49;
0D2BA : 25;
0D2BB : 25;
0D2BC : 25;
0D2BD : 25;
0D2BE : 25;
0D2BF : 45;
0D2C0 : 25;
0D2C1 : 49;
0D2C2 : 49;
0D2C3 : 49;
0D2C4 : 49;
0D2C5 : 49;
0D2C6 : 49;
0D2C7 : 49;
0D2C8 : 49;
0D2C9 : 25;
0D2CA : 25;
0D2CB : 25;
0D2CC : 00;
0D2CD : 25;
0D2CE : 00;
0D2CF : 25;
0D2D0 : 25;
0D2D1 : 25;
0D2D2 : 25;
0D2D3 : 25;
0D2D4 : 25;
0D2D5 : 25;
0D2D6 : 25;
0D2D7 : 25;
0D2D8 : 25;
0D2D9 : 25;
0D2DA : 25;
0D2DB : 25;
0D2DC : 25;
0D2DD : 25;
0D2DE : 25;
0D2DF : 25;
0D2E0 : 49;
0D2E1 : 49;
0D2E2 : 49;
0D2E3 : 49;
0D2E4 : 49;
0D2E5 : 49;
0D2E6 : 49;
0D2E7 : 49;
0D2E8 : 49;
0D2E9 : 25;
0D2EA : 25;
0D2EB : 25;
0D2EC : 20;
0D2ED : 25;
0D2EE : 25;
0D2EF : 00;
0D2F0 : 25;
0D2F1 : 25;
0D2F2 : 25;
0D2F3 : 25;
0D2F4 : 25;
0D2F5 : 25;
0D2F6 : 25;
0D2F7 : 25;
0D2F8 : 25;
0D2F9 : 25;
0D2FA : 25;
0D2FB : 25;
0D2FC : 49;
0D2FD : 49;
0D2FE : 49;
0D2FF : 49;
0D300 : 49;
0D301 : 49;
0D302 : 49;
0D303 : 49;
0D304 : 49;
0D305 : 49;
0D306 : 49;
0D307 : 49;
0D308 : 49;
0D309 : 49;
0D30A : 25;
0D30B : 25;
0D30C : 25;
0D30D : 25;
0D30E : 00;
0D30F : 25;
0D310 : 25;
0D311 : 25;
0D312 : 25;
0D313 : 25;
0D314 : 25;
0D315 : 25;
0D316 : 25;
0D317 : 25;
0D318 : 25;
0D319 : 49;
0D31A : 49;
0D31B : 49;
0D31C : 45;
0D31D : 49;
0D31E : 49;
0D31F : 25;
0D320 : 49;
0D321 : 49;
0D322 : 49;
0D323 : 49;
0D324 : 49;
0D325 : 49;
0D326 : 45;
0D327 : 49;
0D328 : 49;
0D329 : 49;
0D32A : 25;
0D32B : 25;
0D32C : 25;
0D32D : 00;
0D32E : 00;
0D32F : 25;
0D330 : 25;
0D331 : 25;
0D332 : 25;
0D333 : 25;
0D334 : 25;
0D335 : 25;
0D336 : 25;
0D337 : 49;
0D338 : 25;
0D339 : 49;
0D33A : 49;
0D33B : 49;
0D33C : 25;
0D33D : 25;
0D33E : 25;
0D33F : 25;
0D340 : 49;
0D341 : 49;
0D342 : 49;
0D343 : 49;
0D344 : 49;
0D345 : 49;
0D346 : 49;
0D347 : 49;
0D348 : 49;
0D349 : 6D;
0D34A : 25;
0D34B : 25;
0D34C : 4D;
0D34D : 25;
0D34E : 25;
0D34F : 25;
0D350 : 25;
0D351 : 49;
0D352 : 49;
0D353 : 25;
0D354 : 25;
0D355 : 49;
0D356 : 45;
0D357 : 25;
0D358 : 25;
0D359 : 25;
0D35A : 6E;
0D35B : 25;
0D35C : 45;
0D35D : 49;
0D35E : 49;
0D35F : 25;
0D360 : 49;
0D361 : 49;
0D362 : 49;
0D363 : 49;
0D364 : 49;
0D365 : 49;
0D366 : 49;
0D367 : 49;
0D368 : 49;
0D369 : 49;
0D36A : 45;
0D36B : 25;
0D36C : 4D;
0D36D : 49;
0D36E : 25;
0D36F : 25;
0D370 : 25;
0D371 : 25;
0D372 : 25;
0D373 : 25;
0D374 : 25;
0D375 : 25;
0D376 : 25;
0D377 : 25;
0D378 : 25;
0D379 : 25;
0D37A : 25;
0D37B : 49;
0D37C : 25;
0D37D : 25;
0D37E : 49;
0D37F : 25;
0D380 : 49;
0D381 : 49;
0D382 : 49;
0D383 : 49;
0D384 : 49;
0D385 : 49;
0D386 : 49;
0D387 : 49;
0D388 : 49;
0D389 : 49;
0D38A : 49;
0D38B : 49;
0D38C : 4D;
0D38D : 25;
0D38E : 25;
0D38F : 25;
0D390 : 25;
0D391 : 25;
0D392 : 25;
0D393 : 25;
0D394 : 25;
0D395 : 25;
0D396 : 45;
0D397 : 25;
0D398 : 25;
0D399 : 25;
0D39A : 25;
0D39B : 00;
0D39C : 24;
0D39D : 25;
0D39E : 49;
0D39F : 49;
0D3A0 : 49;
0D3A1 : 49;
0D3A2 : 49;
0D3A3 : 49;
0D3A4 : 49;
0D3A5 : 49;
0D3A6 : 49;
0D3A7 : 49;
0D3A8 : 49;
0D3A9 : 49;
0D3AA : 25;
0D3AB : 45;
0D3AC : 25;
0D3AD : 25;
0D3AE : 00;
0D3AF : 45;
0D3B0 : 25;
0D3B1 : 25;
0D3B2 : 49;
0D3B3 : 24;
0D3B4 : 25;
0D3B5 : 49;
0D3B6 : 49;
0D3B7 : 49;
0D3B8 : 25;
0D3B9 : 25;
0D3BA : 25;
0D3BB : 25;
0D3BC : 25;
0D3BD : 25;
0D3BE : 25;
0D3BF : 25;
0D3C0 : 49;
0D3C1 : 49;
0D3C2 : 49;
0D3C3 : 49;
0D3C4 : 49;
0D3C5 : 49;
0D3C6 : 49;
0D3C7 : 49;
0D3C8 : 49;
0D3C9 : 49;
0D3CA : 49;
0D3CB : 49;
0D3CC : 25;
0D3CD : 25;
0D3CE : 49;
0D3CF : 25;
0D3D0 : 25;
0D3D1 : 25;
0D3D2 : 25;
0D3D3 : 25;
0D3D4 : 25;
0D3D5 : 49;
0D3D6 : 25;
0D3D7 : 25;
0D3D8 : 25;
0D3D9 : 25;
0D3DA : 25;
0D3DB : 49;
0D3DC : 49;
0D3DD : 25;
0D3DE : 25;
0D3DF : 25;
0D3E0 : 49;
0D3E1 : 49;
0D3E2 : 49;
0D3E3 : 49;
0D3E4 : 49;
0D3E5 : 49;
0D3E6 : 49;
0D3E7 : 49;
0D3E8 : 49;
0D3E9 : 49;
0D3EA : 49;
0D3EB : 49;
0D3EC : 6D;
0D3ED : 49;
0D3EE : 49;
0D3EF : 25;
0D3F0 : 29;
0D3F1 : 49;
0D3F2 : 25;
0D3F3 : 49;
0D3F4 : 49;
0D3F5 : 25;
0D3F6 : 45;
0D3F7 : 25;
0D3F8 : 25;
0D3F9 : 49;
0D3FA : 25;
0D3FB : 49;
0D3FC : 45;
0D3FD : 49;
0D3FE : 25;
0D3FF : 49;
0D400 : 25;
0D401 : 25;
0D402 : 25;
0D403 : 49;
0D404 : 49;
0D405 : 49;
0D406 : 25;
0D407 : 25;
0D408 : 25;
0D409 : 25;
0D40A : 25;
0D40B : 25;
0D40C : 25;
0D40D : 25;
0D40E : 25;
0D40F : 25;
0D410 : 25;
0D411 : 25;
0D412 : 25;
0D413 : 25;
0D414 : 25;
0D415 : 25;
0D416 : 25;
0D417 : 49;
0D418 : 92;
0D419 : 49;
0D41A : 49;
0D41B : 25;
0D41C : 49;
0D41D : 49;
0D41E : 49;
0D41F : 25;
0D420 : 49;
0D421 : 25;
0D422 : 25;
0D423 : 25;
0D424 : 25;
0D425 : 25;
0D426 : 25;
0D427 : 25;
0D428 : 29;
0D429 : 49;
0D42A : 49;
0D42B : 25;
0D42C : 25;
0D42D : 25;
0D42E : 25;
0D42F : 25;
0D430 : 25;
0D431 : 25;
0D432 : 25;
0D433 : 25;
0D434 : 25;
0D435 : 49;
0D436 : 25;
0D437 : 25;
0D438 : 49;
0D439 : 49;
0D43A : 72;
0D43B : 6E;
0D43C : 00;
0D43D : 25;
0D43E : 25;
0D43F : 45;
0D440 : 49;
0D441 : 25;
0D442 : 25;
0D443 : 25;
0D444 : 25;
0D445 : 49;
0D446 : 49;
0D447 : 25;
0D448 : 25;
0D449 : 49;
0D44A : 25;
0D44B : 29;
0D44C : 25;
0D44D : 25;
0D44E : 25;
0D44F : 25;
0D450 : 25;
0D451 : 25;
0D452 : 25;
0D453 : 24;
0D454 : 25;
0D455 : 00;
0D456 : 20;
0D457 : 49;
0D458 : 25;
0D459 : 25;
0D45A : 25;
0D45B : 25;
0D45C : 25;
0D45D : 25;
0D45E : 25;
0D45F : 25;
0D460 : 49;
0D461 : 49;
0D462 : 25;
0D463 : 25;
0D464 : 25;
0D465 : 25;
0D466 : 25;
0D467 : 29;
0D468 : 49;
0D469 : 49;
0D46A : 25;
0D46B : 29;
0D46C : 25;
0D46D : 25;
0D46E : 25;
0D46F : 25;
0D470 : 25;
0D471 : 25;
0D472 : 25;
0D473 : 25;
0D474 : 72;
0D475 : 49;
0D476 : 6D;
0D477 : 00;
0D478 : 25;
0D479 : 25;
0D47A : 25;
0D47B : 25;
0D47C : 25;
0D47D : 25;
0D47E : 25;
0D47F : 25;
0D480 : 49;
0D481 : 49;
0D482 : 25;
0D483 : 25;
0D484 : 49;
0D485 : 29;
0D486 : 49;
0D487 : 49;
0D488 : 49;
0D489 : 25;
0D48A : 25;
0D48B : 25;
0D48C : 25;
0D48D : 25;
0D48E : 25;
0D48F : 25;
0D490 : 00;
0D491 : 25;
0D492 : 49;
0D493 : 49;
0D494 : 00;
0D495 : 25;
0D496 : 49;
0D497 : 00;
0D498 : 49;
0D499 : 25;
0D49A : 25;
0D49B : 25;
0D49C : 25;
0D49D : 49;
0D49E : 25;
0D49F : 25;
0D4A0 : 49;
0D4A1 : 25;
0D4A2 : 49;
0D4A3 : 25;
0D4A4 : 49;
0D4A5 : 25;
0D4A6 : 29;
0D4A7 : 49;
0D4A8 : 25;
0D4A9 : 29;
0D4AA : 25;
0D4AB : 25;
0D4AC : 25;
0D4AD : 25;
0D4AE : 25;
0D4AF : 25;
0D4B0 : 25;
0D4B1 : 49;
0D4B2 : 49;
0D4B3 : 49;
0D4B4 : 49;
0D4B5 : 25;
0D4B6 : 49;
0D4B7 : 25;
0D4B8 : 25;
0D4B9 : 49;
0D4BA : 25;
0D4BB : 25;
0D4BC : 25;
0D4BD : 25;
0D4BE : 25;
0D4BF : 25;
0D4C0 : 49;
0D4C1 : 49;
0D4C2 : 45;
0D4C3 : 25;
0D4C4 : 25;
0D4C5 : 25;
0D4C6 : 25;
0D4C7 : 49;
0D4C8 : 25;
0D4C9 : 25;
0D4CA : 45;
0D4CB : 25;
0D4CC : 25;
0D4CD : 25;
0D4CE : 25;
0D4CF : 25;
0D4D0 : 25;
0D4D1 : 49;
0D4D2 : 49;
0D4D3 : 49;
0D4D4 : 25;
0D4D5 : 25;
0D4D6 : 25;
0D4D7 : 00;
0D4D8 : 24;
0D4D9 : 25;
0D4DA : 25;
0D4DB : 25;
0D4DC : 25;
0D4DD : 25;
0D4DE : 25;
0D4DF : 25;
0D4E0 : 49;
0D4E1 : 49;
0D4E2 : 49;
0D4E3 : 25;
0D4E4 : 25;
0D4E5 : 25;
0D4E6 : 25;
0D4E7 : 45;
0D4E8 : 25;
0D4E9 : 49;
0D4EA : 45;
0D4EB : 25;
0D4EC : 6E;
0D4ED : 25;
0D4EE : 25;
0D4EF : 6E;
0D4F0 : 6D;
0D4F1 : 6E;
0D4F2 : 6E;
0D4F3 : 49;
0D4F4 : 49;
0D4F5 : 49;
0D4F6 : 49;
0D4F7 : 49;
0D4F8 : 25;
0D4F9 : 6E;
0D4FA : 49;
0D4FB : 49;
0D4FC : 25;
0D4FD : 25;
0D4FE : 49;
0D4FF : 24;
0D500 : 49;
0D501 : 49;
0D502 : 49;
0D503 : 49;
0D504 : 25;
0D505 : 25;
0D506 : 25;
0D507 : 25;
0D508 : 49;
0D509 : 49;
0D50A : 25;
0D50B : 25;
0D50C : 25;
0D50D : 25;
0D50E : 49;
0D50F : 49;
0D510 : 6D;
0D511 : 49;
0D512 : 49;
0D513 : 49;
0D514 : 6E;
0D515 : 6D;
0D516 : 6D;
0D517 : 49;
0D518 : 6D;
0D519 : 6D;
0D51A : 6D;
0D51B : 25;
0D51C : 49;
0D51D : 49;
0D51E : 6D;
0D51F : 49;
0D520 : 49;
0D521 : 49;
0D522 : 49;
0D523 : 49;
0D524 : 25;
0D525 : 25;
0D526 : 25;
0D527 : 20;
0D528 : 49;
0D529 : 25;
0D52A : 49;
0D52B : 25;
0D52C : 49;
0D52D : 25;
0D52E : 25;
0D52F : 6E;
0D530 : 49;
0D531 : 49;
0D532 : 49;
0D533 : 00;
0D534 : 72;
0D535 : 72;
0D536 : 6D;
0D537 : 6E;
0D538 : 49;
0D539 : 49;
0D53A : 49;
0D53B : 6E;
0D53C : 49;
0D53D : 25;
0D53E : 49;
0D53F : 49;
0D540 : 49;
0D541 : 49;
0D542 : 00;
0D543 : 49;
0D544 : 45;
0D545 : 49;
0D546 : 25;
0D547 : 25;
0D548 : 00;
0D549 : 49;
0D54A : 25;
0D54B : 49;
0D54C : 20;
0D54D : 25;
0D54E : 25;
0D54F : 24;
0D550 : 4D;
0D551 : 49;
0D552 : 25;
0D553 : 6E;
0D554 : 00;
0D555 : 00;
0D556 : 00;
0D557 : 00;
0D558 : 04;
0D559 : 00;
0D55A : 00;
0D55B : 4D;
0D55C : 25;
0D55D : 25;
0D55E : 25;
0D55F : 25;
0D560 : 49;
0D561 : 49;
0D562 : 49;
0D563 : 25;
0D564 : 25;
0D565 : 25;
0D566 : 49;
0D567 : 49;
0D568 : 25;
0D569 : 25;
0D56A : 49;
0D56B : 24;
0D56C : 49;
0D56D : 25;
0D56E : 25;
0D56F : 25;
0D570 : 49;
0D571 : 6E;
0D572 : 49;
0D573 : 49;
0D574 : 25;
0D575 : 25;
0D576 : 25;
0D577 : 25;
0D578 : 25;
0D579 : 25;
0D57A : 25;
0D57B : 25;
0D57C : 25;
0D57D : 25;
0D57E : 25;
0D57F : 25;
0D580 : 49;
0D581 : 25;
0D582 : 25;
0D583 : 49;
0D584 : 49;
0D585 : 49;
0D586 : 25;
0D587 : 25;
0D588 : 24;
0D589 : 25;
0D58A : 25;
0D58B : 25;
0D58C : 49;
0D58D : 25;
0D58E : 49;
0D58F : 25;
0D590 : 25;
0D591 : 25;
0D592 : 25;
0D593 : 25;
0D594 : 25;
0D595 : 25;
0D596 : 25;
0D597 : 25;
0D598 : 25;
0D599 : 25;
0D59A : 25;
0D59B : 25;
0D59C : 49;
0D59D : 49;
0D59E : 49;
0D59F : 25;
0D5A0 : 24;
0D5A1 : 25;
0D5A2 : 49;
0D5A3 : 25;
0D5A4 : 25;
0D5A5 : 49;
0D5A6 : 25;
0D5A7 : 25;
0D5A8 : 00;
0D5A9 : 25;
0D5AA : 49;
0D5AB : 49;
0D5AC : 96;
0D5AD : 49;
0D5AE : 6E;
0D5AF : 25;
0D5B0 : 25;
0D5B1 : 25;
0D5B2 : 25;
0D5B3 : 25;
0D5B4 : 25;
0D5B5 : 25;
0D5B6 : 25;
0D5B7 : 25;
0D5B8 : 25;
0D5B9 : 49;
0D5BA : 49;
0D5BB : 25;
0D5BC : 25;
0D5BD : 25;
0D5BE : 49;
0D5BF : 25;
0D5C0 : 20;
0D5C1 : 25;
0D5C2 : 25;
0D5C3 : 49;
0D5C4 : 25;
0D5C5 : 49;
0D5C6 : 25;
0D5C7 : 25;
0D5C8 : 20;
0D5C9 : 00;
0D5CA : 49;
0D5CB : 6D;
0D5CC : 6E;
0D5CD : 49;
0D5CE : 49;
0D5CF : 25;
0D5D0 : 25;
0D5D1 : 25;
0D5D2 : 25;
0D5D3 : 25;
0D5D4 : 25;
0D5D5 : 25;
0D5D6 : 25;
0D5D7 : 25;
0D5D8 : 25;
0D5D9 : 25;
0D5DA : 25;
0D5DB : 25;
0D5DC : 25;
0D5DD : 49;
0D5DE : 49;
0D5DF : 49;
0D5E0 : 25;
0D5E1 : 25;
0D5E2 : 25;
0D5E3 : 25;
0D5E4 : 49;
0D5E5 : 25;
0D5E6 : 25;
0D5E7 : 20;
0D5E8 : 00;
0D5E9 : 24;
0D5EA : 49;
0D5EB : 4D;
0D5EC : 49;
0D5ED : 49;
0D5EE : 49;
0D5EF : 25;
0D5F0 : 25;
0D5F1 : 25;
0D5F2 : 25;
0D5F3 : 25;
0D5F4 : 25;
0D5F5 : 25;
0D5F6 : 25;
0D5F7 : 25;
0D5F8 : 25;
0D5F9 : 25;
0D5FA : 25;
0D5FB : 25;
0D5FC : 25;
0D5FD : 49;
0D5FE : 6E;
0D5FF : 49;
0D600 : 25;
0D601 : 00;
0D602 : 49;
0D603 : 49;
0D604 : 00;
0D605 : 25;
0D606 : 25;
0D607 : 49;
0D608 : 92;
0D609 : 00;
0D60A : 49;
0D60B : 49;
0D60C : 49;
0D60D : 25;
0D60E : 25;
0D60F : 25;
0D610 : 25;
0D611 : 25;
0D612 : 25;
0D613 : 25;
0D614 : 25;
0D615 : 25;
0D616 : 25;
0D617 : 25;
0D618 : 25;
0D619 : 25;
0D61A : 25;
0D61B : 25;
0D61C : 25;
0D61D : 49;
0D61E : 72;
0D61F : 49;
0D620 : 25;
0D621 : 25;
0D622 : 49;
0D623 : 25;
0D624 : 25;
0D625 : 25;
0D626 : 25;
0D627 : 25;
0D628 : 49;
0D629 : 49;
0D62A : 49;
0D62B : 25;
0D62C : 25;
0D62D : 25;
0D62E : 49;
0D62F : 25;
0D630 : 25;
0D631 : 25;
0D632 : 25;
0D633 : 25;
0D634 : 25;
0D635 : 25;
0D636 : 25;
0D637 : 25;
0D638 : 25;
0D639 : 25;
0D63A : 25;
0D63B : 25;
0D63C : 25;
0D63D : 49;
0D63E : 6D;
0D63F : 49;
0D640 : 25;
0D641 : 25;
0D642 : 25;
0D643 : 25;
0D644 : 25;
0D645 : 49;
0D646 : 45;
0D647 : 49;
0D648 : 49;
0D649 : 25;
0D64A : 25;
0D64B : 25;
0D64C : 49;
0D64D : 25;
0D64E : 25;
0D64F : 25;
0D650 : 25;
0D651 : 25;
0D652 : 25;
0D653 : 25;
0D654 : 25;
0D655 : 25;
0D656 : 25;
0D657 : 25;
0D658 : 25;
0D659 : 25;
0D65A : 25;
0D65B : 25;
0D65C : 49;
0D65D : 49;
0D65E : 49;
0D65F : 49;
0D660 : 25;
0D661 : 25;
0D662 : 25;
0D663 : 25;
0D664 : 25;
0D665 : 49;
0D666 : 25;
0D667 : 25;
0D668 : 25;
0D669 : 49;
0D66A : 25;
0D66B : 25;
0D66C : 25;
0D66D : 25;
0D66E : 25;
0D66F : 25;
0D670 : 25;
0D671 : 25;
0D672 : 25;
0D673 : 25;
0D674 : 25;
0D675 : 25;
0D676 : 25;
0D677 : 25;
0D678 : 25;
0D679 : 25;
0D67A : 25;
0D67B : 25;
0D67C : 25;
0D67D : 00;
0D67E : 25;
0D67F : 49;
0D680 : 49;
0D681 : 49;
0D682 : 49;
0D683 : 49;
0D684 : 49;
0D685 : 49;
0D686 : 49;
0D687 : 49;
0D688 : 25;
0D689 : 25;
0D68A : 49;
0D68B : 25;
0D68C : 25;
0D68D : 25;
0D68E : 25;
0D68F : 25;
0D690 : 25;
0D691 : 25;
0D692 : 25;
0D693 : 25;
0D694 : 25;
0D695 : 25;
0D696 : 25;
0D697 : 25;
0D698 : 25;
0D699 : 49;
0D69A : 49;
0D69B : 25;
0D69C : 49;
0D69D : 25;
0D69E : 25;
0D69F : 25;
0D6A0 : 25;
0D6A1 : 45;
0D6A2 : 49;
0D6A3 : 25;
0D6A4 : 25;
0D6A5 : 49;
0D6A6 : 49;
0D6A7 : 49;
0D6A8 : 25;
0D6A9 : 49;
0D6AA : 49;
0D6AB : 25;
0D6AC : 25;
0D6AD : 25;
0D6AE : 25;
0D6AF : 25;
0D6B0 : 25;
0D6B1 : 25;
0D6B2 : 25;
0D6B3 : 25;
0D6B4 : 25;
0D6B5 : 25;
0D6B6 : 25;
0D6B7 : 25;
0D6B8 : 25;
0D6B9 : 25;
0D6BA : 49;
0D6BB : 25;
0D6BC : 25;
0D6BD : 25;
0D6BE : 25;
0D6BF : 25;
0D6C0 : 49;
0D6C1 : 25;
0D6C2 : 25;
0D6C3 : 25;
0D6C4 : 49;
0D6C5 : 49;
0D6C6 : 49;
0D6C7 : 25;
0D6C8 : 25;
0D6C9 : 49;
0D6CA : 25;
0D6CB : 25;
0D6CC : 25;
0D6CD : 25;
0D6CE : 25;
0D6CF : 25;
0D6D0 : 25;
0D6D1 : 25;
0D6D2 : 25;
0D6D3 : 25;
0D6D4 : 25;
0D6D5 : 25;
0D6D6 : 25;
0D6D7 : 25;
0D6D8 : 25;
0D6D9 : 29;
0D6DA : 25;
0D6DB : 49;
0D6DC : 25;
0D6DD : 25;
0D6DE : 25;
0D6DF : 25;
0D6E0 : 00;
0D6E1 : 00;
0D6E2 : 49;
0D6E3 : 6D;
0D6E4 : 6E;
0D6E5 : 6E;
0D6E6 : 49;
0D6E7 : 49;
0D6E8 : 25;
0D6E9 : 25;
0D6EA : 49;
0D6EB : 25;
0D6EC : 25;
0D6ED : 25;
0D6EE : 25;
0D6EF : 25;
0D6F0 : 25;
0D6F1 : 49;
0D6F2 : 49;
0D6F3 : 25;
0D6F4 : 00;
0D6F5 : 25;
0D6F6 : 49;
0D6F7 : 25;
0D6F8 : 49;
0D6F9 : 25;
0D6FA : 00;
0D6FB : 00;
0D6FC : 25;
0D6FD : 25;
0D6FE : 25;
0D6FF : 49;
0D700 : 25;
0D701 : 25;
0D702 : 25;
0D703 : 49;
0D704 : 49;
0D705 : 25;
0D706 : 25;
0D707 : 49;
0D708 : 25;
0D709 : 49;
0D70A : 49;
0D70B : 25;
0D70C : 25;
0D70D : 25;
0D70E : 25;
0D70F : 25;
0D710 : 49;
0D711 : 49;
0D712 : 49;
0D713 : 49;
0D714 : 49;
0D715 : 25;
0D716 : 49;
0D717 : 6D;
0D718 : 49;
0D719 : 25;
0D71A : 4D;
0D71B : 25;
0D71C : 25;
0D71D : 25;
0D71E : 49;
0D71F : 49;
0D720 : 25;
0D721 : 25;
0D722 : 49;
0D723 : 49;
0D724 : 25;
0D725 : 49;
0D726 : 49;
0D727 : 25;
0D728 : 49;
0D729 : 49;
0D72A : 49;
0D72B : 49;
0D72C : 45;
0D72D : 25;
0D72E : 49;
0D72F : 49;
0D730 : 29;
0D731 : 49;
0D732 : 49;
0D733 : 49;
0D734 : 4D;
0D735 : 29;
0D736 : 49;
0D737 : 49;
0D738 : B6;
0D739 : 25;
0D73A : 25;
0D73B : 25;
0D73C : 25;
0D73D : 25;
0D73E : 25;
0D73F : 25;
0D740 : 49;
0D741 : 49;
0D742 : 00;
0D743 : 49;
0D744 : 49;
0D745 : 49;
0D746 : 25;
0D747 : 25;
0D748 : 25;
0D749 : 49;
0D74A : 49;
0D74B : 49;
0D74C : 49;
0D74D : 49;
0D74E : 49;
0D74F : 6E;
0D750 : 6E;
0D751 : 4D;
0D752 : 49;
0D753 : 6E;
0D754 : 4D;
0D755 : 49;
0D756 : 49;
0D757 : 00;
0D758 : 49;
0D759 : 25;
0D75A : 25;
0D75B : 25;
0D75C : 25;
0D75D : 25;
0D75E : 49;
0D75F : 49;
0D760 : 25;
0D761 : 49;
0D762 : 49;
0D763 : 25;
0D764 : 49;
0D765 : 49;
0D766 : 49;
0D767 : 29;
0D768 : 25;
0D769 : 49;
0D76A : 49;
0D76B : 49;
0D76C : 49;
0D76D : 49;
0D76E : 49;
0D76F : 6E;
0D770 : 6E;
0D771 : 4D;
0D772 : 49;
0D773 : 4D;
0D774 : 4D;
0D775 : 49;
0D776 : 29;
0D777 : 25;
0D778 : 00;
0D779 : 25;
0D77A : 25;
0D77B : 25;
0D77C : 25;
0D77D : 25;
0D77E : 25;
0D77F : 49;
0D780 : 25;
0D781 : 25;
0D782 : 49;
0D783 : 25;
0D784 : 25;
0D785 : 49;
0D786 : 49;
0D787 : 49;
0D788 : 49;
0D789 : 49;
0D78A : 49;
0D78B : 49;
0D78C : 49;
0D78D : 4D;
0D78E : 49;
0D78F : 4D;
0D790 : 6E;
0D791 : 4D;
0D792 : 6E;
0D793 : 4D;
0D794 : 49;
0D795 : 49;
0D796 : 25;
0D797 : 25;
0D798 : 24;
0D799 : 25;
0D79A : 25;
0D79B : 25;
0D79C : 25;
0D79D : 49;
0D79E : 49;
0D79F : 49;
0D7A0 : 49;
0D7A1 : 25;
0D7A2 : 25;
0D7A3 : 25;
0D7A4 : 29;
0D7A5 : 25;
0D7A6 : 49;
0D7A7 : 25;
0D7A8 : 25;
0D7A9 : 25;
0D7AA : 25;
0D7AB : 25;
0D7AC : 49;
0D7AD : 49;
0D7AE : 49;
0D7AF : 49;
0D7B0 : 4D;
0D7B1 : 6E;
0D7B2 : 6E;
0D7B3 : 4D;
0D7B4 : 49;
0D7B5 : 49;
0D7B6 : 6D;
0D7B7 : 49;
0D7B8 : 25;
0D7B9 : 25;
0D7BA : 25;
0D7BB : 25;
0D7BC : 49;
0D7BD : 49;
0D7BE : 25;
0D7BF : 49;
0D7C0 : 25;
0D7C1 : 25;
0D7C2 : 29;
0D7C3 : 25;
0D7C4 : 49;
0D7C5 : 49;
0D7C6 : 25;
0D7C7 : 25;
0D7C8 : 25;
0D7C9 : 49;
0D7CA : 25;
0D7CB : 49;
0D7CC : 49;
0D7CD : 4D;
0D7CE : 6E;
0D7CF : 25;
0D7D0 : 29;
0D7D1 : 29;
0D7D2 : 29;
0D7D3 : 6E;
0D7D4 : 49;
0D7D5 : 20;
0D7D6 : 25;
0D7D7 : 25;
0D7D8 : 25;
0D7D9 : 25;
0D7DA : 25;
0D7DB : 25;
0D7DC : 25;
0D7DD : 49;
0D7DE : 25;
0D7DF : 49;
0D7E0 : 25;
0D7E1 : 25;
0D7E2 : 25;
0D7E3 : 49;
0D7E4 : 25;
0D7E5 : 25;
0D7E6 : 25;
0D7E7 : 29;
0D7E8 : 49;
0D7E9 : 49;
0D7EA : 25;
0D7EB : 25;
0D7EC : 49;
0D7ED : 6D;
0D7EE : 6E;
0D7EF : 49;
0D7F0 : 49;
0D7F1 : 49;
0D7F2 : 49;
0D7F3 : 29;
0D7F4 : 29;
0D7F5 : 00;
0D7F6 : 25;
0D7F7 : 25;
0D7F8 : 25;
0D7F9 : 25;
0D7FA : 25;
0D7FB : 25;
0D7FC : 25;
0D7FD : 49;
0D7FE : 25;
0D7FF : 49;
0D800 : 49;
0D801 : 49;
0D802 : 49;
0D803 : 49;
0D804 : 49;
0D805 : 49;
0D806 : 49;
0D807 : 6D;
0D808 : 49;
0D809 : 49;
0D80A : 49;
0D80B : 49;
0D80C : 25;
0D80D : 25;
0D80E : 25;
0D80F : 25;
0D810 : 25;
0D811 : 25;
0D812 : 25;
0D813 : 25;
0D814 : 25;
0D815 : 49;
0D816 : 49;
0D817 : 25;
0D818 : 49;
0D819 : 25;
0D81A : 49;
0D81B : 25;
0D81C : 25;
0D81D : 25;
0D81E : 25;
0D81F : 25;
0D820 : 25;
0D821 : 49;
0D822 : 49;
0D823 : 25;
0D824 : 49;
0D825 : 49;
0D826 : 6E;
0D827 : 25;
0D828 : 6D;
0D829 : 6E;
0D82A : 25;
0D82B : 45;
0D82C : 25;
0D82D : 49;
0D82E : 25;
0D82F : 25;
0D830 : 25;
0D831 : 25;
0D832 : 25;
0D833 : 25;
0D834 : 49;
0D835 : 6D;
0D836 : 49;
0D837 : 49;
0D838 : 49;
0D839 : 45;
0D83A : 49;
0D83B : 49;
0D83C : 25;
0D83D : 49;
0D83E : 25;
0D83F : 45;
0D840 : 25;
0D841 : 49;
0D842 : 49;
0D843 : 25;
0D844 : 49;
0D845 : 49;
0D846 : 49;
0D847 : 49;
0D848 : 49;
0D849 : 25;
0D84A : 49;
0D84B : 25;
0D84C : 45;
0D84D : 25;
0D84E : 49;
0D84F : 49;
0D850 : 25;
0D851 : 25;
0D852 : 25;
0D853 : 25;
0D854 : 00;
0D855 : 25;
0D856 : 25;
0D857 : 25;
0D858 : 49;
0D859 : 49;
0D85A : 49;
0D85B : 49;
0D85C : 49;
0D85D : 49;
0D85E : 45;
0D85F : 25;
0D860 : 25;
0D861 : 49;
0D862 : 25;
0D863 : 6D;
0D864 : 25;
0D865 : 49;
0D866 : 6D;
0D867 : 49;
0D868 : 49;
0D869 : 25;
0D86A : 49;
0D86B : 25;
0D86C : 25;
0D86D : 25;
0D86E : 49;
0D86F : 25;
0D870 : 25;
0D871 : 25;
0D872 : 25;
0D873 : 25;
0D874 : 25;
0D875 : 25;
0D876 : 25;
0D877 : 25;
0D878 : 45;
0D879 : 49;
0D87A : 49;
0D87B : 49;
0D87C : 49;
0D87D : 49;
0D87E : 25;
0D87F : 25;
0D880 : 25;
0D881 : 25;
0D882 : 25;
0D883 : 25;
0D884 : 25;
0D885 : 49;
0D886 : 25;
0D887 : 20;
0D888 : 49;
0D889 : 49;
0D88A : 49;
0D88B : 49;
0D88C : 25;
0D88D : 25;
0D88E : 25;
0D88F : 45;
0D890 : 25;
0D891 : 25;
0D892 : 00;
0D893 : 45;
0D894 : 49;
0D895 : 25;
0D896 : 45;
0D897 : 25;
0D898 : 25;
0D899 : 00;
0D89A : 4D;
0D89B : 49;
0D89C : 45;
0D89D : 49;
0D89E : 49;
0D89F : 49;
0D8A0 : 25;
0D8A1 : 25;
0D8A2 : 25;
0D8A3 : 25;
0D8A4 : 25;
0D8A5 : 25;
0D8A6 : 25;
0D8A7 : 25;
0D8A8 : 25;
0D8A9 : 25;
0D8AA : 25;
0D8AB : 45;
0D8AC : 49;
0D8AD : 49;
0D8AE : 25;
0D8AF : 49;
0D8B0 : 49;
0D8B1 : 25;
0D8B2 : 20;
0D8B3 : 25;
0D8B4 : 45;
0D8B5 : 45;
0D8B6 : 49;
0D8B7 : 45;
0D8B8 : 49;
0D8B9 : 49;
0D8BA : 25;
0D8BB : 25;
0D8BC : 49;
0D8BD : 49;
0D8BE : 49;
0D8BF : 6D;
0D8C0 : 25;
0D8C1 : 25;
0D8C2 : 25;
0D8C3 : 25;
0D8C4 : 25;
0D8C5 : 25;
0D8C6 : 25;
0D8C7 : 25;
0D8C8 : 25;
0D8C9 : 49;
0D8CA : 25;
0D8CB : 25;
0D8CC : 25;
0D8CD : 25;
0D8CE : 25;
0D8CF : 25;
0D8D0 : 25;
0D8D1 : 25;
0D8D2 : 00;
0D8D3 : 45;
0D8D4 : 49;
0D8D5 : 45;
0D8D6 : 49;
0D8D7 : 25;
0D8D8 : 25;
0D8D9 : 92;
0D8DA : 49;
0D8DB : 49;
0D8DC : 49;
0D8DD : 49;
0D8DE : 49;
0D8DF : 49;
0D8E0 : 25;
0D8E1 : 25;
0D8E2 : 25;
0D8E3 : 25;
0D8E4 : 00;
0D8E5 : 00;
0D8E6 : 25;
0D8E7 : 25;
0D8E8 : 45;
0D8E9 : 25;
0D8EA : 45;
0D8EB : 49;
0D8EC : 25;
0D8ED : 25;
0D8EE : 49;
0D8EF : 49;
0D8F0 : 49;
0D8F1 : 49;
0D8F2 : 49;
0D8F3 : 49;
0D8F4 : 49;
0D8F5 : 25;
0D8F6 : 49;
0D8F7 : 49;
0D8F8 : 49;
0D8F9 : 25;
0D8FA : 49;
0D8FB : 25;
0D8FC : 25;
0D8FD : 45;
0D8FE : 49;
0D8FF : 25;
0D900 : 6E;
0D901 : 49;
0D902 : 25;
0D903 : 49;
0D904 : 49;
0D905 : 25;
0D906 : 25;
0D907 : 25;
0D908 : 25;
0D909 : 25;
0D90A : 25;
0D90B : 25;
0D90C : 25;
0D90D : 25;
0D90E : 49;
0D90F : 25;
0D910 : 25;
0D911 : 25;
0D912 : 49;
0D913 : 49;
0D914 : 49;
0D915 : 49;
0D916 : 49;
0D917 : 49;
0D918 : 49;
0D919 : 49;
0D91A : 25;
0D91B : 25;
0D91C : 49;
0D91D : 25;
0D91E : 25;
0D91F : 25;
0D920 : 6E;
0D921 : 49;
0D922 : 25;
0D923 : 6E;
0D924 : 25;
0D925 : 00;
0D926 : 25;
0D927 : 25;
0D928 : 25;
0D929 : 25;
0D92A : 25;
0D92B : 49;
0D92C : 25;
0D92D : 49;
0D92E : 25;
0D92F : 49;
0D930 : 25;
0D931 : 25;
0D932 : 49;
0D933 : 49;
0D934 : 49;
0D935 : 49;
0D936 : 25;
0D937 : 49;
0D938 : 49;
0D939 : 49;
0D93A : 25;
0D93B : 49;
0D93C : 25;
0D93D : 25;
0D93E : 25;
0D93F : 49;
0D940 : 00;
0D941 : 25;
0D942 : 49;
0D943 : 6E;
0D944 : 6D;
0D945 : 00;
0D946 : 20;
0D947 : 25;
0D948 : 25;
0D949 : 25;
0D94A : 49;
0D94B : 25;
0D94C : 25;
0D94D : 49;
0D94E : 25;
0D94F : 00;
0D950 : 25;
0D951 : 25;
0D952 : 25;
0D953 : 49;
0D954 : 49;
0D955 : 25;
0D956 : 49;
0D957 : 49;
0D958 : 25;
0D959 : 49;
0D95A : 49;
0D95B : 49;
0D95C : 45;
0D95D : 25;
0D95E : 49;
0D95F : 49;
0D960 : 25;
0D961 : 25;
0D962 : 25;
0D963 : 6E;
0D964 : 6E;
0D965 : 49;
0D966 : 20;
0D967 : 25;
0D968 : 25;
0D969 : 25;
0D96A : 25;
0D96B : 25;
0D96C : 25;
0D96D : 49;
0D96E : 25;
0D96F : 25;
0D970 : 25;
0D971 : 25;
0D972 : 25;
0D973 : 25;
0D974 : 25;
0D975 : 25;
0D976 : 49;
0D977 : 49;
0D978 : 49;
0D979 : 49;
0D97A : 49;
0D97B : 49;
0D97C : 49;
0D97D : 49;
0D97E : 49;
0D97F : 49;
0D980 : 25;
0D981 : 25;
0D982 : 25;
0D983 : 49;
0D984 : 6E;
0D985 : 49;
0D986 : 25;
0D987 : 25;
0D988 : 25;
0D989 : 25;
0D98A : 25;
0D98B : 25;
0D98C : 25;
0D98D : 25;
0D98E : 25;
0D98F : 49;
0D990 : 49;
0D991 : 25;
0D992 : 25;
0D993 : 25;
0D994 : 25;
0D995 : 25;
0D996 : 25;
0D997 : 25;
0D998 : 29;
0D999 : 49;
0D99A : 49;
0D99B : 49;
0D99C : 45;
0D99D : 25;
0D99E : 49;
0D99F : 29;
0D9A0 : 25;
0D9A1 : 49;
0D9A2 : 45;
0D9A3 : 49;
0D9A4 : 6D;
0D9A5 : 49;
0D9A6 : 6D;
0D9A7 : 25;
0D9A8 : 25;
0D9A9 : 49;
0D9AA : 25;
0D9AB : 25;
0D9AC : 25;
0D9AD : 25;
0D9AE : 25;
0D9AF : 6E;
0D9B0 : 49;
0D9B1 : 25;
0D9B2 : 49;
0D9B3 : 25;
0D9B4 : 25;
0D9B5 : 25;
0D9B6 : 24;
0D9B7 : 00;
0D9B8 : 20;
0D9B9 : 25;
0D9BA : 49;
0D9BB : 49;
0D9BC : 6E;
0D9BD : 6E;
0D9BE : 25;
0D9BF : 25;
0D9C0 : 6E;
0D9C1 : 49;
0D9C2 : 49;
0D9C3 : 49;
0D9C4 : 49;
0D9C5 : 49;
0D9C6 : 49;
0D9C7 : 25;
0D9C8 : 25;
0D9C9 : 25;
0D9CA : 25;
0D9CB : 25;
0D9CC : 25;
0D9CD : 25;
0D9CE : 25;
0D9CF : 25;
0D9D0 : 25;
0D9D1 : 25;
0D9D2 : 25;
0D9D3 : 25;
0D9D4 : 25;
0D9D5 : 25;
0D9D6 : 25;
0D9D7 : 25;
0D9D8 : 25;
0D9D9 : 25;
0D9DA : 25;
0D9DB : 49;
0D9DC : 20;
0D9DD : 25;
0D9DE : 25;
0D9DF : 25;
0D9E0 : 6D;
0D9E1 : 4D;
0D9E2 : 49;
0D9E3 : 24;
0D9E4 : 24;
0D9E5 : 49;
0D9E6 : 25;
0D9E7 : 25;
0D9E8 : 25;
0D9E9 : 00;
0D9EA : 24;
0D9EB : 25;
0D9EC : 25;
0D9ED : 25;
0D9EE : 25;
0D9EF : 25;
0D9F0 : 25;
0D9F1 : 25;
0D9F2 : 25;
0D9F3 : 25;
0D9F4 : 25;
0D9F5 : 25;
0D9F6 : 25;
0D9F7 : 25;
0D9F8 : 25;
0D9F9 : 25;
0D9FA : 25;
0D9FB : 25;
0D9FC : 25;
0D9FD : 25;
0D9FE : 25;
0D9FF : 25;
0DA00 : 4D;
0DA01 : 4D;
0DA02 : 25;
0DA03 : 25;
0DA04 : 00;
0DA05 : 25;
0DA06 : 25;
0DA07 : 25;
0DA08 : 25;
0DA09 : 25;
0DA0A : 25;
0DA0B : 25;
0DA0C : 25;
0DA0D : 25;
0DA0E : 25;
0DA0F : 25;
0DA10 : 25;
0DA11 : 25;
0DA12 : 25;
0DA13 : 25;
0DA14 : 25;
0DA15 : 25;
0DA16 : 25;
0DA17 : 25;
0DA18 : 25;
0DA19 : 25;
0DA1A : 25;
0DA1B : 25;
0DA1C : 25;
0DA1D : 25;
0DA1E : 25;
0DA1F : 25;
0DA20 : 4D;
0DA21 : 49;
0DA22 : 25;
0DA23 : 49;
0DA24 : 25;
0DA25 : 49;
0DA26 : 25;
0DA27 : 25;
0DA28 : 25;
0DA29 : 25;
0DA2A : 25;
0DA2B : 25;
0DA2C : 25;
0DA2D : 25;
0DA2E : 25;
0DA2F : 25;
0DA30 : 25;
0DA31 : 25;
0DA32 : 25;
0DA33 : 25;
0DA34 : 25;
0DA35 : 25;
0DA36 : 25;
0DA37 : 25;
0DA38 : 25;
0DA39 : 25;
0DA3A : 25;
0DA3B : 25;
0DA3C : 25;
0DA3D : 24;
0DA3E : 25;
0DA3F : 25;
0DA40 : 25;
0DA41 : 49;
0DA42 : 25;
0DA43 : 25;
0DA44 : 25;
0DA45 : 25;
0DA46 : 25;
0DA47 : 25;
0DA48 : 25;
0DA49 : 25;
0DA4A : 20;
0DA4B : 25;
0DA4C : 25;
0DA4D : 25;
0DA4E : 25;
0DA4F : 25;
0DA50 : 25;
0DA51 : 25;
0DA52 : 25;
0DA53 : 25;
0DA54 : 25;
0DA55 : 25;
0DA56 : 25;
0DA57 : 25;
0DA58 : 25;
0DA59 : 25;
0DA5A : 25;
0DA5B : 24;
0DA5C : 25;
0DA5D : 25;
0DA5E : 00;
0DA5F : 24;
0DA60 : 25;
0DA61 : 25;
0DA62 : 25;
0DA63 : 49;
0DA64 : 25;
0DA65 : 49;
0DA66 : 49;
0DA67 : 25;
0DA68 : 25;
0DA69 : 25;
0DA6A : 25;
0DA6B : 25;
0DA6C : 25;
0DA6D : 25;
0DA6E : 25;
0DA6F : 25;
0DA70 : 25;
0DA71 : 25;
0DA72 : 25;
0DA73 : 25;
0DA74 : 25;
0DA75 : 25;
0DA76 : 25;
0DA77 : 25;
0DA78 : 25;
0DA79 : 25;
0DA7A : 00;
0DA7B : 24;
0DA7C : 25;
0DA7D : 00;
0DA7E : 00;
0DA7F : 00;
0DA80 : 49;
0DA81 : 49;
0DA82 : 49;
0DA83 : 49;
0DA84 : 49;
0DA85 : 49;
0DA86 : 25;
0DA87 : 45;
0DA88 : 49;
0DA89 : 25;
0DA8A : 25;
0DA8B : 25;
0DA8C : 25;
0DA8D : 25;
0DA8E : 20;
0DA8F : 24;
0DA90 : 25;
0DA91 : 25;
0DA92 : 25;
0DA93 : 25;
0DA94 : 25;
0DA95 : 25;
0DA96 : 25;
0DA97 : 25;
0DA98 : 25;
0DA99 : 49;
0DA9A : 25;
0DA9B : 25;
0DA9C : 25;
0DA9D : 00;
0DA9E : 25;
0DA9F : 49;
0DAA0 : 25;
0DAA1 : 25;
0DAA2 : 49;
0DAA3 : 49;
0DAA4 : 49;
0DAA5 : 49;
0DAA6 : 49;
0DAA7 : 49;
0DAA8 : 49;
0DAA9 : 25;
0DAAA : 25;
0DAAB : 25;
0DAAC : 24;
0DAAD : 24;
0DAAE : 25;
0DAAF : 25;
0DAB0 : 25;
0DAB1 : 25;
0DAB2 : 25;
0DAB3 : 25;
0DAB4 : 25;
0DAB5 : 25;
0DAB6 : 25;
0DAB7 : 25;
0DAB8 : 25;
0DAB9 : 49;
0DABA : 25;
0DABB : 25;
0DABC : 25;
0DABD : 25;
0DABE : 25;
0DABF : 45;
0DAC0 : 25;
0DAC1 : 49;
0DAC2 : 49;
0DAC3 : 49;
0DAC4 : 49;
0DAC5 : 49;
0DAC6 : 49;
0DAC7 : 49;
0DAC8 : 49;
0DAC9 : 25;
0DACA : 25;
0DACB : 25;
0DACC : 00;
0DACD : 25;
0DACE : 00;
0DACF : 25;
0DAD0 : 25;
0DAD1 : 25;
0DAD2 : 25;
0DAD3 : 25;
0DAD4 : 25;
0DAD5 : 25;
0DAD6 : 25;
0DAD7 : 25;
0DAD8 : 25;
0DAD9 : 25;
0DADA : 25;
0DADB : 25;
0DADC : 25;
0DADD : 25;
0DADE : 25;
0DADF : 25;
0DAE0 : 49;
0DAE1 : 49;
0DAE2 : 49;
0DAE3 : 49;
0DAE4 : 49;
0DAE5 : 49;
0DAE6 : 49;
0DAE7 : 49;
0DAE8 : 49;
0DAE9 : 25;
0DAEA : 25;
0DAEB : 25;
0DAEC : 20;
0DAED : 25;
0DAEE : 25;
0DAEF : 00;
0DAF0 : 25;
0DAF1 : 25;
0DAF2 : 25;
0DAF3 : 25;
0DAF4 : 25;
0DAF5 : 25;
0DAF6 : 25;
0DAF7 : 25;
0DAF8 : 25;
0DAF9 : 25;
0DAFA : 25;
0DAFB : 25;
0DAFC : 49;
0DAFD : 49;
0DAFE : 49;
0DAFF : 49;
0DB00 : 49;
0DB01 : 49;
0DB02 : 49;
0DB03 : 49;
0DB04 : 49;
0DB05 : 49;
0DB06 : 49;
0DB07 : 49;
0DB08 : 49;
0DB09 : 49;
0DB0A : 25;
0DB0B : 25;
0DB0C : 25;
0DB0D : 25;
0DB0E : 00;
0DB0F : 25;
0DB10 : 25;
0DB11 : 25;
0DB12 : 25;
0DB13 : 25;
0DB14 : 25;
0DB15 : 25;
0DB16 : 25;
0DB17 : 25;
0DB18 : 25;
0DB19 : 49;
0DB1A : 49;
0DB1B : 49;
0DB1C : 45;
0DB1D : 49;
0DB1E : 49;
0DB1F : 25;
0DB20 : 49;
0DB21 : 49;
0DB22 : 49;
0DB23 : 49;
0DB24 : 49;
0DB25 : 49;
0DB26 : 45;
0DB27 : 49;
0DB28 : 49;
0DB29 : 49;
0DB2A : 25;
0DB2B : 25;
0DB2C : 25;
0DB2D : 00;
0DB2E : 00;
0DB2F : 25;
0DB30 : 25;
0DB31 : 25;
0DB32 : 25;
0DB33 : 25;
0DB34 : 25;
0DB35 : 25;
0DB36 : 25;
0DB37 : 49;
0DB38 : 25;
0DB39 : 49;
0DB3A : 49;
0DB3B : 49;
0DB3C : 25;
0DB3D : 25;
0DB3E : 25;
0DB3F : 25;
0DB40 : 49;
0DB41 : 49;
0DB42 : 49;
0DB43 : 49;
0DB44 : 49;
0DB45 : 49;
0DB46 : 49;
0DB47 : 49;
0DB48 : 49;
0DB49 : 6D;
0DB4A : 25;
0DB4B : 25;
0DB4C : 4D;
0DB4D : 25;
0DB4E : 25;
0DB4F : 25;
0DB50 : 25;
0DB51 : 49;
0DB52 : 49;
0DB53 : 25;
0DB54 : 25;
0DB55 : 49;
0DB56 : 45;
0DB57 : 25;
0DB58 : 25;
0DB59 : 25;
0DB5A : 6E;
0DB5B : 25;
0DB5C : 45;
0DB5D : 49;
0DB5E : 49;
0DB5F : 25;
0DB60 : 49;
0DB61 : 49;
0DB62 : 49;
0DB63 : 49;
0DB64 : 49;
0DB65 : 49;
0DB66 : 49;
0DB67 : 49;
0DB68 : 49;
0DB69 : 49;
0DB6A : 45;
0DB6B : 25;
0DB6C : 4D;
0DB6D : 49;
0DB6E : 25;
0DB6F : 25;
0DB70 : 25;
0DB71 : 25;
0DB72 : 25;
0DB73 : 25;
0DB74 : 25;
0DB75 : 25;
0DB76 : 25;
0DB77 : 25;
0DB78 : 25;
0DB79 : 25;
0DB7A : 25;
0DB7B : 49;
0DB7C : 25;
0DB7D : 25;
0DB7E : 49;
0DB7F : 25;
0DB80 : 49;
0DB81 : 49;
0DB82 : 49;
0DB83 : 49;
0DB84 : 49;
0DB85 : 49;
0DB86 : 49;
0DB87 : 49;
0DB88 : 49;
0DB89 : 49;
0DB8A : 49;
0DB8B : 49;
0DB8C : 4D;
0DB8D : 25;
0DB8E : 25;
0DB8F : 25;
0DB90 : 25;
0DB91 : 25;
0DB92 : 25;
0DB93 : 25;
0DB94 : 25;
0DB95 : 25;
0DB96 : 45;
0DB97 : 25;
0DB98 : 25;
0DB99 : 25;
0DB9A : 25;
0DB9B : 00;
0DB9C : 24;
0DB9D : 25;
0DB9E : 49;
0DB9F : 49;
0DBA0 : 49;
0DBA1 : 49;
0DBA2 : 49;
0DBA3 : 49;
0DBA4 : 49;
0DBA5 : 49;
0DBA6 : 49;
0DBA7 : 49;
0DBA8 : 49;
0DBA9 : 49;
0DBAA : 25;
0DBAB : 45;
0DBAC : 25;
0DBAD : 25;
0DBAE : 00;
0DBAF : 45;
0DBB0 : 25;
0DBB1 : 25;
0DBB2 : 49;
0DBB3 : 24;
0DBB4 : 25;
0DBB5 : 49;
0DBB6 : 49;
0DBB7 : 49;
0DBB8 : 25;
0DBB9 : 25;
0DBBA : 25;
0DBBB : 25;
0DBBC : 25;
0DBBD : 25;
0DBBE : 25;
0DBBF : 25;
0DBC0 : 49;
0DBC1 : 49;
0DBC2 : 49;
0DBC3 : 49;
0DBC4 : 49;
0DBC5 : 49;
0DBC6 : 49;
0DBC7 : 49;
0DBC8 : 49;
0DBC9 : 49;
0DBCA : 49;
0DBCB : 49;
0DBCC : 25;
0DBCD : 25;
0DBCE : 49;
0DBCF : 25;
0DBD0 : 25;
0DBD1 : 25;
0DBD2 : 25;
0DBD3 : 25;
0DBD4 : 25;
0DBD5 : 49;
0DBD6 : 25;
0DBD7 : 25;
0DBD8 : 25;
0DBD9 : 25;
0DBDA : 25;
0DBDB : 49;
0DBDC : 49;
0DBDD : 25;
0DBDE : 25;
0DBDF : 25;
0DBE0 : 49;
0DBE1 : 49;
0DBE2 : 49;
0DBE3 : 49;
0DBE4 : 49;
0DBE5 : 49;
0DBE6 : 49;
0DBE7 : 49;
0DBE8 : 49;
0DBE9 : 49;
0DBEA : 49;
0DBEB : 49;
0DBEC : 6D;
0DBED : 49;
0DBEE : 49;
0DBEF : 25;
0DBF0 : 29;
0DBF1 : 49;
0DBF2 : 25;
0DBF3 : 49;
0DBF4 : 49;
0DBF5 : 25;
0DBF6 : 45;
0DBF7 : 25;
0DBF8 : 25;
0DBF9 : 49;
0DBFA : 25;
0DBFB : 49;
0DBFC : 45;
0DBFD : 49;
0DBFE : 25;
0DBFF : 49;
0DC00 : 00;
0DC01 : 00;
0DC02 : 00;
0DC03 : 00;
0DC04 : 00;
0DC05 : 49;
0DC06 : 29;
0DC07 : 71;
0DC08 : 6D;
0DC09 : 71;
0DC0A : 6D;
0DC0B : 6D;
0DC0C : 6D;
0DC0D : 6D;
0DC0E : 6D;
0DC0F : 6D;
0DC10 : 6D;
0DC11 : 29;
0DC12 : 29;
0DC13 : 49;
0DC14 : 25;
0DC15 : 04;
0DC16 : 04;
0DC17 : 00;
0DC18 : 00;
0DC19 : 24;
0DC1A : 25;
0DC1B : 29;
0DC1C : 29;
0DC1D : 29;
0DC1E : 25;
0DC1F : 00;
0DC20 : 00;
0DC21 : 00;
0DC22 : 00;
0DC23 : 00;
0DC24 : 00;
0DC25 : 00;
0DC26 : 04;
0DC27 : 4D;
0DC28 : 71;
0DC29 : 4D;
0DC2A : 6D;
0DC2B : 6D;
0DC2C : 6D;
0DC2D : 6D;
0DC2E : 49;
0DC2F : 4D;
0DC30 : 24;
0DC31 : 24;
0DC32 : 49;
0DC33 : 29;
0DC34 : 24;
0DC35 : 24;
0DC36 : 04;
0DC37 : 4D;
0DC38 : 49;
0DC39 : 4D;
0DC3A : 49;
0DC3B : 49;
0DC3C : 49;
0DC3D : 29;
0DC3E : 29;
0DC3F : 00;
0DC40 : 25;
0DC41 : 00;
0DC42 : 00;
0DC43 : 00;
0DC44 : 00;
0DC45 : 25;
0DC46 : 29;
0DC47 : 04;
0DC48 : 29;
0DC49 : 25;
0DC4A : 4D;
0DC4B : 4D;
0DC4C : 4D;
0DC4D : 4D;
0DC4E : 49;
0DC4F : 24;
0DC50 : 24;
0DC51 : 49;
0DC52 : 49;
0DC53 : 49;
0DC54 : 25;
0DC55 : 49;
0DC56 : 49;
0DC57 : 4D;
0DC58 : 4D;
0DC59 : 71;
0DC5A : 4D;
0DC5B : 49;
0DC5C : 4D;
0DC5D : 49;
0DC5E : 49;
0DC5F : 00;
0DC60 : 00;
0DC61 : 00;
0DC62 : 00;
0DC63 : 00;
0DC64 : 24;
0DC65 : 25;
0DC66 : 45;
0DC67 : 25;
0DC68 : 49;
0DC69 : 49;
0DC6A : 29;
0DC6B : 4D;
0DC6C : 4D;
0DC6D : 00;
0DC6E : 00;
0DC6F : 24;
0DC70 : 49;
0DC71 : 29;
0DC72 : 4D;
0DC73 : 24;
0DC74 : 24;
0DC75 : 24;
0DC76 : 25;
0DC77 : 71;
0DC78 : 6D;
0DC79 : 00;
0DC7A : 29;
0DC7B : 4D;
0DC7C : 4D;
0DC7D : 29;
0DC7E : 4D;
0DC7F : 25;
0DC80 : 00;
0DC81 : 24;
0DC82 : 25;
0DC83 : 24;
0DC84 : 00;
0DC85 : 25;
0DC86 : 00;
0DC87 : 29;
0DC88 : 49;
0DC89 : 25;
0DC8A : 24;
0DC8B : 24;
0DC8C : 00;
0DC8D : 24;
0DC8E : 4D;
0DC8F : 4D;
0DC90 : 24;
0DC91 : 24;
0DC92 : 24;
0DC93 : 29;
0DC94 : 00;
0DC95 : 4D;
0DC96 : 29;
0DC97 : 4D;
0DC98 : 4D;
0DC99 : 4D;
0DC9A : 4D;
0DC9B : 4D;
0DC9C : 4D;
0DC9D : 29;
0DC9E : 4D;
0DC9F : 29;
0DCA0 : 00;
0DCA1 : 00;
0DCA2 : 04;
0DCA3 : 04;
0DCA4 : 04;
0DCA5 : 25;
0DCA6 : 25;
0DCA7 : 25;
0DCA8 : 25;
0DCA9 : 24;
0DCAA : 29;
0DCAB : 29;
0DCAC : 24;
0DCAD : 49;
0DCAE : 49;
0DCAF : 4D;
0DCB0 : 4D;
0DCB1 : 4D;
0DCB2 : 49;
0DCB3 : 49;
0DCB4 : 4D;
0DCB5 : 4D;
0DCB6 : 4D;
0DCB7 : 4D;
0DCB8 : 4D;
0DCB9 : 4D;
0DCBA : 4D;
0DCBB : 4D;
0DCBC : 49;
0DCBD : 49;
0DCBE : 29;
0DCBF : 4D;
0DCC0 : 00;
0DCC1 : 00;
0DCC2 : 24;
0DCC3 : 24;
0DCC4 : 00;
0DCC5 : 25;
0DCC6 : 25;
0DCC7 : 25;
0DCC8 : 25;
0DCC9 : 29;
0DCCA : 00;
0DCCB : 24;
0DCCC : 29;
0DCCD : 49;
0DCCE : 49;
0DCCF : 4D;
0DCD0 : 4D;
0DCD1 : 4D;
0DCD2 : 4D;
0DCD3 : 4D;
0DCD4 : 4D;
0DCD5 : 4D;
0DCD6 : 4D;
0DCD7 : 4D;
0DCD8 : 4D;
0DCD9 : 6D;
0DCDA : 49;
0DCDB : 4D;
0DCDC : 4D;
0DCDD : 29;
0DCDE : 29;
0DCDF : 29;
0DCE0 : 24;
0DCE1 : 25;
0DCE2 : 49;
0DCE3 : 00;
0DCE4 : 25;
0DCE5 : 29;
0DCE6 : 49;
0DCE7 : 29;
0DCE8 : 49;
0DCE9 : 29;
0DCEA : 24;
0DCEB : 00;
0DCEC : 29;
0DCED : 4D;
0DCEE : 4D;
0DCEF : 4D;
0DCF0 : 29;
0DCF1 : 49;
0DCF2 : 71;
0DCF3 : 4D;
0DCF4 : 4D;
0DCF5 : 4D;
0DCF6 : 4D;
0DCF7 : 71;
0DCF8 : 4D;
0DCF9 : 71;
0DCFA : 4D;
0DCFB : 4D;
0DCFC : 49;
0DCFD : 29;
0DCFE : 4D;
0DCFF : 49;
0DD00 : 24;
0DD01 : 25;
0DD02 : 25;
0DD03 : 24;
0DD04 : 49;
0DD05 : 4D;
0DD06 : 49;
0DD07 : 4D;
0DD08 : 4D;
0DD09 : 29;
0DD0A : 00;
0DD0B : 00;
0DD0C : 49;
0DD0D : 04;
0DD0E : 4D;
0DD0F : 4D;
0DD10 : 4D;
0DD11 : 4D;
0DD12 : 4D;
0DD13 : 71;
0DD14 : 4D;
0DD15 : 4D;
0DD16 : 6D;
0DD17 : 4D;
0DD18 : 4D;
0DD19 : 4D;
0DD1A : 4D;
0DD1B : 4D;
0DD1C : 4D;
0DD1D : 49;
0DD1E : 4D;
0DD1F : 49;
0DD20 : 24;
0DD21 : 29;
0DD22 : 25;
0DD23 : 49;
0DD24 : 49;
0DD25 : 4D;
0DD26 : 4D;
0DD27 : 4D;
0DD28 : 4D;
0DD29 : 25;
0DD2A : 25;
0DD2B : 24;
0DD2C : 29;
0DD2D : 04;
0DD2E : 4D;
0DD2F : 4D;
0DD30 : 71;
0DD31 : 6D;
0DD32 : 29;
0DD33 : 6D;
0DD34 : 4D;
0DD35 : 4D;
0DD36 : 4D;
0DD37 : 6D;
0DD38 : 71;
0DD39 : 4D;
0DD3A : 4D;
0DD3B : 29;
0DD3C : 4D;
0DD3D : 29;
0DD3E : 29;
0DD3F : 29;
0DD40 : 24;
0DD41 : 29;
0DD42 : 49;
0DD43 : 49;
0DD44 : 49;
0DD45 : 49;
0DD46 : 49;
0DD47 : 49;
0DD48 : 4D;
0DD49 : 29;
0DD4A : 24;
0DD4B : 25;
0DD4C : 25;
0DD4D : 00;
0DD4E : 6D;
0DD4F : 4D;
0DD50 : 49;
0DD51 : 4D;
0DD52 : 4D;
0DD53 : 6D;
0DD54 : 6D;
0DD55 : 4D;
0DD56 : 6D;
0DD57 : 71;
0DD58 : 6D;
0DD59 : 49;
0DD5A : 24;
0DD5B : 29;
0DD5C : 29;
0DD5D : 29;
0DD5E : 4D;
0DD5F : 29;
0DD60 : 04;
0DD61 : 49;
0DD62 : 25;
0DD63 : 25;
0DD64 : 29;
0DD65 : 29;
0DD66 : 29;
0DD67 : 25;
0DD68 : 25;
0DD69 : 04;
0DD6A : 04;
0DD6B : 00;
0DD6C : 24;
0DD6D : 29;
0DD6E : 4D;
0DD6F : 4D;
0DD70 : 4D;
0DD71 : 4D;
0DD72 : 4D;
0DD73 : 4D;
0DD74 : 4D;
0DD75 : 4D;
0DD76 : 49;
0DD77 : 00;
0DD78 : 00;
0DD79 : 49;
0DD7A : 4D;
0DD7B : 29;
0DD7C : 24;
0DD7D : 25;
0DD7E : 00;
0DD7F : 00;
0DD80 : 24;
0DD81 : 29;
0DD82 : 25;
0DD83 : 29;
0DD84 : 29;
0DD85 : 29;
0DD86 : 49;
0DD87 : 29;
0DD88 : 25;
0DD89 : 24;
0DD8A : 24;
0DD8B : 24;
0DD8C : 04;
0DD8D : 24;
0DD8E : 49;
0DD8F : 29;
0DD90 : 4D;
0DD91 : 4D;
0DD92 : 49;
0DD93 : 4D;
0DD94 : 24;
0DD95 : 04;
0DD96 : 00;
0DD97 : 4D;
0DD98 : 4D;
0DD99 : 49;
0DD9A : 49;
0DD9B : 24;
0DD9C : 25;
0DD9D : 04;
0DD9E : 24;
0DD9F : 04;
0DDA0 : 24;
0DDA1 : 29;
0DDA2 : 29;
0DDA3 : 25;
0DDA4 : 29;
0DDA5 : 25;
0DDA6 : 25;
0DDA7 : 25;
0DDA8 : 25;
0DDA9 : 04;
0DDAA : 04;
0DDAB : 00;
0DDAC : 00;
0DDAD : 00;
0DDAE : 04;
0DDAF : 04;
0DDB0 : 71;
0DDB1 : 49;
0DDB2 : 29;
0DDB3 : 49;
0DDB4 : 49;
0DDB5 : 71;
0DDB6 : 25;
0DDB7 : 92;
0DDB8 : 49;
0DDB9 : 45;
0DDBA : 20;
0DDBB : 49;
0DDBC : 25;
0DDBD : 25;
0DDBE : 25;
0DDBF : 24;
0DDC0 : 00;
0DDC1 : 29;
0DDC2 : 29;
0DDC3 : 29;
0DDC4 : 29;
0DDC5 : 29;
0DDC6 : 29;
0DDC7 : 25;
0DDC8 : 25;
0DDC9 : 25;
0DDCA : 25;
0DDCB : 25;
0DDCC : 24;
0DDCD : 04;
0DDCE : 00;
0DDCF : 00;
0DDD0 : 00;
0DDD1 : 04;
0DDD2 : 29;
0DDD3 : 04;
0DDD4 : 6D;
0DDD5 : 6D;
0DDD6 : 69;
0DDD7 : 69;
0DDD8 : 69;
0DDD9 : 69;
0DDDA : 20;
0DDDB : 25;
0DDDC : 25;
0DDDD : 25;
0DDDE : 29;
0DDDF : 04;
0DDE0 : 00;
0DDE1 : 29;
0DDE2 : 29;
0DDE3 : 29;
0DDE4 : 29;
0DDE5 : 49;
0DDE6 : 29;
0DDE7 : 25;
0DDE8 : 25;
0DDE9 : 25;
0DDEA : 25;
0DDEB : 04;
0DDEC : 04;
0DDED : 49;
0DDEE : 24;
0DDEF : 00;
0DDF0 : 24;
0DDF1 : 00;
0DDF2 : 24;
0DDF3 : 00;
0DDF4 : 71;
0DDF5 : 6D;
0DDF6 : 8E;
0DDF7 : 8D;
0DDF8 : 69;
0DDF9 : 69;
0DDFA : 45;
0DDFB : 29;
0DDFC : 25;
0DDFD : 25;
0DDFE : 25;
0DDFF : 00;
0DE00 : 00;
0DE01 : 29;
0DE02 : 29;
0DE03 : 29;
0DE04 : 25;
0DE05 : 25;
0DE06 : 25;
0DE07 : 25;
0DE08 : 29;
0DE09 : 4D;
0DE0A : 4D;
0DE0B : 4D;
0DE0C : 4D;
0DE0D : 4D;
0DE0E : 4D;
0DE0F : 4D;
0DE10 : 49;
0DE11 : 29;
0DE12 : 29;
0DE13 : 00;
0DE14 : 71;
0DE15 : 6D;
0DE16 : 49;
0DE17 : 65;
0DE18 : 65;
0DE19 : 69;
0DE1A : 49;
0DE1B : 25;
0DE1C : 25;
0DE1D : 25;
0DE1E : 25;
0DE1F : 00;
0DE20 : 00;
0DE21 : 25;
0DE22 : 29;
0DE23 : 29;
0DE24 : 29;
0DE25 : 4D;
0DE26 : 29;
0DE27 : 49;
0DE28 : 49;
0DE29 : 49;
0DE2A : 29;
0DE2B : 49;
0DE2C : 4D;
0DE2D : 4D;
0DE2E : 4D;
0DE2F : 4D;
0DE30 : 4D;
0DE31 : 4D;
0DE32 : 4D;
0DE33 : 4D;
0DE34 : 49;
0DE35 : 24;
0DE36 : 00;
0DE37 : 49;
0DE38 : 25;
0DE39 : 49;
0DE3A : 25;
0DE3B : 25;
0DE3C : 29;
0DE3D : 29;
0DE3E : 25;
0DE3F : 25;
0DE40 : 00;
0DE41 : 29;
0DE42 : 29;
0DE43 : 29;
0DE44 : 29;
0DE45 : 49;
0DE46 : 25;
0DE47 : 29;
0DE48 : 49;
0DE49 : 4D;
0DE4A : 4D;
0DE4B : 4D;
0DE4C : 4D;
0DE4D : 6D;
0DE4E : 4D;
0DE4F : 4D;
0DE50 : 4D;
0DE51 : 4D;
0DE52 : 4D;
0DE53 : 4D;
0DE54 : 4D;
0DE55 : 00;
0DE56 : 25;
0DE57 : 8E;
0DE58 : 69;
0DE59 : 49;
0DE5A : 25;
0DE5B : 29;
0DE5C : 25;
0DE5D : 25;
0DE5E : 25;
0DE5F : 25;
0DE60 : 00;
0DE61 : 25;
0DE62 : 29;
0DE63 : 29;
0DE64 : 29;
0DE65 : 49;
0DE66 : 00;
0DE67 : 4D;
0DE68 : 4D;
0DE69 : 4D;
0DE6A : 4D;
0DE6B : 4D;
0DE6C : 29;
0DE6D : 4D;
0DE6E : 4D;
0DE6F : 4D;
0DE70 : 49;
0DE71 : 4D;
0DE72 : 49;
0DE73 : 49;
0DE74 : 29;
0DE75 : 00;
0DE76 : 25;
0DE77 : 69;
0DE78 : 45;
0DE79 : 24;
0DE7A : 00;
0DE7B : 24;
0DE7C : 29;
0DE7D : 29;
0DE7E : 24;
0DE7F : 25;
0DE80 : 00;
0DE81 : 04;
0DE82 : 25;
0DE83 : 29;
0DE84 : 49;
0DE85 : 49;
0DE86 : 4D;
0DE87 : 4D;
0DE88 : 4D;
0DE89 : 4D;
0DE8A : 4D;
0DE8B : 4D;
0DE8C : 4D;
0DE8D : 71;
0DE8E : 4D;
0DE8F : 4D;
0DE90 : 29;
0DE91 : 4D;
0DE92 : 49;
0DE93 : 49;
0DE94 : 29;
0DE95 : 00;
0DE96 : 25;
0DE97 : 25;
0DE98 : 25;
0DE99 : 24;
0DE9A : 00;
0DE9B : 24;
0DE9C : 29;
0DE9D : 29;
0DE9E : 25;
0DE9F : 25;
0DEA0 : 00;
0DEA1 : 00;
0DEA2 : 00;
0DEA3 : 04;
0DEA4 : 29;
0DEA5 : 25;
0DEA6 : 4D;
0DEA7 : 49;
0DEA8 : 29;
0DEA9 : 71;
0DEAA : 4D;
0DEAB : 4D;
0DEAC : 71;
0DEAD : 4D;
0DEAE : 4D;
0DEAF : 4D;
0DEB0 : 4D;
0DEB1 : 4D;
0DEB2 : 4D;
0DEB3 : 24;
0DEB4 : 24;
0DEB5 : 04;
0DEB6 : 24;
0DEB7 : 49;
0DEB8 : 29;
0DEB9 : 00;
0DEBA : 25;
0DEBB : 29;
0DEBC : 29;
0DEBD : 29;
0DEBE : 25;
0DEBF : 25;
0DEC0 : 00;
0DEC1 : 00;
0DEC2 : 00;
0DEC3 : 04;
0DEC4 : 04;
0DEC5 : 71;
0DEC6 : 4D;
0DEC7 : 4D;
0DEC8 : 4D;
0DEC9 : 4D;
0DECA : 4D;
0DECB : 4D;
0DECC : 4D;
0DECD : 29;
0DECE : 4D;
0DECF : 71;
0DED0 : 4D;
0DED1 : 4D;
0DED2 : 49;
0DED3 : 4D;
0DED4 : 00;
0DED5 : 6D;
0DED6 : 49;
0DED7 : 4D;
0DED8 : 4D;
0DED9 : 49;
0DEDA : 49;
0DEDB : 49;
0DEDC : 25;
0DEDD : 04;
0DEDE : 25;
0DEDF : 25;
0DEE0 : 00;
0DEE1 : 00;
0DEE2 : 00;
0DEE3 : 04;
0DEE4 : 00;
0DEE5 : 71;
0DEE6 : 4D;
0DEE7 : 4D;
0DEE8 : 6D;
0DEE9 : 6D;
0DEEA : 6D;
0DEEB : 4D;
0DEEC : 4D;
0DEED : 4D;
0DEEE : 29;
0DEEF : 71;
0DEF0 : 6D;
0DEF1 : 4D;
0DEF2 : 29;
0DEF3 : 29;
0DEF4 : 25;
0DEF5 : 49;
0DEF6 : 4D;
0DEF7 : 4D;
0DEF8 : 4D;
0DEF9 : 6D;
0DEFA : 29;
0DEFB : 4D;
0DEFC : 4D;
0DEFD : 4D;
0DEFE : 25;
0DEFF : 25;
0DF00 : 00;
0DF01 : 00;
0DF02 : 00;
0DF03 : 00;
0DF04 : 04;
0DF05 : 71;
0DF06 : 4D;
0DF07 : 4D;
0DF08 : 4D;
0DF09 : 4D;
0DF0A : 29;
0DF0B : 71;
0DF0C : 4D;
0DF0D : 4D;
0DF0E : 29;
0DF0F : 25;
0DF10 : 4D;
0DF11 : 29;
0DF12 : 29;
0DF13 : 29;
0DF14 : 71;
0DF15 : 71;
0DF16 : 4D;
0DF17 : 71;
0DF18 : 71;
0DF19 : 6D;
0DF1A : 4D;
0DF1B : 4D;
0DF1C : 4D;
0DF1D : 29;
0DF1E : 29;
0DF1F : 25;
0DF20 : 00;
0DF21 : 00;
0DF22 : 00;
0DF23 : 00;
0DF24 : 25;
0DF25 : 6D;
0DF26 : 4D;
0DF27 : 4D;
0DF28 : 4D;
0DF29 : 4D;
0DF2A : 4D;
0DF2B : 49;
0DF2C : 4D;
0DF2D : 29;
0DF2E : 29;
0DF2F : 49;
0DF30 : 29;
0DF31 : 29;
0DF32 : 25;
0DF33 : 4D;
0DF34 : 4D;
0DF35 : 4D;
0DF36 : 6D;
0DF37 : 6D;
0DF38 : 6D;
0DF39 : 71;
0DF3A : 4D;
0DF3B : 29;
0DF3C : 4D;
0DF3D : 4D;
0DF3E : 24;
0DF3F : 25;
0DF40 : 00;
0DF41 : 04;
0DF42 : 00;
0DF43 : 00;
0DF44 : 24;
0DF45 : 49;
0DF46 : 29;
0DF47 : 49;
0DF48 : 49;
0DF49 : 04;
0DF4A : 4D;
0DF4B : 6D;
0DF4C : 4D;
0DF4D : 4D;
0DF4E : 6D;
0DF4F : 4D;
0DF50 : 29;
0DF51 : 29;
0DF52 : 4D;
0DF53 : 6D;
0DF54 : 71;
0DF55 : 4D;
0DF56 : 4D;
0DF57 : 49;
0DF58 : 71;
0DF59 : 29;
0DF5A : 29;
0DF5B : 4D;
0DF5C : 4D;
0DF5D : 4D;
0DF5E : 4D;
0DF5F : 24;
0DF60 : 00;
0DF61 : 25;
0DF62 : 00;
0DF63 : 04;
0DF64 : 29;
0DF65 : 25;
0DF66 : 24;
0DF67 : 4D;
0DF68 : 00;
0DF69 : 71;
0DF6A : 4D;
0DF6B : 4D;
0DF6C : 71;
0DF6D : 4D;
0DF6E : 24;
0DF6F : 29;
0DF70 : 71;
0DF71 : 4D;
0DF72 : 71;
0DF73 : 71;
0DF74 : 4D;
0DF75 : 4D;
0DF76 : 49;
0DF77 : 4D;
0DF78 : 4D;
0DF79 : 6D;
0DF7A : 4D;
0DF7B : 4D;
0DF7C : 4D;
0DF7D : 4D;
0DF7E : 4D;
0DF7F : 00;
0DF80 : 00;
0DF81 : 25;
0DF82 : 00;
0DF83 : 04;
0DF84 : 25;
0DF85 : 24;
0DF86 : 25;
0DF87 : 29;
0DF88 : 24;
0DF89 : 71;
0DF8A : 71;
0DF8B : 4D;
0DF8C : 4D;
0DF8D : 4D;
0DF8E : 29;
0DF8F : 29;
0DF90 : 24;
0DF91 : 29;
0DF92 : 24;
0DF93 : 71;
0DF94 : 4D;
0DF95 : 29;
0DF96 : 29;
0DF97 : 29;
0DF98 : 4D;
0DF99 : 6D;
0DF9A : 6D;
0DF9B : 4D;
0DF9C : 4D;
0DF9D : 4D;
0DF9E : 4D;
0DF9F : 00;
0DFA0 : 00;
0DFA1 : 24;
0DFA2 : 24;
0DFA3 : 25;
0DFA4 : 25;
0DFA5 : 25;
0DFA6 : 29;
0DFA7 : 00;
0DFA8 : 25;
0DFA9 : 04;
0DFAA : 00;
0DFAB : 49;
0DFAC : 4D;
0DFAD : 29;
0DFAE : 49;
0DFAF : 29;
0DFB0 : 29;
0DFB1 : 4D;
0DFB2 : 4D;
0DFB3 : 4D;
0DFB4 : 4D;
0DFB5 : 4D;
0DFB6 : 71;
0DFB7 : 71;
0DFB8 : 71;
0DFB9 : 6D;
0DFBA : 4D;
0DFBB : 4D;
0DFBC : 49;
0DFBD : 49;
0DFBE : 49;
0DFBF : 00;
0DFC0 : 00;
0DFC1 : 24;
0DFC2 : 24;
0DFC3 : 04;
0DFC4 : 04;
0DFC5 : 24;
0DFC6 : 25;
0DFC7 : 00;
0DFC8 : 04;
0DFC9 : 29;
0DFCA : 25;
0DFCB : 29;
0DFCC : 29;
0DFCD : 29;
0DFCE : 29;
0DFCF : 29;
0DFD0 : 29;
0DFD1 : 4D;
0DFD2 : 4D;
0DFD3 : 6D;
0DFD4 : 4D;
0DFD5 : 71;
0DFD6 : 71;
0DFD7 : 4D;
0DFD8 : 71;
0DFD9 : 71;
0DFDA : 6D;
0DFDB : 4D;
0DFDC : 49;
0DFDD : 29;
0DFDE : 49;
0DFDF : 00;
0DFE0 : 00;
0DFE1 : 00;
0DFE2 : 00;
0DFE3 : 00;
0DFE4 : 00;
0DFE5 : 00;
0DFE6 : 00;
0DFE7 : 00;
0DFE8 : 24;
0DFE9 : 24;
0DFEA : 00;
0DFEB : 00;
0DFEC : 24;
0DFED : 25;
0DFEE : 24;
0DFEF : 25;
0DFF0 : 00;
0DFF1 : 71;
0DFF2 : 71;
0DFF3 : 71;
0DFF4 : 71;
0DFF5 : 71;
0DFF6 : 71;
0DFF7 : 71;
0DFF8 : 71;
0DFF9 : 71;
0DFFA : 4D;
0DFFB : 29;
0DFFC : 29;
0DFFD : 25;
0DFFE : 04;
0DFFF : 00;
0E000 : 8C;
0E001 : 8C;
0E002 : 8C;
0E003 : 8C;
0E004 : 8C;
0E005 : 8C;
0E006 : 8C;
0E007 : 8C;
0E008 : 8C;
0E009 : 8C;
0E00A : 8C;
0E00B : 8C;
0E00C : 8C;
0E00D : 8C;
0E00E : 8C;
0E00F : 8C;
0E010 : 8C;
0E011 : B1;
0E012 : D5;
0E013 : D5;
0E014 : D5;
0E015 : D5;
0E016 : D5;
0E017 : D5;
0E018 : D5;
0E019 : D5;
0E01A : D5;
0E01B : D5;
0E01C : D5;
0E01D : D5;
0E01E : D5;
0E01F : D5;
0E020 : 8C;
0E021 : 68;
0E022 : 68;
0E023 : 68;
0E024 : 68;
0E025 : 68;
0E026 : 68;
0E027 : 68;
0E028 : 68;
0E029 : 68;
0E02A : 68;
0E02B : 68;
0E02C : 68;
0E02D : 68;
0E02E : 68;
0E02F : 68;
0E030 : 68;
0E031 : B1;
0E032 : D0;
0E033 : D5;
0E034 : D5;
0E035 : D5;
0E036 : D5;
0E037 : D5;
0E038 : D5;
0E039 : D5;
0E03A : D5;
0E03B : D5;
0E03C : D5;
0E03D : D5;
0E03E : D5;
0E03F : D5;
0E040 : 8C;
0E041 : 68;
0E042 : 68;
0E043 : 68;
0E044 : 68;
0E045 : 68;
0E046 : 68;
0E047 : 68;
0E048 : 68;
0E049 : 68;
0E04A : 68;
0E04B : 68;
0E04C : 68;
0E04D : 68;
0E04E : 68;
0E04F : 68;
0E050 : 68;
0E051 : D5;
0E052 : D5;
0E053 : D5;
0E054 : D5;
0E055 : D5;
0E056 : D5;
0E057 : D5;
0E058 : D5;
0E059 : D5;
0E05A : D5;
0E05B : D5;
0E05C : D5;
0E05D : D5;
0E05E : D5;
0E05F : D5;
0E060 : 68;
0E061 : 68;
0E062 : 68;
0E063 : 8C;
0E064 : 8C;
0E065 : 8C;
0E066 : 8C;
0E067 : 8C;
0E068 : 8C;
0E069 : 8C;
0E06A : 8C;
0E06B : 8C;
0E06C : 8C;
0E06D : 8C;
0E06E : 8C;
0E06F : 8C;
0E070 : D0;
0E071 : D5;
0E072 : D5;
0E073 : D9;
0E074 : D9;
0E075 : D9;
0E076 : D9;
0E077 : D9;
0E078 : D9;
0E079 : D9;
0E07A : D9;
0E07B : D9;
0E07C : D9;
0E07D : D9;
0E07E : D9;
0E07F : D9;
0E080 : 68;
0E081 : 68;
0E082 : 68;
0E083 : 8C;
0E084 : 8C;
0E085 : 8C;
0E086 : 8C;
0E087 : 8C;
0E088 : 8C;
0E089 : 8C;
0E08A : 8C;
0E08B : 8C;
0E08C : 8C;
0E08D : 8C;
0E08E : 8C;
0E08F : D5;
0E090 : D5;
0E091 : D5;
0E092 : D9;
0E093 : D4;
0E094 : D0;
0E095 : CC;
0E096 : D0;
0E097 : D0;
0E098 : D0;
0E099 : D0;
0E09A : D0;
0E09B : D0;
0E09C : D0;
0E09D : D0;
0E09E : D0;
0E09F : D0;
0E0A0 : 68;
0E0A1 : 68;
0E0A2 : 68;
0E0A3 : 8C;
0E0A4 : 8C;
0E0A5 : 8C;
0E0A6 : 8C;
0E0A7 : 8C;
0E0A8 : 8C;
0E0A9 : 8C;
0E0AA : 8C;
0E0AB : 8C;
0E0AC : 8C;
0E0AD : 8C;
0E0AE : 8C;
0E0AF : D5;
0E0B0 : D5;
0E0B1 : D5;
0E0B2 : D9;
0E0B3 : D4;
0E0B4 : D0;
0E0B5 : D0;
0E0B6 : D0;
0E0B7 : D0;
0E0B8 : D0;
0E0B9 : D0;
0E0BA : D0;
0E0BB : D0;
0E0BC : D0;
0E0BD : D0;
0E0BE : D0;
0E0BF : D0;
0E0C0 : 8C;
0E0C1 : 8C;
0E0C2 : 8C;
0E0C3 : 8C;
0E0C4 : 8C;
0E0C5 : 8C;
0E0C6 : 8C;
0E0C7 : 8C;
0E0C8 : 8C;
0E0C9 : 8C;
0E0CA : 8C;
0E0CB : 8C;
0E0CC : 8C;
0E0CD : 8C;
0E0CE : D1;
0E0CF : D5;
0E0D0 : D5;
0E0D1 : D5;
0E0D2 : D9;
0E0D3 : D0;
0E0D4 : D0;
0E0D5 : D0;
0E0D6 : D4;
0E0D7 : D4;
0E0D8 : D4;
0E0D9 : D4;
0E0DA : D4;
0E0DB : D0;
0E0DC : D4;
0E0DD : D0;
0E0DE : D0;
0E0DF : D0;
0E0E0 : 8C;
0E0E1 : 8C;
0E0E2 : 8C;
0E0E3 : 8C;
0E0E4 : 8C;
0E0E5 : 8C;
0E0E6 : 8C;
0E0E7 : 8C;
0E0E8 : 8C;
0E0E9 : 8C;
0E0EA : 8C;
0E0EB : 8C;
0E0EC : 8C;
0E0ED : B0;
0E0EE : D5;
0E0EF : D5;
0E0F0 : D5;
0E0F1 : D5;
0E0F2 : D5;
0E0F3 : D0;
0E0F4 : D0;
0E0F5 : D0;
0E0F6 : D4;
0E0F7 : D4;
0E0F8 : D4;
0E0F9 : D4;
0E0FA : D4;
0E0FB : D0;
0E0FC : D0;
0E0FD : D0;
0E0FE : D0;
0E0FF : D0;
0E100 : 8C;
0E101 : 8C;
0E102 : 8C;
0E103 : 8C;
0E104 : 8C;
0E105 : 8C;
0E106 : 8C;
0E107 : 8C;
0E108 : 8C;
0E109 : 8C;
0E10A : 8C;
0E10B : 8C;
0E10C : 8C;
0E10D : D5;
0E10E : D5;
0E10F : D5;
0E110 : D5;
0E111 : D0;
0E112 : D0;
0E113 : CC;
0E114 : CC;
0E115 : CC;
0E116 : D0;
0E117 : D0;
0E118 : D0;
0E119 : D0;
0E11A : D0;
0E11B : D0;
0E11C : D0;
0E11D : D0;
0E11E : D0;
0E11F : D0;
0E120 : 8C;
0E121 : 8C;
0E122 : 8C;
0E123 : 8C;
0E124 : 8C;
0E125 : 8C;
0E126 : 8C;
0E127 : 8C;
0E128 : 8C;
0E129 : 8C;
0E12A : 8C;
0E12B : 8C;
0E12C : 8C;
0E12D : D5;
0E12E : D5;
0E12F : D5;
0E130 : D5;
0E131 : D0;
0E132 : D0;
0E133 : CC;
0E134 : CC;
0E135 : CC;
0E136 : D0;
0E137 : D0;
0E138 : D0;
0E139 : D0;
0E13A : D0;
0E13B : D0;
0E13C : D0;
0E13D : D0;
0E13E : D0;
0E13F : D0;
0E140 : 8C;
0E141 : 8C;
0E142 : 8C;
0E143 : 8C;
0E144 : 8C;
0E145 : 8C;
0E146 : 8C;
0E147 : 8C;
0E148 : 8C;
0E149 : 8C;
0E14A : 8C;
0E14B : D0;
0E14C : D5;
0E14D : D5;
0E14E : D5;
0E14F : D4;
0E150 : D4;
0E151 : D0;
0E152 : D0;
0E153 : D0;
0E154 : D4;
0E155 : D4;
0E156 : D4;
0E157 : D0;
0E158 : D0;
0E159 : D0;
0E15A : D0;
0E15B : D0;
0E15C : D0;
0E15D : D0;
0E15E : D0;
0E15F : D0;
0E160 : 8C;
0E161 : 8C;
0E162 : 8C;
0E163 : 8C;
0E164 : 8C;
0E165 : 8C;
0E166 : 8C;
0E167 : 8C;
0E168 : 8C;
0E169 : 8C;
0E16A : 8C;
0E16B : D4;
0E16C : D5;
0E16D : D5;
0E16E : D5;
0E16F : D0;
0E170 : D0;
0E171 : D0;
0E172 : D0;
0E173 : D0;
0E174 : D4;
0E175 : D4;
0E176 : D4;
0E177 : D0;
0E178 : D0;
0E179 : D0;
0E17A : D0;
0E17B : D0;
0E17C : D0;
0E17D : D0;
0E17E : D0;
0E17F : D0;
0E180 : 8C;
0E181 : 8C;
0E182 : 8C;
0E183 : 8C;
0E184 : 8C;
0E185 : 8C;
0E186 : 8C;
0E187 : 8C;
0E188 : 8C;
0E189 : B0;
0E18A : D0;
0E18B : D5;
0E18C : D5;
0E18D : D5;
0E18E : CC;
0E18F : D0;
0E190 : D0;
0E191 : D0;
0E192 : D0;
0E193 : D0;
0E194 : D0;
0E195 : D0;
0E196 : D0;
0E197 : D0;
0E198 : D0;
0E199 : D0;
0E19A : D0;
0E19B : D0;
0E19C : D0;
0E19D : D0;
0E19E : D0;
0E19F : D0;
0E1A0 : 8C;
0E1A1 : 8C;
0E1A2 : 8C;
0E1A3 : 8C;
0E1A4 : 8C;
0E1A5 : 8C;
0E1A6 : 8C;
0E1A7 : 8C;
0E1A8 : 8C;
0E1A9 : D0;
0E1AA : D0;
0E1AB : D5;
0E1AC : D5;
0E1AD : D5;
0E1AE : D0;
0E1AF : D0;
0E1B0 : D0;
0E1B1 : D0;
0E1B2 : D0;
0E1B3 : D0;
0E1B4 : D0;
0E1B5 : D0;
0E1B6 : D0;
0E1B7 : D0;
0E1B8 : D0;
0E1B9 : D0;
0E1BA : D0;
0E1BB : D0;
0E1BC : D0;
0E1BD : D0;
0E1BE : D0;
0E1BF : D0;
0E1C0 : 8C;
0E1C1 : 8C;
0E1C2 : 8C;
0E1C3 : 8C;
0E1C4 : 8C;
0E1C5 : 8C;
0E1C6 : 8C;
0E1C7 : 8C;
0E1C8 : D1;
0E1C9 : D5;
0E1CA : D5;
0E1CB : D5;
0E1CC : D5;
0E1CD : D5;
0E1CE : D5;
0E1CF : D5;
0E1D0 : D5;
0E1D1 : D5;
0E1D2 : D5;
0E1D3 : D5;
0E1D4 : D5;
0E1D5 : D5;
0E1D6 : D5;
0E1D7 : D5;
0E1D8 : D5;
0E1D9 : D5;
0E1DA : D5;
0E1DB : D5;
0E1DC : D5;
0E1DD : D5;
0E1DE : D5;
0E1DF : D5;
0E1E0 : 8C;
0E1E1 : 8C;
0E1E2 : 8C;
0E1E3 : 8C;
0E1E4 : 8C;
0E1E5 : 8C;
0E1E6 : 8C;
0E1E7 : 8C;
0E1E8 : D0;
0E1E9 : D5;
0E1EA : D5;
0E1EB : D5;
0E1EC : D5;
0E1ED : D5;
0E1EE : D5;
0E1EF : D5;
0E1F0 : D5;
0E1F1 : D5;
0E1F2 : D5;
0E1F3 : D5;
0E1F4 : D5;
0E1F5 : D5;
0E1F6 : D5;
0E1F7 : D5;
0E1F8 : D5;
0E1F9 : D5;
0E1FA : D5;
0E1FB : D5;
0E1FC : D5;
0E1FD : D5;
0E1FE : D5;
0E1FF : D5;
0E200 : 68;
0E201 : 68;
0E202 : 68;
0E203 : 68;
0E204 : 68;
0E205 : 68;
0E206 : 68;
0E207 : D1;
0E208 : D0;
0E209 : D5;
0E20A : D5;
0E20B : D5;
0E20C : D5;
0E20D : D5;
0E20E : D5;
0E20F : D5;
0E210 : D5;
0E211 : D5;
0E212 : D5;
0E213 : D5;
0E214 : D5;
0E215 : D5;
0E216 : D5;
0E217 : D5;
0E218 : D5;
0E219 : D5;
0E21A : D5;
0E21B : D5;
0E21C : D5;
0E21D : D5;
0E21E : D5;
0E21F : D5;
0E220 : 68;
0E221 : 68;
0E222 : 68;
0E223 : 68;
0E224 : 68;
0E225 : 68;
0E226 : 8D;
0E227 : D0;
0E228 : D0;
0E229 : D5;
0E22A : D4;
0E22B : D5;
0E22C : D4;
0E22D : D4;
0E22E : D4;
0E22F : D4;
0E230 : D4;
0E231 : D4;
0E232 : D4;
0E233 : D4;
0E234 : D4;
0E235 : D4;
0E236 : D4;
0E237 : D4;
0E238 : D4;
0E239 : D4;
0E23A : D4;
0E23B : D4;
0E23C : D4;
0E23D : D4;
0E23E : D4;
0E23F : D4;
0E240 : 8C;
0E241 : 8C;
0E242 : 8C;
0E243 : 8C;
0E244 : 8C;
0E245 : 8D;
0E246 : D0;
0E247 : D0;
0E248 : D0;
0E249 : D0;
0E24A : D0;
0E24B : D0;
0E24C : D0;
0E24D : D0;
0E24E : D0;
0E24F : D0;
0E250 : D0;
0E251 : D0;
0E252 : D0;
0E253 : D0;
0E254 : D0;
0E255 : D0;
0E256 : D0;
0E257 : D0;
0E258 : D0;
0E259 : D0;
0E25A : D0;
0E25B : D0;
0E25C : D0;
0E25D : D0;
0E25E : D0;
0E25F : D0;
0E260 : 8C;
0E261 : 8C;
0E262 : 8C;
0E263 : 8C;
0E264 : 8C;
0E265 : AD;
0E266 : D0;
0E267 : D0;
0E268 : D0;
0E269 : CC;
0E26A : CC;
0E26B : CC;
0E26C : CC;
0E26D : CC;
0E26E : CC;
0E26F : CC;
0E270 : CC;
0E271 : CC;
0E272 : CC;
0E273 : CC;
0E274 : CC;
0E275 : CC;
0E276 : CC;
0E277 : CC;
0E278 : CC;
0E279 : CC;
0E27A : CC;
0E27B : CC;
0E27C : CC;
0E27D : CC;
0E27E : CC;
0E27F : CC;
0E280 : 8C;
0E281 : 8C;
0E282 : 8C;
0E283 : 8C;
0E284 : 8C;
0E285 : 8C;
0E286 : D0;
0E287 : D0;
0E288 : D0;
0E289 : CC;
0E28A : CC;
0E28B : CC;
0E28C : CC;
0E28D : CC;
0E28E : CC;
0E28F : CC;
0E290 : CC;
0E291 : CC;
0E292 : CC;
0E293 : CC;
0E294 : CC;
0E295 : CC;
0E296 : CC;
0E297 : CC;
0E298 : CC;
0E299 : CC;
0E29A : CC;
0E29B : CC;
0E29C : CC;
0E29D : CC;
0E29E : CC;
0E29F : CC;
0E2A0 : 8C;
0E2A1 : 8C;
0E2A2 : 8C;
0E2A3 : 8C;
0E2A4 : 8C;
0E2A5 : 8C;
0E2A6 : D0;
0E2A7 : CC;
0E2A8 : CC;
0E2A9 : CC;
0E2AA : CC;
0E2AB : CC;
0E2AC : CC;
0E2AD : CC;
0E2AE : CC;
0E2AF : CC;
0E2B0 : D0;
0E2B1 : CC;
0E2B2 : CC;
0E2B3 : CC;
0E2B4 : D0;
0E2B5 : CC;
0E2B6 : D0;
0E2B7 : D0;
0E2B8 : CC;
0E2B9 : CC;
0E2BA : CC;
0E2BB : CC;
0E2BC : CC;
0E2BD : CC;
0E2BE : CC;
0E2BF : D0;
0E2C0 : 8C;
0E2C1 : 8C;
0E2C2 : 8C;
0E2C3 : 8C;
0E2C4 : 8C;
0E2C5 : 8C;
0E2C6 : CC;
0E2C7 : 88;
0E2C8 : 88;
0E2C9 : 88;
0E2CA : 88;
0E2CB : 88;
0E2CC : 88;
0E2CD : 88;
0E2CE : 88;
0E2CF : 88;
0E2D0 : 88;
0E2D1 : 88;
0E2D2 : 88;
0E2D3 : 88;
0E2D4 : 88;
0E2D5 : 88;
0E2D6 : 88;
0E2D7 : 88;
0E2D8 : 88;
0E2D9 : 88;
0E2DA : 88;
0E2DB : 88;
0E2DC : 88;
0E2DD : 88;
0E2DE : 88;
0E2DF : 88;
0E2E0 : 8C;
0E2E1 : 8C;
0E2E2 : 8C;
0E2E3 : 8C;
0E2E4 : 8C;
0E2E5 : 8C;
0E2E6 : AC;
0E2E7 : 88;
0E2E8 : 88;
0E2E9 : 88;
0E2EA : 88;
0E2EB : 88;
0E2EC : 88;
0E2ED : 88;
0E2EE : 88;
0E2EF : 88;
0E2F0 : 88;
0E2F1 : 88;
0E2F2 : 88;
0E2F3 : 88;
0E2F4 : 88;
0E2F5 : 88;
0E2F6 : 88;
0E2F7 : 88;
0E2F8 : 88;
0E2F9 : 88;
0E2FA : 88;
0E2FB : 88;
0E2FC : 88;
0E2FD : 88;
0E2FE : 88;
0E2FF : 88;
0E300 : 8C;
0E301 : 8C;
0E302 : 8C;
0E303 : 8C;
0E304 : 8C;
0E305 : 88;
0E306 : AC;
0E307 : 84;
0E308 : 88;
0E309 : 88;
0E30A : 88;
0E30B : 88;
0E30C : 88;
0E30D : 88;
0E30E : 88;
0E30F : 88;
0E310 : 88;
0E311 : 88;
0E312 : 88;
0E313 : 88;
0E314 : 88;
0E315 : 88;
0E316 : 88;
0E317 : 88;
0E318 : 88;
0E319 : 88;
0E31A : 88;
0E31B : 88;
0E31C : 88;
0E31D : 88;
0E31E : 88;
0E31F : 88;
0E320 : 8C;
0E321 : 8C;
0E322 : 8C;
0E323 : 8C;
0E324 : 8C;
0E325 : 88;
0E326 : AC;
0E327 : 88;
0E328 : 88;
0E329 : 88;
0E32A : 88;
0E32B : 88;
0E32C : 88;
0E32D : 88;
0E32E : 88;
0E32F : 88;
0E330 : 88;
0E331 : 88;
0E332 : 88;
0E333 : 88;
0E334 : 88;
0E335 : 88;
0E336 : 88;
0E337 : 88;
0E338 : 88;
0E339 : 88;
0E33A : 88;
0E33B : 88;
0E33C : 88;
0E33D : 88;
0E33E : 88;
0E33F : 88;
0E340 : 8C;
0E341 : 8C;
0E342 : 8C;
0E343 : 8C;
0E344 : 8C;
0E345 : 88;
0E346 : AC;
0E347 : AC;
0E348 : AC;
0E349 : AC;
0E34A : AC;
0E34B : AC;
0E34C : AC;
0E34D : AC;
0E34E : AC;
0E34F : AC;
0E350 : AC;
0E351 : AC;
0E352 : AC;
0E353 : AC;
0E354 : AC;
0E355 : AC;
0E356 : AC;
0E357 : AC;
0E358 : AC;
0E359 : AC;
0E35A : AC;
0E35B : AC;
0E35C : AC;
0E35D : AC;
0E35E : AC;
0E35F : AC;
0E360 : 8C;
0E361 : 8C;
0E362 : 8C;
0E363 : 8C;
0E364 : 8C;
0E365 : 88;
0E366 : AC;
0E367 : A8;
0E368 : A8;
0E369 : A8;
0E36A : A8;
0E36B : A8;
0E36C : A8;
0E36D : A8;
0E36E : A8;
0E36F : A8;
0E370 : A8;
0E371 : A8;
0E372 : A8;
0E373 : A8;
0E374 : A8;
0E375 : A8;
0E376 : A8;
0E377 : A8;
0E378 : A8;
0E379 : A8;
0E37A : AC;
0E37B : A8;
0E37C : A8;
0E37D : A8;
0E37E : A8;
0E37F : A8;
0E380 : 8C;
0E381 : 8C;
0E382 : 8C;
0E383 : 8C;
0E384 : 8C;
0E385 : 8C;
0E386 : AC;
0E387 : AC;
0E388 : A8;
0E389 : A8;
0E38A : A8;
0E38B : A8;
0E38C : A8;
0E38D : A8;
0E38E : A8;
0E38F : A8;
0E390 : A8;
0E391 : A8;
0E392 : A8;
0E393 : A8;
0E394 : A8;
0E395 : A8;
0E396 : A8;
0E397 : A8;
0E398 : A8;
0E399 : A8;
0E39A : A8;
0E39B : A8;
0E39C : A8;
0E39D : A8;
0E39E : A8;
0E39F : A8;
0E3A0 : 8C;
0E3A1 : 8C;
0E3A2 : 8C;
0E3A3 : 8C;
0E3A4 : 8C;
0E3A5 : 8C;
0E3A6 : 8C;
0E3A7 : 64;
0E3A8 : 64;
0E3A9 : 64;
0E3AA : 64;
0E3AB : 64;
0E3AC : 64;
0E3AD : 64;
0E3AE : 64;
0E3AF : 64;
0E3B0 : 64;
0E3B1 : 64;
0E3B2 : 64;
0E3B3 : 64;
0E3B4 : 64;
0E3B5 : 64;
0E3B6 : 64;
0E3B7 : 64;
0E3B8 : 64;
0E3B9 : 64;
0E3BA : 64;
0E3BB : 64;
0E3BC : 64;
0E3BD : 64;
0E3BE : 64;
0E3BF : 64;
0E3C0 : 8C;
0E3C1 : 68;
0E3C2 : 68;
0E3C3 : 68;
0E3C4 : 68;
0E3C5 : 68;
0E3C6 : 68;
0E3C7 : 68;
0E3C8 : 68;
0E3C9 : 68;
0E3CA : 68;
0E3CB : 68;
0E3CC : 68;
0E3CD : 68;
0E3CE : 68;
0E3CF : 68;
0E3D0 : 68;
0E3D1 : CC;
0E3D2 : CC;
0E3D3 : AC;
0E3D4 : AC;
0E3D5 : AC;
0E3D6 : AC;
0E3D7 : AC;
0E3D8 : AC;
0E3D9 : AC;
0E3DA : AC;
0E3DB : AC;
0E3DC : AC;
0E3DD : 40;
0E3DE : 20;
0E3DF : 20;
0E3E0 : 68;
0E3E1 : 68;
0E3E2 : 68;
0E3E3 : 68;
0E3E4 : 68;
0E3E5 : 68;
0E3E6 : 68;
0E3E7 : 68;
0E3E8 : 68;
0E3E9 : 68;
0E3EA : 68;
0E3EB : 8C;
0E3EC : 8C;
0E3ED : 8C;
0E3EE : 8C;
0E3EF : 8C;
0E3F0 : 8C;
0E3F1 : CC;
0E3F2 : CC;
0E3F3 : AC;
0E3F4 : AC;
0E3F5 : AC;
0E3F6 : AC;
0E3F7 : AC;
0E3F8 : AC;
0E3F9 : AC;
0E3FA : AC;
0E3FB : AC;
0E3FC : AC;
0E3FD : 40;
0E3FE : 40;
0E3FF : 40;
0E400 : D5;
0E401 : D5;
0E402 : D5;
0E403 : D5;
0E404 : D5;
0E405 : D5;
0E406 : D5;
0E407 : D5;
0E408 : D5;
0E409 : D5;
0E40A : D5;
0E40B : D5;
0E40C : D5;
0E40D : D5;
0E40E : D5;
0E40F : D5;
0E410 : D5;
0E411 : D5;
0E412 : D5;
0E413 : D5;
0E414 : D5;
0E415 : D5;
0E416 : D5;
0E417 : D5;
0E418 : D5;
0E419 : D5;
0E41A : D5;
0E41B : D5;
0E41C : D5;
0E41D : D5;
0E41E : D5;
0E41F : D5;
0E420 : D5;
0E421 : D5;
0E422 : D5;
0E423 : D5;
0E424 : D5;
0E425 : D5;
0E426 : D5;
0E427 : D5;
0E428 : D5;
0E429 : D5;
0E42A : D5;
0E42B : D5;
0E42C : D5;
0E42D : D5;
0E42E : D5;
0E42F : D5;
0E430 : D5;
0E431 : D5;
0E432 : D5;
0E433 : D5;
0E434 : D5;
0E435 : D5;
0E436 : D5;
0E437 : D5;
0E438 : D5;
0E439 : D5;
0E43A : D5;
0E43B : D5;
0E43C : D5;
0E43D : D5;
0E43E : D5;
0E43F : D5;
0E440 : D5;
0E441 : D5;
0E442 : D5;
0E443 : D5;
0E444 : D5;
0E445 : D5;
0E446 : D5;
0E447 : D5;
0E448 : D5;
0E449 : D5;
0E44A : D5;
0E44B : D5;
0E44C : D5;
0E44D : D5;
0E44E : D5;
0E44F : D5;
0E450 : D5;
0E451 : D5;
0E452 : D5;
0E453 : D5;
0E454 : D5;
0E455 : D5;
0E456 : D5;
0E457 : D5;
0E458 : D5;
0E459 : D5;
0E45A : D5;
0E45B : D5;
0E45C : D5;
0E45D : D5;
0E45E : D5;
0E45F : D5;
0E460 : D9;
0E461 : D9;
0E462 : D9;
0E463 : D9;
0E464 : D9;
0E465 : D9;
0E466 : D9;
0E467 : D9;
0E468 : D9;
0E469 : D9;
0E46A : D9;
0E46B : D9;
0E46C : D9;
0E46D : D9;
0E46E : D9;
0E46F : D9;
0E470 : D9;
0E471 : D9;
0E472 : D9;
0E473 : D9;
0E474 : D9;
0E475 : D9;
0E476 : D9;
0E477 : D9;
0E478 : D9;
0E479 : D9;
0E47A : D9;
0E47B : D9;
0E47C : D9;
0E47D : D9;
0E47E : D9;
0E47F : D9;
0E480 : D0;
0E481 : D0;
0E482 : D0;
0E483 : D0;
0E484 : D0;
0E485 : D0;
0E486 : D0;
0E487 : D0;
0E488 : D0;
0E489 : D0;
0E48A : D0;
0E48B : D0;
0E48C : D0;
0E48D : D0;
0E48E : D0;
0E48F : D0;
0E490 : D0;
0E491 : D0;
0E492 : D0;
0E493 : D0;
0E494 : D0;
0E495 : D0;
0E496 : D0;
0E497 : D0;
0E498 : D0;
0E499 : D0;
0E49A : D0;
0E49B : D0;
0E49C : D0;
0E49D : D0;
0E49E : D0;
0E49F : D0;
0E4A0 : D0;
0E4A1 : D0;
0E4A2 : D0;
0E4A3 : D0;
0E4A4 : D0;
0E4A5 : D0;
0E4A6 : D0;
0E4A7 : D0;
0E4A8 : D0;
0E4A9 : D0;
0E4AA : D0;
0E4AB : D0;
0E4AC : D0;
0E4AD : D0;
0E4AE : D0;
0E4AF : D0;
0E4B0 : D0;
0E4B1 : D0;
0E4B2 : D0;
0E4B3 : D0;
0E4B4 : D0;
0E4B5 : D0;
0E4B6 : D0;
0E4B7 : D0;
0E4B8 : D0;
0E4B9 : D0;
0E4BA : D0;
0E4BB : D0;
0E4BC : D0;
0E4BD : D0;
0E4BE : D0;
0E4BF : D0;
0E4C0 : D0;
0E4C1 : D0;
0E4C2 : D0;
0E4C3 : D0;
0E4C4 : D0;
0E4C5 : D0;
0E4C6 : D0;
0E4C7 : D0;
0E4C8 : D0;
0E4C9 : D0;
0E4CA : D0;
0E4CB : D0;
0E4CC : D0;
0E4CD : D0;
0E4CE : D0;
0E4CF : D0;
0E4D0 : D0;
0E4D1 : D0;
0E4D2 : D0;
0E4D3 : D0;
0E4D4 : D0;
0E4D5 : D0;
0E4D6 : D0;
0E4D7 : D0;
0E4D8 : D0;
0E4D9 : D4;
0E4DA : D0;
0E4DB : D0;
0E4DC : D0;
0E4DD : D0;
0E4DE : D0;
0E4DF : D0;
0E4E0 : D0;
0E4E1 : D0;
0E4E2 : D0;
0E4E3 : D0;
0E4E4 : D0;
0E4E5 : D0;
0E4E6 : D0;
0E4E7 : D0;
0E4E8 : D0;
0E4E9 : D0;
0E4EA : D0;
0E4EB : D0;
0E4EC : D0;
0E4ED : D0;
0E4EE : D0;
0E4EF : D0;
0E4F0 : D0;
0E4F1 : D0;
0E4F2 : D0;
0E4F3 : D0;
0E4F4 : D0;
0E4F5 : D0;
0E4F6 : D0;
0E4F7 : D0;
0E4F8 : D0;
0E4F9 : D0;
0E4FA : D0;
0E4FB : D0;
0E4FC : D0;
0E4FD : D0;
0E4FE : D0;
0E4FF : D0;
0E500 : D0;
0E501 : D0;
0E502 : D0;
0E503 : D0;
0E504 : D0;
0E505 : D0;
0E506 : D0;
0E507 : D0;
0E508 : D0;
0E509 : D0;
0E50A : D0;
0E50B : D0;
0E50C : D0;
0E50D : D0;
0E50E : D0;
0E50F : D0;
0E510 : D0;
0E511 : D0;
0E512 : D0;
0E513 : D0;
0E514 : D0;
0E515 : D0;
0E516 : D0;
0E517 : D0;
0E518 : D0;
0E519 : D0;
0E51A : D0;
0E51B : D0;
0E51C : D0;
0E51D : D0;
0E51E : D0;
0E51F : D0;
0E520 : D0;
0E521 : D0;
0E522 : D0;
0E523 : D0;
0E524 : D0;
0E525 : D0;
0E526 : D0;
0E527 : D0;
0E528 : D0;
0E529 : D0;
0E52A : D0;
0E52B : D0;
0E52C : D0;
0E52D : D0;
0E52E : D0;
0E52F : D0;
0E530 : D0;
0E531 : D0;
0E532 : D0;
0E533 : D0;
0E534 : D0;
0E535 : D0;
0E536 : D0;
0E537 : D0;
0E538 : D0;
0E539 : D0;
0E53A : D0;
0E53B : D0;
0E53C : D0;
0E53D : D0;
0E53E : D0;
0E53F : D0;
0E540 : D0;
0E541 : D0;
0E542 : D0;
0E543 : D0;
0E544 : D0;
0E545 : D0;
0E546 : D0;
0E547 : D0;
0E548 : D0;
0E549 : D0;
0E54A : D0;
0E54B : D0;
0E54C : D0;
0E54D : D0;
0E54E : D0;
0E54F : D0;
0E550 : D0;
0E551 : D0;
0E552 : D0;
0E553 : D0;
0E554 : D0;
0E555 : D0;
0E556 : D0;
0E557 : D0;
0E558 : D0;
0E559 : D0;
0E55A : D0;
0E55B : D0;
0E55C : D0;
0E55D : D0;
0E55E : D0;
0E55F : D0;
0E560 : D0;
0E561 : D0;
0E562 : D0;
0E563 : D0;
0E564 : D0;
0E565 : D0;
0E566 : D0;
0E567 : D0;
0E568 : D0;
0E569 : D0;
0E56A : D0;
0E56B : D0;
0E56C : D0;
0E56D : D0;
0E56E : D0;
0E56F : D0;
0E570 : D0;
0E571 : D0;
0E572 : D0;
0E573 : D0;
0E574 : D0;
0E575 : D0;
0E576 : D0;
0E577 : D0;
0E578 : D0;
0E579 : D0;
0E57A : D0;
0E57B : D0;
0E57C : D0;
0E57D : D0;
0E57E : D0;
0E57F : D0;
0E580 : D0;
0E581 : D0;
0E582 : D0;
0E583 : D0;
0E584 : D0;
0E585 : D0;
0E586 : D0;
0E587 : D0;
0E588 : D0;
0E589 : D0;
0E58A : D0;
0E58B : D0;
0E58C : D0;
0E58D : D0;
0E58E : D0;
0E58F : D0;
0E590 : D0;
0E591 : D0;
0E592 : D0;
0E593 : D0;
0E594 : D0;
0E595 : D0;
0E596 : D0;
0E597 : D0;
0E598 : D0;
0E599 : D0;
0E59A : D0;
0E59B : D0;
0E59C : D0;
0E59D : D0;
0E59E : D0;
0E59F : D0;
0E5A0 : D0;
0E5A1 : D0;
0E5A2 : D0;
0E5A3 : D0;
0E5A4 : D0;
0E5A5 : D0;
0E5A6 : D0;
0E5A7 : D0;
0E5A8 : D0;
0E5A9 : D0;
0E5AA : D0;
0E5AB : D0;
0E5AC : D0;
0E5AD : D0;
0E5AE : D0;
0E5AF : D0;
0E5B0 : D0;
0E5B1 : D0;
0E5B2 : D0;
0E5B3 : D0;
0E5B4 : D0;
0E5B5 : D0;
0E5B6 : D0;
0E5B7 : D0;
0E5B8 : D0;
0E5B9 : D0;
0E5BA : D0;
0E5BB : D0;
0E5BC : D0;
0E5BD : D0;
0E5BE : D0;
0E5BF : D0;
0E5C0 : D5;
0E5C1 : D5;
0E5C2 : D5;
0E5C3 : D5;
0E5C4 : D5;
0E5C5 : D5;
0E5C6 : D5;
0E5C7 : D5;
0E5C8 : D5;
0E5C9 : D5;
0E5CA : D5;
0E5CB : D5;
0E5CC : D5;
0E5CD : D5;
0E5CE : D5;
0E5CF : D5;
0E5D0 : D5;
0E5D1 : D5;
0E5D2 : D5;
0E5D3 : D5;
0E5D4 : D5;
0E5D5 : D5;
0E5D6 : D5;
0E5D7 : D5;
0E5D8 : D5;
0E5D9 : D5;
0E5DA : D5;
0E5DB : D5;
0E5DC : D5;
0E5DD : D5;
0E5DE : D5;
0E5DF : D5;
0E5E0 : D5;
0E5E1 : D5;
0E5E2 : D5;
0E5E3 : D5;
0E5E4 : D5;
0E5E5 : D5;
0E5E6 : D5;
0E5E7 : D5;
0E5E8 : D5;
0E5E9 : D5;
0E5EA : D5;
0E5EB : D5;
0E5EC : D5;
0E5ED : D5;
0E5EE : D5;
0E5EF : D5;
0E5F0 : D5;
0E5F1 : D5;
0E5F2 : D5;
0E5F3 : D5;
0E5F4 : D5;
0E5F5 : D5;
0E5F6 : D5;
0E5F7 : D5;
0E5F8 : D5;
0E5F9 : D5;
0E5FA : D5;
0E5FB : D5;
0E5FC : D5;
0E5FD : D5;
0E5FE : D5;
0E5FF : D5;
0E600 : D5;
0E601 : D5;
0E602 : D5;
0E603 : D5;
0E604 : D5;
0E605 : D5;
0E606 : D5;
0E607 : D5;
0E608 : D5;
0E609 : D5;
0E60A : D5;
0E60B : D5;
0E60C : D5;
0E60D : D5;
0E60E : D5;
0E60F : D5;
0E610 : D5;
0E611 : D5;
0E612 : D5;
0E613 : D5;
0E614 : D5;
0E615 : D5;
0E616 : D5;
0E617 : D5;
0E618 : D5;
0E619 : D5;
0E61A : D5;
0E61B : D5;
0E61C : D5;
0E61D : D5;
0E61E : D5;
0E61F : D5;
0E620 : D4;
0E621 : D4;
0E622 : D4;
0E623 : D4;
0E624 : D4;
0E625 : D4;
0E626 : D4;
0E627 : D4;
0E628 : D4;
0E629 : D4;
0E62A : D4;
0E62B : D4;
0E62C : D4;
0E62D : D4;
0E62E : D4;
0E62F : D4;
0E630 : D4;
0E631 : D4;
0E632 : D4;
0E633 : D4;
0E634 : D4;
0E635 : D4;
0E636 : D4;
0E637 : D4;
0E638 : D4;
0E639 : D4;
0E63A : D4;
0E63B : D4;
0E63C : D4;
0E63D : D4;
0E63E : D4;
0E63F : D4;
0E640 : D0;
0E641 : D0;
0E642 : D0;
0E643 : D0;
0E644 : D0;
0E645 : D0;
0E646 : D0;
0E647 : D0;
0E648 : D0;
0E649 : D0;
0E64A : D0;
0E64B : D0;
0E64C : D0;
0E64D : D0;
0E64E : D0;
0E64F : D0;
0E650 : D0;
0E651 : D0;
0E652 : D0;
0E653 : D0;
0E654 : D0;
0E655 : D0;
0E656 : D0;
0E657 : D0;
0E658 : D0;
0E659 : D0;
0E65A : D0;
0E65B : D0;
0E65C : D0;
0E65D : D0;
0E65E : D0;
0E65F : D0;
0E660 : CC;
0E661 : CC;
0E662 : CC;
0E663 : CC;
0E664 : CC;
0E665 : CC;
0E666 : CC;
0E667 : CC;
0E668 : CC;
0E669 : CC;
0E66A : CC;
0E66B : CC;
0E66C : CC;
0E66D : CC;
0E66E : CC;
0E66F : CC;
0E670 : CC;
0E671 : CC;
0E672 : CC;
0E673 : CC;
0E674 : CC;
0E675 : CC;
0E676 : CC;
0E677 : CC;
0E678 : CC;
0E679 : CC;
0E67A : CC;
0E67B : CC;
0E67C : CC;
0E67D : CC;
0E67E : CC;
0E67F : CC;
0E680 : CC;
0E681 : CC;
0E682 : CC;
0E683 : CC;
0E684 : CC;
0E685 : CC;
0E686 : CC;
0E687 : CC;
0E688 : CC;
0E689 : CC;
0E68A : CC;
0E68B : CC;
0E68C : CC;
0E68D : CC;
0E68E : CC;
0E68F : CC;
0E690 : CC;
0E691 : CC;
0E692 : CC;
0E693 : CC;
0E694 : CC;
0E695 : CC;
0E696 : CC;
0E697 : CC;
0E698 : CC;
0E699 : CC;
0E69A : CC;
0E69B : CC;
0E69C : CC;
0E69D : CC;
0E69E : CC;
0E69F : CC;
0E6A0 : CC;
0E6A1 : CC;
0E6A2 : D0;
0E6A3 : CC;
0E6A4 : CC;
0E6A5 : D0;
0E6A6 : D0;
0E6A7 : CC;
0E6A8 : CC;
0E6A9 : CC;
0E6AA : CC;
0E6AB : D0;
0E6AC : CC;
0E6AD : CC;
0E6AE : CC;
0E6AF : CC;
0E6B0 : CC;
0E6B1 : CC;
0E6B2 : CC;
0E6B3 : CC;
0E6B4 : CC;
0E6B5 : CC;
0E6B6 : CC;
0E6B7 : CC;
0E6B8 : CC;
0E6B9 : CC;
0E6BA : CC;
0E6BB : CC;
0E6BC : CC;
0E6BD : CC;
0E6BE : CC;
0E6BF : CC;
0E6C0 : 88;
0E6C1 : 88;
0E6C2 : 88;
0E6C3 : 88;
0E6C4 : 88;
0E6C5 : 88;
0E6C6 : 88;
0E6C7 : 88;
0E6C8 : 88;
0E6C9 : 88;
0E6CA : 88;
0E6CB : 88;
0E6CC : 88;
0E6CD : 88;
0E6CE : 88;
0E6CF : 88;
0E6D0 : 88;
0E6D1 : 88;
0E6D2 : 88;
0E6D3 : 88;
0E6D4 : 88;
0E6D5 : 88;
0E6D6 : 88;
0E6D7 : 88;
0E6D8 : 88;
0E6D9 : 88;
0E6DA : 88;
0E6DB : 88;
0E6DC : 88;
0E6DD : 88;
0E6DE : 88;
0E6DF : 88;
0E6E0 : 88;
0E6E1 : 88;
0E6E2 : 88;
0E6E3 : 88;
0E6E4 : 88;
0E6E5 : 88;
0E6E6 : 88;
0E6E7 : 88;
0E6E8 : 88;
0E6E9 : 88;
0E6EA : 88;
0E6EB : 88;
0E6EC : 88;
0E6ED : 88;
0E6EE : 88;
0E6EF : 88;
0E6F0 : 88;
0E6F1 : 88;
0E6F2 : 88;
0E6F3 : 88;
0E6F4 : 88;
0E6F5 : 88;
0E6F6 : 88;
0E6F7 : 88;
0E6F8 : 88;
0E6F9 : 88;
0E6FA : 88;
0E6FB : 88;
0E6FC : 88;
0E6FD : 88;
0E6FE : 88;
0E6FF : 88;
0E700 : 88;
0E701 : 88;
0E702 : 88;
0E703 : 88;
0E704 : 88;
0E705 : 88;
0E706 : 88;
0E707 : 88;
0E708 : 88;
0E709 : 88;
0E70A : 88;
0E70B : 88;
0E70C : 88;
0E70D : 88;
0E70E : 88;
0E70F : 88;
0E710 : 88;
0E711 : 88;
0E712 : 88;
0E713 : 88;
0E714 : 88;
0E715 : 88;
0E716 : 88;
0E717 : 88;
0E718 : 88;
0E719 : 88;
0E71A : 88;
0E71B : 88;
0E71C : 88;
0E71D : 88;
0E71E : 88;
0E71F : 88;
0E720 : 88;
0E721 : 88;
0E722 : 88;
0E723 : 88;
0E724 : 88;
0E725 : 88;
0E726 : 88;
0E727 : 88;
0E728 : 88;
0E729 : 88;
0E72A : 88;
0E72B : 88;
0E72C : 88;
0E72D : 88;
0E72E : 88;
0E72F : 88;
0E730 : 88;
0E731 : 88;
0E732 : 88;
0E733 : 88;
0E734 : 88;
0E735 : 88;
0E736 : 88;
0E737 : 88;
0E738 : 88;
0E739 : 88;
0E73A : AC;
0E73B : AC;
0E73C : AC;
0E73D : AC;
0E73E : AC;
0E73F : AC;
0E740 : AC;
0E741 : AC;
0E742 : AC;
0E743 : AC;
0E744 : AC;
0E745 : AC;
0E746 : AC;
0E747 : AC;
0E748 : AC;
0E749 : AC;
0E74A : AC;
0E74B : AC;
0E74C : AC;
0E74D : AC;
0E74E : AC;
0E74F : AC;
0E750 : AC;
0E751 : AC;
0E752 : AC;
0E753 : AC;
0E754 : AC;
0E755 : AC;
0E756 : AC;
0E757 : AC;
0E758 : AC;
0E759 : AC;
0E75A : AC;
0E75B : A8;
0E75C : A8;
0E75D : AC;
0E75E : AC;
0E75F : A8;
0E760 : A8;
0E761 : A8;
0E762 : A8;
0E763 : A8;
0E764 : A8;
0E765 : A8;
0E766 : A8;
0E767 : A8;
0E768 : A8;
0E769 : A8;
0E76A : A8;
0E76B : A8;
0E76C : A8;
0E76D : A8;
0E76E : A8;
0E76F : A8;
0E770 : A8;
0E771 : A8;
0E772 : A8;
0E773 : A8;
0E774 : A8;
0E775 : A8;
0E776 : A8;
0E777 : A8;
0E778 : A8;
0E779 : AC;
0E77A : A8;
0E77B : A8;
0E77C : A8;
0E77D : A8;
0E77E : A8;
0E77F : A8;
0E780 : A8;
0E781 : A8;
0E782 : A8;
0E783 : A8;
0E784 : A8;
0E785 : A8;
0E786 : A8;
0E787 : A8;
0E788 : A8;
0E789 : A8;
0E78A : A8;
0E78B : A8;
0E78C : A8;
0E78D : A8;
0E78E : A8;
0E78F : A8;
0E790 : A8;
0E791 : A8;
0E792 : A8;
0E793 : A8;
0E794 : A8;
0E795 : A8;
0E796 : A8;
0E797 : A8;
0E798 : A8;
0E799 : A8;
0E79A : A8;
0E79B : A8;
0E79C : A8;
0E79D : A8;
0E79E : A8;
0E79F : A8;
0E7A0 : 64;
0E7A1 : 64;
0E7A2 : 64;
0E7A3 : 64;
0E7A4 : 64;
0E7A5 : 64;
0E7A6 : 64;
0E7A7 : 64;
0E7A8 : 64;
0E7A9 : 64;
0E7AA : 64;
0E7AB : 64;
0E7AC : 64;
0E7AD : 64;
0E7AE : 64;
0E7AF : 64;
0E7B0 : 64;
0E7B1 : 64;
0E7B2 : 64;
0E7B3 : 64;
0E7B4 : 64;
0E7B5 : 64;
0E7B6 : 64;
0E7B7 : 64;
0E7B8 : 64;
0E7B9 : 64;
0E7BA : 64;
0E7BB : 64;
0E7BC : 64;
0E7BD : 64;
0E7BE : 64;
0E7BF : 64;
0E7C0 : 64;
0E7C1 : 20;
0E7C2 : 44;
0E7C3 : 40;
0E7C4 : 44;
0E7C5 : 44;
0E7C6 : 8C;
0E7C7 : 8C;
0E7C8 : 8C;
0E7C9 : 8C;
0E7CA : 8C;
0E7CB : 8C;
0E7CC : 8C;
0E7CD : 8C;
0E7CE : 8C;
0E7CF : 8C;
0E7D0 : 8C;
0E7D1 : 8C;
0E7D2 : 8C;
0E7D3 : 8C;
0E7D4 : 8C;
0E7D5 : 8C;
0E7D6 : 8C;
0E7D7 : 8C;
0E7D8 : 8C;
0E7D9 : 8C;
0E7DA : 8C;
0E7DB : 8C;
0E7DC : 8C;
0E7DD : 8C;
0E7DE : 8C;
0E7DF : 8C;
0E7E0 : 64;
0E7E1 : 20;
0E7E2 : 44;
0E7E3 : 44;
0E7E4 : 64;
0E7E5 : 44;
0E7E6 : 8C;
0E7E7 : 8C;
0E7E8 : 8C;
0E7E9 : 8C;
0E7EA : 8C;
0E7EB : 8C;
0E7EC : 8C;
0E7ED : 8C;
0E7EE : 8C;
0E7EF : 8C;
0E7F0 : 8C;
0E7F1 : 8C;
0E7F2 : 8C;
0E7F3 : 8C;
0E7F4 : 8C;
0E7F5 : 8C;
0E7F6 : 8C;
0E7F7 : 8C;
0E7F8 : 8C;
0E7F9 : 8C;
0E7FA : 8C;
0E7FB : 8C;
0E7FC : 8C;
0E7FD : 8C;
0E7FE : 8C;
0E7FF : 8C;
0E800 : D5;
0E801 : D5;
0E802 : D5;
0E803 : D5;
0E804 : D5;
0E805 : D5;
0E806 : D5;
0E807 : D5;
0E808 : D5;
0E809 : D5;
0E80A : D5;
0E80B : D5;
0E80C : D5;
0E80D : D5;
0E80E : D5;
0E80F : D5;
0E810 : D5;
0E811 : D5;
0E812 : D5;
0E813 : D5;
0E814 : D5;
0E815 : D5;
0E816 : D5;
0E817 : D5;
0E818 : D5;
0E819 : D5;
0E81A : D5;
0E81B : D5;
0E81C : D5;
0E81D : D5;
0E81E : D5;
0E81F : D5;
0E820 : D5;
0E821 : D5;
0E822 : D5;
0E823 : D5;
0E824 : D5;
0E825 : D5;
0E826 : D5;
0E827 : D5;
0E828 : D5;
0E829 : D5;
0E82A : D5;
0E82B : D5;
0E82C : D5;
0E82D : D5;
0E82E : D5;
0E82F : D5;
0E830 : D5;
0E831 : D5;
0E832 : D5;
0E833 : D5;
0E834 : D5;
0E835 : D5;
0E836 : D5;
0E837 : D5;
0E838 : D5;
0E839 : D5;
0E83A : D5;
0E83B : D5;
0E83C : D5;
0E83D : D5;
0E83E : D5;
0E83F : D5;
0E840 : D5;
0E841 : D5;
0E842 : D5;
0E843 : D5;
0E844 : D5;
0E845 : D5;
0E846 : D5;
0E847 : D5;
0E848 : D5;
0E849 : D5;
0E84A : D5;
0E84B : D5;
0E84C : D5;
0E84D : D5;
0E84E : D5;
0E84F : D5;
0E850 : D5;
0E851 : D5;
0E852 : D5;
0E853 : D5;
0E854 : D5;
0E855 : D5;
0E856 : D5;
0E857 : D5;
0E858 : D5;
0E859 : D5;
0E85A : D5;
0E85B : D5;
0E85C : D5;
0E85D : D5;
0E85E : D5;
0E85F : D5;
0E860 : D9;
0E861 : D9;
0E862 : D9;
0E863 : D9;
0E864 : D9;
0E865 : D9;
0E866 : D9;
0E867 : D9;
0E868 : D9;
0E869 : D9;
0E86A : D9;
0E86B : D9;
0E86C : D9;
0E86D : D9;
0E86E : D9;
0E86F : D9;
0E870 : D9;
0E871 : D9;
0E872 : D9;
0E873 : D9;
0E874 : D9;
0E875 : D9;
0E876 : D9;
0E877 : D9;
0E878 : D9;
0E879 : D9;
0E87A : D9;
0E87B : D9;
0E87C : D9;
0E87D : D9;
0E87E : D9;
0E87F : D9;
0E880 : D0;
0E881 : D0;
0E882 : D0;
0E883 : D0;
0E884 : D0;
0E885 : D0;
0E886 : D0;
0E887 : D0;
0E888 : D0;
0E889 : D0;
0E88A : D0;
0E88B : D0;
0E88C : D0;
0E88D : D0;
0E88E : D0;
0E88F : D0;
0E890 : D0;
0E891 : D0;
0E892 : D0;
0E893 : D0;
0E894 : D0;
0E895 : D0;
0E896 : D0;
0E897 : D0;
0E898 : D0;
0E899 : D0;
0E89A : D0;
0E89B : D0;
0E89C : D0;
0E89D : D0;
0E89E : D0;
0E89F : D0;
0E8A0 : D0;
0E8A1 : D0;
0E8A2 : D0;
0E8A3 : D0;
0E8A4 : D0;
0E8A5 : D0;
0E8A6 : D0;
0E8A7 : D0;
0E8A8 : D0;
0E8A9 : D0;
0E8AA : D0;
0E8AB : D0;
0E8AC : D0;
0E8AD : D0;
0E8AE : D0;
0E8AF : D0;
0E8B0 : D0;
0E8B1 : D0;
0E8B2 : D0;
0E8B3 : D0;
0E8B4 : D0;
0E8B5 : D0;
0E8B6 : D0;
0E8B7 : D0;
0E8B8 : D0;
0E8B9 : D0;
0E8BA : D0;
0E8BB : D0;
0E8BC : D0;
0E8BD : D0;
0E8BE : D0;
0E8BF : D0;
0E8C0 : D0;
0E8C1 : D0;
0E8C2 : D0;
0E8C3 : D0;
0E8C4 : D0;
0E8C5 : D0;
0E8C6 : D0;
0E8C7 : D0;
0E8C8 : D0;
0E8C9 : D0;
0E8CA : D0;
0E8CB : D0;
0E8CC : D0;
0E8CD : D0;
0E8CE : D0;
0E8CF : D0;
0E8D0 : D0;
0E8D1 : D0;
0E8D2 : D0;
0E8D3 : D0;
0E8D4 : D0;
0E8D5 : D0;
0E8D6 : D0;
0E8D7 : D0;
0E8D8 : D0;
0E8D9 : D0;
0E8DA : D0;
0E8DB : D0;
0E8DC : D0;
0E8DD : D0;
0E8DE : D0;
0E8DF : D0;
0E8E0 : D0;
0E8E1 : D0;
0E8E2 : D0;
0E8E3 : D0;
0E8E4 : D0;
0E8E5 : D0;
0E8E6 : D0;
0E8E7 : D0;
0E8E8 : D0;
0E8E9 : D0;
0E8EA : D0;
0E8EB : D0;
0E8EC : D0;
0E8ED : D0;
0E8EE : D0;
0E8EF : D0;
0E8F0 : D0;
0E8F1 : D0;
0E8F2 : D0;
0E8F3 : D0;
0E8F4 : D0;
0E8F5 : D0;
0E8F6 : D0;
0E8F7 : D0;
0E8F8 : D0;
0E8F9 : D0;
0E8FA : D0;
0E8FB : D0;
0E8FC : D0;
0E8FD : D0;
0E8FE : D0;
0E8FF : D0;
0E900 : D0;
0E901 : D0;
0E902 : D0;
0E903 : D0;
0E904 : D0;
0E905 : D0;
0E906 : D0;
0E907 : D0;
0E908 : D0;
0E909 : D0;
0E90A : D0;
0E90B : D0;
0E90C : D0;
0E90D : D0;
0E90E : D0;
0E90F : D0;
0E910 : D0;
0E911 : D0;
0E912 : D0;
0E913 : D0;
0E914 : D0;
0E915 : D0;
0E916 : D0;
0E917 : D0;
0E918 : D0;
0E919 : D0;
0E91A : D0;
0E91B : D0;
0E91C : D0;
0E91D : D0;
0E91E : D0;
0E91F : D0;
0E920 : D0;
0E921 : D0;
0E922 : D0;
0E923 : D0;
0E924 : D0;
0E925 : D0;
0E926 : D0;
0E927 : D0;
0E928 : D0;
0E929 : D0;
0E92A : D0;
0E92B : D0;
0E92C : D0;
0E92D : D0;
0E92E : D0;
0E92F : D0;
0E930 : D0;
0E931 : D0;
0E932 : D0;
0E933 : D0;
0E934 : D0;
0E935 : D0;
0E936 : D0;
0E937 : D0;
0E938 : D0;
0E939 : D0;
0E93A : D0;
0E93B : D0;
0E93C : D0;
0E93D : D0;
0E93E : D0;
0E93F : D0;
0E940 : D0;
0E941 : D0;
0E942 : D0;
0E943 : D0;
0E944 : D0;
0E945 : D0;
0E946 : D0;
0E947 : D0;
0E948 : D0;
0E949 : D0;
0E94A : D0;
0E94B : D0;
0E94C : D0;
0E94D : D0;
0E94E : D0;
0E94F : D0;
0E950 : D0;
0E951 : D0;
0E952 : D0;
0E953 : D0;
0E954 : D0;
0E955 : D0;
0E956 : D0;
0E957 : D0;
0E958 : D0;
0E959 : D0;
0E95A : D0;
0E95B : D0;
0E95C : D0;
0E95D : D0;
0E95E : D0;
0E95F : D0;
0E960 : D0;
0E961 : D0;
0E962 : D0;
0E963 : D0;
0E964 : D0;
0E965 : D0;
0E966 : D0;
0E967 : D0;
0E968 : D0;
0E969 : D0;
0E96A : D0;
0E96B : D0;
0E96C : D0;
0E96D : D0;
0E96E : D0;
0E96F : D0;
0E970 : D0;
0E971 : D0;
0E972 : D0;
0E973 : D0;
0E974 : D0;
0E975 : D0;
0E976 : D0;
0E977 : D0;
0E978 : D0;
0E979 : D0;
0E97A : D0;
0E97B : D0;
0E97C : D0;
0E97D : D0;
0E97E : D0;
0E97F : D0;
0E980 : D0;
0E981 : D0;
0E982 : D0;
0E983 : D0;
0E984 : D0;
0E985 : D0;
0E986 : D0;
0E987 : D0;
0E988 : D0;
0E989 : D0;
0E98A : D0;
0E98B : D0;
0E98C : D0;
0E98D : D0;
0E98E : D0;
0E98F : D0;
0E990 : D0;
0E991 : D0;
0E992 : D0;
0E993 : D0;
0E994 : D0;
0E995 : D0;
0E996 : D0;
0E997 : D0;
0E998 : D0;
0E999 : D0;
0E99A : D0;
0E99B : D0;
0E99C : D0;
0E99D : D0;
0E99E : D0;
0E99F : D0;
0E9A0 : D0;
0E9A1 : D0;
0E9A2 : D0;
0E9A3 : D0;
0E9A4 : D0;
0E9A5 : D0;
0E9A6 : D0;
0E9A7 : D0;
0E9A8 : D0;
0E9A9 : D0;
0E9AA : D0;
0E9AB : D0;
0E9AC : D0;
0E9AD : D0;
0E9AE : D0;
0E9AF : D0;
0E9B0 : D0;
0E9B1 : D0;
0E9B2 : D0;
0E9B3 : D0;
0E9B4 : D0;
0E9B5 : D0;
0E9B6 : D0;
0E9B7 : D0;
0E9B8 : D0;
0E9B9 : D0;
0E9BA : D0;
0E9BB : D0;
0E9BC : D0;
0E9BD : D0;
0E9BE : D0;
0E9BF : D0;
0E9C0 : D5;
0E9C1 : D5;
0E9C2 : D5;
0E9C3 : D5;
0E9C4 : D5;
0E9C5 : D5;
0E9C6 : D5;
0E9C7 : D5;
0E9C8 : D5;
0E9C9 : D5;
0E9CA : D5;
0E9CB : D5;
0E9CC : D5;
0E9CD : D5;
0E9CE : D5;
0E9CF : D5;
0E9D0 : D5;
0E9D1 : D5;
0E9D2 : D5;
0E9D3 : D5;
0E9D4 : D5;
0E9D5 : D5;
0E9D6 : D5;
0E9D7 : D5;
0E9D8 : D5;
0E9D9 : D5;
0E9DA : D5;
0E9DB : D5;
0E9DC : D5;
0E9DD : D5;
0E9DE : D5;
0E9DF : D5;
0E9E0 : D5;
0E9E1 : D5;
0E9E2 : D5;
0E9E3 : D5;
0E9E4 : D5;
0E9E5 : D5;
0E9E6 : D5;
0E9E7 : D5;
0E9E8 : D5;
0E9E9 : D5;
0E9EA : D5;
0E9EB : D5;
0E9EC : D5;
0E9ED : D5;
0E9EE : D5;
0E9EF : D5;
0E9F0 : D5;
0E9F1 : D5;
0E9F2 : D5;
0E9F3 : D5;
0E9F4 : D5;
0E9F5 : D5;
0E9F6 : D5;
0E9F7 : D5;
0E9F8 : D5;
0E9F9 : D5;
0E9FA : D5;
0E9FB : D5;
0E9FC : D5;
0E9FD : D5;
0E9FE : D5;
0E9FF : D5;
0EA00 : D5;
0EA01 : D5;
0EA02 : D5;
0EA03 : D5;
0EA04 : D5;
0EA05 : D5;
0EA06 : D5;
0EA07 : D5;
0EA08 : D5;
0EA09 : D5;
0EA0A : D5;
0EA0B : D5;
0EA0C : D5;
0EA0D : D5;
0EA0E : D5;
0EA0F : D5;
0EA10 : D5;
0EA11 : D5;
0EA12 : D5;
0EA13 : D5;
0EA14 : D5;
0EA15 : D5;
0EA16 : D5;
0EA17 : D5;
0EA18 : D5;
0EA19 : D5;
0EA1A : D5;
0EA1B : D5;
0EA1C : D5;
0EA1D : D5;
0EA1E : D5;
0EA1F : D5;
0EA20 : D4;
0EA21 : D4;
0EA22 : D4;
0EA23 : D4;
0EA24 : D4;
0EA25 : D5;
0EA26 : D5;
0EA27 : D4;
0EA28 : D4;
0EA29 : D4;
0EA2A : D4;
0EA2B : D4;
0EA2C : D4;
0EA2D : D4;
0EA2E : D4;
0EA2F : D4;
0EA30 : D4;
0EA31 : D4;
0EA32 : D4;
0EA33 : D4;
0EA34 : D4;
0EA35 : D4;
0EA36 : D4;
0EA37 : D4;
0EA38 : D4;
0EA39 : D4;
0EA3A : D4;
0EA3B : D4;
0EA3C : D4;
0EA3D : D4;
0EA3E : D4;
0EA3F : D4;
0EA40 : D0;
0EA41 : D0;
0EA42 : D0;
0EA43 : D0;
0EA44 : D0;
0EA45 : D0;
0EA46 : D0;
0EA47 : D0;
0EA48 : D0;
0EA49 : D0;
0EA4A : D0;
0EA4B : D0;
0EA4C : D0;
0EA4D : D0;
0EA4E : D0;
0EA4F : D0;
0EA50 : D0;
0EA51 : D0;
0EA52 : D0;
0EA53 : D0;
0EA54 : D0;
0EA55 : D0;
0EA56 : D0;
0EA57 : D0;
0EA58 : D0;
0EA59 : D0;
0EA5A : D0;
0EA5B : D0;
0EA5C : D0;
0EA5D : D0;
0EA5E : D0;
0EA5F : D0;
0EA60 : CC;
0EA61 : CC;
0EA62 : CC;
0EA63 : CC;
0EA64 : CC;
0EA65 : CC;
0EA66 : CC;
0EA67 : CC;
0EA68 : CC;
0EA69 : CC;
0EA6A : CC;
0EA6B : CC;
0EA6C : CC;
0EA6D : CC;
0EA6E : CC;
0EA6F : CC;
0EA70 : CC;
0EA71 : CC;
0EA72 : CC;
0EA73 : CC;
0EA74 : CC;
0EA75 : CC;
0EA76 : CC;
0EA77 : CC;
0EA78 : CC;
0EA79 : CC;
0EA7A : CC;
0EA7B : CC;
0EA7C : CC;
0EA7D : CC;
0EA7E : CC;
0EA7F : CC;
0EA80 : CC;
0EA81 : CC;
0EA82 : CC;
0EA83 : CC;
0EA84 : CC;
0EA85 : CC;
0EA86 : CC;
0EA87 : CC;
0EA88 : CC;
0EA89 : CC;
0EA8A : CC;
0EA8B : CC;
0EA8C : CC;
0EA8D : CC;
0EA8E : CC;
0EA8F : CC;
0EA90 : CC;
0EA91 : CC;
0EA92 : CC;
0EA93 : CC;
0EA94 : CC;
0EA95 : CC;
0EA96 : CC;
0EA97 : CC;
0EA98 : CC;
0EA99 : CC;
0EA9A : CC;
0EA9B : CC;
0EA9C : CC;
0EA9D : CC;
0EA9E : CC;
0EA9F : CC;
0EAA0 : D0;
0EAA1 : D0;
0EAA2 : CC;
0EAA3 : D0;
0EAA4 : CC;
0EAA5 : CC;
0EAA6 : D0;
0EAA7 : CC;
0EAA8 : D0;
0EAA9 : D0;
0EAAA : D0;
0EAAB : CC;
0EAAC : CC;
0EAAD : CC;
0EAAE : D0;
0EAAF : CC;
0EAB0 : CC;
0EAB1 : CC;
0EAB2 : CC;
0EAB3 : CC;
0EAB4 : CC;
0EAB5 : CC;
0EAB6 : CC;
0EAB7 : D0;
0EAB8 : D0;
0EAB9 : CC;
0EABA : CC;
0EABB : D0;
0EABC : CC;
0EABD : CC;
0EABE : D0;
0EABF : CC;
0EAC0 : 88;
0EAC1 : 88;
0EAC2 : 88;
0EAC3 : 88;
0EAC4 : 88;
0EAC5 : 88;
0EAC6 : 88;
0EAC7 : 88;
0EAC8 : 88;
0EAC9 : 88;
0EACA : 88;
0EACB : 88;
0EACC : 88;
0EACD : 88;
0EACE : 88;
0EACF : 88;
0EAD0 : 88;
0EAD1 : 88;
0EAD2 : 88;
0EAD3 : 88;
0EAD4 : 88;
0EAD5 : 88;
0EAD6 : 88;
0EAD7 : 88;
0EAD8 : 88;
0EAD9 : 88;
0EADA : 88;
0EADB : 88;
0EADC : 88;
0EADD : 88;
0EADE : 88;
0EADF : 88;
0EAE0 : 88;
0EAE1 : 88;
0EAE2 : 88;
0EAE3 : 88;
0EAE4 : 88;
0EAE5 : 88;
0EAE6 : 88;
0EAE7 : 88;
0EAE8 : 88;
0EAE9 : 88;
0EAEA : 88;
0EAEB : 88;
0EAEC : 88;
0EAED : 88;
0EAEE : 88;
0EAEF : 88;
0EAF0 : 88;
0EAF1 : 88;
0EAF2 : 88;
0EAF3 : 88;
0EAF4 : 88;
0EAF5 : 88;
0EAF6 : 88;
0EAF7 : 88;
0EAF8 : 88;
0EAF9 : 88;
0EAFA : 88;
0EAFB : 88;
0EAFC : 88;
0EAFD : 88;
0EAFE : 88;
0EAFF : 88;
0EB00 : 88;
0EB01 : 88;
0EB02 : 88;
0EB03 : 88;
0EB04 : 88;
0EB05 : 88;
0EB06 : 88;
0EB07 : 88;
0EB08 : 88;
0EB09 : 88;
0EB0A : 88;
0EB0B : 88;
0EB0C : 88;
0EB0D : 88;
0EB0E : 88;
0EB0F : 88;
0EB10 : 88;
0EB11 : 88;
0EB12 : 88;
0EB13 : 88;
0EB14 : 88;
0EB15 : 88;
0EB16 : 88;
0EB17 : 88;
0EB18 : 88;
0EB19 : 88;
0EB1A : 88;
0EB1B : 88;
0EB1C : 88;
0EB1D : 88;
0EB1E : 88;
0EB1F : 88;
0EB20 : 88;
0EB21 : 88;
0EB22 : 88;
0EB23 : 88;
0EB24 : 88;
0EB25 : 88;
0EB26 : 88;
0EB27 : 88;
0EB28 : 88;
0EB29 : 88;
0EB2A : 88;
0EB2B : 88;
0EB2C : 88;
0EB2D : 88;
0EB2E : 88;
0EB2F : 88;
0EB30 : 88;
0EB31 : 88;
0EB32 : 88;
0EB33 : 88;
0EB34 : 88;
0EB35 : 88;
0EB36 : 88;
0EB37 : 88;
0EB38 : 88;
0EB39 : 88;
0EB3A : 88;
0EB3B : 88;
0EB3C : 88;
0EB3D : 88;
0EB3E : 88;
0EB3F : 88;
0EB40 : AC;
0EB41 : AC;
0EB42 : AC;
0EB43 : AC;
0EB44 : AC;
0EB45 : AC;
0EB46 : AC;
0EB47 : AC;
0EB48 : AC;
0EB49 : AC;
0EB4A : AC;
0EB4B : AC;
0EB4C : AC;
0EB4D : AC;
0EB4E : AC;
0EB4F : AC;
0EB50 : AC;
0EB51 : AC;
0EB52 : AC;
0EB53 : AC;
0EB54 : AC;
0EB55 : AC;
0EB56 : AC;
0EB57 : AC;
0EB58 : AC;
0EB59 : AC;
0EB5A : AC;
0EB5B : AC;
0EB5C : AC;
0EB5D : AC;
0EB5E : AC;
0EB5F : AC;
0EB60 : A8;
0EB61 : A8;
0EB62 : A8;
0EB63 : A8;
0EB64 : A8;
0EB65 : A8;
0EB66 : A8;
0EB67 : A8;
0EB68 : A8;
0EB69 : A8;
0EB6A : A8;
0EB6B : A8;
0EB6C : A8;
0EB6D : A8;
0EB6E : A8;
0EB6F : A8;
0EB70 : A8;
0EB71 : A8;
0EB72 : A8;
0EB73 : A8;
0EB74 : A8;
0EB75 : A8;
0EB76 : A8;
0EB77 : A8;
0EB78 : A8;
0EB79 : A8;
0EB7A : A8;
0EB7B : A8;
0EB7C : A8;
0EB7D : A8;
0EB7E : A8;
0EB7F : A8;
0EB80 : A8;
0EB81 : A8;
0EB82 : A8;
0EB83 : A8;
0EB84 : A8;
0EB85 : A8;
0EB86 : A8;
0EB87 : A8;
0EB88 : A8;
0EB89 : A8;
0EB8A : A8;
0EB8B : A8;
0EB8C : A8;
0EB8D : A8;
0EB8E : A8;
0EB8F : A8;
0EB90 : A8;
0EB91 : A8;
0EB92 : A8;
0EB93 : A8;
0EB94 : A8;
0EB95 : A8;
0EB96 : A8;
0EB97 : A8;
0EB98 : A8;
0EB99 : A8;
0EB9A : A8;
0EB9B : A8;
0EB9C : A8;
0EB9D : A8;
0EB9E : A8;
0EB9F : A8;
0EBA0 : 64;
0EBA1 : 64;
0EBA2 : 64;
0EBA3 : 64;
0EBA4 : 64;
0EBA5 : 64;
0EBA6 : 64;
0EBA7 : 64;
0EBA8 : 64;
0EBA9 : 64;
0EBAA : 64;
0EBAB : 64;
0EBAC : 64;
0EBAD : 64;
0EBAE : 64;
0EBAF : 64;
0EBB0 : 64;
0EBB1 : 64;
0EBB2 : 64;
0EBB3 : 64;
0EBB4 : 64;
0EBB5 : 64;
0EBB6 : 64;
0EBB7 : 64;
0EBB8 : 64;
0EBB9 : 64;
0EBBA : 64;
0EBBB : 64;
0EBBC : 64;
0EBBD : 64;
0EBBE : 64;
0EBBF : 64;
0EBC0 : 8C;
0EBC1 : 68;
0EBC2 : 68;
0EBC3 : 68;
0EBC4 : 68;
0EBC5 : 68;
0EBC6 : 68;
0EBC7 : 68;
0EBC8 : 68;
0EBC9 : 68;
0EBCA : 68;
0EBCB : 68;
0EBCC : 68;
0EBCD : 68;
0EBCE : 68;
0EBCF : 68;
0EBD0 : 68;
0EBD1 : 68;
0EBD2 : 68;
0EBD3 : 68;
0EBD4 : 8C;
0EBD5 : 8C;
0EBD6 : 8C;
0EBD7 : 8C;
0EBD8 : 8C;
0EBD9 : 8C;
0EBDA : 8C;
0EBDB : 44;
0EBDC : 44;
0EBDD : 40;
0EBDE : 44;
0EBDF : 20;
0EBE0 : 68;
0EBE1 : 68;
0EBE2 : 68;
0EBE3 : 68;
0EBE4 : 68;
0EBE5 : 68;
0EBE6 : 68;
0EBE7 : 68;
0EBE8 : 68;
0EBE9 : 68;
0EBEA : 68;
0EBEB : 8C;
0EBEC : 8C;
0EBED : 8C;
0EBEE : 8C;
0EBEF : 8C;
0EBF0 : 8C;
0EBF1 : 8C;
0EBF2 : 8C;
0EBF3 : 8C;
0EBF4 : 8C;
0EBF5 : 8C;
0EBF6 : 8C;
0EBF7 : 8C;
0EBF8 : 8C;
0EBF9 : 8C;
0EBFA : 8C;
0EBFB : 64;
0EBFC : 64;
0EBFD : 40;
0EBFE : 40;
0EBFF : 20;
0EC00 : D5;
0EC01 : D5;
0EC02 : D5;
0EC03 : D5;
0EC04 : D5;
0EC05 : D5;
0EC06 : D5;
0EC07 : D5;
0EC08 : D5;
0EC09 : D5;
0EC0A : D5;
0EC0B : D5;
0EC0C : B1;
0EC0D : 8C;
0EC0E : 8C;
0EC0F : 8C;
0EC10 : 8C;
0EC11 : 8C;
0EC12 : 8C;
0EC13 : 8C;
0EC14 : 8C;
0EC15 : 8C;
0EC16 : 8C;
0EC17 : 8C;
0EC18 : 8C;
0EC19 : 8C;
0EC1A : 8C;
0EC1B : 8C;
0EC1C : 8C;
0EC1D : 8C;
0EC1E : 8C;
0EC1F : 8C;
0EC20 : D5;
0EC21 : D5;
0EC22 : D5;
0EC23 : D5;
0EC24 : D5;
0EC25 : D5;
0EC26 : D5;
0EC27 : D5;
0EC28 : D5;
0EC29 : D5;
0EC2A : D5;
0EC2B : D0;
0EC2C : B1;
0EC2D : 8C;
0EC2E : 8C;
0EC2F : 8C;
0EC30 : 8C;
0EC31 : 8C;
0EC32 : 8C;
0EC33 : 8C;
0EC34 : 8C;
0EC35 : 8C;
0EC36 : 8C;
0EC37 : 8C;
0EC38 : 8C;
0EC39 : 8C;
0EC3A : 8C;
0EC3B : 8C;
0EC3C : 8C;
0EC3D : 8C;
0EC3E : 8C;
0EC3F : 8C;
0EC40 : D5;
0EC41 : D5;
0EC42 : D5;
0EC43 : D5;
0EC44 : D5;
0EC45 : D5;
0EC46 : D5;
0EC47 : D5;
0EC48 : D5;
0EC49 : D5;
0EC4A : D5;
0EC4B : D5;
0EC4C : D5;
0EC4D : 8C;
0EC4E : 8C;
0EC4F : 8C;
0EC50 : 8C;
0EC51 : 8C;
0EC52 : 8C;
0EC53 : 8C;
0EC54 : 8C;
0EC55 : 8C;
0EC56 : 8C;
0EC57 : 8C;
0EC58 : 8C;
0EC59 : 8C;
0EC5A : 8C;
0EC5B : 8C;
0EC5C : 8C;
0EC5D : 8C;
0EC5E : 8C;
0EC5F : 8C;
0EC60 : D9;
0EC61 : D9;
0EC62 : D9;
0EC63 : D9;
0EC64 : D9;
0EC65 : D9;
0EC66 : D9;
0EC67 : D9;
0EC68 : D9;
0EC69 : D9;
0EC6A : D9;
0EC6B : D5;
0EC6C : D5;
0EC6D : D0;
0EC6E : 8C;
0EC6F : 8C;
0EC70 : 8C;
0EC71 : 8C;
0EC72 : 8C;
0EC73 : 8C;
0EC74 : 8C;
0EC75 : 8C;
0EC76 : 8C;
0EC77 : 8C;
0EC78 : 8C;
0EC79 : 8C;
0EC7A : 8C;
0EC7B : 8C;
0EC7C : 8C;
0EC7D : 8C;
0EC7E : 8C;
0EC7F : 8C;
0EC80 : D0;
0EC81 : D0;
0EC82 : D0;
0EC83 : D0;
0EC84 : D0;
0EC85 : D0;
0EC86 : D0;
0EC87 : D0;
0EC88 : CC;
0EC89 : D0;
0EC8A : D4;
0EC8B : D9;
0EC8C : D5;
0EC8D : D5;
0EC8E : D5;
0EC8F : 8C;
0EC90 : 8C;
0EC91 : 8C;
0EC92 : 8C;
0EC93 : 8C;
0EC94 : 8C;
0EC95 : 8C;
0EC96 : 8C;
0EC97 : 8C;
0EC98 : 8C;
0EC99 : 8C;
0EC9A : 8C;
0EC9B : 8C;
0EC9C : 8C;
0EC9D : 8C;
0EC9E : 8C;
0EC9F : 8C;
0ECA0 : D0;
0ECA1 : D0;
0ECA2 : D0;
0ECA3 : D0;
0ECA4 : D0;
0ECA5 : D0;
0ECA6 : D0;
0ECA7 : D0;
0ECA8 : D0;
0ECA9 : D0;
0ECAA : D4;
0ECAB : D9;
0ECAC : D5;
0ECAD : D5;
0ECAE : D5;
0ECAF : 8C;
0ECB0 : 8C;
0ECB1 : 8C;
0ECB2 : 8C;
0ECB3 : 8C;
0ECB4 : 8C;
0ECB5 : 8C;
0ECB6 : 8C;
0ECB7 : 8C;
0ECB8 : 8C;
0ECB9 : 8C;
0ECBA : 8C;
0ECBB : 8C;
0ECBC : 8C;
0ECBD : 8C;
0ECBE : 8C;
0ECBF : 8C;
0ECC0 : D0;
0ECC1 : D4;
0ECC2 : D0;
0ECC3 : D4;
0ECC4 : D4;
0ECC5 : D4;
0ECC6 : D4;
0ECC7 : D4;
0ECC8 : D0;
0ECC9 : D0;
0ECCA : D0;
0ECCB : D9;
0ECCC : D5;
0ECCD : D5;
0ECCE : D5;
0ECCF : D0;
0ECD0 : 68;
0ECD1 : 68;
0ECD2 : 68;
0ECD3 : 68;
0ECD4 : 68;
0ECD5 : 68;
0ECD6 : 68;
0ECD7 : 68;
0ECD8 : 68;
0ECD9 : 68;
0ECDA : 68;
0ECDB : 68;
0ECDC : 68;
0ECDD : 68;
0ECDE : 8C;
0ECDF : 8C;
0ECE0 : D0;
0ECE1 : D0;
0ECE2 : D0;
0ECE3 : D4;
0ECE4 : D4;
0ECE5 : D4;
0ECE6 : D4;
0ECE7 : D4;
0ECE8 : D0;
0ECE9 : D0;
0ECEA : D0;
0ECEB : D5;
0ECEC : D5;
0ECED : D5;
0ECEE : D5;
0ECEF : D5;
0ECF0 : B1;
0ECF1 : 68;
0ECF2 : 68;
0ECF3 : 68;
0ECF4 : 68;
0ECF5 : 68;
0ECF6 : 68;
0ECF7 : 68;
0ECF8 : 68;
0ECF9 : 68;
0ECFA : 68;
0ECFB : 68;
0ECFC : 68;
0ECFD : 8C;
0ECFE : 8C;
0ECFF : 8C;
0ED00 : D0;
0ED01 : D0;
0ED02 : D0;
0ED03 : D0;
0ED04 : D0;
0ED05 : D0;
0ED06 : D0;
0ED07 : D0;
0ED08 : CC;
0ED09 : CC;
0ED0A : CC;
0ED0B : D0;
0ED0C : D0;
0ED0D : D5;
0ED0E : D5;
0ED0F : D5;
0ED10 : D5;
0ED11 : 8C;
0ED12 : 8C;
0ED13 : 8C;
0ED14 : 8C;
0ED15 : 8C;
0ED16 : 8C;
0ED17 : 8C;
0ED18 : 8C;
0ED19 : 8C;
0ED1A : 8C;
0ED1B : 8C;
0ED1C : 8C;
0ED1D : 8C;
0ED1E : 8C;
0ED1F : 8C;
0ED20 : D0;
0ED21 : D0;
0ED22 : D0;
0ED23 : D0;
0ED24 : D0;
0ED25 : D0;
0ED26 : D0;
0ED27 : D0;
0ED28 : CC;
0ED29 : CC;
0ED2A : CC;
0ED2B : D0;
0ED2C : D0;
0ED2D : D5;
0ED2E : D5;
0ED2F : D5;
0ED30 : D5;
0ED31 : 8C;
0ED32 : 8C;
0ED33 : 8C;
0ED34 : 8C;
0ED35 : 8C;
0ED36 : 8C;
0ED37 : 8C;
0ED38 : 8C;
0ED39 : 8C;
0ED3A : 8C;
0ED3B : 8C;
0ED3C : 8C;
0ED3D : 8C;
0ED3E : 8C;
0ED3F : 8C;
0ED40 : D0;
0ED41 : D0;
0ED42 : D0;
0ED43 : D0;
0ED44 : D0;
0ED45 : D0;
0ED46 : D0;
0ED47 : D4;
0ED48 : D4;
0ED49 : D4;
0ED4A : D0;
0ED4B : D0;
0ED4C : D0;
0ED4D : D4;
0ED4E : D4;
0ED4F : D5;
0ED50 : D5;
0ED51 : D5;
0ED52 : D0;
0ED53 : 8C;
0ED54 : 8C;
0ED55 : 8C;
0ED56 : 8C;
0ED57 : 8C;
0ED58 : 8C;
0ED59 : 8C;
0ED5A : 8C;
0ED5B : 8C;
0ED5C : 8C;
0ED5D : 8C;
0ED5E : 8C;
0ED5F : 8C;
0ED60 : D0;
0ED61 : D0;
0ED62 : D0;
0ED63 : D0;
0ED64 : D0;
0ED65 : D0;
0ED66 : D0;
0ED67 : D4;
0ED68 : D4;
0ED69 : D4;
0ED6A : D0;
0ED6B : D0;
0ED6C : D0;
0ED6D : D0;
0ED6E : D0;
0ED6F : D5;
0ED70 : D5;
0ED71 : D5;
0ED72 : D4;
0ED73 : 8C;
0ED74 : 8C;
0ED75 : 8C;
0ED76 : 8C;
0ED77 : 8C;
0ED78 : 8C;
0ED79 : 8C;
0ED7A : 8C;
0ED7B : 8C;
0ED7C : 8C;
0ED7D : 8C;
0ED7E : 8C;
0ED7F : 8C;
0ED80 : D0;
0ED81 : D0;
0ED82 : D0;
0ED83 : D0;
0ED84 : D0;
0ED85 : D0;
0ED86 : D0;
0ED87 : D0;
0ED88 : D0;
0ED89 : D0;
0ED8A : D0;
0ED8B : D0;
0ED8C : D0;
0ED8D : D0;
0ED8E : D0;
0ED8F : CC;
0ED90 : D5;
0ED91 : D5;
0ED92 : D5;
0ED93 : D0;
0ED94 : B0;
0ED95 : 8C;
0ED96 : 8C;
0ED97 : 8C;
0ED98 : 8C;
0ED99 : 8C;
0ED9A : 8C;
0ED9B : 8C;
0ED9C : 8C;
0ED9D : 8C;
0ED9E : 8C;
0ED9F : 8C;
0EDA0 : D0;
0EDA1 : D0;
0EDA2 : D0;
0EDA3 : D0;
0EDA4 : D0;
0EDA5 : D0;
0EDA6 : D0;
0EDA7 : D0;
0EDA8 : D0;
0EDA9 : D0;
0EDAA : D0;
0EDAB : D0;
0EDAC : D0;
0EDAD : D0;
0EDAE : D0;
0EDAF : D0;
0EDB0 : D5;
0EDB1 : D5;
0EDB2 : D5;
0EDB3 : D0;
0EDB4 : D0;
0EDB5 : 8C;
0EDB6 : 8C;
0EDB7 : 8C;
0EDB8 : 8C;
0EDB9 : 8C;
0EDBA : 8C;
0EDBB : 8C;
0EDBC : 8C;
0EDBD : 8C;
0EDBE : 8C;
0EDBF : 8C;
0EDC0 : D5;
0EDC1 : D5;
0EDC2 : D5;
0EDC3 : D5;
0EDC4 : D5;
0EDC5 : D5;
0EDC6 : D5;
0EDC7 : D5;
0EDC8 : D5;
0EDC9 : D5;
0EDCA : D5;
0EDCB : D5;
0EDCC : D5;
0EDCD : D5;
0EDCE : D5;
0EDCF : D5;
0EDD0 : D5;
0EDD1 : D5;
0EDD2 : D5;
0EDD3 : D5;
0EDD4 : D5;
0EDD5 : D0;
0EDD6 : 8C;
0EDD7 : 8C;
0EDD8 : 8C;
0EDD9 : 8C;
0EDDA : 8C;
0EDDB : 8C;
0EDDC : 8C;
0EDDD : 8C;
0EDDE : 8C;
0EDDF : 8C;
0EDE0 : D5;
0EDE1 : D5;
0EDE2 : D5;
0EDE3 : D5;
0EDE4 : D5;
0EDE5 : D5;
0EDE6 : D5;
0EDE7 : D5;
0EDE8 : D5;
0EDE9 : D5;
0EDEA : D5;
0EDEB : D5;
0EDEC : D5;
0EDED : D5;
0EDEE : D5;
0EDEF : D5;
0EDF0 : D5;
0EDF1 : D5;
0EDF2 : D5;
0EDF3 : D5;
0EDF4 : D5;
0EDF5 : D0;
0EDF6 : 8C;
0EDF7 : 8C;
0EDF8 : 8C;
0EDF9 : 8C;
0EDFA : 8C;
0EDFB : 8C;
0EDFC : 8C;
0EDFD : 8C;
0EDFE : 8C;
0EDFF : 8C;
0EE00 : D5;
0EE01 : D5;
0EE02 : D5;
0EE03 : D5;
0EE04 : D5;
0EE05 : D5;
0EE06 : D5;
0EE07 : D5;
0EE08 : D5;
0EE09 : D5;
0EE0A : D5;
0EE0B : D5;
0EE0C : D5;
0EE0D : D5;
0EE0E : D5;
0EE0F : D5;
0EE10 : D5;
0EE11 : D5;
0EE12 : D5;
0EE13 : D5;
0EE14 : D5;
0EE15 : D0;
0EE16 : D1;
0EE17 : 68;
0EE18 : 68;
0EE19 : 68;
0EE1A : 68;
0EE1B : 68;
0EE1C : 68;
0EE1D : 68;
0EE1E : 68;
0EE1F : 68;
0EE20 : D4;
0EE21 : D4;
0EE22 : D4;
0EE23 : D4;
0EE24 : D5;
0EE25 : D4;
0EE26 : D4;
0EE27 : D4;
0EE28 : D4;
0EE29 : D4;
0EE2A : D4;
0EE2B : D4;
0EE2C : D4;
0EE2D : D4;
0EE2E : D4;
0EE2F : D4;
0EE30 : D4;
0EE31 : D4;
0EE32 : D5;
0EE33 : D4;
0EE34 : D5;
0EE35 : D0;
0EE36 : D0;
0EE37 : 68;
0EE38 : 68;
0EE39 : 68;
0EE3A : 68;
0EE3B : 68;
0EE3C : 68;
0EE3D : 68;
0EE3E : 68;
0EE3F : 68;
0EE40 : D0;
0EE41 : D0;
0EE42 : D0;
0EE43 : D0;
0EE44 : D0;
0EE45 : D0;
0EE46 : D0;
0EE47 : D0;
0EE48 : D0;
0EE49 : D0;
0EE4A : D0;
0EE4B : D0;
0EE4C : D0;
0EE4D : D0;
0EE4E : D0;
0EE4F : D0;
0EE50 : D0;
0EE51 : D0;
0EE52 : D0;
0EE53 : D0;
0EE54 : D0;
0EE55 : D0;
0EE56 : D0;
0EE57 : D0;
0EE58 : 8C;
0EE59 : 8C;
0EE5A : 8C;
0EE5B : 8C;
0EE5C : 8C;
0EE5D : 8C;
0EE5E : 8C;
0EE5F : 8C;
0EE60 : CC;
0EE61 : CC;
0EE62 : CC;
0EE63 : CC;
0EE64 : CC;
0EE65 : CC;
0EE66 : CC;
0EE67 : CC;
0EE68 : CC;
0EE69 : CC;
0EE6A : CC;
0EE6B : CC;
0EE6C : CC;
0EE6D : CC;
0EE6E : CC;
0EE6F : CC;
0EE70 : CC;
0EE71 : CC;
0EE72 : CC;
0EE73 : CC;
0EE74 : CC;
0EE75 : D0;
0EE76 : D0;
0EE77 : D0;
0EE78 : 8C;
0EE79 : 8C;
0EE7A : 8C;
0EE7B : 8C;
0EE7C : 8C;
0EE7D : 8C;
0EE7E : 8C;
0EE7F : 8C;
0EE80 : CC;
0EE81 : CC;
0EE82 : CC;
0EE83 : CC;
0EE84 : CC;
0EE85 : CC;
0EE86 : CC;
0EE87 : CC;
0EE88 : CC;
0EE89 : CC;
0EE8A : CC;
0EE8B : CC;
0EE8C : CC;
0EE8D : CC;
0EE8E : CC;
0EE8F : CC;
0EE90 : CC;
0EE91 : CC;
0EE92 : CC;
0EE93 : CC;
0EE94 : CC;
0EE95 : D0;
0EE96 : D0;
0EE97 : D0;
0EE98 : 68;
0EE99 : 68;
0EE9A : 68;
0EE9B : 68;
0EE9C : 68;
0EE9D : 68;
0EE9E : 68;
0EE9F : 8C;
0EEA0 : CC;
0EEA1 : CC;
0EEA2 : CC;
0EEA3 : CC;
0EEA4 : CC;
0EEA5 : CC;
0EEA6 : D0;
0EEA7 : D0;
0EEA8 : CC;
0EEA9 : D0;
0EEAA : CC;
0EEAB : CC;
0EEAC : CC;
0EEAD : CC;
0EEAE : CC;
0EEAF : CC;
0EEB0 : CC;
0EEB1 : CC;
0EEB2 : CC;
0EEB3 : CC;
0EEB4 : CC;
0EEB5 : CC;
0EEB6 : CC;
0EEB7 : D0;
0EEB8 : 8C;
0EEB9 : 8C;
0EEBA : 8C;
0EEBB : 8C;
0EEBC : 8C;
0EEBD : 8C;
0EEBE : 8C;
0EEBF : 8C;
0EEC0 : 88;
0EEC1 : 88;
0EEC2 : 88;
0EEC3 : 88;
0EEC4 : 88;
0EEC5 : 88;
0EEC6 : 88;
0EEC7 : 88;
0EEC8 : 88;
0EEC9 : 88;
0EECA : 88;
0EECB : 88;
0EECC : 88;
0EECD : 88;
0EECE : 88;
0EECF : 88;
0EED0 : 88;
0EED1 : 88;
0EED2 : 88;
0EED3 : 88;
0EED4 : 88;
0EED5 : 88;
0EED6 : 88;
0EED7 : CC;
0EED8 : 68;
0EED9 : 68;
0EEDA : 68;
0EEDB : 68;
0EEDC : 68;
0EEDD : 68;
0EEDE : 68;
0EEDF : 8C;
0EEE0 : 88;
0EEE1 : 88;
0EEE2 : 88;
0EEE3 : 88;
0EEE4 : 88;
0EEE5 : 88;
0EEE6 : 88;
0EEE7 : 88;
0EEE8 : 88;
0EEE9 : 88;
0EEEA : 88;
0EEEB : 88;
0EEEC : 88;
0EEED : 88;
0EEEE : 88;
0EEEF : 88;
0EEF0 : 88;
0EEF1 : 88;
0EEF2 : 88;
0EEF3 : 88;
0EEF4 : 88;
0EEF5 : 88;
0EEF6 : 88;
0EEF7 : AC;
0EEF8 : 68;
0EEF9 : 68;
0EEFA : 68;
0EEFB : 68;
0EEFC : 68;
0EEFD : 8C;
0EEFE : 8C;
0EEFF : 8C;
0EF00 : 88;
0EF01 : 88;
0EF02 : 88;
0EF03 : 88;
0EF04 : 88;
0EF05 : 88;
0EF06 : 88;
0EF07 : 88;
0EF08 : 88;
0EF09 : 88;
0EF0A : 88;
0EF0B : 88;
0EF0C : 88;
0EF0D : 88;
0EF0E : 88;
0EF0F : 88;
0EF10 : 88;
0EF11 : 88;
0EF12 : 88;
0EF13 : 88;
0EF14 : 88;
0EF15 : 88;
0EF16 : 84;
0EF17 : AC;
0EF18 : 8C;
0EF19 : 8C;
0EF1A : 8C;
0EF1B : 8C;
0EF1C : 8C;
0EF1D : 8C;
0EF1E : 8C;
0EF1F : 8C;
0EF20 : 88;
0EF21 : 88;
0EF22 : 88;
0EF23 : 88;
0EF24 : 88;
0EF25 : 88;
0EF26 : 88;
0EF27 : 88;
0EF28 : 88;
0EF29 : 88;
0EF2A : 88;
0EF2B : 88;
0EF2C : 88;
0EF2D : 88;
0EF2E : 88;
0EF2F : 88;
0EF30 : 88;
0EF31 : 88;
0EF32 : 88;
0EF33 : 88;
0EF34 : 88;
0EF35 : 88;
0EF36 : 88;
0EF37 : AC;
0EF38 : 68;
0EF39 : 68;
0EF3A : 68;
0EF3B : 68;
0EF3C : 68;
0EF3D : 68;
0EF3E : 68;
0EF3F : 8C;
0EF40 : AC;
0EF41 : AC;
0EF42 : AC;
0EF43 : AC;
0EF44 : AC;
0EF45 : AC;
0EF46 : AC;
0EF47 : AC;
0EF48 : AC;
0EF49 : AC;
0EF4A : AC;
0EF4B : AC;
0EF4C : AC;
0EF4D : AC;
0EF4E : AC;
0EF4F : AC;
0EF50 : AC;
0EF51 : AC;
0EF52 : AC;
0EF53 : AC;
0EF54 : AC;
0EF55 : AC;
0EF56 : AC;
0EF57 : AC;
0EF58 : 8C;
0EF59 : 8C;
0EF5A : 8C;
0EF5B : 8C;
0EF5C : 8C;
0EF5D : 8C;
0EF5E : 8C;
0EF5F : 8C;
0EF60 : A8;
0EF61 : A8;
0EF62 : A8;
0EF63 : AC;
0EF64 : A8;
0EF65 : A8;
0EF66 : A8;
0EF67 : A8;
0EF68 : A8;
0EF69 : A8;
0EF6A : A8;
0EF6B : A8;
0EF6C : A8;
0EF6D : A8;
0EF6E : A8;
0EF6F : A8;
0EF70 : A8;
0EF71 : A8;
0EF72 : A8;
0EF73 : A8;
0EF74 : A8;
0EF75 : A8;
0EF76 : A8;
0EF77 : AC;
0EF78 : 8C;
0EF79 : 8C;
0EF7A : 8C;
0EF7B : 8C;
0EF7C : 8C;
0EF7D : 8C;
0EF7E : 8C;
0EF7F : 8C;
0EF80 : A8;
0EF81 : A8;
0EF82 : A8;
0EF83 : A8;
0EF84 : A8;
0EF85 : A8;
0EF86 : A8;
0EF87 : A8;
0EF88 : A8;
0EF89 : A8;
0EF8A : A8;
0EF8B : A8;
0EF8C : A8;
0EF8D : A8;
0EF8E : A8;
0EF8F : A8;
0EF90 : A8;
0EF91 : A8;
0EF92 : A8;
0EF93 : A8;
0EF94 : A8;
0EF95 : A8;
0EF96 : AC;
0EF97 : AC;
0EF98 : 8C;
0EF99 : 8C;
0EF9A : 8C;
0EF9B : 8C;
0EF9C : 8C;
0EF9D : 8C;
0EF9E : 8C;
0EF9F : 8C;
0EFA0 : 64;
0EFA1 : 64;
0EFA2 : 64;
0EFA3 : 64;
0EFA4 : 64;
0EFA5 : 64;
0EFA6 : 64;
0EFA7 : 64;
0EFA8 : 64;
0EFA9 : 64;
0EFAA : 64;
0EFAB : 64;
0EFAC : 64;
0EFAD : 64;
0EFAE : 64;
0EFAF : 64;
0EFB0 : 64;
0EFB1 : 64;
0EFB2 : 64;
0EFB3 : 64;
0EFB4 : 64;
0EFB5 : 64;
0EFB6 : 64;
0EFB7 : 8C;
0EFB8 : 8C;
0EFB9 : 8C;
0EFBA : 8C;
0EFBB : 8C;
0EFBC : 8C;
0EFBD : 8C;
0EFBE : 8C;
0EFBF : 8C;
0EFC0 : 64;
0EFC1 : 20;
0EFC2 : 40;
0EFC3 : 20;
0EFC4 : AC;
0EFC5 : AC;
0EFC6 : AC;
0EFC7 : AC;
0EFC8 : AC;
0EFC9 : AC;
0EFCA : AC;
0EFCB : AC;
0EFCC : AC;
0EFCD : AC;
0EFCE : CC;
0EFCF : CC;
0EFD0 : 8C;
0EFD1 : 8C;
0EFD2 : 8C;
0EFD3 : 8C;
0EFD4 : 8C;
0EFD5 : 8C;
0EFD6 : 8C;
0EFD7 : 8C;
0EFD8 : 8C;
0EFD9 : 8C;
0EFDA : 8C;
0EFDB : 8C;
0EFDC : 8C;
0EFDD : 8C;
0EFDE : 8C;
0EFDF : 8C;
0EFE0 : 64;
0EFE1 : 20;
0EFE2 : 20;
0EFE3 : 20;
0EFE4 : AC;
0EFE5 : AC;
0EFE6 : AC;
0EFE7 : AC;
0EFE8 : AC;
0EFE9 : AC;
0EFEA : AC;
0EFEB : AC;
0EFEC : AC;
0EFED : AC;
0EFEE : CC;
0EFEF : CC;
0EFF0 : 8C;
0EFF1 : 8C;
0EFF2 : 8C;
0EFF3 : 8C;
0EFF4 : 8C;
0EFF5 : 8C;
0EFF6 : 8C;
0EFF7 : 8C;
0EFF8 : 8C;
0EFF9 : 8C;
0EFFA : 8C;
0EFFB : 8C;
0EFFC : 8C;
0EFFD : 8C;
0EFFE : 8C;
0EFFF : 8C;
0F000 : 25;
0F001 : 49;
0F002 : 29;
0F003 : 4D;
0F004 : 49;
0F005 : 49;
0F006 : 92;
0F007 : 4D;
0F008 : 29;
0F009 : 04;
0F00A : 24;
0F00B : 24;
0F00C : 04;
0F00D : 04;
0F00E : 00;
0F00F : 29;
0F010 : 71;
0F011 : 71;
0F012 : 6D;
0F013 : 6D;
0F014 : 6D;
0F015 : 6D;
0F016 : 6D;
0F017 : 28;
0F018 : 4D;
0F019 : 4D;
0F01A : 4D;
0F01B : 4D;
0F01C : 24;
0F01D : 4D;
0F01E : 04;
0F01F : 04;
0F020 : 04;
0F021 : 29;
0F022 : 6D;
0F023 : 71;
0F024 : 71;
0F025 : 6D;
0F026 : 6D;
0F027 : 4D;
0F028 : 4D;
0F029 : 24;
0F02A : 24;
0F02B : 25;
0F02C : 25;
0F02D : 25;
0F02E : 49;
0F02F : 29;
0F030 : 29;
0F031 : 4D;
0F032 : 4D;
0F033 : 4D;
0F034 : 71;
0F035 : 71;
0F036 : 71;
0F037 : 96;
0F038 : 6D;
0F039 : 71;
0F03A : 71;
0F03B : 4D;
0F03C : 29;
0F03D : 71;
0F03E : 29;
0F03F : 25;
0F040 : 04;
0F041 : 4D;
0F042 : 6D;
0F043 : 71;
0F044 : 6D;
0F045 : 6D;
0F046 : 6D;
0F047 : 4D;
0F048 : 4D;
0F049 : 4D;
0F04A : 25;
0F04B : 24;
0F04C : 24;
0F04D : 25;
0F04E : 49;
0F04F : 29;
0F050 : 29;
0F051 : 49;
0F052 : 6D;
0F053 : 49;
0F054 : 4D;
0F055 : 6D;
0F056 : 71;
0F057 : 71;
0F058 : 71;
0F059 : 71;
0F05A : 71;
0F05B : 49;
0F05C : 24;
0F05D : 24;
0F05E : 49;
0F05F : 4D;
0F060 : 24;
0F061 : 4D;
0F062 : 6D;
0F063 : 4D;
0F064 : 6D;
0F065 : 6D;
0F066 : 4D;
0F067 : 71;
0F068 : 04;
0F069 : 4D;
0F06A : 24;
0F06B : 49;
0F06C : 00;
0F06D : 25;
0F06E : 29;
0F06F : 25;
0F070 : 49;
0F071 : 49;
0F072 : 25;
0F073 : 49;
0F074 : 4D;
0F075 : 91;
0F076 : 71;
0F077 : 91;
0F078 : 96;
0F079 : 71;
0F07A : 6D;
0F07B : 24;
0F07C : 24;
0F07D : 71;
0F07E : 4D;
0F07F : 4D;
0F080 : 24;
0F081 : 49;
0F082 : 4D;
0F083 : 49;
0F084 : 25;
0F085 : 29;
0F086 : 4D;
0F087 : 29;
0F088 : 25;
0F089 : 04;
0F08A : 04;
0F08B : 25;
0F08C : 00;
0F08D : 25;
0F08E : 25;
0F08F : 24;
0F090 : 29;
0F091 : 29;
0F092 : 4D;
0F093 : 4D;
0F094 : 49;
0F095 : 00;
0F096 : 71;
0F097 : 91;
0F098 : 4D;
0F099 : 71;
0F09A : 71;
0F09B : 49;
0F09C : 00;
0F09D : 00;
0F09E : 24;
0F09F : 49;
0F0A0 : 04;
0F0A1 : 24;
0F0A2 : 4D;
0F0A3 : 24;
0F0A4 : 04;
0F0A5 : 00;
0F0A6 : 4D;
0F0A7 : 29;
0F0A8 : 00;
0F0A9 : 25;
0F0AA : 00;
0F0AB : 25;
0F0AC : 00;
0F0AD : 25;
0F0AE : 25;
0F0AF : 00;
0F0B0 : 29;
0F0B1 : 49;
0F0B2 : 49;
0F0B3 : 29;
0F0B4 : 49;
0F0B5 : 24;
0F0B6 : 6D;
0F0B7 : 6D;
0F0B8 : 4D;
0F0B9 : 71;
0F0BA : 71;
0F0BB : 4D;
0F0BC : 00;
0F0BD : 24;
0F0BE : 04;
0F0BF : 29;
0F0C0 : 25;
0F0C1 : 00;
0F0C2 : 24;
0F0C3 : 00;
0F0C4 : 25;
0F0C5 : 25;
0F0C6 : 25;
0F0C7 : 25;
0F0C8 : 25;
0F0C9 : 04;
0F0CA : 00;
0F0CB : 25;
0F0CC : 25;
0F0CD : 29;
0F0CE : 29;
0F0CF : 04;
0F0D0 : 49;
0F0D1 : 29;
0F0D2 : 4D;
0F0D3 : 4D;
0F0D4 : 49;
0F0D5 : 49;
0F0D6 : 25;
0F0D7 : 29;
0F0D8 : 25;
0F0D9 : 4D;
0F0DA : 6D;
0F0DB : 00;
0F0DC : 00;
0F0DD : 04;
0F0DE : 49;
0F0DF : 25;
0F0E0 : 25;
0F0E1 : 04;
0F0E2 : 00;
0F0E3 : 00;
0F0E4 : 04;
0F0E5 : 00;
0F0E6 : 04;
0F0E7 : 29;
0F0E8 : 24;
0F0E9 : 00;
0F0EA : 00;
0F0EB : 24;
0F0EC : 25;
0F0ED : 29;
0F0EE : 29;
0F0EF : 24;
0F0F0 : 4D;
0F0F1 : 6D;
0F0F2 : 4D;
0F0F3 : 4D;
0F0F4 : 4D;
0F0F5 : 49;
0F0F6 : 49;
0F0F7 : 25;
0F0F8 : 04;
0F0F9 : 4D;
0F0FA : 71;
0F0FB : 00;
0F0FC : 00;
0F0FD : 00;
0F0FE : 49;
0F0FF : 49;
0F100 : 4D;
0F101 : 00;
0F102 : 25;
0F103 : 04;
0F104 : 04;
0F105 : 25;
0F106 : 04;
0F107 : 00;
0F108 : 00;
0F109 : 04;
0F10A : 04;
0F10B : 00;
0F10C : 25;
0F10D : 00;
0F10E : 29;
0F10F : 25;
0F110 : 4D;
0F111 : 49;
0F112 : 4D;
0F113 : 4D;
0F114 : 4D;
0F115 : 49;
0F116 : 4D;
0F117 : 00;
0F118 : 04;
0F119 : 25;
0F11A : 29;
0F11B : 00;
0F11C : 00;
0F11D : 24;
0F11E : 24;
0F11F : 24;
0F120 : 04;
0F121 : 24;
0F122 : 24;
0F123 : 24;
0F124 : 25;
0F125 : 25;
0F126 : 25;
0F127 : 29;
0F128 : 24;
0F129 : 25;
0F12A : 25;
0F12B : 00;
0F12C : 04;
0F12D : 00;
0F12E : 49;
0F12F : 25;
0F130 : 00;
0F131 : 29;
0F132 : 4D;
0F133 : 4D;
0F134 : 49;
0F135 : 49;
0F136 : 29;
0F137 : 25;
0F138 : 24;
0F139 : 00;
0F13A : 25;
0F13B : 24;
0F13C : 49;
0F13D : 00;
0F13E : 00;
0F13F : 00;
0F140 : 25;
0F141 : 04;
0F142 : 04;
0F143 : 00;
0F144 : 49;
0F145 : 49;
0F146 : 24;
0F147 : 4D;
0F148 : 00;
0F149 : 25;
0F14A : 25;
0F14B : 24;
0F14C : 00;
0F14D : 00;
0F14E : 00;
0F14F : 4D;
0F150 : 49;
0F151 : 49;
0F152 : 49;
0F153 : 49;
0F154 : 25;
0F155 : 25;
0F156 : 29;
0F157 : 29;
0F158 : 6D;
0F159 : 71;
0F15A : 4D;
0F15B : 49;
0F15C : 29;
0F15D : 04;
0F15E : 00;
0F15F : 00;
0F160 : 25;
0F161 : 24;
0F162 : 25;
0F163 : 29;
0F164 : 29;
0F165 : 29;
0F166 : 49;
0F167 : 4D;
0F168 : 29;
0F169 : 25;
0F16A : 4D;
0F16B : 04;
0F16C : 00;
0F16D : 25;
0F16E : 00;
0F16F : 49;
0F170 : 29;
0F171 : 25;
0F172 : 49;
0F173 : 4D;
0F174 : 04;
0F175 : 29;
0F176 : 4D;
0F177 : 4D;
0F178 : 71;
0F179 : 71;
0F17A : 6D;
0F17B : 6D;
0F17C : 29;
0F17D : 24;
0F17E : 24;
0F17F : 24;
0F180 : 24;
0F181 : 25;
0F182 : 29;
0F183 : 29;
0F184 : 29;
0F185 : 04;
0F186 : 25;
0F187 : 29;
0F188 : 6D;
0F189 : 4D;
0F18A : 29;
0F18B : 25;
0F18C : 00;
0F18D : 04;
0F18E : 25;
0F18F : 25;
0F190 : 25;
0F191 : 25;
0F192 : 29;
0F193 : 25;
0F194 : 25;
0F195 : 4D;
0F196 : 4D;
0F197 : 6D;
0F198 : 4D;
0F199 : 49;
0F19A : 6D;
0F19B : 4D;
0F19C : 29;
0F19D : 24;
0F19E : 25;
0F19F : 25;
0F1A0 : 00;
0F1A1 : 25;
0F1A2 : 25;
0F1A3 : 49;
0F1A4 : 49;
0F1A5 : 25;
0F1A6 : 25;
0F1A7 : 6D;
0F1A8 : 25;
0F1A9 : 6D;
0F1AA : 71;
0F1AB : 00;
0F1AC : 00;
0F1AD : 04;
0F1AE : 25;
0F1AF : 25;
0F1B0 : 25;
0F1B1 : 25;
0F1B2 : 29;
0F1B3 : 25;
0F1B4 : 4D;
0F1B5 : 29;
0F1B6 : 4D;
0F1B7 : 49;
0F1B8 : 71;
0F1B9 : 71;
0F1BA : 71;
0F1BB : 49;
0F1BC : 4D;
0F1BD : 04;
0F1BE : 04;
0F1BF : 25;
0F1C0 : 25;
0F1C1 : 25;
0F1C2 : 25;
0F1C3 : 49;
0F1C4 : 4D;
0F1C5 : 4D;
0F1C6 : 4D;
0F1C7 : 4D;
0F1C8 : 4D;
0F1C9 : 6D;
0F1CA : 71;
0F1CB : 29;
0F1CC : 25;
0F1CD : 25;
0F1CE : 25;
0F1CF : 24;
0F1D0 : 29;
0F1D1 : 25;
0F1D2 : 29;
0F1D3 : 25;
0F1D4 : 71;
0F1D5 : 71;
0F1D6 : 71;
0F1D7 : 71;
0F1D8 : 71;
0F1D9 : 6D;
0F1DA : 6D;
0F1DB : 4D;
0F1DC : 4D;
0F1DD : 49;
0F1DE : 25;
0F1DF : 24;
0F1E0 : 25;
0F1E1 : 29;
0F1E2 : 49;
0F1E3 : 4D;
0F1E4 : 4D;
0F1E5 : 4D;
0F1E6 : 4D;
0F1E7 : 4D;
0F1E8 : 6D;
0F1E9 : 71;
0F1EA : 6D;
0F1EB : 71;
0F1EC : 4D;
0F1ED : 29;
0F1EE : 49;
0F1EF : 25;
0F1F0 : 25;
0F1F1 : 25;
0F1F2 : 00;
0F1F3 : 6D;
0F1F4 : 4D;
0F1F5 : 6D;
0F1F6 : 6D;
0F1F7 : 6D;
0F1F8 : 71;
0F1F9 : 71;
0F1FA : 4D;
0F1FB : 71;
0F1FC : 4D;
0F1FD : 71;
0F1FE : 6D;
0F1FF : 29;
0F200 : 25;
0F201 : 25;
0F202 : 29;
0F203 : 49;
0F204 : 49;
0F205 : 4D;
0F206 : 4D;
0F207 : 4D;
0F208 : 4D;
0F209 : 6D;
0F20A : 71;
0F20B : 4D;
0F20C : 6D;
0F20D : 29;
0F20E : 04;
0F20F : 00;
0F210 : 25;
0F211 : 00;
0F212 : 25;
0F213 : 6D;
0F214 : 71;
0F215 : 6D;
0F216 : 6D;
0F217 : 24;
0F218 : 00;
0F219 : 4D;
0F21A : 6D;
0F21B : 71;
0F21C : 6D;
0F21D : 4D;
0F21E : 49;
0F21F : 25;
0F220 : 25;
0F221 : 25;
0F222 : 25;
0F223 : 25;
0F224 : 29;
0F225 : 4D;
0F226 : 4D;
0F227 : 4D;
0F228 : 4D;
0F229 : 4D;
0F22A : 4D;
0F22B : 4D;
0F22C : 4D;
0F22D : 49;
0F22E : 25;
0F22F : 25;
0F230 : 4D;
0F231 : 4D;
0F232 : 6D;
0F233 : 6D;
0F234 : 4D;
0F235 : 71;
0F236 : 71;
0F237 : 4D;
0F238 : 71;
0F239 : 4D;
0F23A : 71;
0F23B : 71;
0F23C : 4D;
0F23D : 49;
0F23E : 49;
0F23F : 29;
0F240 : 25;
0F241 : 24;
0F242 : 49;
0F243 : 25;
0F244 : 25;
0F245 : 49;
0F246 : 4D;
0F247 : 4D;
0F248 : 4D;
0F249 : 4D;
0F24A : 4D;
0F24B : 4D;
0F24C : 29;
0F24D : 29;
0F24E : 24;
0F24F : 25;
0F250 : 96;
0F251 : 4D;
0F252 : 6D;
0F253 : 4D;
0F254 : 6D;
0F255 : 4D;
0F256 : 71;
0F257 : 6D;
0F258 : 6D;
0F259 : 6D;
0F25A : 71;
0F25B : 49;
0F25C : 4D;
0F25D : 29;
0F25E : 29;
0F25F : 25;
0F260 : 25;
0F261 : 25;
0F262 : 25;
0F263 : 25;
0F264 : 25;
0F265 : 25;
0F266 : 49;
0F267 : 4D;
0F268 : 4D;
0F269 : 4D;
0F26A : 4D;
0F26B : 4D;
0F26C : 49;
0F26D : 25;
0F26E : 25;
0F26F : 25;
0F270 : 4D;
0F271 : 71;
0F272 : 4D;
0F273 : 71;
0F274 : 4D;
0F275 : 71;
0F276 : 49;
0F277 : 4D;
0F278 : 4D;
0F279 : 71;
0F27A : 29;
0F27B : 4D;
0F27C : 49;
0F27D : 4D;
0F27E : 29;
0F27F : 25;
0F280 : 24;
0F281 : 25;
0F282 : 25;
0F283 : 29;
0F284 : 25;
0F285 : 4D;
0F286 : 29;
0F287 : 25;
0F288 : 49;
0F289 : 4D;
0F28A : 49;
0F28B : 4D;
0F28C : 04;
0F28D : 29;
0F28E : 29;
0F28F : 25;
0F290 : 25;
0F291 : 29;
0F292 : 4D;
0F293 : 4D;
0F294 : 6D;
0F295 : 6D;
0F296 : 49;
0F297 : 29;
0F298 : 49;
0F299 : 29;
0F29A : 4D;
0F29B : 4D;
0F29C : 4D;
0F29D : 4D;
0F29E : 29;
0F29F : 25;
0F2A0 : 24;
0F2A1 : 04;
0F2A2 : 25;
0F2A3 : 25;
0F2A4 : 25;
0F2A5 : 25;
0F2A6 : 25;
0F2A7 : 29;
0F2A8 : 04;
0F2A9 : 49;
0F2AA : 49;
0F2AB : 29;
0F2AC : 25;
0F2AD : 25;
0F2AE : 24;
0F2AF : 25;
0F2B0 : 04;
0F2B1 : 25;
0F2B2 : 71;
0F2B3 : 6D;
0F2B4 : 4D;
0F2B5 : 4D;
0F2B6 : 4D;
0F2B7 : 49;
0F2B8 : 49;
0F2B9 : 4D;
0F2BA : 4D;
0F2BB : 4D;
0F2BC : 4D;
0F2BD : 4D;
0F2BE : 25;
0F2BF : 25;
0F2C0 : 04;
0F2C1 : 24;
0F2C2 : 25;
0F2C3 : 25;
0F2C4 : 25;
0F2C5 : 25;
0F2C6 : 29;
0F2C7 : 25;
0F2C8 : 29;
0F2C9 : 25;
0F2CA : 29;
0F2CB : 25;
0F2CC : 25;
0F2CD : 24;
0F2CE : 00;
0F2CF : 00;
0F2D0 : 6D;
0F2D1 : 29;
0F2D2 : 25;
0F2D3 : 71;
0F2D4 : 6D;
0F2D5 : 4D;
0F2D6 : 4D;
0F2D7 : 49;
0F2D8 : 4D;
0F2D9 : 4D;
0F2DA : 4D;
0F2DB : 4D;
0F2DC : 4D;
0F2DD : 29;
0F2DE : 24;
0F2DF : 24;
0F2E0 : 25;
0F2E1 : 24;
0F2E2 : 24;
0F2E3 : 25;
0F2E4 : 25;
0F2E5 : 25;
0F2E6 : 25;
0F2E7 : 25;
0F2E8 : 00;
0F2E9 : 04;
0F2EA : 24;
0F2EB : 25;
0F2EC : 00;
0F2ED : 29;
0F2EE : 4D;
0F2EF : 6D;
0F2F0 : 4D;
0F2F1 : 49;
0F2F2 : 49;
0F2F3 : 49;
0F2F4 : 49;
0F2F5 : 49;
0F2F6 : 49;
0F2F7 : 49;
0F2F8 : 49;
0F2F9 : 4D;
0F2FA : 4D;
0F2FB : 49;
0F2FC : 4D;
0F2FD : 24;
0F2FE : 24;
0F2FF : 04;
0F300 : 25;
0F301 : 24;
0F302 : 24;
0F303 : 25;
0F304 : 25;
0F305 : 25;
0F306 : 25;
0F307 : 29;
0F308 : 24;
0F309 : 04;
0F30A : 25;
0F30B : 04;
0F30C : 25;
0F30D : 29;
0F30E : 4D;
0F30F : 4D;
0F310 : 49;
0F311 : 4D;
0F312 : 29;
0F313 : 25;
0F314 : 00;
0F315 : 29;
0F316 : 49;
0F317 : 49;
0F318 : 49;
0F319 : 49;
0F31A : 49;
0F31B : 29;
0F31C : 29;
0F31D : 00;
0F31E : 00;
0F31F : 00;
0F320 : 24;
0F321 : 25;
0F322 : 25;
0F323 : 25;
0F324 : 25;
0F325 : 29;
0F326 : 25;
0F327 : 29;
0F328 : 29;
0F329 : 29;
0F32A : 25;
0F32B : 00;
0F32C : 29;
0F32D : 25;
0F32E : 4D;
0F32F : 4D;
0F330 : 49;
0F331 : 4D;
0F332 : 49;
0F333 : 20;
0F334 : 00;
0F335 : 00;
0F336 : 29;
0F337 : 4D;
0F338 : 29;
0F339 : 49;
0F33A : 29;
0F33B : 49;
0F33C : 24;
0F33D : 00;
0F33E : 00;
0F33F : 00;
0F340 : 04;
0F341 : 04;
0F342 : 24;
0F343 : 00;
0F344 : 24;
0F345 : 29;
0F346 : 29;
0F347 : 49;
0F348 : 29;
0F349 : 49;
0F34A : 25;
0F34B : 6D;
0F34C : 49;
0F34D : 4D;
0F34E : 49;
0F34F : 29;
0F350 : 71;
0F351 : 71;
0F352 : 49;
0F353 : 45;
0F354 : 20;
0F355 : 49;
0F356 : 24;
0F357 : 29;
0F358 : 4D;
0F359 : 49;
0F35A : 24;
0F35B : 29;
0F35C : 24;
0F35D : 00;
0F35E : 00;
0F35F : 29;
0F360 : 24;
0F361 : 24;
0F362 : 25;
0F363 : 25;
0F364 : 04;
0F365 : 04;
0F366 : 04;
0F367 : 04;
0F368 : 25;
0F369 : 25;
0F36A : 25;
0F36B : 71;
0F36C : 4D;
0F36D : 49;
0F36E : 4D;
0F36F : 4D;
0F370 : 6D;
0F371 : 4D;
0F372 : 6D;
0F373 : 49;
0F374 : 49;
0F375 : 24;
0F376 : 24;
0F377 : 49;
0F378 : 29;
0F379 : 49;
0F37A : 49;
0F37B : 24;
0F37C : 24;
0F37D : 25;
0F37E : 49;
0F37F : 29;
0F380 : 25;
0F381 : 25;
0F382 : 25;
0F383 : 25;
0F384 : 25;
0F385 : 49;
0F386 : 49;
0F387 : 4D;
0F388 : 4D;
0F389 : 25;
0F38A : 49;
0F38B : 49;
0F38C : 6D;
0F38D : 29;
0F38E : 71;
0F38F : 6D;
0F390 : 6D;
0F391 : 49;
0F392 : 4D;
0F393 : 6D;
0F394 : 6D;
0F395 : 24;
0F396 : 00;
0F397 : 25;
0F398 : 25;
0F399 : 4D;
0F39A : 24;
0F39B : 24;
0F39C : 24;
0F39D : 71;
0F39E : 6D;
0F39F : 29;
0F3A0 : 25;
0F3A1 : 25;
0F3A2 : 25;
0F3A3 : 25;
0F3A4 : 4D;
0F3A5 : 4D;
0F3A6 : 4D;
0F3A7 : 4D;
0F3A8 : 4D;
0F3A9 : 49;
0F3AA : 25;
0F3AB : 4D;
0F3AC : 29;
0F3AD : 29;
0F3AE : 4D;
0F3AF : 6D;
0F3B0 : 4D;
0F3B1 : 6D;
0F3B2 : 4D;
0F3B3 : 4D;
0F3B4 : 4D;
0F3B5 : 49;
0F3B6 : 00;
0F3B7 : 00;
0F3B8 : 25;
0F3B9 : 49;
0F3BA : 4D;
0F3BB : 00;
0F3BC : 71;
0F3BD : 4D;
0F3BE : 4D;
0F3BF : 4D;
0F3C0 : 29;
0F3C1 : 25;
0F3C2 : 29;
0F3C3 : 49;
0F3C4 : 49;
0F3C5 : 4D;
0F3C6 : 4D;
0F3C7 : 4D;
0F3C8 : 4D;
0F3C9 : 49;
0F3CA : 49;
0F3CB : 24;
0F3CC : 25;
0F3CD : 24;
0F3CE : 4D;
0F3CF : 71;
0F3D0 : 4D;
0F3D1 : 4D;
0F3D2 : 4D;
0F3D3 : 6D;
0F3D4 : 6D;
0F3D5 : 49;
0F3D6 : 00;
0F3D7 : 24;
0F3D8 : 00;
0F3D9 : 24;
0F3DA : 24;
0F3DB : 29;
0F3DC : 6D;
0F3DD : 4D;
0F3DE : 4D;
0F3DF : 4D;
0F3E0 : 25;
0F3E1 : 25;
0F3E2 : 49;
0F3E3 : 4D;
0F3E4 : 4D;
0F3E5 : 4D;
0F3E6 : 4D;
0F3E7 : 4D;
0F3E8 : 4D;
0F3E9 : 4D;
0F3EA : 4D;
0F3EB : 4D;
0F3EC : 24;
0F3ED : 29;
0F3EE : 25;
0F3EF : 49;
0F3F0 : 29;
0F3F1 : 49;
0F3F2 : 6D;
0F3F3 : 4D;
0F3F4 : 49;
0F3F5 : 49;
0F3F6 : 24;
0F3F7 : 24;
0F3F8 : 24;
0F3F9 : 29;
0F3FA : 49;
0F3FB : 4D;
0F3FC : 4D;
0F3FD : 4D;
0F3FE : 4D;
0F3FF : 4D;
0F400 : 6D;
0F401 : 25;
0F402 : 25;
0F403 : 25;
0F404 : 29;
0F405 : 49;
0F406 : 25;
0F407 : 49;
0F408 : 49;
0F409 : 49;
0F40A : 49;
0F40B : 25;
0F40C : 49;
0F40D : 6D;
0F40E : 4D;
0F40F : 4D;
0F410 : 25;
0F411 : 49;
0F412 : 49;
0F413 : 6E;
0F414 : 25;
0F415 : 6D;
0F416 : 00;
0F417 : 25;
0F418 : 25;
0F419 : 25;
0F41A : 49;
0F41B : 49;
0F41C : 45;
0F41D : 49;
0F41E : 49;
0F41F : 25;
0F420 : 49;
0F421 : 49;
0F422 : 49;
0F423 : 49;
0F424 : 49;
0F425 : 49;
0F426 : 49;
0F427 : 49;
0F428 : 49;
0F429 : 49;
0F42A : 49;
0F42B : 25;
0F42C : 45;
0F42D : 49;
0F42E : 49;
0F42F : 49;
0F430 : 49;
0F431 : 49;
0F432 : 49;
0F433 : 49;
0F434 : 49;
0F435 : 25;
0F436 : 25;
0F437 : 45;
0F438 : 25;
0F439 : 49;
0F43A : 29;
0F43B : 25;
0F43C : 49;
0F43D : 49;
0F43E : 25;
0F43F : 49;
0F440 : 49;
0F441 : 49;
0F442 : 49;
0F443 : 49;
0F444 : 49;
0F445 : 49;
0F446 : 49;
0F447 : 49;
0F448 : 49;
0F449 : 49;
0F44A : 49;
0F44B : 25;
0F44C : 49;
0F44D : 49;
0F44E : 49;
0F44F : 49;
0F450 : 49;
0F451 : 49;
0F452 : 49;
0F453 : 29;
0F454 : 25;
0F455 : 25;
0F456 : 25;
0F457 : 25;
0F458 : 25;
0F459 : 25;
0F45A : 25;
0F45B : 49;
0F45C : 49;
0F45D : 25;
0F45E : 25;
0F45F : 49;
0F460 : 49;
0F461 : 49;
0F462 : 49;
0F463 : 49;
0F464 : 49;
0F465 : 49;
0F466 : 49;
0F467 : 49;
0F468 : 49;
0F469 : 49;
0F46A : 49;
0F46B : 49;
0F46C : 49;
0F46D : 49;
0F46E : 49;
0F46F : 49;
0F470 : 49;
0F471 : 49;
0F472 : 25;
0F473 : 25;
0F474 : 25;
0F475 : 25;
0F476 : 25;
0F477 : 25;
0F478 : 25;
0F479 : 25;
0F47A : 49;
0F47B : 49;
0F47C : 49;
0F47D : 49;
0F47E : 49;
0F47F : 49;
0F480 : 6E;
0F481 : 49;
0F482 : 49;
0F483 : 49;
0F484 : 25;
0F485 : 49;
0F486 : 49;
0F487 : 49;
0F488 : 49;
0F489 : 49;
0F48A : 49;
0F48B : 25;
0F48C : 25;
0F48D : 25;
0F48E : 25;
0F48F : 49;
0F490 : 25;
0F491 : 25;
0F492 : 25;
0F493 : 25;
0F494 : 25;
0F495 : 25;
0F496 : 25;
0F497 : 49;
0F498 : 49;
0F499 : 49;
0F49A : 25;
0F49B : 25;
0F49C : 00;
0F49D : 00;
0F49E : 25;
0F49F : 49;
0F4A0 : 25;
0F4A1 : 49;
0F4A2 : 25;
0F4A3 : 25;
0F4A4 : 49;
0F4A5 : 49;
0F4A6 : 49;
0F4A7 : 25;
0F4A8 : 25;
0F4A9 : 49;
0F4AA : 49;
0F4AB : 49;
0F4AC : 25;
0F4AD : 49;
0F4AE : 25;
0F4AF : 25;
0F4B0 : 25;
0F4B1 : 49;
0F4B2 : 49;
0F4B3 : 25;
0F4B4 : 49;
0F4B5 : 25;
0F4B6 : 25;
0F4B7 : 25;
0F4B8 : 25;
0F4B9 : 25;
0F4BA : 25;
0F4BB : 25;
0F4BC : 25;
0F4BD : 49;
0F4BE : 25;
0F4BF : 49;
0F4C0 : 25;
0F4C1 : 25;
0F4C2 : 25;
0F4C3 : 25;
0F4C4 : 25;
0F4C5 : 49;
0F4C6 : 25;
0F4C7 : 25;
0F4C8 : 49;
0F4C9 : 49;
0F4CA : 49;
0F4CB : 49;
0F4CC : 25;
0F4CD : 25;
0F4CE : 25;
0F4CF : 25;
0F4D0 : 45;
0F4D1 : 49;
0F4D2 : 49;
0F4D3 : 49;
0F4D4 : 49;
0F4D5 : 25;
0F4D6 : 45;
0F4D7 : 49;
0F4D8 : 49;
0F4D9 : 25;
0F4DA : 25;
0F4DB : 49;
0F4DC : 45;
0F4DD : 45;
0F4DE : 25;
0F4DF : 49;
0F4E0 : 25;
0F4E1 : 25;
0F4E2 : 25;
0F4E3 : 45;
0F4E4 : 45;
0F4E5 : 25;
0F4E6 : 49;
0F4E7 : 49;
0F4E8 : 49;
0F4E9 : 49;
0F4EA : 49;
0F4EB : 29;
0F4EC : 49;
0F4ED : 25;
0F4EE : 25;
0F4EF : 25;
0F4F0 : 25;
0F4F1 : 49;
0F4F2 : 49;
0F4F3 : 49;
0F4F4 : 49;
0F4F5 : 25;
0F4F6 : 49;
0F4F7 : 49;
0F4F8 : 49;
0F4F9 : 6E;
0F4FA : 49;
0F4FB : 25;
0F4FC : 49;
0F4FD : 49;
0F4FE : 25;
0F4FF : 25;
0F500 : 25;
0F501 : 25;
0F502 : 25;
0F503 : 49;
0F504 : 49;
0F505 : 25;
0F506 : 29;
0F507 : 25;
0F508 : 49;
0F509 : 49;
0F50A : 49;
0F50B : 49;
0F50C : 49;
0F50D : 25;
0F50E : 25;
0F50F : 25;
0F510 : 00;
0F511 : 49;
0F512 : 49;
0F513 : 49;
0F514 : 49;
0F515 : 49;
0F516 : 49;
0F517 : 49;
0F518 : 49;
0F519 : 24;
0F51A : 25;
0F51B : 49;
0F51C : 49;
0F51D : 49;
0F51E : 25;
0F51F : 49;
0F520 : 49;
0F521 : 49;
0F522 : 25;
0F523 : 25;
0F524 : 25;
0F525 : 49;
0F526 : 49;
0F527 : 49;
0F528 : 49;
0F529 : 49;
0F52A : 49;
0F52B : 49;
0F52C : 25;
0F52D : 25;
0F52E : 25;
0F52F : 25;
0F530 : 25;
0F531 : 25;
0F532 : 25;
0F533 : 25;
0F534 : 49;
0F535 : 49;
0F536 : 25;
0F537 : 49;
0F538 : 49;
0F539 : 49;
0F53A : 49;
0F53B : 49;
0F53C : 49;
0F53D : 49;
0F53E : 49;
0F53F : 25;
0F540 : 00;
0F541 : 25;
0F542 : 25;
0F543 : 25;
0F544 : 25;
0F545 : 49;
0F546 : 25;
0F547 : 25;
0F548 : 49;
0F549 : 49;
0F54A : 29;
0F54B : 25;
0F54C : 25;
0F54D : 25;
0F54E : 25;
0F54F : 25;
0F550 : 25;
0F551 : 24;
0F552 : 20;
0F553 : 49;
0F554 : 25;
0F555 : 25;
0F556 : 25;
0F557 : 00;
0F558 : 49;
0F559 : 49;
0F55A : 49;
0F55B : 25;
0F55C : 49;
0F55D : 25;
0F55E : 25;
0F55F : 49;
0F560 : 25;
0F561 : 25;
0F562 : 25;
0F563 : 25;
0F564 : 25;
0F565 : 25;
0F566 : 49;
0F567 : 25;
0F568 : 49;
0F569 : 25;
0F56A : 25;
0F56B : 25;
0F56C : 25;
0F56D : 49;
0F56E : 25;
0F56F : 25;
0F570 : 25;
0F571 : 00;
0F572 : 00;
0F573 : 00;
0F574 : 00;
0F575 : 25;
0F576 : 49;
0F577 : 25;
0F578 : 25;
0F579 : 49;
0F57A : 25;
0F57B : 49;
0F57C : 25;
0F57D : 25;
0F57E : 25;
0F57F : 25;
0F580 : 49;
0F581 : 25;
0F582 : 25;
0F583 : 25;
0F584 : 25;
0F585 : 25;
0F586 : 25;
0F587 : 25;
0F588 : 25;
0F589 : 25;
0F58A : 25;
0F58B : 25;
0F58C : 25;
0F58D : 25;
0F58E : 49;
0F58F : 25;
0F590 : 25;
0F591 : 25;
0F592 : 24;
0F593 : 24;
0F594 : 25;
0F595 : 25;
0F596 : 25;
0F597 : 25;
0F598 : 25;
0F599 : 49;
0F59A : 49;
0F59B : 25;
0F59C : 25;
0F59D : 25;
0F59E : 25;
0F59F : 25;
0F5A0 : 25;
0F5A1 : 25;
0F5A2 : 25;
0F5A3 : 25;
0F5A4 : 25;
0F5A5 : 25;
0F5A6 : 49;
0F5A7 : 49;
0F5A8 : 49;
0F5A9 : 25;
0F5AA : 25;
0F5AB : 25;
0F5AC : 25;
0F5AD : 49;
0F5AE : 49;
0F5AF : 25;
0F5B0 : 25;
0F5B1 : 25;
0F5B2 : 49;
0F5B3 : 00;
0F5B4 : 25;
0F5B5 : 6E;
0F5B6 : 25;
0F5B7 : 25;
0F5B8 : 25;
0F5B9 : 49;
0F5BA : 25;
0F5BB : 25;
0F5BC : 25;
0F5BD : 25;
0F5BE : 25;
0F5BF : 25;
0F5C0 : 25;
0F5C1 : 25;
0F5C2 : 25;
0F5C3 : 25;
0F5C4 : 00;
0F5C5 : 25;
0F5C6 : 25;
0F5C7 : 25;
0F5C8 : 25;
0F5C9 : 00;
0F5CA : 00;
0F5CB : 25;
0F5CC : 25;
0F5CD : 25;
0F5CE : 25;
0F5CF : 49;
0F5D0 : 49;
0F5D1 : 49;
0F5D2 : 25;
0F5D3 : 25;
0F5D4 : 25;
0F5D5 : 00;
0F5D6 : 25;
0F5D7 : 25;
0F5D8 : 00;
0F5D9 : 25;
0F5DA : 25;
0F5DB : 25;
0F5DC : 49;
0F5DD : 25;
0F5DE : 25;
0F5DF : 20;
0F5E0 : 25;
0F5E1 : 25;
0F5E2 : 25;
0F5E3 : 25;
0F5E4 : 20;
0F5E5 : 20;
0F5E6 : 25;
0F5E7 : 25;
0F5E8 : 25;
0F5E9 : 25;
0F5EA : 25;
0F5EB : 25;
0F5EC : 00;
0F5ED : 4D;
0F5EE : 25;
0F5EF : 25;
0F5F0 : 25;
0F5F1 : 25;
0F5F2 : 25;
0F5F3 : 25;
0F5F4 : 25;
0F5F5 : 25;
0F5F6 : 24;
0F5F7 : 25;
0F5F8 : 00;
0F5F9 : 25;
0F5FA : 00;
0F5FB : 25;
0F5FC : 49;
0F5FD : 25;
0F5FE : 25;
0F5FF : 24;
0F600 : 25;
0F601 : 49;
0F602 : 25;
0F603 : 00;
0F604 : 92;
0F605 : 6E;
0F606 : 25;
0F607 : 00;
0F608 : 49;
0F609 : 25;
0F60A : 45;
0F60B : 00;
0F60C : 25;
0F60D : 25;
0F60E : 49;
0F60F : 25;
0F610 : 25;
0F611 : 25;
0F612 : 25;
0F613 : 25;
0F614 : 25;
0F615 : 25;
0F616 : 25;
0F617 : 25;
0F618 : 25;
0F619 : 25;
0F61A : 25;
0F61B : 25;
0F61C : 25;
0F61D : 25;
0F61E : 24;
0F61F : 25;
0F620 : 4D;
0F621 : 25;
0F622 : 25;
0F623 : 25;
0F624 : 49;
0F625 : 25;
0F626 : 49;
0F627 : 6D;
0F628 : 49;
0F629 : 24;
0F62A : 25;
0F62B : 49;
0F62C : 49;
0F62D : 25;
0F62E : 25;
0F62F : 25;
0F630 : 25;
0F631 : 25;
0F632 : 25;
0F633 : 25;
0F634 : 25;
0F635 : 25;
0F636 : 25;
0F637 : 25;
0F638 : 25;
0F639 : 49;
0F63A : 25;
0F63B : 49;
0F63C : 25;
0F63D : 25;
0F63E : 49;
0F63F : 4D;
0F640 : 49;
0F641 : 20;
0F642 : 20;
0F643 : 25;
0F644 : 49;
0F645 : 25;
0F646 : 49;
0F647 : 49;
0F648 : 49;
0F649 : 6D;
0F64A : 4D;
0F64B : 49;
0F64C : 49;
0F64D : 25;
0F64E : 25;
0F64F : 25;
0F650 : 25;
0F651 : 25;
0F652 : 25;
0F653 : 25;
0F654 : 25;
0F655 : 25;
0F656 : 25;
0F657 : 25;
0F658 : 25;
0F659 : 49;
0F65A : 49;
0F65B : 49;
0F65C : 25;
0F65D : 49;
0F65E : 4D;
0F65F : 49;
0F660 : 25;
0F661 : 25;
0F662 : 25;
0F663 : 00;
0F664 : 25;
0F665 : 49;
0F666 : 49;
0F667 : 49;
0F668 : 6D;
0F669 : 6E;
0F66A : 49;
0F66B : 49;
0F66C : 49;
0F66D : 25;
0F66E : 49;
0F66F : 25;
0F670 : 25;
0F671 : 25;
0F672 : 25;
0F673 : 49;
0F674 : 49;
0F675 : 49;
0F676 : 25;
0F677 : 49;
0F678 : 49;
0F679 : 49;
0F67A : 25;
0F67B : 00;
0F67C : 49;
0F67D : 25;
0F67E : 4D;
0F67F : 4D;
0F680 : 25;
0F681 : 25;
0F682 : 4D;
0F683 : 25;
0F684 : 49;
0F685 : 49;
0F686 : 6E;
0F687 : 49;
0F688 : 25;
0F689 : 25;
0F68A : 25;
0F68B : 6D;
0F68C : 6D;
0F68D : 49;
0F68E : 6D;
0F68F : 25;
0F690 : 49;
0F691 : 49;
0F692 : 49;
0F693 : 25;
0F694 : 25;
0F695 : 25;
0F696 : 25;
0F697 : 49;
0F698 : 25;
0F699 : 25;
0F69A : 49;
0F69B : 49;
0F69C : 49;
0F69D : 49;
0F69E : 6E;
0F69F : 25;
0F6A0 : 25;
0F6A1 : 25;
0F6A2 : 25;
0F6A3 : 25;
0F6A4 : 49;
0F6A5 : 25;
0F6A6 : 25;
0F6A7 : 49;
0F6A8 : 49;
0F6A9 : 49;
0F6AA : 25;
0F6AB : 49;
0F6AC : 25;
0F6AD : 49;
0F6AE : 6D;
0F6AF : 25;
0F6B0 : 49;
0F6B1 : 49;
0F6B2 : 49;
0F6B3 : 49;
0F6B4 : 25;
0F6B5 : 25;
0F6B6 : 25;
0F6B7 : 25;
0F6B8 : 25;
0F6B9 : 25;
0F6BA : 6E;
0F6BB : 49;
0F6BC : 49;
0F6BD : 49;
0F6BE : 49;
0F6BF : 25;
0F6C0 : 25;
0F6C1 : 25;
0F6C2 : 25;
0F6C3 : 25;
0F6C4 : 4D;
0F6C5 : 49;
0F6C6 : 25;
0F6C7 : 00;
0F6C8 : 25;
0F6C9 : 49;
0F6CA : 49;
0F6CB : 49;
0F6CC : 49;
0F6CD : 49;
0F6CE : 25;
0F6CF : 49;
0F6D0 : 25;
0F6D1 : 49;
0F6D2 : 49;
0F6D3 : 49;
0F6D4 : 49;
0F6D5 : 49;
0F6D6 : 25;
0F6D7 : 24;
0F6D8 : 25;
0F6D9 : 49;
0F6DA : 6E;
0F6DB : 6E;
0F6DC : 49;
0F6DD : 6E;
0F6DE : 25;
0F6DF : 25;
0F6E0 : 49;
0F6E1 : 45;
0F6E2 : 49;
0F6E3 : 00;
0F6E4 : 25;
0F6E5 : 49;
0F6E6 : 25;
0F6E7 : 20;
0F6E8 : 25;
0F6E9 : 45;
0F6EA : 45;
0F6EB : 49;
0F6EC : 49;
0F6ED : 45;
0F6EE : 25;
0F6EF : 25;
0F6F0 : 49;
0F6F1 : 49;
0F6F2 : 25;
0F6F3 : 49;
0F6F4 : 49;
0F6F5 : 00;
0F6F6 : 00;
0F6F7 : 25;
0F6F8 : 4D;
0F6F9 : 25;
0F6FA : 6E;
0F6FB : 49;
0F6FC : 49;
0F6FD : 49;
0F6FE : 25;
0F6FF : 25;
0F700 : 49;
0F701 : 25;
0F702 : 49;
0F703 : 49;
0F704 : 25;
0F705 : 25;
0F706 : 25;
0F707 : 25;
0F708 : 25;
0F709 : 25;
0F70A : 25;
0F70B : 49;
0F70C : 49;
0F70D : 25;
0F70E : 25;
0F70F : 4D;
0F710 : 25;
0F711 : 49;
0F712 : 25;
0F713 : 25;
0F714 : 25;
0F715 : 49;
0F716 : 20;
0F717 : 49;
0F718 : 4D;
0F719 : 25;
0F71A : 49;
0F71B : 49;
0F71C : 49;
0F71D : 6E;
0F71E : 25;
0F71F : 49;
0F720 : 25;
0F721 : 25;
0F722 : 45;
0F723 : 49;
0F724 : 25;
0F725 : 49;
0F726 : 25;
0F727 : 49;
0F728 : 25;
0F729 : 25;
0F72A : 25;
0F72B : 6D;
0F72C : 49;
0F72D : 49;
0F72E : 25;
0F72F : 25;
0F730 : 25;
0F731 : 25;
0F732 : 25;
0F733 : 25;
0F734 : 25;
0F735 : 49;
0F736 : 25;
0F737 : 25;
0F738 : 25;
0F739 : 49;
0F73A : 25;
0F73B : 49;
0F73C : 4D;
0F73D : 49;
0F73E : 25;
0F73F : 49;
0F740 : 20;
0F741 : 25;
0F742 : 25;
0F743 : 25;
0F744 : 25;
0F745 : 25;
0F746 : 25;
0F747 : 25;
0F748 : 25;
0F749 : 25;
0F74A : 25;
0F74B : 24;
0F74C : 25;
0F74D : 25;
0F74E : 25;
0F74F : 25;
0F750 : 25;
0F751 : 25;
0F752 : 25;
0F753 : 25;
0F754 : 25;
0F755 : 25;
0F756 : 49;
0F757 : 49;
0F758 : 49;
0F759 : 25;
0F75A : 25;
0F75B : 49;
0F75C : 25;
0F75D : 25;
0F75E : 49;
0F75F : 25;
0F760 : 49;
0F761 : 25;
0F762 : 25;
0F763 : 25;
0F764 : 25;
0F765 : 25;
0F766 : 25;
0F767 : 25;
0F768 : 25;
0F769 : 25;
0F76A : 25;
0F76B : 45;
0F76C : 25;
0F76D : 49;
0F76E : 25;
0F76F : 25;
0F770 : 25;
0F771 : 25;
0F772 : 25;
0F773 : 25;
0F774 : 49;
0F775 : 49;
0F776 : 25;
0F777 : 25;
0F778 : 25;
0F779 : 25;
0F77A : 25;
0F77B : 25;
0F77C : 49;
0F77D : 25;
0F77E : 49;
0F77F : 49;
0F780 : 25;
0F781 : 25;
0F782 : 25;
0F783 : 25;
0F784 : 25;
0F785 : 25;
0F786 : 25;
0F787 : 25;
0F788 : 25;
0F789 : 25;
0F78A : 25;
0F78B : 25;
0F78C : 25;
0F78D : 25;
0F78E : 25;
0F78F : 25;
0F790 : 25;
0F791 : 25;
0F792 : 25;
0F793 : 25;
0F794 : 24;
0F795 : 25;
0F796 : 00;
0F797 : 49;
0F798 : 25;
0F799 : 49;
0F79A : 25;
0F79B : 49;
0F79C : 49;
0F79D : 49;
0F79E : 49;
0F79F : 25;
0F7A0 : 25;
0F7A1 : 25;
0F7A2 : 25;
0F7A3 : 25;
0F7A4 : 25;
0F7A5 : 25;
0F7A6 : 25;
0F7A7 : 29;
0F7A8 : 25;
0F7A9 : 25;
0F7AA : 25;
0F7AB : 25;
0F7AC : 25;
0F7AD : 25;
0F7AE : 25;
0F7AF : 25;
0F7B0 : 25;
0F7B1 : 25;
0F7B2 : 25;
0F7B3 : 49;
0F7B4 : 25;
0F7B5 : 24;
0F7B6 : 00;
0F7B7 : 49;
0F7B8 : 49;
0F7B9 : 25;
0F7BA : 49;
0F7BB : 4D;
0F7BC : 49;
0F7BD : 25;
0F7BE : 49;
0F7BF : 49;
0F7C0 : 25;
0F7C1 : 25;
0F7C2 : 25;
0F7C3 : 25;
0F7C4 : 25;
0F7C5 : 49;
0F7C6 : 49;
0F7C7 : 49;
0F7C8 : 25;
0F7C9 : 49;
0F7CA : 25;
0F7CB : 25;
0F7CC : 25;
0F7CD : 25;
0F7CE : 25;
0F7CF : 25;
0F7D0 : 25;
0F7D1 : 25;
0F7D2 : 25;
0F7D3 : 25;
0F7D4 : 25;
0F7D5 : 24;
0F7D6 : 00;
0F7D7 : 49;
0F7D8 : 49;
0F7D9 : 49;
0F7DA : 49;
0F7DB : 49;
0F7DC : 49;
0F7DD : 49;
0F7DE : 49;
0F7DF : 25;
0F7E0 : 25;
0F7E1 : 25;
0F7E2 : 25;
0F7E3 : 25;
0F7E4 : 25;
0F7E5 : 29;
0F7E6 : 49;
0F7E7 : 49;
0F7E8 : 25;
0F7E9 : 25;
0F7EA : 25;
0F7EB : 25;
0F7EC : 25;
0F7ED : 25;
0F7EE : 25;
0F7EF : 25;
0F7F0 : 25;
0F7F1 : 25;
0F7F2 : 25;
0F7F3 : 49;
0F7F4 : 25;
0F7F5 : 24;
0F7F6 : 25;
0F7F7 : 25;
0F7F8 : 6D;
0F7F9 : 4D;
0F7FA : 49;
0F7FB : 49;
0F7FC : 49;
0F7FD : 49;
0F7FE : 25;
0F7FF : 25;
0F800 : 49;
0F801 : 49;
0F802 : 49;
0F803 : 49;
0F804 : 49;
0F805 : 49;
0F806 : 45;
0F807 : 45;
0F808 : 45;
0F809 : 49;
0F80A : 49;
0F80B : 49;
0F80C : 49;
0F80D : 45;
0F80E : 49;
0F80F : 49;
0F810 : 25;
0F811 : 25;
0F812 : 25;
0F813 : 6D;
0F814 : 49;
0F815 : 49;
0F816 : 49;
0F817 : 49;
0F818 : 49;
0F819 : 49;
0F81A : 49;
0F81B : 25;
0F81C : 49;
0F81D : 49;
0F81E : 49;
0F81F : 49;
0F820 : 49;
0F821 : 49;
0F822 : 49;
0F823 : 49;
0F824 : 49;
0F825 : 49;
0F826 : 49;
0F827 : 49;
0F828 : 49;
0F829 : 49;
0F82A : 49;
0F82B : 49;
0F82C : 49;
0F82D : 49;
0F82E : 49;
0F82F : 49;
0F830 : 49;
0F831 : 49;
0F832 : 49;
0F833 : 25;
0F834 : 25;
0F835 : 25;
0F836 : 25;
0F837 : 6E;
0F838 : 49;
0F839 : 25;
0F83A : 25;
0F83B : 25;
0F83C : 25;
0F83D : 24;
0F83E : 25;
0F83F : 25;
0F840 : 45;
0F841 : 49;
0F842 : 45;
0F843 : 49;
0F844 : 49;
0F845 : 49;
0F846 : 45;
0F847 : 25;
0F848 : 25;
0F849 : 25;
0F84A : 45;
0F84B : 25;
0F84C : 49;
0F84D : 49;
0F84E : 49;
0F84F : 25;
0F850 : 49;
0F851 : 49;
0F852 : 49;
0F853 : 49;
0F854 : 25;
0F855 : 25;
0F856 : 25;
0F857 : 49;
0F858 : 25;
0F859 : 25;
0F85A : 25;
0F85B : 25;
0F85C : 25;
0F85D : 25;
0F85E : 25;
0F85F : 25;
0F860 : 49;
0F861 : 49;
0F862 : 49;
0F863 : 25;
0F864 : 45;
0F865 : 25;
0F866 : 25;
0F867 : 25;
0F868 : 25;
0F869 : 25;
0F86A : 25;
0F86B : 25;
0F86C : 49;
0F86D : 49;
0F86E : 49;
0F86F : 25;
0F870 : 45;
0F871 : 45;
0F872 : 45;
0F873 : 25;
0F874 : 49;
0F875 : 6D;
0F876 : 49;
0F877 : 6D;
0F878 : 25;
0F879 : 49;
0F87A : 25;
0F87B : 25;
0F87C : 25;
0F87D : 25;
0F87E : 25;
0F87F : 25;
0F880 : 49;
0F881 : 25;
0F882 : 25;
0F883 : 49;
0F884 : 45;
0F885 : 25;
0F886 : 25;
0F887 : 25;
0F888 : 25;
0F889 : 25;
0F88A : 49;
0F88B : 45;
0F88C : 49;
0F88D : 49;
0F88E : 49;
0F88F : 25;
0F890 : 45;
0F891 : 25;
0F892 : 25;
0F893 : 49;
0F894 : 49;
0F895 : 6D;
0F896 : 49;
0F897 : 49;
0F898 : 49;
0F899 : 24;
0F89A : 20;
0F89B : 24;
0F89C : 25;
0F89D : 25;
0F89E : 25;
0F89F : 25;
0F8A0 : 49;
0F8A1 : 49;
0F8A2 : 25;
0F8A3 : 25;
0F8A4 : 25;
0F8A5 : 25;
0F8A6 : 45;
0F8A7 : 45;
0F8A8 : 45;
0F8A9 : 25;
0F8AA : 25;
0F8AB : 45;
0F8AC : 25;
0F8AD : 49;
0F8AE : 49;
0F8AF : 45;
0F8B0 : 25;
0F8B1 : 25;
0F8B2 : 49;
0F8B3 : 49;
0F8B4 : 49;
0F8B5 : 49;
0F8B6 : 49;
0F8B7 : 49;
0F8B8 : 49;
0F8B9 : 49;
0F8BA : 25;
0F8BB : 49;
0F8BC : 25;
0F8BD : 25;
0F8BE : 49;
0F8BF : 25;
0F8C0 : 49;
0F8C1 : 49;
0F8C2 : 49;
0F8C3 : 49;
0F8C4 : 25;
0F8C5 : 49;
0F8C6 : 49;
0F8C7 : 25;
0F8C8 : 25;
0F8C9 : 25;
0F8CA : 25;
0F8CB : 25;
0F8CC : 25;
0F8CD : 25;
0F8CE : 49;
0F8CF : 25;
0F8D0 : 49;
0F8D1 : 25;
0F8D2 : 49;
0F8D3 : 49;
0F8D4 : 49;
0F8D5 : 49;
0F8D6 : 6D;
0F8D7 : 6E;
0F8D8 : 49;
0F8D9 : 49;
0F8DA : 49;
0F8DB : 00;
0F8DC : 25;
0F8DD : 25;
0F8DE : 25;
0F8DF : 25;
0F8E0 : 25;
0F8E1 : 25;
0F8E2 : 49;
0F8E3 : 49;
0F8E4 : 6E;
0F8E5 : 49;
0F8E6 : 25;
0F8E7 : 45;
0F8E8 : 45;
0F8E9 : 25;
0F8EA : 45;
0F8EB : 25;
0F8EC : 25;
0F8ED : 25;
0F8EE : 49;
0F8EF : 49;
0F8F0 : 25;
0F8F1 : 49;
0F8F2 : 25;
0F8F3 : 25;
0F8F4 : 49;
0F8F5 : 25;
0F8F6 : 49;
0F8F7 : 49;
0F8F8 : 49;
0F8F9 : 6E;
0F8FA : 49;
0F8FB : 25;
0F8FC : 25;
0F8FD : 25;
0F8FE : 25;
0F8FF : 25;
0F900 : 25;
0F901 : 25;
0F902 : 25;
0F903 : 25;
0F904 : 25;
0F905 : 25;
0F906 : 49;
0F907 : 45;
0F908 : 25;
0F909 : 25;
0F90A : 25;
0F90B : 25;
0F90C : 25;
0F90D : 49;
0F90E : 49;
0F90F : 49;
0F910 : 25;
0F911 : 49;
0F912 : 25;
0F913 : 49;
0F914 : 49;
0F915 : 25;
0F916 : 6E;
0F917 : 49;
0F918 : 49;
0F919 : 49;
0F91A : 49;
0F91B : 49;
0F91C : 49;
0F91D : 20;
0F91E : 25;
0F91F : 25;
0F920 : 25;
0F921 : 25;
0F922 : 25;
0F923 : 25;
0F924 : 25;
0F925 : 25;
0F926 : 25;
0F927 : 25;
0F928 : 25;
0F929 : 25;
0F92A : 25;
0F92B : 49;
0F92C : 25;
0F92D : 49;
0F92E : 49;
0F92F : 45;
0F930 : 49;
0F931 : 25;
0F932 : 49;
0F933 : 25;
0F934 : 25;
0F935 : 49;
0F936 : 25;
0F937 : 45;
0F938 : 49;
0F939 : 49;
0F93A : 49;
0F93B : 49;
0F93C : 25;
0F93D : 25;
0F93E : 25;
0F93F : 25;
0F940 : 49;
0F941 : 25;
0F942 : 25;
0F943 : 45;
0F944 : 25;
0F945 : 25;
0F946 : 25;
0F947 : 49;
0F948 : 49;
0F949 : 25;
0F94A : 6D;
0F94B : 49;
0F94C : 49;
0F94D : 4D;
0F94E : 25;
0F94F : 49;
0F950 : 49;
0F951 : 25;
0F952 : 49;
0F953 : 49;
0F954 : 49;
0F955 : 49;
0F956 : 49;
0F957 : 49;
0F958 : 49;
0F959 : 25;
0F95A : 49;
0F95B : 49;
0F95C : 49;
0F95D : 25;
0F95E : 00;
0F95F : 20;
0F960 : 49;
0F961 : 25;
0F962 : 25;
0F963 : 49;
0F964 : 49;
0F965 : 45;
0F966 : 00;
0F967 : 00;
0F968 : 25;
0F969 : 25;
0F96A : 25;
0F96B : 49;
0F96C : 49;
0F96D : 25;
0F96E : 49;
0F96F : 49;
0F970 : 25;
0F971 : 25;
0F972 : 49;
0F973 : 49;
0F974 : 49;
0F975 : 49;
0F976 : 49;
0F977 : 25;
0F978 : 49;
0F979 : 49;
0F97A : 49;
0F97B : 49;
0F97C : 25;
0F97D : 25;
0F97E : 25;
0F97F : 25;
0F980 : 25;
0F981 : 24;
0F982 : 25;
0F983 : 25;
0F984 : 45;
0F985 : 49;
0F986 : 49;
0F987 : 25;
0F988 : 45;
0F989 : 49;
0F98A : 49;
0F98B : 25;
0F98C : 49;
0F98D : 25;
0F98E : 49;
0F98F : 49;
0F990 : 49;
0F991 : 25;
0F992 : 49;
0F993 : 49;
0F994 : 49;
0F995 : 49;
0F996 : 25;
0F997 : 49;
0F998 : 49;
0F999 : 49;
0F99A : 25;
0F99B : 49;
0F99C : 49;
0F99D : 49;
0F99E : 49;
0F99F : 49;
0F9A0 : 25;
0F9A1 : 25;
0F9A2 : 00;
0F9A3 : 49;
0F9A4 : 49;
0F9A5 : 25;
0F9A6 : 49;
0F9A7 : 24;
0F9A8 : 49;
0F9A9 : 49;
0F9AA : 49;
0F9AB : 25;
0F9AC : 49;
0F9AD : 49;
0F9AE : 49;
0F9AF : 6E;
0F9B0 : 49;
0F9B1 : 49;
0F9B2 : 25;
0F9B3 : 25;
0F9B4 : 49;
0F9B5 : 25;
0F9B6 : 25;
0F9B7 : 49;
0F9B8 : 25;
0F9B9 : 25;
0F9BA : 49;
0F9BB : 49;
0F9BC : 49;
0F9BD : 49;
0F9BE : 49;
0F9BF : 49;
0F9C0 : 25;
0F9C1 : 25;
0F9C2 : 00;
0F9C3 : 25;
0F9C4 : 25;
0F9C5 : 49;
0F9C6 : 49;
0F9C7 : 49;
0F9C8 : 6D;
0F9C9 : 6D;
0F9CA : 49;
0F9CB : 49;
0F9CC : 6E;
0F9CD : 4D;
0F9CE : 25;
0F9CF : 25;
0F9D0 : 25;
0F9D1 : 25;
0F9D2 : 25;
0F9D3 : 49;
0F9D4 : 49;
0F9D5 : 49;
0F9D6 : 25;
0F9D7 : 25;
0F9D8 : 25;
0F9D9 : 45;
0F9DA : 25;
0F9DB : 25;
0F9DC : 25;
0F9DD : 25;
0F9DE : 25;
0F9DF : 25;
0F9E0 : 25;
0F9E1 : 25;
0F9E2 : 49;
0F9E3 : 49;
0F9E4 : 49;
0F9E5 : 49;
0F9E6 : 49;
0F9E7 : 49;
0F9E8 : 49;
0F9E9 : 49;
0F9EA : 6D;
0F9EB : 49;
0F9EC : 25;
0F9ED : 25;
0F9EE : 25;
0F9EF : 25;
0F9F0 : 25;
0F9F1 : 25;
0F9F2 : 45;
0F9F3 : 49;
0F9F4 : 49;
0F9F5 : 25;
0F9F6 : 25;
0F9F7 : 25;
0F9F8 : 25;
0F9F9 : 25;
0F9FA : 25;
0F9FB : 45;
0F9FC : 25;
0F9FD : 49;
0F9FE : 25;
0F9FF : 25;
0FA00 : 49;
0FA01 : 49;
0FA02 : 25;
0FA03 : 6D;
0FA04 : 49;
0FA05 : 49;
0FA06 : 49;
0FA07 : 49;
0FA08 : 49;
0FA09 : 49;
0FA0A : 49;
0FA0B : 25;
0FA0C : 49;
0FA0D : 6D;
0FA0E : 25;
0FA0F : 49;
0FA10 : 25;
0FA11 : 25;
0FA12 : 25;
0FA13 : 25;
0FA14 : 49;
0FA15 : 25;
0FA16 : 25;
0FA17 : 25;
0FA18 : 25;
0FA19 : 49;
0FA1A : 25;
0FA1B : 25;
0FA1C : 49;
0FA1D : 49;
0FA1E : 25;
0FA1F : 25;
0FA20 : 6E;
0FA21 : 49;
0FA22 : 49;
0FA23 : 6E;
0FA24 : 25;
0FA25 : 49;
0FA26 : 49;
0FA27 : 25;
0FA28 : 25;
0FA29 : 25;
0FA2A : 00;
0FA2B : 49;
0FA2C : 6E;
0FA2D : 6D;
0FA2E : 25;
0FA2F : 49;
0FA30 : 45;
0FA31 : 25;
0FA32 : 25;
0FA33 : 49;
0FA34 : 25;
0FA35 : 25;
0FA36 : 25;
0FA37 : 25;
0FA38 : 25;
0FA39 : 25;
0FA3A : 25;
0FA3B : 45;
0FA3C : 45;
0FA3D : 25;
0FA3E : 25;
0FA3F : 25;
0FA40 : 6D;
0FA41 : 6E;
0FA42 : 6E;
0FA43 : 6E;
0FA44 : 6E;
0FA45 : 49;
0FA46 : 25;
0FA47 : 49;
0FA48 : 25;
0FA49 : 25;
0FA4A : 25;
0FA4B : 25;
0FA4C : 25;
0FA4D : 25;
0FA4E : 25;
0FA4F : 49;
0FA50 : 25;
0FA51 : 25;
0FA52 : 25;
0FA53 : 49;
0FA54 : 49;
0FA55 : 49;
0FA56 : 25;
0FA57 : 25;
0FA58 : 25;
0FA59 : 25;
0FA5A : 25;
0FA5B : 25;
0FA5C : 25;
0FA5D : 25;
0FA5E : 25;
0FA5F : 25;
0FA60 : 25;
0FA61 : 49;
0FA62 : 49;
0FA63 : 49;
0FA64 : 6E;
0FA65 : 49;
0FA66 : 49;
0FA67 : 49;
0FA68 : 25;
0FA69 : 45;
0FA6A : 25;
0FA6B : 25;
0FA6C : 25;
0FA6D : 25;
0FA6E : 25;
0FA6F : 49;
0FA70 : 49;
0FA71 : 25;
0FA72 : 25;
0FA73 : 25;
0FA74 : 45;
0FA75 : 25;
0FA76 : 45;
0FA77 : 25;
0FA78 : 25;
0FA79 : 25;
0FA7A : 49;
0FA7B : 49;
0FA7C : 25;
0FA7D : 25;
0FA7E : 25;
0FA7F : 25;
0FA80 : 49;
0FA81 : 25;
0FA82 : 49;
0FA83 : 6E;
0FA84 : 6E;
0FA85 : 49;
0FA86 : 25;
0FA87 : 49;
0FA88 : 25;
0FA89 : 25;
0FA8A : 49;
0FA8B : 25;
0FA8C : 49;
0FA8D : 25;
0FA8E : 25;
0FA8F : 25;
0FA90 : 49;
0FA91 : 25;
0FA92 : 25;
0FA93 : 25;
0FA94 : 25;
0FA95 : 25;
0FA96 : 25;
0FA97 : 25;
0FA98 : 25;
0FA99 : 00;
0FA9A : 00;
0FA9B : 00;
0FA9C : 25;
0FA9D : 49;
0FA9E : 25;
0FA9F : 25;
0FAA0 : 6E;
0FAA1 : 6D;
0FAA2 : 49;
0FAA3 : 6E;
0FAA4 : 72;
0FAA5 : 6E;
0FAA6 : 49;
0FAA7 : 25;
0FAA8 : 49;
0FAA9 : 49;
0FAAA : 49;
0FAAB : 49;
0FAAC : 25;
0FAAD : 25;
0FAAE : 25;
0FAAF : 25;
0FAB0 : 00;
0FAB1 : 25;
0FAB2 : 25;
0FAB3 : 25;
0FAB4 : 25;
0FAB5 : 25;
0FAB6 : 25;
0FAB7 : 25;
0FAB8 : 25;
0FAB9 : 25;
0FABA : 25;
0FABB : 25;
0FABC : 25;
0FABD : 25;
0FABE : 25;
0FABF : 25;
0FAC0 : 49;
0FAC1 : 25;
0FAC2 : 6D;
0FAC3 : 29;
0FAC4 : 25;
0FAC5 : 49;
0FAC6 : 49;
0FAC7 : 49;
0FAC8 : 49;
0FAC9 : 25;
0FACA : 49;
0FACB : 25;
0FACC : 25;
0FACD : 25;
0FACE : 25;
0FACF : 25;
0FAD0 : 25;
0FAD1 : 25;
0FAD2 : 25;
0FAD3 : 25;
0FAD4 : 25;
0FAD5 : 25;
0FAD6 : 24;
0FAD7 : 25;
0FAD8 : 25;
0FAD9 : 25;
0FADA : 24;
0FADB : 25;
0FADC : 25;
0FADD : 25;
0FADE : 25;
0FADF : 25;
0FAE0 : 25;
0FAE1 : 49;
0FAE2 : 25;
0FAE3 : 00;
0FAE4 : 25;
0FAE5 : 25;
0FAE6 : 49;
0FAE7 : 25;
0FAE8 : 49;
0FAE9 : 25;
0FAEA : 25;
0FAEB : 49;
0FAEC : 49;
0FAED : 49;
0FAEE : 25;
0FAEF : 45;
0FAF0 : 25;
0FAF1 : 25;
0FAF2 : 25;
0FAF3 : 25;
0FAF4 : 25;
0FAF5 : 25;
0FAF6 : 25;
0FAF7 : 25;
0FAF8 : 25;
0FAF9 : 25;
0FAFA : 24;
0FAFB : 25;
0FAFC : 25;
0FAFD : 25;
0FAFE : 25;
0FAFF : 25;
0FB00 : 49;
0FB01 : 49;
0FB02 : 25;
0FB03 : 49;
0FB04 : 49;
0FB05 : 25;
0FB06 : 49;
0FB07 : 49;
0FB08 : 49;
0FB09 : 49;
0FB0A : 49;
0FB0B : 49;
0FB0C : 49;
0FB0D : 49;
0FB0E : 25;
0FB0F : 45;
0FB10 : 25;
0FB11 : 25;
0FB12 : 25;
0FB13 : 25;
0FB14 : 25;
0FB15 : 25;
0FB16 : 25;
0FB17 : 25;
0FB18 : 25;
0FB19 : 25;
0FB1A : 25;
0FB1B : 25;
0FB1C : 25;
0FB1D : 25;
0FB1E : 25;
0FB1F : 25;
0FB20 : 25;
0FB21 : 25;
0FB22 : 49;
0FB23 : 49;
0FB24 : 45;
0FB25 : 25;
0FB26 : 49;
0FB27 : 49;
0FB28 : 49;
0FB29 : 49;
0FB2A : 49;
0FB2B : 49;
0FB2C : 49;
0FB2D : 49;
0FB2E : 49;
0FB2F : 25;
0FB30 : 25;
0FB31 : 25;
0FB32 : 25;
0FB33 : 25;
0FB34 : 25;
0FB35 : 25;
0FB36 : 25;
0FB37 : 25;
0FB38 : 25;
0FB39 : 25;
0FB3A : 25;
0FB3B : 25;
0FB3C : 25;
0FB3D : 25;
0FB3E : 25;
0FB3F : 25;
0FB40 : 25;
0FB41 : 25;
0FB42 : 25;
0FB43 : 49;
0FB44 : 49;
0FB45 : 49;
0FB46 : 49;
0FB47 : 49;
0FB48 : 49;
0FB49 : 49;
0FB4A : 49;
0FB4B : 6E;
0FB4C : 49;
0FB4D : 49;
0FB4E : 49;
0FB4F : 25;
0FB50 : 25;
0FB51 : 25;
0FB52 : 25;
0FB53 : 25;
0FB54 : 25;
0FB55 : 25;
0FB56 : 25;
0FB57 : 25;
0FB58 : 25;
0FB59 : 25;
0FB5A : 25;
0FB5B : 25;
0FB5C : 25;
0FB5D : 25;
0FB5E : 25;
0FB5F : 49;
0FB60 : 49;
0FB61 : 49;
0FB62 : 25;
0FB63 : 49;
0FB64 : 49;
0FB65 : 49;
0FB66 : 6D;
0FB67 : 49;
0FB68 : 49;
0FB69 : 49;
0FB6A : 6D;
0FB6B : 6D;
0FB6C : 49;
0FB6D : 49;
0FB6E : 49;
0FB6F : 49;
0FB70 : 25;
0FB71 : 25;
0FB72 : 25;
0FB73 : 25;
0FB74 : 25;
0FB75 : 25;
0FB76 : 25;
0FB77 : 25;
0FB78 : 25;
0FB79 : 25;
0FB7A : 25;
0FB7B : 25;
0FB7C : 25;
0FB7D : 25;
0FB7E : 25;
0FB7F : 25;
0FB80 : 49;
0FB81 : 49;
0FB82 : 49;
0FB83 : 25;
0FB84 : 49;
0FB85 : 49;
0FB86 : 49;
0FB87 : 49;
0FB88 : 6E;
0FB89 : 6D;
0FB8A : 6E;
0FB8B : 49;
0FB8C : 6D;
0FB8D : 49;
0FB8E : 25;
0FB8F : 25;
0FB90 : 25;
0FB91 : 25;
0FB92 : 25;
0FB93 : 25;
0FB94 : 25;
0FB95 : 25;
0FB96 : 45;
0FB97 : 25;
0FB98 : 25;
0FB99 : 25;
0FB9A : 25;
0FB9B : 25;
0FB9C : 25;
0FB9D : 25;
0FB9E : 25;
0FB9F : 25;
0FBA0 : 49;
0FBA1 : 49;
0FBA2 : 49;
0FBA3 : 49;
0FBA4 : 49;
0FBA5 : 49;
0FBA6 : 25;
0FBA7 : 25;
0FBA8 : 25;
0FBA9 : 49;
0FBAA : 49;
0FBAB : 49;
0FBAC : 6D;
0FBAD : 25;
0FBAE : 49;
0FBAF : 25;
0FBB0 : 25;
0FBB1 : 25;
0FBB2 : 25;
0FBB3 : 25;
0FBB4 : 25;
0FBB5 : 49;
0FBB6 : 49;
0FBB7 : 25;
0FBB8 : 25;
0FBB9 : 25;
0FBBA : 25;
0FBBB : 25;
0FBBC : 25;
0FBBD : 25;
0FBBE : 25;
0FBBF : 25;
0FBC0 : 25;
0FBC1 : 25;
0FBC2 : 49;
0FBC3 : 45;
0FBC4 : 25;
0FBC5 : 49;
0FBC6 : 49;
0FBC7 : 49;
0FBC8 : 25;
0FBC9 : 25;
0FBCA : 25;
0FBCB : 6D;
0FBCC : 25;
0FBCD : 49;
0FBCE : 25;
0FBCF : 49;
0FBD0 : 25;
0FBD1 : 25;
0FBD2 : 25;
0FBD3 : 25;
0FBD4 : 45;
0FBD5 : 49;
0FBD6 : 49;
0FBD7 : 49;
0FBD8 : 25;
0FBD9 : 25;
0FBDA : 25;
0FBDB : 25;
0FBDC : 25;
0FBDD : 25;
0FBDE : 25;
0FBDF : 25;
0FBE0 : 25;
0FBE1 : 25;
0FBE2 : 49;
0FBE3 : 49;
0FBE4 : 49;
0FBE5 : 25;
0FBE6 : 6D;
0FBE7 : 49;
0FBE8 : 49;
0FBE9 : 49;
0FBEA : 49;
0FBEB : 25;
0FBEC : 25;
0FBED : 25;
0FBEE : 25;
0FBEF : 25;
0FBF0 : 25;
0FBF1 : 25;
0FBF2 : 25;
0FBF3 : 25;
0FBF4 : 25;
0FBF5 : 25;
0FBF6 : 49;
0FBF7 : 49;
0FBF8 : 25;
0FBF9 : 25;
0FBFA : 25;
0FBFB : 25;
0FBFC : 25;
0FBFD : 25;
0FBFE : 25;
0FBFF : 25;
0FC00 : 6D;
0FC01 : 25;
0FC02 : 25;
0FC03 : 25;
0FC04 : 29;
0FC05 : 49;
0FC06 : 25;
0FC07 : 49;
0FC08 : 49;
0FC09 : 49;
0FC0A : 49;
0FC0B : 25;
0FC0C : 49;
0FC0D : 6D;
0FC0E : 4D;
0FC0F : 4D;
0FC10 : 25;
0FC11 : 49;
0FC12 : 49;
0FC13 : 6E;
0FC14 : 25;
0FC15 : 6D;
0FC16 : 00;
0FC17 : 25;
0FC18 : 25;
0FC19 : 25;
0FC1A : 49;
0FC1B : 49;
0FC1C : 45;
0FC1D : 49;
0FC1E : 49;
0FC1F : 25;
0FC20 : 49;
0FC21 : 49;
0FC22 : 49;
0FC23 : 49;
0FC24 : 49;
0FC25 : 49;
0FC26 : 49;
0FC27 : 49;
0FC28 : 49;
0FC29 : 49;
0FC2A : 49;
0FC2B : 25;
0FC2C : 45;
0FC2D : 49;
0FC2E : 49;
0FC2F : 49;
0FC30 : 49;
0FC31 : 49;
0FC32 : 49;
0FC33 : 49;
0FC34 : 49;
0FC35 : 25;
0FC36 : 25;
0FC37 : 45;
0FC38 : 25;
0FC39 : 49;
0FC3A : 29;
0FC3B : 25;
0FC3C : 49;
0FC3D : 49;
0FC3E : 25;
0FC3F : 49;
0FC40 : 49;
0FC41 : 49;
0FC42 : 49;
0FC43 : 49;
0FC44 : 49;
0FC45 : 49;
0FC46 : 49;
0FC47 : 49;
0FC48 : 49;
0FC49 : 49;
0FC4A : 49;
0FC4B : 25;
0FC4C : 49;
0FC4D : 49;
0FC4E : 49;
0FC4F : 49;
0FC50 : 49;
0FC51 : 49;
0FC52 : 49;
0FC53 : 29;
0FC54 : 25;
0FC55 : 25;
0FC56 : 25;
0FC57 : 25;
0FC58 : 25;
0FC59 : 25;
0FC5A : 25;
0FC5B : 49;
0FC5C : 49;
0FC5D : 25;
0FC5E : 25;
0FC5F : 49;
0FC60 : 49;
0FC61 : 49;
0FC62 : 49;
0FC63 : 49;
0FC64 : 49;
0FC65 : 49;
0FC66 : 49;
0FC67 : 49;
0FC68 : 49;
0FC69 : 49;
0FC6A : 49;
0FC6B : 49;
0FC6C : 49;
0FC6D : 49;
0FC6E : 49;
0FC6F : 49;
0FC70 : 49;
0FC71 : 49;
0FC72 : 25;
0FC73 : 25;
0FC74 : 25;
0FC75 : 25;
0FC76 : 25;
0FC77 : 25;
0FC78 : 25;
0FC79 : 25;
0FC7A : 49;
0FC7B : 49;
0FC7C : 49;
0FC7D : 49;
0FC7E : 49;
0FC7F : 49;
0FC80 : 6E;
0FC81 : 49;
0FC82 : 49;
0FC83 : 49;
0FC84 : 25;
0FC85 : 49;
0FC86 : 49;
0FC87 : 49;
0FC88 : 49;
0FC89 : 49;
0FC8A : 49;
0FC8B : 25;
0FC8C : 25;
0FC8D : 25;
0FC8E : 25;
0FC8F : 49;
0FC90 : 25;
0FC91 : 25;
0FC92 : 25;
0FC93 : 25;
0FC94 : 25;
0FC95 : 25;
0FC96 : 25;
0FC97 : 49;
0FC98 : 49;
0FC99 : 49;
0FC9A : 25;
0FC9B : 25;
0FC9C : 00;
0FC9D : 00;
0FC9E : 25;
0FC9F : 49;
0FCA0 : 25;
0FCA1 : 49;
0FCA2 : 25;
0FCA3 : 25;
0FCA4 : 49;
0FCA5 : 49;
0FCA6 : 49;
0FCA7 : 25;
0FCA8 : 25;
0FCA9 : 49;
0FCAA : 49;
0FCAB : 49;
0FCAC : 25;
0FCAD : 49;
0FCAE : 25;
0FCAF : 25;
0FCB0 : 25;
0FCB1 : 49;
0FCB2 : 49;
0FCB3 : 25;
0FCB4 : 49;
0FCB5 : 25;
0FCB6 : 25;
0FCB7 : 25;
0FCB8 : 25;
0FCB9 : 25;
0FCBA : 25;
0FCBB : 25;
0FCBC : 25;
0FCBD : 49;
0FCBE : 25;
0FCBF : 49;
0FCC0 : 25;
0FCC1 : 25;
0FCC2 : 25;
0FCC3 : 25;
0FCC4 : 25;
0FCC5 : 49;
0FCC6 : 25;
0FCC7 : 25;
0FCC8 : 49;
0FCC9 : 49;
0FCCA : 49;
0FCCB : 49;
0FCCC : 25;
0FCCD : 25;
0FCCE : 25;
0FCCF : 25;
0FCD0 : 45;
0FCD1 : 49;
0FCD2 : 49;
0FCD3 : 49;
0FCD4 : 49;
0FCD5 : 25;
0FCD6 : 45;
0FCD7 : 49;
0FCD8 : 49;
0FCD9 : 25;
0FCDA : 25;
0FCDB : 49;
0FCDC : 45;
0FCDD : 45;
0FCDE : 25;
0FCDF : 49;
0FCE0 : 25;
0FCE1 : 25;
0FCE2 : 25;
0FCE3 : 45;
0FCE4 : 45;
0FCE5 : 25;
0FCE6 : 49;
0FCE7 : 49;
0FCE8 : 49;
0FCE9 : 49;
0FCEA : 49;
0FCEB : 29;
0FCEC : 49;
0FCED : 25;
0FCEE : 25;
0FCEF : 25;
0FCF0 : 25;
0FCF1 : 49;
0FCF2 : 49;
0FCF3 : 49;
0FCF4 : 49;
0FCF5 : 25;
0FCF6 : 49;
0FCF7 : 49;
0FCF8 : 49;
0FCF9 : 6E;
0FCFA : 49;
0FCFB : 25;
0FCFC : 49;
0FCFD : 49;
0FCFE : 25;
0FCFF : 25;
0FD00 : 25;
0FD01 : 25;
0FD02 : 25;
0FD03 : 49;
0FD04 : 49;
0FD05 : 25;
0FD06 : 29;
0FD07 : 25;
0FD08 : 49;
0FD09 : 49;
0FD0A : 49;
0FD0B : 49;
0FD0C : 49;
0FD0D : 25;
0FD0E : 25;
0FD0F : 25;
0FD10 : 00;
0FD11 : 49;
0FD12 : 49;
0FD13 : 49;
0FD14 : 49;
0FD15 : 49;
0FD16 : 49;
0FD17 : 49;
0FD18 : 49;
0FD19 : 24;
0FD1A : 25;
0FD1B : 49;
0FD1C : 49;
0FD1D : 49;
0FD1E : 25;
0FD1F : 49;
0FD20 : 49;
0FD21 : 49;
0FD22 : 25;
0FD23 : 25;
0FD24 : 25;
0FD25 : 49;
0FD26 : 49;
0FD27 : 49;
0FD28 : 49;
0FD29 : 49;
0FD2A : 49;
0FD2B : 49;
0FD2C : 25;
0FD2D : 25;
0FD2E : 25;
0FD2F : 25;
0FD30 : 25;
0FD31 : 25;
0FD32 : 25;
0FD33 : 25;
0FD34 : 49;
0FD35 : 49;
0FD36 : 25;
0FD37 : 49;
0FD38 : 49;
0FD39 : 49;
0FD3A : 49;
0FD3B : 49;
0FD3C : 49;
0FD3D : 49;
0FD3E : 49;
0FD3F : 25;
0FD40 : 00;
0FD41 : 25;
0FD42 : 25;
0FD43 : 25;
0FD44 : 25;
0FD45 : 49;
0FD46 : 25;
0FD47 : 25;
0FD48 : 49;
0FD49 : 49;
0FD4A : 29;
0FD4B : 25;
0FD4C : 25;
0FD4D : 25;
0FD4E : 25;
0FD4F : 25;
0FD50 : 25;
0FD51 : 24;
0FD52 : 20;
0FD53 : 49;
0FD54 : 25;
0FD55 : 25;
0FD56 : 25;
0FD57 : 00;
0FD58 : 49;
0FD59 : 49;
0FD5A : 49;
0FD5B : 25;
0FD5C : 49;
0FD5D : 25;
0FD5E : 25;
0FD5F : 49;
0FD60 : 25;
0FD61 : 25;
0FD62 : 25;
0FD63 : 25;
0FD64 : 25;
0FD65 : 25;
0FD66 : 49;
0FD67 : 25;
0FD68 : 49;
0FD69 : 25;
0FD6A : 25;
0FD6B : 25;
0FD6C : 25;
0FD6D : 49;
0FD6E : 25;
0FD6F : 25;
0FD70 : 25;
0FD71 : 00;
0FD72 : 00;
0FD73 : 00;
0FD74 : 00;
0FD75 : 25;
0FD76 : 49;
0FD77 : 25;
0FD78 : 25;
0FD79 : 49;
0FD7A : 25;
0FD7B : 49;
0FD7C : 25;
0FD7D : 25;
0FD7E : 25;
0FD7F : 25;
0FD80 : 49;
0FD81 : 25;
0FD82 : 25;
0FD83 : 25;
0FD84 : 25;
0FD85 : 25;
0FD86 : 25;
0FD87 : 25;
0FD88 : 25;
0FD89 : 25;
0FD8A : 25;
0FD8B : 25;
0FD8C : 25;
0FD8D : 25;
0FD8E : 49;
0FD8F : 25;
0FD90 : 25;
0FD91 : 25;
0FD92 : 24;
0FD93 : 24;
0FD94 : 25;
0FD95 : 25;
0FD96 : 25;
0FD97 : 25;
0FD98 : 25;
0FD99 : 49;
0FD9A : 49;
0FD9B : 25;
0FD9C : 25;
0FD9D : 25;
0FD9E : 25;
0FD9F : 25;
0FDA0 : 25;
0FDA1 : 25;
0FDA2 : 25;
0FDA3 : 25;
0FDA4 : 25;
0FDA5 : 25;
0FDA6 : 49;
0FDA7 : 49;
0FDA8 : 49;
0FDA9 : 25;
0FDAA : 25;
0FDAB : 25;
0FDAC : 25;
0FDAD : 49;
0FDAE : 49;
0FDAF : 25;
0FDB0 : 25;
0FDB1 : 25;
0FDB2 : 49;
0FDB3 : 00;
0FDB4 : 25;
0FDB5 : 6E;
0FDB6 : 25;
0FDB7 : 25;
0FDB8 : 25;
0FDB9 : 49;
0FDBA : 25;
0FDBB : 25;
0FDBC : 25;
0FDBD : 25;
0FDBE : 25;
0FDBF : 25;
0FDC0 : 25;
0FDC1 : 25;
0FDC2 : 25;
0FDC3 : 25;
0FDC4 : 00;
0FDC5 : 25;
0FDC6 : 25;
0FDC7 : 25;
0FDC8 : 25;
0FDC9 : 00;
0FDCA : 00;
0FDCB : 25;
0FDCC : 25;
0FDCD : 25;
0FDCE : 25;
0FDCF : 49;
0FDD0 : 49;
0FDD1 : 49;
0FDD2 : 25;
0FDD3 : 25;
0FDD4 : 25;
0FDD5 : 00;
0FDD6 : 25;
0FDD7 : 25;
0FDD8 : 00;
0FDD9 : 25;
0FDDA : 25;
0FDDB : 25;
0FDDC : 49;
0FDDD : 25;
0FDDE : 25;
0FDDF : 20;
0FDE0 : 25;
0FDE1 : 25;
0FDE2 : 25;
0FDE3 : 25;
0FDE4 : 20;
0FDE5 : 20;
0FDE6 : 25;
0FDE7 : 25;
0FDE8 : 25;
0FDE9 : 25;
0FDEA : 25;
0FDEB : 25;
0FDEC : 00;
0FDED : 4D;
0FDEE : 25;
0FDEF : 25;
0FDF0 : 25;
0FDF1 : 25;
0FDF2 : 25;
0FDF3 : 25;
0FDF4 : 25;
0FDF5 : 25;
0FDF6 : 24;
0FDF7 : 25;
0FDF8 : 00;
0FDF9 : 25;
0FDFA : 00;
0FDFB : 25;
0FDFC : 49;
0FDFD : 25;
0FDFE : 25;
0FDFF : 24;
0FE00 : 25;
0FE01 : 49;
0FE02 : 25;
0FE03 : 00;
0FE04 : 92;
0FE05 : 6E;
0FE06 : 25;
0FE07 : 00;
0FE08 : 49;
0FE09 : 25;
0FE0A : 45;
0FE0B : 00;
0FE0C : 25;
0FE0D : 25;
0FE0E : 49;
0FE0F : 25;
0FE10 : 25;
0FE11 : 25;
0FE12 : 25;
0FE13 : 25;
0FE14 : 25;
0FE15 : 25;
0FE16 : 25;
0FE17 : 25;
0FE18 : 25;
0FE19 : 25;
0FE1A : 25;
0FE1B : 25;
0FE1C : 25;
0FE1D : 25;
0FE1E : 24;
0FE1F : 25;
0FE20 : 4D;
0FE21 : 25;
0FE22 : 25;
0FE23 : 25;
0FE24 : 49;
0FE25 : 25;
0FE26 : 49;
0FE27 : 6D;
0FE28 : 49;
0FE29 : 24;
0FE2A : 25;
0FE2B : 49;
0FE2C : 49;
0FE2D : 25;
0FE2E : 25;
0FE2F : 25;
0FE30 : 25;
0FE31 : 25;
0FE32 : 25;
0FE33 : 25;
0FE34 : 25;
0FE35 : 25;
0FE36 : 25;
0FE37 : 25;
0FE38 : 25;
0FE39 : 49;
0FE3A : 25;
0FE3B : 49;
0FE3C : 25;
0FE3D : 25;
0FE3E : 49;
0FE3F : 4D;
0FE40 : 49;
0FE41 : 20;
0FE42 : 20;
0FE43 : 25;
0FE44 : 49;
0FE45 : 25;
0FE46 : 49;
0FE47 : 49;
0FE48 : 49;
0FE49 : 6D;
0FE4A : 4D;
0FE4B : 49;
0FE4C : 49;
0FE4D : 25;
0FE4E : 25;
0FE4F : 25;
0FE50 : 25;
0FE51 : 25;
0FE52 : 25;
0FE53 : 25;
0FE54 : 25;
0FE55 : 25;
0FE56 : 25;
0FE57 : 25;
0FE58 : 25;
0FE59 : 49;
0FE5A : 49;
0FE5B : 49;
0FE5C : 25;
0FE5D : 49;
0FE5E : 4D;
0FE5F : 49;
0FE60 : 25;
0FE61 : 25;
0FE62 : 25;
0FE63 : 00;
0FE64 : 25;
0FE65 : 49;
0FE66 : 49;
0FE67 : 49;
0FE68 : 6D;
0FE69 : 6E;
0FE6A : 49;
0FE6B : 49;
0FE6C : 49;
0FE6D : 25;
0FE6E : 49;
0FE6F : 25;
0FE70 : 25;
0FE71 : 25;
0FE72 : 25;
0FE73 : 49;
0FE74 : 49;
0FE75 : 49;
0FE76 : 25;
0FE77 : 49;
0FE78 : 49;
0FE79 : 49;
0FE7A : 25;
0FE7B : 00;
0FE7C : 49;
0FE7D : 25;
0FE7E : 4D;
0FE7F : 4D;
0FE80 : 25;
0FE81 : 25;
0FE82 : 4D;
0FE83 : 25;
0FE84 : 49;
0FE85 : 49;
0FE86 : 6E;
0FE87 : 49;
0FE88 : 25;
0FE89 : 25;
0FE8A : 25;
0FE8B : 6D;
0FE8C : 6D;
0FE8D : 49;
0FE8E : 6D;
0FE8F : 25;
0FE90 : 49;
0FE91 : 49;
0FE92 : 49;
0FE93 : 25;
0FE94 : 25;
0FE95 : 25;
0FE96 : 25;
0FE97 : 49;
0FE98 : 25;
0FE99 : 25;
0FE9A : 49;
0FE9B : 49;
0FE9C : 49;
0FE9D : 49;
0FE9E : 6E;
0FE9F : 25;
0FEA0 : 25;
0FEA1 : 25;
0FEA2 : 25;
0FEA3 : 25;
0FEA4 : 49;
0FEA5 : 25;
0FEA6 : 25;
0FEA7 : 49;
0FEA8 : 49;
0FEA9 : 49;
0FEAA : 25;
0FEAB : 49;
0FEAC : 25;
0FEAD : 49;
0FEAE : 6D;
0FEAF : 25;
0FEB0 : 49;
0FEB1 : 49;
0FEB2 : 49;
0FEB3 : 49;
0FEB4 : 25;
0FEB5 : 25;
0FEB6 : 25;
0FEB7 : 25;
0FEB8 : 25;
0FEB9 : 25;
0FEBA : 6E;
0FEBB : 49;
0FEBC : 49;
0FEBD : 49;
0FEBE : 49;
0FEBF : 25;
0FEC0 : 25;
0FEC1 : 25;
0FEC2 : 25;
0FEC3 : 25;
0FEC4 : 4D;
0FEC5 : 49;
0FEC6 : 25;
0FEC7 : 00;
0FEC8 : 25;
0FEC9 : 49;
0FECA : 49;
0FECB : 49;
0FECC : 49;
0FECD : 49;
0FECE : 25;
0FECF : 49;
0FED0 : 25;
0FED1 : 49;
0FED2 : 49;
0FED3 : 49;
0FED4 : 49;
0FED5 : 49;
0FED6 : 25;
0FED7 : 24;
0FED8 : 25;
0FED9 : 49;
0FEDA : 6E;
0FEDB : 6E;
0FEDC : 49;
0FEDD : 6E;
0FEDE : 25;
0FEDF : 25;
0FEE0 : 49;
0FEE1 : 45;
0FEE2 : 49;
0FEE3 : 00;
0FEE4 : 25;
0FEE5 : 49;
0FEE6 : 25;
0FEE7 : 20;
0FEE8 : 25;
0FEE9 : 45;
0FEEA : 45;
0FEEB : 49;
0FEEC : 49;
0FEED : 45;
0FEEE : 25;
0FEEF : 25;
0FEF0 : 49;
0FEF1 : 49;
0FEF2 : 25;
0FEF3 : 49;
0FEF4 : 49;
0FEF5 : 00;
0FEF6 : 00;
0FEF7 : 25;
0FEF8 : 4D;
0FEF9 : 25;
0FEFA : 6E;
0FEFB : 49;
0FEFC : 49;
0FEFD : 49;
0FEFE : 25;
0FEFF : 25;
0FF00 : 49;
0FF01 : 25;
0FF02 : 49;
0FF03 : 49;
0FF04 : 25;
0FF05 : 25;
0FF06 : 25;
0FF07 : 25;
0FF08 : 25;
0FF09 : 25;
0FF0A : 25;
0FF0B : 49;
0FF0C : 49;
0FF0D : 25;
0FF0E : 25;
0FF0F : 4D;
0FF10 : 25;
0FF11 : 49;
0FF12 : 25;
0FF13 : 25;
0FF14 : 25;
0FF15 : 49;
0FF16 : 20;
0FF17 : 49;
0FF18 : 4D;
0FF19 : 25;
0FF1A : 49;
0FF1B : 49;
0FF1C : 49;
0FF1D : 6E;
0FF1E : 25;
0FF1F : 49;
0FF20 : 25;
0FF21 : 25;
0FF22 : 45;
0FF23 : 49;
0FF24 : 25;
0FF25 : 49;
0FF26 : 25;
0FF27 : 49;
0FF28 : 25;
0FF29 : 25;
0FF2A : 25;
0FF2B : 6D;
0FF2C : 49;
0FF2D : 49;
0FF2E : 25;
0FF2F : 25;
0FF30 : 25;
0FF31 : 25;
0FF32 : 25;
0FF33 : 25;
0FF34 : 25;
0FF35 : 49;
0FF36 : 25;
0FF37 : 25;
0FF38 : 25;
0FF39 : 49;
0FF3A : 25;
0FF3B : 49;
0FF3C : 4D;
0FF3D : 49;
0FF3E : 25;
0FF3F : 49;
0FF40 : 20;
0FF41 : 25;
0FF42 : 25;
0FF43 : 25;
0FF44 : 25;
0FF45 : 25;
0FF46 : 25;
0FF47 : 25;
0FF48 : 25;
0FF49 : 25;
0FF4A : 25;
0FF4B : 24;
0FF4C : 25;
0FF4D : 25;
0FF4E : 25;
0FF4F : 25;
0FF50 : 25;
0FF51 : 25;
0FF52 : 25;
0FF53 : 25;
0FF54 : 25;
0FF55 : 25;
0FF56 : 49;
0FF57 : 49;
0FF58 : 49;
0FF59 : 25;
0FF5A : 25;
0FF5B : 49;
0FF5C : 25;
0FF5D : 25;
0FF5E : 49;
0FF5F : 25;
0FF60 : 49;
0FF61 : 25;
0FF62 : 25;
0FF63 : 25;
0FF64 : 25;
0FF65 : 25;
0FF66 : 25;
0FF67 : 25;
0FF68 : 25;
0FF69 : 25;
0FF6A : 25;
0FF6B : 45;
0FF6C : 25;
0FF6D : 49;
0FF6E : 25;
0FF6F : 25;
0FF70 : 25;
0FF71 : 25;
0FF72 : 25;
0FF73 : 25;
0FF74 : 49;
0FF75 : 49;
0FF76 : 25;
0FF77 : 25;
0FF78 : 25;
0FF79 : 25;
0FF7A : 25;
0FF7B : 25;
0FF7C : 49;
0FF7D : 25;
0FF7E : 49;
0FF7F : 49;
0FF80 : 25;
0FF81 : 25;
0FF82 : 25;
0FF83 : 25;
0FF84 : 25;
0FF85 : 25;
0FF86 : 25;
0FF87 : 25;
0FF88 : 25;
0FF89 : 25;
0FF8A : 25;
0FF8B : 25;
0FF8C : 25;
0FF8D : 25;
0FF8E : 25;
0FF8F : 25;
0FF90 : 25;
0FF91 : 25;
0FF92 : 25;
0FF93 : 25;
0FF94 : 24;
0FF95 : 25;
0FF96 : 00;
0FF97 : 49;
0FF98 : 25;
0FF99 : 49;
0FF9A : 25;
0FF9B : 49;
0FF9C : 49;
0FF9D : 49;
0FF9E : 49;
0FF9F : 25;
0FFA0 : 25;
0FFA1 : 25;
0FFA2 : 25;
0FFA3 : 25;
0FFA4 : 25;
0FFA5 : 25;
0FFA6 : 25;
0FFA7 : 29;
0FFA8 : 25;
0FFA9 : 25;
0FFAA : 25;
0FFAB : 25;
0FFAC : 25;
0FFAD : 25;
0FFAE : 25;
0FFAF : 25;
0FFB0 : 25;
0FFB1 : 25;
0FFB2 : 25;
0FFB3 : 49;
0FFB4 : 25;
0FFB5 : 24;
0FFB6 : 00;
0FFB7 : 49;
0FFB8 : 49;
0FFB9 : 25;
0FFBA : 49;
0FFBB : 4D;
0FFBC : 49;
0FFBD : 25;
0FFBE : 49;
0FFBF : 49;
0FFC0 : 25;
0FFC1 : 25;
0FFC2 : 25;
0FFC3 : 25;
0FFC4 : 25;
0FFC5 : 49;
0FFC6 : 49;
0FFC7 : 49;
0FFC8 : 25;
0FFC9 : 49;
0FFCA : 25;
0FFCB : 25;
0FFCC : 25;
0FFCD : 25;
0FFCE : 25;
0FFCF : 25;
0FFD0 : 25;
0FFD1 : 25;
0FFD2 : 25;
0FFD3 : 25;
0FFD4 : 25;
0FFD5 : 24;
0FFD6 : 00;
0FFD7 : 49;
0FFD8 : 49;
0FFD9 : 49;
0FFDA : 49;
0FFDB : 49;
0FFDC : 49;
0FFDD : 49;
0FFDE : 49;
0FFDF : 25;
0FFE0 : 25;
0FFE1 : 25;
0FFE2 : 25;
0FFE3 : 25;
0FFE4 : 25;
0FFE5 : 29;
0FFE6 : 49;
0FFE7 : 49;
0FFE8 : 25;
0FFE9 : 25;
0FFEA : 25;
0FFEB : 25;
0FFEC : 25;
0FFED : 25;
0FFEE : 25;
0FFEF : 25;
0FFF0 : 25;
0FFF1 : 25;
0FFF2 : 25;
0FFF3 : 49;
0FFF4 : 25;
0FFF5 : 24;
0FFF6 : 25;
0FFF7 : 25;
0FFF8 : 6D;
0FFF9 : 4D;
0FFFA : 49;
0FFFB : 49;
0FFFC : 49;
0FFFD : 49;
0FFFE : 25;
0FFFF : 25;
10000 : 49;
10001 : 49;
10002 : 49;
10003 : 49;
10004 : 49;
10005 : 49;
10006 : 45;
10007 : 45;
10008 : 45;
10009 : 49;
1000A : 49;
1000B : 49;
1000C : 49;
1000D : 45;
1000E : 49;
1000F : 49;
10010 : 25;
10011 : 25;
10012 : 25;
10013 : 6D;
10014 : 49;
10015 : 49;
10016 : 49;
10017 : 49;
10018 : 49;
10019 : 49;
1001A : 49;
1001B : 25;
1001C : 49;
1001D : 49;
1001E : 49;
1001F : 49;
10020 : 49;
10021 : 49;
10022 : 49;
10023 : 49;
10024 : 49;
10025 : 49;
10026 : 49;
10027 : 49;
10028 : 49;
10029 : 49;
1002A : 49;
1002B : 49;
1002C : 49;
1002D : 49;
1002E : 49;
1002F : 49;
10030 : 49;
10031 : 49;
10032 : 49;
10033 : 25;
10034 : 25;
10035 : 25;
10036 : 25;
10037 : 6E;
10038 : 49;
10039 : 25;
1003A : 25;
1003B : 25;
1003C : 25;
1003D : 24;
1003E : 25;
1003F : 25;
10040 : 45;
10041 : 49;
10042 : 45;
10043 : 49;
10044 : 49;
10045 : 49;
10046 : 45;
10047 : 25;
10048 : 25;
10049 : 25;
1004A : 45;
1004B : 25;
1004C : 49;
1004D : 49;
1004E : 49;
1004F : 25;
10050 : 49;
10051 : 49;
10052 : 49;
10053 : 49;
10054 : 25;
10055 : 25;
10056 : 25;
10057 : 49;
10058 : 25;
10059 : 25;
1005A : 25;
1005B : 25;
1005C : 25;
1005D : 25;
1005E : 25;
1005F : 25;
10060 : 49;
10061 : 49;
10062 : 49;
10063 : 25;
10064 : 45;
10065 : 25;
10066 : 25;
10067 : 25;
10068 : 25;
10069 : 25;
1006A : 25;
1006B : 25;
1006C : 49;
1006D : 49;
1006E : 49;
1006F : 25;
10070 : 45;
10071 : 45;
10072 : 45;
10073 : 25;
10074 : 49;
10075 : 6D;
10076 : 49;
10077 : 6D;
10078 : 25;
10079 : 49;
1007A : 25;
1007B : 25;
1007C : 25;
1007D : 25;
1007E : 25;
1007F : 25;
10080 : 49;
10081 : 25;
10082 : 25;
10083 : 49;
10084 : 45;
10085 : 25;
10086 : 25;
10087 : 25;
10088 : 25;
10089 : 25;
1008A : 49;
1008B : 45;
1008C : 49;
1008D : 49;
1008E : 49;
1008F : 25;
10090 : 45;
10091 : 25;
10092 : 25;
10093 : 49;
10094 : 49;
10095 : 6D;
10096 : 49;
10097 : 49;
10098 : 49;
10099 : 24;
1009A : 20;
1009B : 24;
1009C : 25;
1009D : 25;
1009E : 25;
1009F : 25;
100A0 : 49;
100A1 : 49;
100A2 : 25;
100A3 : 25;
100A4 : 25;
100A5 : 25;
100A6 : 45;
100A7 : 45;
100A8 : 45;
100A9 : 25;
100AA : 25;
100AB : 45;
100AC : 25;
100AD : 49;
100AE : 49;
100AF : 45;
100B0 : 25;
100B1 : 25;
100B2 : 49;
100B3 : 49;
100B4 : 49;
100B5 : 49;
100B6 : 49;
100B7 : 49;
100B8 : 49;
100B9 : 49;
100BA : 25;
100BB : 49;
100BC : 25;
100BD : 25;
100BE : 49;
100BF : 25;
100C0 : 49;
100C1 : 49;
100C2 : 49;
100C3 : 49;
100C4 : 25;
100C5 : 49;
100C6 : 49;
100C7 : 25;
100C8 : 25;
100C9 : 25;
100CA : 25;
100CB : 25;
100CC : 25;
100CD : 25;
100CE : 49;
100CF : 25;
100D0 : 49;
100D1 : 25;
100D2 : 49;
100D3 : 49;
100D4 : 49;
100D5 : 49;
100D6 : 6D;
100D7 : 6E;
100D8 : 49;
100D9 : 49;
100DA : 49;
100DB : 00;
100DC : 25;
100DD : 25;
100DE : 25;
100DF : 25;
100E0 : 25;
100E1 : 25;
100E2 : 49;
100E3 : 49;
100E4 : 6E;
100E5 : 49;
100E6 : 25;
100E7 : 45;
100E8 : 45;
100E9 : 25;
100EA : 45;
100EB : 25;
100EC : 25;
100ED : 25;
100EE : 49;
100EF : 49;
100F0 : 25;
100F1 : 49;
100F2 : 25;
100F3 : 25;
100F4 : 49;
100F5 : 25;
100F6 : 49;
100F7 : 49;
100F8 : 49;
100F9 : 6E;
100FA : 49;
100FB : 25;
100FC : 25;
100FD : 25;
100FE : 25;
100FF : 25;
10100 : 25;
10101 : 25;
10102 : 25;
10103 : 25;
10104 : 25;
10105 : 25;
10106 : 49;
10107 : 45;
10108 : 25;
10109 : 25;
1010A : 25;
1010B : 25;
1010C : 25;
1010D : 49;
1010E : 49;
1010F : 49;
10110 : 25;
10111 : 49;
10112 : 25;
10113 : 49;
10114 : 49;
10115 : 25;
10116 : 6E;
10117 : 49;
10118 : 49;
10119 : 49;
1011A : 49;
1011B : 49;
1011C : 49;
1011D : 20;
1011E : 25;
1011F : 25;
10120 : 25;
10121 : 25;
10122 : 25;
10123 : 25;
10124 : 25;
10125 : 25;
10126 : 25;
10127 : 25;
10128 : 25;
10129 : 25;
1012A : 25;
1012B : 49;
1012C : 25;
1012D : 49;
1012E : 49;
1012F : 45;
10130 : 49;
10131 : 25;
10132 : 49;
10133 : 25;
10134 : 25;
10135 : 49;
10136 : 25;
10137 : 45;
10138 : 49;
10139 : 49;
1013A : 49;
1013B : 49;
1013C : 25;
1013D : 25;
1013E : 25;
1013F : 25;
10140 : 49;
10141 : 25;
10142 : 25;
10143 : 45;
10144 : 25;
10145 : 25;
10146 : 25;
10147 : 49;
10148 : 49;
10149 : 25;
1014A : 6D;
1014B : 49;
1014C : 49;
1014D : 4D;
1014E : 25;
1014F : 49;
10150 : 49;
10151 : 25;
10152 : 49;
10153 : 49;
10154 : 49;
10155 : 49;
10156 : 49;
10157 : 49;
10158 : 49;
10159 : 25;
1015A : 49;
1015B : 49;
1015C : 49;
1015D : 25;
1015E : 00;
1015F : 20;
10160 : 49;
10161 : 25;
10162 : 25;
10163 : 49;
10164 : 49;
10165 : 45;
10166 : 00;
10167 : 00;
10168 : 25;
10169 : 25;
1016A : 25;
1016B : 49;
1016C : 49;
1016D : 25;
1016E : 49;
1016F : 49;
10170 : 25;
10171 : 25;
10172 : 49;
10173 : 49;
10174 : 49;
10175 : 49;
10176 : 49;
10177 : 25;
10178 : 49;
10179 : 49;
1017A : 49;
1017B : 49;
1017C : 25;
1017D : 25;
1017E : 25;
1017F : 25;
10180 : 25;
10181 : 24;
10182 : 25;
10183 : 25;
10184 : 45;
10185 : 49;
10186 : 49;
10187 : 25;
10188 : 45;
10189 : 49;
1018A : 49;
1018B : 25;
1018C : 49;
1018D : 25;
1018E : 49;
1018F : 49;
10190 : 49;
10191 : 25;
10192 : 49;
10193 : 49;
10194 : 49;
10195 : 49;
10196 : 25;
10197 : 49;
10198 : 49;
10199 : 49;
1019A : 25;
1019B : 49;
1019C : 49;
1019D : 49;
1019E : 49;
1019F : 49;
101A0 : 25;
101A1 : 25;
101A2 : 00;
101A3 : 49;
101A4 : 49;
101A5 : 25;
101A6 : 49;
101A7 : 24;
101A8 : 49;
101A9 : 49;
101AA : 49;
101AB : 25;
101AC : 49;
101AD : 49;
101AE : 49;
101AF : 6E;
101B0 : 49;
101B1 : 49;
101B2 : 25;
101B3 : 25;
101B4 : 49;
101B5 : 25;
101B6 : 25;
101B7 : 49;
101B8 : 25;
101B9 : 25;
101BA : 49;
101BB : 49;
101BC : 49;
101BD : 49;
101BE : 49;
101BF : 49;
101C0 : 25;
101C1 : 25;
101C2 : 00;
101C3 : 25;
101C4 : 25;
101C5 : 49;
101C6 : 49;
101C7 : 49;
101C8 : 6D;
101C9 : 6D;
101CA : 49;
101CB : 49;
101CC : 6E;
101CD : 4D;
101CE : 25;
101CF : 25;
101D0 : 25;
101D1 : 25;
101D2 : 25;
101D3 : 49;
101D4 : 49;
101D5 : 49;
101D6 : 25;
101D7 : 25;
101D8 : 25;
101D9 : 45;
101DA : 25;
101DB : 25;
101DC : 25;
101DD : 25;
101DE : 25;
101DF : 25;
101E0 : 25;
101E1 : 25;
101E2 : 49;
101E3 : 49;
101E4 : 49;
101E5 : 49;
101E6 : 49;
101E7 : 49;
101E8 : 49;
101E9 : 49;
101EA : 6D;
101EB : 49;
101EC : 25;
101ED : 25;
101EE : 25;
101EF : 25;
101F0 : 25;
101F1 : 25;
101F2 : 45;
101F3 : 49;
101F4 : 49;
101F5 : 25;
101F6 : 25;
101F7 : 25;
101F8 : 25;
101F9 : 25;
101FA : 25;
101FB : 45;
101FC : 25;
101FD : 49;
101FE : 25;
101FF : 25;
10200 : 49;
10201 : 49;
10202 : 25;
10203 : 6D;
10204 : 49;
10205 : 49;
10206 : 49;
10207 : 49;
10208 : 49;
10209 : 49;
1020A : 49;
1020B : 25;
1020C : 49;
1020D : 6D;
1020E : 25;
1020F : 49;
10210 : 25;
10211 : 25;
10212 : 25;
10213 : 25;
10214 : 49;
10215 : 25;
10216 : 25;
10217 : 25;
10218 : 25;
10219 : 49;
1021A : 25;
1021B : 25;
1021C : 49;
1021D : 49;
1021E : 25;
1021F : 25;
10220 : 6E;
10221 : 49;
10222 : 49;
10223 : 6E;
10224 : 25;
10225 : 49;
10226 : 49;
10227 : 25;
10228 : 25;
10229 : 25;
1022A : 00;
1022B : 49;
1022C : 6E;
1022D : 6D;
1022E : 25;
1022F : 49;
10230 : 45;
10231 : 25;
10232 : 25;
10233 : 49;
10234 : 25;
10235 : 25;
10236 : 25;
10237 : 25;
10238 : 25;
10239 : 25;
1023A : 25;
1023B : 45;
1023C : 45;
1023D : 25;
1023E : 25;
1023F : 25;
10240 : 6D;
10241 : 6E;
10242 : 6E;
10243 : 6E;
10244 : 6E;
10245 : 49;
10246 : 25;
10247 : 49;
10248 : 25;
10249 : 25;
1024A : 25;
1024B : 25;
1024C : 25;
1024D : 25;
1024E : 25;
1024F : 49;
10250 : 25;
10251 : 25;
10252 : 25;
10253 : 49;
10254 : 49;
10255 : 49;
10256 : 25;
10257 : 25;
10258 : 25;
10259 : 25;
1025A : 25;
1025B : 25;
1025C : 25;
1025D : 25;
1025E : 25;
1025F : 25;
10260 : 25;
10261 : 49;
10262 : 49;
10263 : 49;
10264 : 6E;
10265 : 49;
10266 : 49;
10267 : 49;
10268 : 25;
10269 : 45;
1026A : 25;
1026B : 25;
1026C : 25;
1026D : 25;
1026E : 25;
1026F : 49;
10270 : 49;
10271 : 25;
10272 : 25;
10273 : 25;
10274 : 45;
10275 : 25;
10276 : 45;
10277 : 25;
10278 : 25;
10279 : 25;
1027A : 49;
1027B : 49;
1027C : 25;
1027D : 25;
1027E : 25;
1027F : 25;
10280 : 49;
10281 : 25;
10282 : 49;
10283 : 6E;
10284 : 6E;
10285 : 49;
10286 : 25;
10287 : 49;
10288 : 25;
10289 : 25;
1028A : 49;
1028B : 25;
1028C : 49;
1028D : 25;
1028E : 25;
1028F : 25;
10290 : 49;
10291 : 25;
10292 : 25;
10293 : 25;
10294 : 25;
10295 : 25;
10296 : 25;
10297 : 25;
10298 : 25;
10299 : 00;
1029A : 00;
1029B : 00;
1029C : 25;
1029D : 49;
1029E : 25;
1029F : 25;
102A0 : 6E;
102A1 : 6D;
102A2 : 49;
102A3 : 6E;
102A4 : 72;
102A5 : 6E;
102A6 : 49;
102A7 : 25;
102A8 : 49;
102A9 : 49;
102AA : 49;
102AB : 49;
102AC : 25;
102AD : 25;
102AE : 25;
102AF : 25;
102B0 : 00;
102B1 : 25;
102B2 : 25;
102B3 : 25;
102B4 : 25;
102B5 : 25;
102B6 : 25;
102B7 : 25;
102B8 : 25;
102B9 : 25;
102BA : 25;
102BB : 25;
102BC : 25;
102BD : 25;
102BE : 25;
102BF : 25;
102C0 : 49;
102C1 : 25;
102C2 : 6D;
102C3 : 29;
102C4 : 25;
102C5 : 49;
102C6 : 49;
102C7 : 49;
102C8 : 49;
102C9 : 25;
102CA : 49;
102CB : 25;
102CC : 25;
102CD : 25;
102CE : 25;
102CF : 25;
102D0 : 25;
102D1 : 25;
102D2 : 25;
102D3 : 25;
102D4 : 25;
102D5 : 25;
102D6 : 24;
102D7 : 25;
102D8 : 25;
102D9 : 25;
102DA : 24;
102DB : 25;
102DC : 25;
102DD : 25;
102DE : 25;
102DF : 25;
102E0 : 25;
102E1 : 49;
102E2 : 25;
102E3 : 00;
102E4 : 25;
102E5 : 25;
102E6 : 49;
102E7 : 25;
102E8 : 49;
102E9 : 25;
102EA : 25;
102EB : 49;
102EC : 49;
102ED : 49;
102EE : 25;
102EF : 45;
102F0 : 25;
102F1 : 25;
102F2 : 25;
102F3 : 25;
102F4 : 25;
102F5 : 25;
102F6 : 25;
102F7 : 25;
102F8 : 25;
102F9 : 25;
102FA : 24;
102FB : 25;
102FC : 25;
102FD : 25;
102FE : 25;
102FF : 25;
10300 : 49;
10301 : 49;
10302 : 25;
10303 : 49;
10304 : 49;
10305 : 25;
10306 : 49;
10307 : 49;
10308 : 49;
10309 : 49;
1030A : 49;
1030B : 49;
1030C : 49;
1030D : 49;
1030E : 25;
1030F : 45;
10310 : 25;
10311 : 25;
10312 : 25;
10313 : 25;
10314 : 25;
10315 : 25;
10316 : 25;
10317 : 25;
10318 : 25;
10319 : 25;
1031A : 25;
1031B : 25;
1031C : 25;
1031D : 25;
1031E : 25;
1031F : 25;
10320 : 25;
10321 : 25;
10322 : 49;
10323 : 49;
10324 : 45;
10325 : 25;
10326 : 49;
10327 : 49;
10328 : 49;
10329 : 49;
1032A : 49;
1032B : 49;
1032C : 49;
1032D : 49;
1032E : 49;
1032F : 25;
10330 : 25;
10331 : 25;
10332 : 25;
10333 : 25;
10334 : 25;
10335 : 25;
10336 : 25;
10337 : 25;
10338 : 25;
10339 : 25;
1033A : 25;
1033B : 25;
1033C : 25;
1033D : 25;
1033E : 25;
1033F : 25;
10340 : 25;
10341 : 25;
10342 : 25;
10343 : 49;
10344 : 49;
10345 : 49;
10346 : 49;
10347 : 49;
10348 : 49;
10349 : 49;
1034A : 49;
1034B : 6E;
1034C : 49;
1034D : 49;
1034E : 49;
1034F : 25;
10350 : 25;
10351 : 25;
10352 : 25;
10353 : 25;
10354 : 25;
10355 : 25;
10356 : 25;
10357 : 25;
10358 : 25;
10359 : 25;
1035A : 25;
1035B : 25;
1035C : 25;
1035D : 25;
1035E : 25;
1035F : 49;
10360 : 49;
10361 : 49;
10362 : 25;
10363 : 49;
10364 : 49;
10365 : 49;
10366 : 6D;
10367 : 49;
10368 : 49;
10369 : 49;
1036A : 6D;
1036B : 6D;
1036C : 49;
1036D : 49;
1036E : 49;
1036F : 49;
10370 : 25;
10371 : 25;
10372 : 25;
10373 : 25;
10374 : 25;
10375 : 25;
10376 : 25;
10377 : 25;
10378 : 25;
10379 : 25;
1037A : 25;
1037B : 25;
1037C : 25;
1037D : 25;
1037E : 25;
1037F : 25;
10380 : 49;
10381 : 49;
10382 : 49;
10383 : 25;
10384 : 49;
10385 : 49;
10386 : 49;
10387 : 49;
10388 : 6E;
10389 : 6D;
1038A : 6E;
1038B : 49;
1038C : 6D;
1038D : 49;
1038E : 25;
1038F : 25;
10390 : 25;
10391 : 25;
10392 : 25;
10393 : 25;
10394 : 25;
10395 : 25;
10396 : 45;
10397 : 25;
10398 : 25;
10399 : 25;
1039A : 25;
1039B : 25;
1039C : 25;
1039D : 25;
1039E : 25;
1039F : 25;
103A0 : 49;
103A1 : 49;
103A2 : 49;
103A3 : 49;
103A4 : 49;
103A5 : 49;
103A6 : 25;
103A7 : 25;
103A8 : 25;
103A9 : 49;
103AA : 49;
103AB : 49;
103AC : 6D;
103AD : 25;
103AE : 49;
103AF : 25;
103B0 : 25;
103B1 : 25;
103B2 : 25;
103B3 : 25;
103B4 : 25;
103B5 : 49;
103B6 : 49;
103B7 : 25;
103B8 : 25;
103B9 : 25;
103BA : 25;
103BB : 25;
103BC : 25;
103BD : 25;
103BE : 25;
103BF : 25;
103C0 : 25;
103C1 : 25;
103C2 : 49;
103C3 : 45;
103C4 : 25;
103C5 : 49;
103C6 : 49;
103C7 : 49;
103C8 : 25;
103C9 : 25;
103CA : 25;
103CB : 6D;
103CC : 25;
103CD : 49;
103CE : 25;
103CF : 49;
103D0 : 25;
103D1 : 25;
103D2 : 25;
103D3 : 25;
103D4 : 45;
103D5 : 49;
103D6 : 49;
103D7 : 49;
103D8 : 25;
103D9 : 25;
103DA : 25;
103DB : 25;
103DC : 25;
103DD : 25;
103DE : 25;
103DF : 25;
103E0 : 25;
103E1 : 25;
103E2 : 49;
103E3 : 49;
103E4 : 49;
103E5 : 25;
103E6 : 6D;
103E7 : 49;
103E8 : 49;
103E9 : 49;
103EA : 49;
103EB : 25;
103EC : 25;
103ED : 25;
103EE : 25;
103EF : 25;
103F0 : 25;
103F1 : 25;
103F2 : 25;
103F3 : 25;
103F4 : 25;
103F5 : 25;
103F6 : 49;
103F7 : 49;
103F8 : 25;
103F9 : 25;
103FA : 25;
103FB : 25;
103FC : 25;
103FD : 25;
103FE : 25;
103FF : 25;
10400 : 04;
10401 : 24;
10402 : 25;
10403 : 25;
10404 : 25;
10405 : 25;
10406 : 00;
10407 : 04;
10408 : 00;
10409 : 00;
1040A : 00;
1040B : 04;
1040C : 24;
1040D : 00;
1040E : 00;
1040F : 00;
10410 : 25;
10411 : 25;
10412 : 29;
10413 : 49;
10414 : 4D;
10415 : 29;
10416 : 29;
10417 : 4D;
10418 : 4D;
10419 : 71;
1041A : 49;
1041B : 49;
1041C : 24;
1041D : 24;
1041E : 24;
1041F : 00;
10420 : 24;
10421 : 25;
10422 : 29;
10423 : 25;
10424 : 25;
10425 : 29;
10426 : 00;
10427 : 00;
10428 : 00;
10429 : 00;
1042A : 00;
1042B : 00;
1042C : 00;
1042D : 00;
1042E : 00;
1042F : 00;
10430 : 04;
10431 : 24;
10432 : 29;
10433 : 25;
10434 : 29;
10435 : 4D;
10436 : 4D;
10437 : 4D;
10438 : 4D;
10439 : 4D;
1043A : 4D;
1043B : 25;
1043C : 25;
1043D : 24;
1043E : 24;
1043F : 00;
10440 : 25;
10441 : 25;
10442 : 25;
10443 : 25;
10444 : 29;
10445 : 25;
10446 : 29;
10447 : 24;
10448 : 25;
10449 : 25;
1044A : 29;
1044B : 29;
1044C : 25;
1044D : 00;
1044E : 24;
1044F : 04;
10450 : 00;
10451 : 04;
10452 : 29;
10453 : 04;
10454 : 49;
10455 : 4D;
10456 : 4D;
10457 : 25;
10458 : 29;
10459 : 4D;
1045A : 29;
1045B : 25;
1045C : 25;
1045D : 04;
1045E : 25;
1045F : 00;
10460 : 25;
10461 : 25;
10462 : 25;
10463 : 25;
10464 : 29;
10465 : 25;
10466 : 29;
10467 : 49;
10468 : 49;
10469 : 49;
1046A : 29;
1046B : 25;
1046C : 04;
1046D : 29;
1046E : 00;
1046F : 04;
10470 : 00;
10471 : 25;
10472 : 25;
10473 : 24;
10474 : 4D;
10475 : 29;
10476 : 29;
10477 : 25;
10478 : 29;
10479 : 49;
1047A : 25;
1047B : 04;
1047C : 04;
1047D : 24;
1047E : 24;
1047F : 00;
10480 : 24;
10481 : 25;
10482 : 25;
10483 : 25;
10484 : 25;
10485 : 4D;
10486 : 4D;
10487 : 4D;
10488 : 6D;
10489 : 71;
1048A : 71;
1048B : 6D;
1048C : 4D;
1048D : 4D;
1048E : 71;
1048F : 71;
10490 : 4D;
10491 : 24;
10492 : 24;
10493 : 25;
10494 : 29;
10495 : 4D;
10496 : 49;
10497 : 29;
10498 : 29;
10499 : 49;
1049A : 49;
1049B : 25;
1049C : 29;
1049D : 25;
1049E : 25;
1049F : 00;
104A0 : 25;
104A1 : 25;
104A2 : 25;
104A3 : 25;
104A4 : 49;
104A5 : 4D;
104A6 : 4D;
104A7 : 4D;
104A8 : 6D;
104A9 : 4D;
104AA : 6D;
104AB : 6D;
104AC : 71;
104AD : 4D;
104AE : 4D;
104AF : 29;
104B0 : 4D;
104B1 : 24;
104B2 : 04;
104B3 : 25;
104B4 : 25;
104B5 : 4D;
104B6 : 49;
104B7 : 29;
104B8 : 29;
104B9 : 4D;
104BA : 29;
104BB : 25;
104BC : 29;
104BD : 29;
104BE : 25;
104BF : 00;
104C0 : 00;
104C1 : 00;
104C2 : 04;
104C3 : 00;
104C4 : 71;
104C5 : 4D;
104C6 : 4D;
104C7 : 71;
104C8 : 71;
104C9 : 71;
104CA : 71;
104CB : 71;
104CC : 71;
104CD : 71;
104CE : 4D;
104CF : 00;
104D0 : 24;
104D1 : 29;
104D2 : 71;
104D3 : 25;
104D4 : 25;
104D5 : 25;
104D6 : 49;
104D7 : 4D;
104D8 : 49;
104D9 : 29;
104DA : 29;
104DB : 25;
104DC : 25;
104DD : 24;
104DE : 25;
104DF : 00;
104E0 : 00;
104E1 : 00;
104E2 : 25;
104E3 : 25;
104E4 : 71;
104E5 : 4D;
104E6 : 6D;
104E7 : 71;
104E8 : 4D;
104E9 : 71;
104EA : 71;
104EB : 71;
104EC : 6D;
104ED : 71;
104EE : 6D;
104EF : 71;
104F0 : 6D;
104F1 : 4D;
104F2 : 4D;
104F3 : 29;
104F4 : 25;
104F5 : 29;
104F6 : 04;
104F7 : 4D;
104F8 : 4D;
104F9 : 49;
104FA : 49;
104FB : 29;
104FC : 25;
104FD : 25;
104FE : 25;
104FF : 00;
10500 : 00;
10501 : 04;
10502 : 25;
10503 : 25;
10504 : 71;
10505 : 4D;
10506 : 6D;
10507 : 4D;
10508 : 29;
10509 : 71;
1050A : 71;
1050B : 71;
1050C : 71;
1050D : 4D;
1050E : 6D;
1050F : 71;
10510 : 6D;
10511 : 4D;
10512 : 4D;
10513 : 49;
10514 : 25;
10515 : 25;
10516 : 00;
10517 : 00;
10518 : 04;
10519 : 25;
1051A : 29;
1051B : 25;
1051C : 25;
1051D : 00;
1051E : 24;
1051F : 00;
10520 : 04;
10521 : 24;
10522 : 25;
10523 : 29;
10524 : 6D;
10525 : 4D;
10526 : 4D;
10527 : 6D;
10528 : 71;
10529 : 71;
1052A : 6D;
1052B : 71;
1052C : 29;
1052D : 4D;
1052E : 71;
1052F : 6D;
10530 : 4D;
10531 : 49;
10532 : 24;
10533 : 71;
10534 : 25;
10535 : 25;
10536 : 04;
10537 : 00;
10538 : 00;
10539 : 04;
1053A : 04;
1053B : 00;
1053C : 00;
1053D : 00;
1053E : 00;
1053F : 00;
10540 : 04;
10541 : 24;
10542 : 49;
10543 : 29;
10544 : 71;
10545 : 71;
10546 : 71;
10547 : 4D;
10548 : 4D;
10549 : 4D;
1054A : 71;
1054B : 4D;
1054C : 71;
1054D : 71;
1054E : 71;
1054F : 71;
10550 : 4D;
10551 : 6D;
10552 : 49;
10553 : 29;
10554 : 25;
10555 : 00;
10556 : 00;
10557 : 25;
10558 : 71;
10559 : 29;
1055A : 00;
1055B : 25;
1055C : 00;
1055D : 00;
1055E : 25;
1055F : 00;
10560 : 00;
10561 : 24;
10562 : 25;
10563 : 24;
10564 : 49;
10565 : 6D;
10566 : 4D;
10567 : 71;
10568 : 71;
10569 : 6D;
1056A : 71;
1056B : 4D;
1056C : 71;
1056D : 4D;
1056E : 49;
1056F : 04;
10570 : 4D;
10571 : 4D;
10572 : 29;
10573 : 49;
10574 : 00;
10575 : 4D;
10576 : 29;
10577 : 4D;
10578 : 71;
10579 : 25;
1057A : 29;
1057B : 29;
1057C : 49;
1057D : 25;
1057E : 29;
1057F : 00;
10580 : 00;
10581 : 24;
10582 : 25;
10583 : 29;
10584 : 49;
10585 : 4D;
10586 : 49;
10587 : 29;
10588 : 29;
10589 : 29;
1058A : 4D;
1058B : 4D;
1058C : 96;
1058D : 71;
1058E : 24;
1058F : 24;
10590 : 25;
10591 : 4D;
10592 : 72;
10593 : 25;
10594 : 49;
10595 : 4D;
10596 : 4D;
10597 : 4D;
10598 : 6D;
10599 : 71;
1059A : 29;
1059B : 25;
1059C : 29;
1059D : 4D;
1059E : 29;
1059F : 25;
105A0 : 00;
105A1 : 24;
105A2 : 25;
105A3 : 25;
105A4 : 4D;
105A5 : 49;
105A6 : 29;
105A7 : 49;
105A8 : 4D;
105A9 : 4D;
105AA : 4D;
105AB : 49;
105AC : 24;
105AD : 00;
105AE : 04;
105AF : 49;
105B0 : 04;
105B1 : 29;
105B2 : 24;
105B3 : 4D;
105B4 : 4D;
105B5 : 4D;
105B6 : 4D;
105B7 : 4D;
105B8 : 71;
105B9 : 4D;
105BA : 29;
105BB : 29;
105BC : 29;
105BD : 29;
105BE : 29;
105BF : 25;
105C0 : 00;
105C1 : 24;
105C2 : 25;
105C3 : 25;
105C4 : 4D;
105C5 : 49;
105C6 : 29;
105C7 : 49;
105C8 : 49;
105C9 : 49;
105CA : 29;
105CB : 25;
105CC : 24;
105CD : 25;
105CE : 25;
105CF : 4D;
105D0 : 29;
105D1 : 71;
105D2 : 4D;
105D3 : 4D;
105D4 : 4D;
105D5 : 4D;
105D6 : 4D;
105D7 : 4D;
105D8 : 4D;
105D9 : 4D;
105DA : 29;
105DB : 25;
105DC : 29;
105DD : 29;
105DE : 29;
105DF : 25;
105E0 : 00;
105E1 : 24;
105E2 : 25;
105E3 : 25;
105E4 : 72;
105E5 : 4D;
105E6 : 49;
105E7 : 49;
105E8 : 49;
105E9 : 24;
105EA : 24;
105EB : 04;
105EC : 49;
105ED : 25;
105EE : 49;
105EF : 6D;
105F0 : 71;
105F1 : 72;
105F2 : 71;
105F3 : 4D;
105F4 : 6D;
105F5 : 4D;
105F6 : 4D;
105F7 : 4D;
105F8 : 4D;
105F9 : 29;
105FA : 29;
105FB : 25;
105FC : 29;
105FD : 29;
105FE : 49;
105FF : 25;
10600 : 00;
10601 : 24;
10602 : 00;
10603 : 00;
10604 : 49;
10605 : 00;
10606 : 00;
10607 : 00;
10608 : 04;
10609 : 24;
1060A : 00;
1060B : 4D;
1060C : 4D;
1060D : 00;
1060E : 4D;
1060F : 6D;
10610 : 4D;
10611 : 4D;
10612 : 4D;
10613 : 6D;
10614 : 6D;
10615 : 4D;
10616 : 4D;
10617 : 29;
10618 : 29;
10619 : 4D;
1061A : 29;
1061B : 29;
1061C : 29;
1061D : 25;
1061E : 25;
1061F : 04;
10620 : 00;
10621 : 24;
10622 : 04;
10623 : 00;
10624 : 24;
10625 : 24;
10626 : 25;
10627 : 29;
10628 : 25;
10629 : 4D;
1062A : 49;
1062B : 49;
1062C : 71;
1062D : 6D;
1062E : 71;
1062F : 6D;
10630 : 4D;
10631 : 4D;
10632 : 4D;
10633 : 4D;
10634 : 49;
10635 : 04;
10636 : 29;
10637 : 4D;
10638 : 4D;
10639 : 4D;
1063A : 25;
1063B : 25;
1063C : 29;
1063D : 25;
1063E : 25;
1063F : 24;
10640 : 00;
10641 : 04;
10642 : 00;
10643 : 00;
10644 : 04;
10645 : 04;
10646 : 00;
10647 : 49;
10648 : 29;
10649 : 4D;
1064A : 4D;
1064B : 6D;
1064C : 4D;
1064D : 71;
1064E : 71;
1064F : 6D;
10650 : 4D;
10651 : 4D;
10652 : 4D;
10653 : 49;
10654 : 4D;
10655 : 49;
10656 : 4D;
10657 : 4D;
10658 : 4D;
10659 : 4D;
1065A : 25;
1065B : 25;
1065C : 29;
1065D : 29;
1065E : 29;
1065F : 04;
10660 : 00;
10661 : 00;
10662 : 00;
10663 : 00;
10664 : 00;
10665 : 00;
10666 : 29;
10667 : 49;
10668 : 25;
10669 : 29;
1066A : 29;
1066B : 4D;
1066C : 6D;
1066D : 6D;
1066E : 71;
1066F : 6D;
10670 : 6D;
10671 : 4D;
10672 : 71;
10673 : 4D;
10674 : 25;
10675 : 04;
10676 : 4D;
10677 : 4D;
10678 : 4D;
10679 : 4D;
1067A : 25;
1067B : 29;
1067C : 29;
1067D : 29;
1067E : 25;
1067F : 04;
10680 : 00;
10681 : 00;
10682 : 24;
10683 : 25;
10684 : 29;
10685 : 04;
10686 : 00;
10687 : 4D;
10688 : 04;
10689 : 4D;
1068A : 4D;
1068B : 4D;
1068C : 4D;
1068D : 6D;
1068E : 6D;
1068F : 6D;
10690 : 4D;
10691 : 6D;
10692 : 4D;
10693 : 4D;
10694 : 4D;
10695 : 29;
10696 : 4D;
10697 : 4D;
10698 : 29;
10699 : 4D;
1069A : 29;
1069B : 29;
1069C : 29;
1069D : 29;
1069E : 25;
1069F : 25;
106A0 : 00;
106A1 : 00;
106A2 : 4D;
106A3 : 29;
106A4 : 49;
106A5 : 04;
106A6 : 25;
106A7 : 49;
106A8 : 4D;
106A9 : 49;
106AA : 6D;
106AB : 29;
106AC : 4D;
106AD : 4D;
106AE : 4D;
106AF : 6D;
106B0 : 4D;
106B1 : 4D;
106B2 : 4D;
106B3 : 4D;
106B4 : 71;
106B5 : 71;
106B6 : 4D;
106B7 : 49;
106B8 : 4D;
106B9 : 29;
106BA : 29;
106BB : 29;
106BC : 29;
106BD : 29;
106BE : 49;
106BF : 25;
106C0 : 25;
106C1 : 29;
106C2 : 4D;
106C3 : 4D;
106C4 : 4D;
106C5 : 4D;
106C6 : 4D;
106C7 : 4D;
106C8 : 4D;
106C9 : 4D;
106CA : 29;
106CB : 29;
106CC : 25;
106CD : 4D;
106CE : 49;
106CF : 4D;
106D0 : 71;
106D1 : 71;
106D2 : 71;
106D3 : 4D;
106D4 : 4D;
106D5 : 4D;
106D6 : 4D;
106D7 : 29;
106D8 : 29;
106D9 : 4D;
106DA : 29;
106DB : 29;
106DC : 29;
106DD : 29;
106DE : 04;
106DF : 04;
106E0 : 29;
106E1 : 29;
106E2 : 4D;
106E3 : 4D;
106E4 : 4D;
106E5 : 4D;
106E6 : 4D;
106E7 : 49;
106E8 : 25;
106E9 : 49;
106EA : 29;
106EB : 49;
106EC : 6D;
106ED : 4D;
106EE : 71;
106EF : 4D;
106F0 : 49;
106F1 : 29;
106F2 : 49;
106F3 : 49;
106F4 : 4D;
106F5 : 4D;
106F6 : 4D;
106F7 : 4D;
106F8 : 49;
106F9 : 4D;
106FA : 4D;
106FB : 29;
106FC : 29;
106FD : 29;
106FE : 00;
106FF : 25;
10700 : 25;
10701 : 29;
10702 : 4D;
10703 : 49;
10704 : 29;
10705 : 4D;
10706 : 49;
10707 : 49;
10708 : 29;
10709 : 29;
1070A : 29;
1070B : 29;
1070C : 04;
1070D : 49;
1070E : 49;
1070F : 29;
10710 : 29;
10711 : 29;
10712 : 29;
10713 : 4D;
10714 : 4D;
10715 : 4D;
10716 : 71;
10717 : 4D;
10718 : 4D;
10719 : 49;
1071A : 29;
1071B : 49;
1071C : 29;
1071D : 25;
1071E : 04;
1071F : 24;
10720 : 04;
10721 : 25;
10722 : 29;
10723 : 24;
10724 : 29;
10725 : 71;
10726 : 4D;
10727 : 49;
10728 : 4D;
10729 : 4D;
1072A : 29;
1072B : 25;
1072C : 25;
1072D : 00;
1072E : 71;
1072F : 25;
10730 : 49;
10731 : 4D;
10732 : 29;
10733 : 4D;
10734 : 4D;
10735 : 4D;
10736 : 71;
10737 : 4D;
10738 : 6D;
10739 : 4D;
1073A : 25;
1073B : 29;
1073C : 29;
1073D : 25;
1073E : 25;
1073F : 04;
10740 : 00;
10741 : 29;
10742 : 49;
10743 : 25;
10744 : 4D;
10745 : 4D;
10746 : 4D;
10747 : 4D;
10748 : 29;
10749 : 29;
1074A : 4D;
1074B : 4D;
1074C : 4D;
1074D : 29;
1074E : 24;
1074F : 4D;
10750 : 4D;
10751 : 4D;
10752 : 4D;
10753 : 4D;
10754 : 4D;
10755 : 71;
10756 : 4D;
10757 : 4D;
10758 : 4D;
10759 : 29;
1075A : 25;
1075B : 25;
1075C : 29;
1075D : 25;
1075E : 25;
1075F : 00;
10760 : 00;
10761 : 04;
10762 : 24;
10763 : 25;
10764 : 29;
10765 : 4D;
10766 : 4D;
10767 : 4D;
10768 : 4D;
10769 : 49;
1076A : 49;
1076B : 29;
1076C : 4D;
1076D : 29;
1076E : 00;
1076F : 24;
10770 : 29;
10771 : 49;
10772 : 71;
10773 : 4D;
10774 : 71;
10775 : 4D;
10776 : 4D;
10777 : 4D;
10778 : 4D;
10779 : 72;
1077A : 6D;
1077B : 49;
1077C : 4D;
1077D : 25;
1077E : 4D;
1077F : 00;
10780 : 00;
10781 : 25;
10782 : 04;
10783 : 24;
10784 : 24;
10785 : 49;
10786 : 4D;
10787 : 4D;
10788 : 4D;
10789 : 4D;
1078A : 49;
1078B : 4D;
1078C : 4D;
1078D : 4D;
1078E : 4D;
1078F : 29;
10790 : 49;
10791 : 29;
10792 : 4D;
10793 : 71;
10794 : 4D;
10795 : 4D;
10796 : 71;
10797 : 4D;
10798 : 4D;
10799 : 71;
1079A : 4D;
1079B : 29;
1079C : 29;
1079D : 29;
1079E : 4D;
1079F : 00;
107A0 : 00;
107A1 : 49;
107A2 : 4D;
107A3 : 25;
107A4 : 29;
107A5 : 00;
107A6 : 4D;
107A7 : 49;
107A8 : 49;
107A9 : 4D;
107AA : 4D;
107AB : 4D;
107AC : 6D;
107AD : 6D;
107AE : 6D;
107AF : 71;
107B0 : 29;
107B1 : 24;
107B2 : 24;
107B3 : 29;
107B4 : 4D;
107B5 : 4D;
107B6 : 4D;
107B7 : 4D;
107B8 : 4D;
107B9 : 4D;
107BA : 49;
107BB : 49;
107BC : 25;
107BD : 25;
107BE : 25;
107BF : 00;
107C0 : 00;
107C1 : 04;
107C2 : 49;
107C3 : 4D;
107C4 : 29;
107C5 : 00;
107C6 : 49;
107C7 : 29;
107C8 : 49;
107C9 : 4D;
107CA : 4D;
107CB : 6D;
107CC : 6D;
107CD : 71;
107CE : 6D;
107CF : 4D;
107D0 : 49;
107D1 : 49;
107D2 : 25;
107D3 : 00;
107D4 : 00;
107D5 : 4D;
107D6 : 00;
107D7 : 04;
107D8 : 4D;
107D9 : 6D;
107DA : 49;
107DB : 25;
107DC : 29;
107DD : 25;
107DE : 25;
107DF : 00;
107E0 : 00;
107E1 : 00;
107E2 : 00;
107E3 : 25;
107E4 : 29;
107E5 : 29;
107E6 : 4D;
107E7 : 4D;
107E8 : 6D;
107E9 : 4D;
107EA : 6D;
107EB : 71;
107EC : 6D;
107ED : 6D;
107EE : 71;
107EF : 6D;
107F0 : 4D;
107F1 : 49;
107F2 : 4D;
107F3 : 25;
107F4 : 25;
107F5 : 00;
107F6 : 04;
107F7 : 49;
107F8 : 49;
107F9 : 00;
107FA : 25;
107FB : 25;
107FC : 04;
107FD : 00;
107FE : 04;
107FF : 00;
10800 : 8C;
10801 : 8C;
10802 : 8C;
10803 : 8C;
10804 : 8C;
10805 : 8C;
10806 : 8C;
10807 : 8C;
10808 : 8C;
10809 : 8C;
1080A : 8C;
1080B : 8C;
1080C : 8C;
1080D : 8C;
1080E : 8C;
1080F : 8C;
10810 : 8C;
10811 : CC;
10812 : AC;
10813 : AC;
10814 : A8;
10815 : AC;
10816 : AC;
10817 : AC;
10818 : AC;
10819 : AC;
1081A : AC;
1081B : AC;
1081C : AC;
1081D : 40;
1081E : 40;
1081F : 40;
10820 : 8C;
10821 : 8C;
10822 : 8C;
10823 : 8C;
10824 : 8C;
10825 : 8C;
10826 : 8C;
10827 : 8C;
10828 : 8C;
10829 : 8C;
1082A : 8C;
1082B : 8C;
1082C : 8C;
1082D : 8C;
1082E : 8C;
1082F : 8C;
10830 : 8C;
10831 : AC;
10832 : AC;
10833 : AC;
10834 : CC;
10835 : CC;
10836 : CC;
10837 : AC;
10838 : AC;
10839 : AC;
1083A : AC;
1083B : AC;
1083C : AC;
1083D : 40;
1083E : 40;
1083F : 40;
10840 : 8C;
10841 : 8C;
10842 : 8C;
10843 : 8C;
10844 : 8C;
10845 : 8C;
10846 : 8C;
10847 : 8C;
10848 : 8C;
10849 : 8C;
1084A : 8C;
1084B : 8C;
1084C : 8C;
1084D : 8C;
1084E : 8C;
1084F : 8C;
10850 : 8C;
10851 : 68;
10852 : 88;
10853 : A8;
10854 : AC;
10855 : AC;
10856 : AC;
10857 : AC;
10858 : AC;
10859 : A8;
1085A : AC;
1085B : AC;
1085C : AC;
1085D : 00;
1085E : 00;
1085F : 00;
10860 : 8C;
10861 : 8C;
10862 : 8C;
10863 : 8C;
10864 : 8C;
10865 : 8C;
10866 : 8C;
10867 : 8C;
10868 : 8C;
10869 : 8C;
1086A : 8C;
1086B : 8C;
1086C : 8C;
1086D : 8C;
1086E : 8C;
1086F : 8C;
10870 : 8C;
10871 : 8C;
10872 : 8C;
10873 : 88;
10874 : 88;
10875 : 88;
10876 : 64;
10877 : 44;
10878 : 44;
10879 : 44;
1087A : 44;
1087B : 44;
1087C : 44;
1087D : 88;
1087E : 88;
1087F : 88;
10880 : 8C;
10881 : 8C;
10882 : 8C;
10883 : 8C;
10884 : 8C;
10885 : 8C;
10886 : 8C;
10887 : 8C;
10888 : 8C;
10889 : 8C;
1088A : 8C;
1088B : 8C;
1088C : 8C;
1088D : 8C;
1088E : 8C;
1088F : 8C;
10890 : 8C;
10891 : 8C;
10892 : 8C;
10893 : 88;
10894 : 88;
10895 : 88;
10896 : 64;
10897 : 64;
10898 : 44;
10899 : 44;
1089A : 44;
1089B : 44;
1089C : 44;
1089D : A8;
1089E : 88;
1089F : 88;
108A0 : 8C;
108A1 : 8C;
108A2 : 8C;
108A3 : 8C;
108A4 : 8C;
108A5 : 8C;
108A6 : 8C;
108A7 : 8C;
108A8 : 8C;
108A9 : 8C;
108AA : 8C;
108AB : 8C;
108AC : 8C;
108AD : 8C;
108AE : 8C;
108AF : 8C;
108B0 : 8C;
108B1 : 8C;
108B2 : 8C;
108B3 : 8C;
108B4 : 88;
108B5 : A8;
108B6 : 64;
108B7 : 64;
108B8 : 44;
108B9 : 44;
108BA : 44;
108BB : 44;
108BC : 44;
108BD : 44;
108BE : A8;
108BF : A8;
108C0 : 68;
108C1 : 68;
108C2 : 68;
108C3 : 68;
108C4 : 68;
108C5 : 68;
108C6 : 68;
108C7 : 68;
108C8 : 68;
108C9 : 68;
108CA : 68;
108CB : 68;
108CC : 68;
108CD : 68;
108CE : 68;
108CF : 68;
108D0 : 68;
108D1 : 68;
108D2 : 68;
108D3 : 68;
108D4 : 68;
108D5 : 64;
108D6 : 88;
108D7 : 88;
108D8 : 64;
108D9 : 64;
108DA : 64;
108DB : 64;
108DC : 64;
108DD : 64;
108DE : 88;
108DF : 88;
108E0 : 68;
108E1 : 68;
108E2 : 68;
108E3 : 68;
108E4 : 68;
108E5 : 68;
108E6 : 68;
108E7 : 68;
108E8 : 68;
108E9 : 68;
108EA : 68;
108EB : 68;
108EC : 68;
108ED : 68;
108EE : 68;
108EF : 68;
108F0 : 68;
108F1 : 68;
108F2 : 68;
108F3 : 68;
108F4 : 68;
108F5 : 68;
108F6 : AC;
108F7 : A8;
108F8 : 88;
108F9 : 88;
108FA : 88;
108FB : 88;
108FC : 88;
108FD : 84;
108FE : 84;
108FF : 88;
10900 : 8C;
10901 : 8C;
10902 : 8C;
10903 : 8C;
10904 : 8C;
10905 : 8C;
10906 : 8C;
10907 : 8C;
10908 : 8C;
10909 : 8C;
1090A : 8C;
1090B : 8C;
1090C : 8C;
1090D : 8C;
1090E : 8C;
1090F : 8C;
10910 : 8C;
10911 : 8C;
10912 : 8C;
10913 : 8C;
10914 : 8C;
10915 : 8C;
10916 : AC;
10917 : AC;
10918 : 88;
10919 : 88;
1091A : 88;
1091B : 88;
1091C : 88;
1091D : 88;
1091E : 84;
1091F : 88;
10920 : 8C;
10921 : 8C;
10922 : 8C;
10923 : 8C;
10924 : 8C;
10925 : 8C;
10926 : 8C;
10927 : 8C;
10928 : 8C;
10929 : 8C;
1092A : 8C;
1092B : 8C;
1092C : 8C;
1092D : 8C;
1092E : 8C;
1092F : 8C;
10930 : 8C;
10931 : 8C;
10932 : 8C;
10933 : 8C;
10934 : 8C;
10935 : 8C;
10936 : CC;
10937 : AC;
10938 : 88;
10939 : 88;
1093A : 88;
1093B : 88;
1093C : 88;
1093D : 88;
1093E : 88;
1093F : 88;
10940 : 8C;
10941 : 8C;
10942 : 8C;
10943 : 8C;
10944 : 8C;
10945 : 8C;
10946 : 8C;
10947 : 8C;
10948 : 8C;
10949 : 8C;
1094A : 8C;
1094B : 8C;
1094C : 8C;
1094D : 8C;
1094E : 8C;
1094F : 8C;
10950 : 8C;
10951 : 8C;
10952 : 8C;
10953 : 8C;
10954 : 8C;
10955 : 8C;
10956 : AC;
10957 : AC;
10958 : 88;
10959 : 88;
1095A : 88;
1095B : 88;
1095C : 88;
1095D : 88;
1095E : 88;
1095F : 88;
10960 : 8C;
10961 : 8C;
10962 : 8C;
10963 : 8C;
10964 : 8C;
10965 : 8C;
10966 : 8C;
10967 : 8C;
10968 : 8C;
10969 : 8C;
1096A : 8C;
1096B : 8C;
1096C : 8C;
1096D : 8C;
1096E : 8C;
1096F : 8C;
10970 : 8C;
10971 : 8C;
10972 : 8C;
10973 : 8C;
10974 : 8C;
10975 : 8C;
10976 : D0;
10977 : CC;
10978 : AC;
10979 : AC;
1097A : A8;
1097B : A8;
1097C : A8;
1097D : AC;
1097E : AC;
1097F : AC;
10980 : 8C;
10981 : 8C;
10982 : 8C;
10983 : 8C;
10984 : 8C;
10985 : 8C;
10986 : 8C;
10987 : 8C;
10988 : 8C;
10989 : 8C;
1098A : 8C;
1098B : 8C;
1098C : 8C;
1098D : 8C;
1098E : 8C;
1098F : 8C;
10990 : 8C;
10991 : 8C;
10992 : 8C;
10993 : 8C;
10994 : 8C;
10995 : 8C;
10996 : D0;
10997 : CC;
10998 : AC;
10999 : AC;
1099A : A8;
1099B : A8;
1099C : A8;
1099D : AC;
1099E : AC;
1099F : AC;
109A0 : 8C;
109A1 : 8C;
109A2 : 8C;
109A3 : 8C;
109A4 : 8C;
109A5 : 8C;
109A6 : 8C;
109A7 : 8C;
109A8 : 8C;
109A9 : 8C;
109AA : 8C;
109AB : 8C;
109AC : 8C;
109AD : 8C;
109AE : 8C;
109AF : 8C;
109B0 : 8C;
109B1 : 8C;
109B2 : 8C;
109B3 : 8C;
109B4 : 8C;
109B5 : 8C;
109B6 : D0;
109B7 : CC;
109B8 : AC;
109B9 : AC;
109BA : A8;
109BB : A8;
109BC : A8;
109BD : AC;
109BE : AC;
109BF : AC;
109C0 : 8C;
109C1 : 8C;
109C2 : 8C;
109C3 : 8C;
109C4 : 8C;
109C5 : 8C;
109C6 : 8C;
109C7 : 8C;
109C8 : 8C;
109C9 : 8C;
109CA : 8C;
109CB : 8C;
109CC : 8C;
109CD : 8C;
109CE : 8C;
109CF : 8C;
109D0 : 8C;
109D1 : 8C;
109D2 : 8C;
109D3 : 8C;
109D4 : 8C;
109D5 : 8C;
109D6 : D0;
109D7 : CC;
109D8 : AC;
109D9 : AC;
109DA : A8;
109DB : A8;
109DC : A8;
109DD : AC;
109DE : AC;
109DF : AC;
109E0 : 8C;
109E1 : 68;
109E2 : 68;
109E3 : 68;
109E4 : 68;
109E5 : 68;
109E6 : 68;
109E7 : 68;
109E8 : 68;
109E9 : 68;
109EA : 68;
109EB : 68;
109EC : 68;
109ED : 68;
109EE : 68;
109EF : 68;
109F0 : 68;
109F1 : 68;
109F2 : 68;
109F3 : 68;
109F4 : 68;
109F5 : 68;
109F6 : D0;
109F7 : CC;
109F8 : AC;
109F9 : AC;
109FA : A8;
109FB : A8;
109FC : A8;
109FD : AC;
109FE : AC;
109FF : AC;
10A00 : 68;
10A01 : 68;
10A02 : 68;
10A03 : 68;
10A04 : 68;
10A05 : 68;
10A06 : 68;
10A07 : 68;
10A08 : 68;
10A09 : 68;
10A0A : 68;
10A0B : 68;
10A0C : 68;
10A0D : 68;
10A0E : 68;
10A0F : 68;
10A10 : 68;
10A11 : 68;
10A12 : 68;
10A13 : 68;
10A14 : 68;
10A15 : 68;
10A16 : D0;
10A17 : CC;
10A18 : AC;
10A19 : AC;
10A1A : AC;
10A1B : AC;
10A1C : AC;
10A1D : AC;
10A1E : AC;
10A1F : AC;
10A20 : 8C;
10A21 : 8C;
10A22 : 8C;
10A23 : 8C;
10A24 : 8C;
10A25 : 8C;
10A26 : 8C;
10A27 : 8C;
10A28 : 8C;
10A29 : 8C;
10A2A : 8C;
10A2B : 8C;
10A2C : 8C;
10A2D : 8C;
10A2E : 8C;
10A2F : 8C;
10A30 : 8C;
10A31 : 8C;
10A32 : 8C;
10A33 : 8C;
10A34 : 8C;
10A35 : 8C;
10A36 : D0;
10A37 : CC;
10A38 : AC;
10A39 : AC;
10A3A : AC;
10A3B : AC;
10A3C : AC;
10A3D : AC;
10A3E : A8;
10A3F : AC;
10A40 : 8C;
10A41 : 8C;
10A42 : 8C;
10A43 : 8C;
10A44 : 8C;
10A45 : 8C;
10A46 : 8C;
10A47 : 8C;
10A48 : 8C;
10A49 : 8C;
10A4A : 8C;
10A4B : 8C;
10A4C : 8C;
10A4D : 8C;
10A4E : 8C;
10A4F : 8C;
10A50 : 8C;
10A51 : 8C;
10A52 : 8C;
10A53 : 8C;
10A54 : 8C;
10A55 : 8C;
10A56 : D0;
10A57 : CC;
10A58 : AC;
10A59 : AC;
10A5A : AC;
10A5B : AC;
10A5C : AC;
10A5D : AC;
10A5E : CC;
10A5F : CC;
10A60 : 8C;
10A61 : 8C;
10A62 : 8C;
10A63 : 8C;
10A64 : 8C;
10A65 : 8C;
10A66 : 8C;
10A67 : 8C;
10A68 : 8C;
10A69 : 8C;
10A6A : 8C;
10A6B : 8C;
10A6C : 8C;
10A6D : 8C;
10A6E : 8C;
10A6F : 8C;
10A70 : 8C;
10A71 : 8C;
10A72 : 8C;
10A73 : 8C;
10A74 : 8C;
10A75 : 8C;
10A76 : D0;
10A77 : D0;
10A78 : D0;
10A79 : D0;
10A7A : AC;
10A7B : AC;
10A7C : AC;
10A7D : CC;
10A7E : D0;
10A7F : CC;
10A80 : 8C;
10A81 : 8C;
10A82 : 8C;
10A83 : 8C;
10A84 : 8C;
10A85 : 8C;
10A86 : 8C;
10A87 : 8C;
10A88 : 8C;
10A89 : 8C;
10A8A : 8C;
10A8B : 8C;
10A8C : 8C;
10A8D : 8C;
10A8E : 8C;
10A8F : 8C;
10A90 : 8C;
10A91 : 8C;
10A92 : 8C;
10A93 : 8C;
10A94 : 8C;
10A95 : 8C;
10A96 : D0;
10A97 : D0;
10A98 : D0;
10A99 : D0;
10A9A : AC;
10A9B : AC;
10A9C : AC;
10A9D : CC;
10A9E : D0;
10A9F : D0;
10AA0 : 8C;
10AA1 : 8C;
10AA2 : 8C;
10AA3 : 8C;
10AA4 : 8C;
10AA5 : 8C;
10AA6 : 8C;
10AA7 : 8C;
10AA8 : 8C;
10AA9 : 8C;
10AAA : 8C;
10AAB : 8C;
10AAC : 8C;
10AAD : 8C;
10AAE : 8C;
10AAF : 8C;
10AB0 : 8C;
10AB1 : 8C;
10AB2 : 8C;
10AB3 : 8C;
10AB4 : 8C;
10AB5 : 8C;
10AB6 : 48;
10AB7 : 64;
10AB8 : 64;
10AB9 : 64;
10ABA : 88;
10ABB : AC;
10ABC : AC;
10ABD : CC;
10ABE : 88;
10ABF : 64;
10AC0 : 8C;
10AC1 : 8C;
10AC2 : 8C;
10AC3 : 8C;
10AC4 : 8C;
10AC5 : 8C;
10AC6 : 8C;
10AC7 : 8C;
10AC8 : 8C;
10AC9 : 8C;
10ACA : 8C;
10ACB : 8C;
10ACC : 8C;
10ACD : 8C;
10ACE : 8C;
10ACF : 8C;
10AD0 : 8C;
10AD1 : 8C;
10AD2 : 8C;
10AD3 : 8C;
10AD4 : 8C;
10AD5 : 8C;
10AD6 : 8C;
10AD7 : 44;
10AD8 : 64;
10AD9 : 64;
10ADA : 64;
10ADB : 64;
10ADC : 64;
10ADD : 64;
10ADE : 44;
10ADF : 44;
10AE0 : 8C;
10AE1 : 8C;
10AE2 : 8C;
10AE3 : 8C;
10AE4 : 8C;
10AE5 : 8C;
10AE6 : 8C;
10AE7 : 8C;
10AE8 : 8C;
10AE9 : 8C;
10AEA : 8C;
10AEB : 8C;
10AEC : 8C;
10AED : 8C;
10AEE : 8C;
10AEF : 8C;
10AF0 : 8C;
10AF1 : 8C;
10AF2 : 8C;
10AF3 : 8C;
10AF4 : 8C;
10AF5 : 8C;
10AF6 : 8C;
10AF7 : 8C;
10AF8 : 44;
10AF9 : 44;
10AFA : 64;
10AFB : 64;
10AFC : 64;
10AFD : 64;
10AFE : 64;
10AFF : 44;
10B00 : 8C;
10B01 : 8C;
10B02 : 8C;
10B03 : 8C;
10B04 : 8C;
10B05 : 8C;
10B06 : 8C;
10B07 : 8C;
10B08 : 8C;
10B09 : 8C;
10B0A : 8C;
10B0B : 8C;
10B0C : 8C;
10B0D : 8C;
10B0E : 8C;
10B0F : 8C;
10B10 : 8C;
10B11 : 8C;
10B12 : 8C;
10B13 : 8C;
10B14 : 8C;
10B15 : 8C;
10B16 : 8C;
10B17 : 8C;
10B18 : 8C;
10B19 : 8C;
10B1A : 44;
10B1B : 44;
10B1C : 44;
10B1D : 44;
10B1E : 44;
10B1F : 44;
10B20 : 8C;
10B21 : 8C;
10B22 : 8C;
10B23 : 8C;
10B24 : 8C;
10B25 : 8C;
10B26 : 8C;
10B27 : 8C;
10B28 : 8C;
10B29 : 8C;
10B2A : 8C;
10B2B : 8C;
10B2C : 8C;
10B2D : 8C;
10B2E : 8C;
10B2F : 8C;
10B30 : 8C;
10B31 : 8C;
10B32 : 8C;
10B33 : 8C;
10B34 : 8C;
10B35 : 8C;
10B36 : 8C;
10B37 : 8C;
10B38 : 8C;
10B39 : 8C;
10B3A : 8C;
10B3B : 8C;
10B3C : 8C;
10B3D : 8C;
10B3E : 8C;
10B3F : 8C;
10B40 : 8C;
10B41 : 8C;
10B42 : 8C;
10B43 : 8C;
10B44 : 8C;
10B45 : 8C;
10B46 : 8C;
10B47 : 8C;
10B48 : 8C;
10B49 : 8C;
10B4A : 8C;
10B4B : 8C;
10B4C : 8C;
10B4D : 8C;
10B4E : 8C;
10B4F : 8C;
10B50 : 8C;
10B51 : 8C;
10B52 : 8C;
10B53 : 8C;
10B54 : 8C;
10B55 : 8C;
10B56 : 8C;
10B57 : 8C;
10B58 : 8C;
10B59 : 8C;
10B5A : 8C;
10B5B : 8C;
10B5C : 8C;
10B5D : 8C;
10B5E : 8C;
10B5F : 8C;
10B60 : 44;
10B61 : 44;
10B62 : 44;
10B63 : 44;
10B64 : 44;
10B65 : 44;
10B66 : 44;
10B67 : 44;
10B68 : 44;
10B69 : 44;
10B6A : 44;
10B6B : 44;
10B6C : 44;
10B6D : 44;
10B6E : 44;
10B6F : 44;
10B70 : 44;
10B71 : 44;
10B72 : 44;
10B73 : 44;
10B74 : 44;
10B75 : 44;
10B76 : 44;
10B77 : 44;
10B78 : 44;
10B79 : 44;
10B7A : 44;
10B7B : 44;
10B7C : 44;
10B7D : 44;
10B7E : 44;
10B7F : 44;
10B80 : 44;
10B81 : 44;
10B82 : 44;
10B83 : 44;
10B84 : 44;
10B85 : 44;
10B86 : 44;
10B87 : 44;
10B88 : 44;
10B89 : 44;
10B8A : 44;
10B8B : 44;
10B8C : 44;
10B8D : 44;
10B8E : 44;
10B8F : 44;
10B90 : 44;
10B91 : 44;
10B92 : 44;
10B93 : 44;
10B94 : 44;
10B95 : 44;
10B96 : 44;
10B97 : 44;
10B98 : 44;
10B99 : 44;
10B9A : 44;
10B9B : 44;
10B9C : 44;
10B9D : 44;
10B9E : 44;
10B9F : 44;
10BA0 : 8C;
10BA1 : 8C;
10BA2 : 8C;
10BA3 : 8C;
10BA4 : 8C;
10BA5 : 8C;
10BA6 : 8C;
10BA7 : 8C;
10BA8 : 8C;
10BA9 : 8C;
10BAA : 8C;
10BAB : 8C;
10BAC : 8C;
10BAD : 8C;
10BAE : 8C;
10BAF : 8C;
10BB0 : 8C;
10BB1 : 8C;
10BB2 : 8C;
10BB3 : 8C;
10BB4 : 8C;
10BB5 : 8C;
10BB6 : 8C;
10BB7 : 8C;
10BB8 : 8C;
10BB9 : 8C;
10BBA : 8C;
10BBB : 8C;
10BBC : 8C;
10BBD : 8C;
10BBE : 8C;
10BBF : 8C;
10BC0 : 8C;
10BC1 : 8C;
10BC2 : 8C;
10BC3 : 8C;
10BC4 : 8C;
10BC5 : 8C;
10BC6 : 8C;
10BC7 : 8C;
10BC8 : 8C;
10BC9 : 8C;
10BCA : 8C;
10BCB : 8C;
10BCC : 8C;
10BCD : 8C;
10BCE : 8C;
10BCF : 8C;
10BD0 : 8C;
10BD1 : 8C;
10BD2 : 8C;
10BD3 : 8C;
10BD4 : 8C;
10BD5 : 8C;
10BD6 : 8C;
10BD7 : 8C;
10BD8 : 8C;
10BD9 : 8C;
10BDA : 8C;
10BDB : 8C;
10BDC : 8C;
10BDD : 8C;
10BDE : 8C;
10BDF : 8C;
10BE0 : 8C;
10BE1 : 8C;
10BE2 : 8C;
10BE3 : 8C;
10BE4 : 8C;
10BE5 : 8C;
10BE6 : 8C;
10BE7 : 8C;
10BE8 : 8C;
10BE9 : 8C;
10BEA : 8C;
10BEB : 8C;
10BEC : 8C;
10BED : 8C;
10BEE : 8C;
10BEF : 8C;
10BF0 : 8C;
10BF1 : 8C;
10BF2 : 8C;
10BF3 : 8C;
10BF4 : 8C;
10BF5 : 8C;
10BF6 : 8C;
10BF7 : 8C;
10BF8 : 8C;
10BF9 : 8C;
10BFA : 8C;
10BFB : 8C;
10BFC : 8C;
10BFD : 8C;
10BFE : 8C;
10BFF : 8C;
10C00 : 64;
10C01 : 20;
10C02 : 44;
10C03 : 44;
10C04 : 64;
10C05 : 44;
10C06 : 8C;
10C07 : 8C;
10C08 : 8C;
10C09 : 8C;
10C0A : 8C;
10C0B : 8C;
10C0C : 8C;
10C0D : 8C;
10C0E : 8C;
10C0F : 8C;
10C10 : 8C;
10C11 : 8C;
10C12 : 8C;
10C13 : 8C;
10C14 : 8C;
10C15 : 8C;
10C16 : 8C;
10C17 : 8C;
10C18 : 8C;
10C19 : 8C;
10C1A : 8C;
10C1B : 8C;
10C1C : 8C;
10C1D : 8C;
10C1E : 8C;
10C1F : 8C;
10C20 : 64;
10C21 : 20;
10C22 : 44;
10C23 : 44;
10C24 : 64;
10C25 : 44;
10C26 : 8C;
10C27 : 8C;
10C28 : 8C;
10C29 : 8C;
10C2A : 8C;
10C2B : 8C;
10C2C : 8C;
10C2D : 8C;
10C2E : 8C;
10C2F : 8C;
10C30 : 8C;
10C31 : 8C;
10C32 : 8C;
10C33 : 8C;
10C34 : 8C;
10C35 : 8C;
10C36 : 8C;
10C37 : 8C;
10C38 : 8C;
10C39 : 8C;
10C3A : 8C;
10C3B : 8C;
10C3C : 8C;
10C3D : 8C;
10C3E : 8C;
10C3F : 8C;
10C40 : 44;
10C41 : 20;
10C42 : 44;
10C43 : 44;
10C44 : 64;
10C45 : 44;
10C46 : 8C;
10C47 : 8C;
10C48 : 8C;
10C49 : 8C;
10C4A : 8C;
10C4B : 8C;
10C4C : 8C;
10C4D : 8C;
10C4E : 8C;
10C4F : 8C;
10C50 : 8C;
10C51 : 8C;
10C52 : 8C;
10C53 : 8C;
10C54 : 8C;
10C55 : 8C;
10C56 : 8C;
10C57 : 8C;
10C58 : 8C;
10C59 : 8C;
10C5A : 8C;
10C5B : 8C;
10C5C : 8C;
10C5D : 8C;
10C5E : 8C;
10C5F : 8C;
10C60 : 64;
10C61 : 20;
10C62 : 40;
10C63 : 44;
10C64 : 64;
10C65 : 44;
10C66 : 8C;
10C67 : 8C;
10C68 : 8C;
10C69 : 8C;
10C6A : 8C;
10C6B : 8C;
10C6C : 8C;
10C6D : 8C;
10C6E : 8C;
10C6F : 8C;
10C70 : 8C;
10C71 : 8C;
10C72 : 8C;
10C73 : 8C;
10C74 : 8C;
10C75 : 8C;
10C76 : 8C;
10C77 : 8C;
10C78 : 8C;
10C79 : 8C;
10C7A : 8C;
10C7B : 8C;
10C7C : 8C;
10C7D : 8C;
10C7E : 8C;
10C7F : 8C;
10C80 : 64;
10C81 : 20;
10C82 : 44;
10C83 : 44;
10C84 : 64;
10C85 : 44;
10C86 : 8C;
10C87 : 8C;
10C88 : 8C;
10C89 : 8C;
10C8A : 8C;
10C8B : 8C;
10C8C : 8C;
10C8D : 8C;
10C8E : 8C;
10C8F : 8C;
10C90 : 8C;
10C91 : 8C;
10C92 : 8C;
10C93 : 8C;
10C94 : 8C;
10C95 : 8C;
10C96 : 8C;
10C97 : 8C;
10C98 : 8C;
10C99 : 8C;
10C9A : 8C;
10C9B : 8C;
10C9C : 8C;
10C9D : 8C;
10C9E : 8C;
10C9F : 8C;
10CA0 : A8;
10CA1 : 20;
10CA2 : 44;
10CA3 : 44;
10CA4 : 44;
10CA5 : 44;
10CA6 : 8C;
10CA7 : 8C;
10CA8 : 8C;
10CA9 : 8C;
10CAA : 8C;
10CAB : 8C;
10CAC : 8C;
10CAD : 8C;
10CAE : 8C;
10CAF : 8C;
10CB0 : 8C;
10CB1 : 8C;
10CB2 : 8C;
10CB3 : 8C;
10CB4 : 8C;
10CB5 : 8C;
10CB6 : 8C;
10CB7 : 8C;
10CB8 : 8C;
10CB9 : 8C;
10CBA : 8C;
10CBB : 8C;
10CBC : 8C;
10CBD : 8C;
10CBE : 8C;
10CBF : 8C;
10CC0 : AC;
10CC1 : 20;
10CC2 : 64;
10CC3 : 64;
10CC4 : 44;
10CC5 : 44;
10CC6 : 68;
10CC7 : 68;
10CC8 : 68;
10CC9 : 68;
10CCA : 68;
10CCB : 68;
10CCC : 68;
10CCD : 68;
10CCE : 68;
10CCF : 68;
10CD0 : 68;
10CD1 : 68;
10CD2 : 68;
10CD3 : 68;
10CD4 : 68;
10CD5 : 68;
10CD6 : 68;
10CD7 : 68;
10CD8 : 68;
10CD9 : 68;
10CDA : 68;
10CDB : 68;
10CDC : 68;
10CDD : 68;
10CDE : 68;
10CDF : 68;
10CE0 : AC;
10CE1 : 20;
10CE2 : 64;
10CE3 : 64;
10CE4 : 64;
10CE5 : 44;
10CE6 : 68;
10CE7 : 68;
10CE8 : 68;
10CE9 : 68;
10CEA : 68;
10CEB : 68;
10CEC : 68;
10CED : 68;
10CEE : 68;
10CEF : 68;
10CF0 : 68;
10CF1 : 68;
10CF2 : 68;
10CF3 : 68;
10CF4 : 68;
10CF5 : 68;
10CF6 : 68;
10CF7 : 68;
10CF8 : 68;
10CF9 : 68;
10CFA : 68;
10CFB : 68;
10CFC : 68;
10CFD : 68;
10CFE : 68;
10CFF : 68;
10D00 : AC;
10D01 : 20;
10D02 : 64;
10D03 : 64;
10D04 : 64;
10D05 : 44;
10D06 : 8C;
10D07 : 8C;
10D08 : 8C;
10D09 : 8C;
10D0A : 8C;
10D0B : 8C;
10D0C : 8C;
10D0D : 8C;
10D0E : 8C;
10D0F : 8C;
10D10 : 8C;
10D11 : 8C;
10D12 : 8C;
10D13 : 8C;
10D14 : 8C;
10D15 : 8C;
10D16 : 8C;
10D17 : 8C;
10D18 : 8C;
10D19 : 8C;
10D1A : 8C;
10D1B : 8C;
10D1C : 8C;
10D1D : 8C;
10D1E : 8C;
10D1F : 8C;
10D20 : AC;
10D21 : 20;
10D22 : 64;
10D23 : 64;
10D24 : 64;
10D25 : 44;
10D26 : 8C;
10D27 : 8C;
10D28 : 8C;
10D29 : 8C;
10D2A : 8C;
10D2B : 8C;
10D2C : 8C;
10D2D : 8C;
10D2E : 8C;
10D2F : 8C;
10D30 : 8C;
10D31 : 8C;
10D32 : 8C;
10D33 : 8C;
10D34 : 8C;
10D35 : 8C;
10D36 : 8C;
10D37 : 8C;
10D38 : 8C;
10D39 : 8C;
10D3A : 8C;
10D3B : 8C;
10D3C : 8C;
10D3D : 8C;
10D3E : 8C;
10D3F : 8C;
10D40 : AC;
10D41 : 20;
10D42 : 64;
10D43 : 64;
10D44 : 64;
10D45 : 44;
10D46 : 8C;
10D47 : 8C;
10D48 : 8C;
10D49 : 8C;
10D4A : 8C;
10D4B : 8C;
10D4C : 8C;
10D4D : 8C;
10D4E : 8C;
10D4F : 8C;
10D50 : 8C;
10D51 : 8C;
10D52 : 8C;
10D53 : 8C;
10D54 : 8C;
10D55 : 8C;
10D56 : 8C;
10D57 : 8C;
10D58 : 8C;
10D59 : 8C;
10D5A : 8C;
10D5B : 8C;
10D5C : 8C;
10D5D : 8C;
10D5E : 8C;
10D5F : 8C;
10D60 : CC;
10D61 : 20;
10D62 : 64;
10D63 : 64;
10D64 : 64;
10D65 : 44;
10D66 : 8C;
10D67 : 8C;
10D68 : 8C;
10D69 : 8C;
10D6A : 8C;
10D6B : 8C;
10D6C : 8C;
10D6D : 8C;
10D6E : 8C;
10D6F : 8C;
10D70 : 8C;
10D71 : 8C;
10D72 : 8C;
10D73 : 8C;
10D74 : 8C;
10D75 : 8C;
10D76 : 8C;
10D77 : 8C;
10D78 : 8C;
10D79 : 8C;
10D7A : 8C;
10D7B : 8C;
10D7C : 8C;
10D7D : 8C;
10D7E : 8C;
10D7F : 8C;
10D80 : CC;
10D81 : 20;
10D82 : 64;
10D83 : 44;
10D84 : 64;
10D85 : 64;
10D86 : 8C;
10D87 : 8C;
10D88 : 8C;
10D89 : 8C;
10D8A : 8C;
10D8B : 8C;
10D8C : 8C;
10D8D : 8C;
10D8E : 8C;
10D8F : 8C;
10D90 : 8C;
10D91 : 8C;
10D92 : 8C;
10D93 : 8C;
10D94 : 8C;
10D95 : 8C;
10D96 : 8C;
10D97 : 8C;
10D98 : 8C;
10D99 : 8C;
10D9A : 8C;
10D9B : 8C;
10D9C : 8C;
10D9D : 8C;
10D9E : 8C;
10D9F : 8C;
10DA0 : CC;
10DA1 : 20;
10DA2 : 64;
10DA3 : 44;
10DA4 : 64;
10DA5 : 44;
10DA6 : 8C;
10DA7 : 8C;
10DA8 : 8C;
10DA9 : 8C;
10DAA : 8C;
10DAB : 8C;
10DAC : 8C;
10DAD : 8C;
10DAE : 8C;
10DAF : 8C;
10DB0 : 8C;
10DB1 : 8C;
10DB2 : 8C;
10DB3 : 8C;
10DB4 : 8C;
10DB5 : 8C;
10DB6 : 8C;
10DB7 : 8C;
10DB8 : 8C;
10DB9 : 8C;
10DBA : 8C;
10DBB : 8C;
10DBC : 8C;
10DBD : 8C;
10DBE : 8C;
10DBF : 8C;
10DC0 : CC;
10DC1 : 20;
10DC2 : 64;
10DC3 : 64;
10DC4 : 64;
10DC5 : 64;
10DC6 : 8C;
10DC7 : 8C;
10DC8 : 8C;
10DC9 : 8C;
10DCA : 8C;
10DCB : 8C;
10DCC : 8C;
10DCD : 8C;
10DCE : 8C;
10DCF : 8C;
10DD0 : 8C;
10DD1 : 8C;
10DD2 : 8C;
10DD3 : 8C;
10DD4 : 8C;
10DD5 : 8C;
10DD6 : 8C;
10DD7 : 8C;
10DD8 : 8C;
10DD9 : 8C;
10DDA : 8C;
10DDB : 8C;
10DDC : 8C;
10DDD : 8C;
10DDE : 8C;
10DDF : 8C;
10DE0 : CC;
10DE1 : 20;
10DE2 : 64;
10DE3 : 64;
10DE4 : 64;
10DE5 : 64;
10DE6 : 8C;
10DE7 : 8C;
10DE8 : 8C;
10DE9 : 8C;
10DEA : 8C;
10DEB : 8C;
10DEC : 8C;
10DED : 8C;
10DEE : 8C;
10DEF : 8C;
10DF0 : 8C;
10DF1 : 8C;
10DF2 : 8C;
10DF3 : 8C;
10DF4 : 8C;
10DF5 : 8C;
10DF6 : 8C;
10DF7 : 8C;
10DF8 : 8C;
10DF9 : 8C;
10DFA : 8C;
10DFB : 8C;
10DFC : 8C;
10DFD : 8C;
10DFE : 8C;
10DFF : 8C;
10E00 : CC;
10E01 : 20;
10E02 : 64;
10E03 : 64;
10E04 : 64;
10E05 : 44;
10E06 : 8C;
10E07 : 8C;
10E08 : 8C;
10E09 : 8C;
10E0A : 8C;
10E0B : 8C;
10E0C : 8C;
10E0D : 8C;
10E0E : 8C;
10E0F : 8C;
10E10 : 8C;
10E11 : 8C;
10E12 : 8C;
10E13 : 8C;
10E14 : 8C;
10E15 : 8C;
10E16 : 8C;
10E17 : 8C;
10E18 : 8C;
10E19 : 8C;
10E1A : 8C;
10E1B : 8C;
10E1C : 8C;
10E1D : 8C;
10E1E : 8C;
10E1F : 8C;
10E20 : CC;
10E21 : 20;
10E22 : 64;
10E23 : 44;
10E24 : 64;
10E25 : 44;
10E26 : 8C;
10E27 : 8C;
10E28 : 8C;
10E29 : 8C;
10E2A : 8C;
10E2B : 8C;
10E2C : 8C;
10E2D : 8C;
10E2E : 8C;
10E2F : 8C;
10E30 : 8C;
10E31 : 8C;
10E32 : 8C;
10E33 : 8C;
10E34 : 8C;
10E35 : 8C;
10E36 : 8C;
10E37 : 8C;
10E38 : 8C;
10E39 : 8C;
10E3A : 8C;
10E3B : 8C;
10E3C : 8C;
10E3D : 8C;
10E3E : 8C;
10E3F : 8C;
10E40 : CC;
10E41 : 20;
10E42 : 44;
10E43 : 44;
10E44 : 44;
10E45 : 8C;
10E46 : 8C;
10E47 : 8C;
10E48 : 8C;
10E49 : 8C;
10E4A : 8C;
10E4B : 8C;
10E4C : 8C;
10E4D : 8C;
10E4E : 8C;
10E4F : 8C;
10E50 : 8C;
10E51 : 8C;
10E52 : 8C;
10E53 : 8C;
10E54 : 8C;
10E55 : 8C;
10E56 : 8C;
10E57 : 8C;
10E58 : 8C;
10E59 : 8C;
10E5A : 8C;
10E5B : 8C;
10E5C : 8C;
10E5D : 8C;
10E5E : 8C;
10E5F : 8C;
10E60 : CC;
10E61 : 20;
10E62 : 44;
10E63 : 40;
10E64 : 44;
10E65 : 8C;
10E66 : 8C;
10E67 : 8C;
10E68 : 8C;
10E69 : 8C;
10E6A : 8C;
10E6B : 8C;
10E6C : 8C;
10E6D : 8C;
10E6E : 8C;
10E6F : 8C;
10E70 : 8C;
10E71 : 8C;
10E72 : 8C;
10E73 : 8C;
10E74 : 8C;
10E75 : 8C;
10E76 : 8C;
10E77 : 8C;
10E78 : 8C;
10E79 : 8C;
10E7A : 8C;
10E7B : 8C;
10E7C : 8C;
10E7D : 8C;
10E7E : 8C;
10E7F : 8C;
10E80 : D0;
10E81 : 40;
10E82 : 44;
10E83 : 68;
10E84 : 68;
10E85 : 68;
10E86 : 68;
10E87 : 68;
10E88 : 68;
10E89 : 68;
10E8A : 68;
10E8B : 68;
10E8C : 68;
10E8D : 68;
10E8E : 68;
10E8F : 68;
10E90 : 68;
10E91 : 68;
10E92 : 68;
10E93 : 68;
10E94 : 68;
10E95 : 8C;
10E96 : 8C;
10E97 : 8C;
10E98 : 8C;
10E99 : 8C;
10E9A : 8C;
10E9B : 8C;
10E9C : 8C;
10E9D : 8C;
10E9E : 8C;
10E9F : 8C;
10EA0 : 44;
10EA1 : 44;
10EA2 : 44;
10EA3 : 68;
10EA4 : 68;
10EA5 : 68;
10EA6 : 68;
10EA7 : 68;
10EA8 : 68;
10EA9 : 68;
10EAA : 68;
10EAB : 68;
10EAC : 68;
10EAD : 68;
10EAE : 68;
10EAF : 68;
10EB0 : 68;
10EB1 : 68;
10EB2 : 68;
10EB3 : 68;
10EB4 : 68;
10EB5 : 68;
10EB6 : 8C;
10EB7 : 8C;
10EB8 : 8C;
10EB9 : 8C;
10EBA : 8C;
10EBB : 8C;
10EBC : 8C;
10EBD : 8C;
10EBE : 8C;
10EBF : 8C;
10EC0 : 44;
10EC1 : 44;
10EC2 : 8C;
10EC3 : 8C;
10EC4 : 8C;
10EC5 : 8C;
10EC6 : 8C;
10EC7 : 8C;
10EC8 : 8C;
10EC9 : 8C;
10ECA : 8C;
10ECB : 8C;
10ECC : 8C;
10ECD : 8C;
10ECE : 8C;
10ECF : 8C;
10ED0 : 8C;
10ED1 : 8C;
10ED2 : 8C;
10ED3 : 8C;
10ED4 : 8C;
10ED5 : 8C;
10ED6 : 8C;
10ED7 : 8C;
10ED8 : 8C;
10ED9 : 8C;
10EDA : 8C;
10EDB : 8C;
10EDC : 8C;
10EDD : 8C;
10EDE : 8C;
10EDF : 8C;
10EE0 : 44;
10EE1 : 44;
10EE2 : 8C;
10EE3 : 8C;
10EE4 : 8C;
10EE5 : 8C;
10EE6 : 8C;
10EE7 : 8C;
10EE8 : 8C;
10EE9 : 8C;
10EEA : 8C;
10EEB : 8C;
10EEC : 8C;
10EED : 8C;
10EEE : 8C;
10EEF : 8C;
10EF0 : 8C;
10EF1 : 8C;
10EF2 : 8C;
10EF3 : 8C;
10EF4 : 8C;
10EF5 : 8C;
10EF6 : 8C;
10EF7 : 8C;
10EF8 : 8C;
10EF9 : 8C;
10EFA : 8C;
10EFB : 8C;
10EFC : 8C;
10EFD : 8C;
10EFE : 8C;
10EFF : 8C;
10F00 : 44;
10F01 : 8C;
10F02 : 8C;
10F03 : 8C;
10F04 : 8C;
10F05 : 8C;
10F06 : 8C;
10F07 : 8C;
10F08 : 8C;
10F09 : 8C;
10F0A : 8C;
10F0B : 8C;
10F0C : 8C;
10F0D : 8C;
10F0E : 8C;
10F0F : 8C;
10F10 : 8C;
10F11 : 8C;
10F12 : 8C;
10F13 : 8C;
10F14 : 8C;
10F15 : 8C;
10F16 : 8C;
10F17 : 8C;
10F18 : 8C;
10F19 : 8C;
10F1A : 8C;
10F1B : 8C;
10F1C : 8C;
10F1D : 8C;
10F1E : 8C;
10F1F : 8C;
10F20 : 8C;
10F21 : 8C;
10F22 : 8C;
10F23 : 8C;
10F24 : 8C;
10F25 : 8C;
10F26 : 8C;
10F27 : 8C;
10F28 : 8C;
10F29 : 8C;
10F2A : 8C;
10F2B : 8C;
10F2C : 8C;
10F2D : 8C;
10F2E : 8C;
10F2F : 8C;
10F30 : 8C;
10F31 : 8C;
10F32 : 8C;
10F33 : 8C;
10F34 : 8C;
10F35 : 8C;
10F36 : 8C;
10F37 : 8C;
10F38 : 8C;
10F39 : 8C;
10F3A : 8C;
10F3B : 8C;
10F3C : 8C;
10F3D : 8C;
10F3E : 8C;
10F3F : 8C;
10F40 : 8C;
10F41 : 8C;
10F42 : 8C;
10F43 : 8C;
10F44 : 8C;
10F45 : 8C;
10F46 : 8C;
10F47 : 8C;
10F48 : 8C;
10F49 : 8C;
10F4A : 8C;
10F4B : 8C;
10F4C : 8C;
10F4D : 8C;
10F4E : 8C;
10F4F : 8C;
10F50 : 8C;
10F51 : 8C;
10F52 : 8C;
10F53 : 8C;
10F54 : 8C;
10F55 : 8C;
10F56 : 8C;
10F57 : 8C;
10F58 : 8C;
10F59 : 8C;
10F5A : 8C;
10F5B : 8C;
10F5C : 8C;
10F5D : 8C;
10F5E : 8C;
10F5F : 8C;
10F60 : 44;
10F61 : 44;
10F62 : 44;
10F63 : 44;
10F64 : 44;
10F65 : 44;
10F66 : 44;
10F67 : 44;
10F68 : 44;
10F69 : 44;
10F6A : 44;
10F6B : 44;
10F6C : 44;
10F6D : 44;
10F6E : 44;
10F6F : 44;
10F70 : 44;
10F71 : 44;
10F72 : 44;
10F73 : 44;
10F74 : 44;
10F75 : 44;
10F76 : 44;
10F77 : 44;
10F78 : 44;
10F79 : 44;
10F7A : 44;
10F7B : 44;
10F7C : 44;
10F7D : 44;
10F7E : 44;
10F7F : 44;
10F80 : 44;
10F81 : 44;
10F82 : 44;
10F83 : 44;
10F84 : 44;
10F85 : 44;
10F86 : 44;
10F87 : 44;
10F88 : 44;
10F89 : 44;
10F8A : 44;
10F8B : 44;
10F8C : 44;
10F8D : 44;
10F8E : 44;
10F8F : 44;
10F90 : 44;
10F91 : 44;
10F92 : 44;
10F93 : 44;
10F94 : 44;
10F95 : 44;
10F96 : 44;
10F97 : 44;
10F98 : 44;
10F99 : 44;
10F9A : 44;
10F9B : 44;
10F9C : 44;
10F9D : 44;
10F9E : 44;
10F9F : 44;
10FA0 : 8C;
10FA1 : 8C;
10FA2 : 8C;
10FA3 : 8C;
10FA4 : 8C;
10FA5 : 8C;
10FA6 : 8C;
10FA7 : 8C;
10FA8 : 8C;
10FA9 : 8C;
10FAA : 8C;
10FAB : 8C;
10FAC : 8C;
10FAD : 8C;
10FAE : 8C;
10FAF : 8C;
10FB0 : 8C;
10FB1 : 8C;
10FB2 : 8C;
10FB3 : 8C;
10FB4 : 8C;
10FB5 : 8C;
10FB6 : 8C;
10FB7 : 8C;
10FB8 : 8C;
10FB9 : 8C;
10FBA : 8C;
10FBB : 8C;
10FBC : 8C;
10FBD : 8C;
10FBE : 8C;
10FBF : 8C;
10FC0 : 8C;
10FC1 : 8C;
10FC2 : 8C;
10FC3 : 8C;
10FC4 : 8C;
10FC5 : 8C;
10FC6 : 8C;
10FC7 : 8C;
10FC8 : 8C;
10FC9 : 8C;
10FCA : 8C;
10FCB : 8C;
10FCC : 8C;
10FCD : 8C;
10FCE : 8C;
10FCF : 8C;
10FD0 : 8C;
10FD1 : 8C;
10FD2 : 8C;
10FD3 : 8C;
10FD4 : 8C;
10FD5 : 8C;
10FD6 : 8C;
10FD7 : 8C;
10FD8 : 8C;
10FD9 : 8C;
10FDA : 8C;
10FDB : 8C;
10FDC : 8C;
10FDD : 8C;
10FDE : 8C;
10FDF : 8C;
10FE0 : 8C;
10FE1 : 8C;
10FE2 : 8C;
10FE3 : 8C;
10FE4 : 8C;
10FE5 : 8C;
10FE6 : 8C;
10FE7 : 8C;
10FE8 : 8C;
10FE9 : 8C;
10FEA : 8C;
10FEB : 8C;
10FEC : 8C;
10FED : 8C;
10FEE : 8C;
10FEF : 8C;
10FF0 : 8C;
10FF1 : 8C;
10FF2 : 8C;
10FF3 : 8C;
10FF4 : 8C;
10FF5 : 8C;
10FF6 : 8C;
10FF7 : 8C;
10FF8 : 8C;
10FF9 : 8C;
10FFA : 8C;
10FFB : 8C;
10FFC : 8C;
10FFD : 8C;
10FFE : 8C;
10FFF : 8C;
11000 : 8C;
11001 : 8C;
11002 : 8C;
11003 : 8C;
11004 : 8C;
11005 : 8C;
11006 : 8C;
11007 : 8C;
11008 : 8C;
11009 : 8C;
1100A : 8C;
1100B : 8C;
1100C : 8C;
1100D : 8C;
1100E : 8C;
1100F : 8C;
11010 : 8C;
11011 : 8C;
11012 : 8C;
11013 : 8C;
11014 : 8C;
11015 : 8C;
11016 : 8C;
11017 : 8C;
11018 : 8C;
11019 : 8C;
1101A : 8C;
1101B : 64;
1101C : 64;
1101D : 40;
1101E : 44;
1101F : 20;
11020 : 8C;
11021 : 8C;
11022 : 8C;
11023 : 8C;
11024 : 8C;
11025 : 8C;
11026 : 8C;
11027 : 8C;
11028 : 8C;
11029 : 8C;
1102A : 8C;
1102B : 8C;
1102C : 8C;
1102D : 8C;
1102E : 8C;
1102F : 8C;
11030 : 8C;
11031 : 8C;
11032 : 8C;
11033 : 8C;
11034 : 8C;
11035 : 8C;
11036 : 8C;
11037 : 8C;
11038 : 8C;
11039 : 8C;
1103A : 8C;
1103B : 64;
1103C : 64;
1103D : 44;
1103E : 40;
1103F : 20;
11040 : 8C;
11041 : 8C;
11042 : 8C;
11043 : 8C;
11044 : 8C;
11045 : 8C;
11046 : 8C;
11047 : 8C;
11048 : 8C;
11049 : 8C;
1104A : 8C;
1104B : 8C;
1104C : 8C;
1104D : 8C;
1104E : 8C;
1104F : 8C;
11050 : 8C;
11051 : 8C;
11052 : 8C;
11053 : 8C;
11054 : 8C;
11055 : 8C;
11056 : 8C;
11057 : 8C;
11058 : 8C;
11059 : 8C;
1105A : 8C;
1105B : 64;
1105C : 64;
1105D : 44;
1105E : 40;
1105F : 20;
11060 : 8C;
11061 : 8C;
11062 : 8C;
11063 : 8C;
11064 : 8C;
11065 : 8C;
11066 : 8C;
11067 : 8C;
11068 : 8C;
11069 : 8C;
1106A : 8C;
1106B : 8C;
1106C : 8C;
1106D : 8C;
1106E : 8C;
1106F : 8C;
11070 : 8C;
11071 : 8C;
11072 : 8C;
11073 : 8C;
11074 : 8C;
11075 : 8C;
11076 : 8C;
11077 : 8C;
11078 : 8C;
11079 : 8C;
1107A : 8C;
1107B : 44;
1107C : 64;
1107D : 44;
1107E : 40;
1107F : 20;
11080 : 8C;
11081 : 8C;
11082 : 8C;
11083 : 8C;
11084 : 8C;
11085 : 8C;
11086 : 8C;
11087 : 8C;
11088 : 8C;
11089 : 8C;
1108A : 8C;
1108B : 8C;
1108C : 8C;
1108D : 8C;
1108E : 8C;
1108F : 8C;
11090 : 8C;
11091 : 8C;
11092 : 8C;
11093 : 8C;
11094 : 8C;
11095 : 8C;
11096 : 8C;
11097 : 8C;
11098 : 8C;
11099 : 8C;
1109A : 8C;
1109B : 64;
1109C : 44;
1109D : 44;
1109E : 40;
1109F : 20;
110A0 : 8C;
110A1 : 8C;
110A2 : 8C;
110A3 : 8C;
110A4 : 8C;
110A5 : 8C;
110A6 : 8C;
110A7 : 8C;
110A8 : 8C;
110A9 : 8C;
110AA : 8C;
110AB : 8C;
110AC : 8C;
110AD : 8C;
110AE : 8C;
110AF : 8C;
110B0 : 8C;
110B1 : 8C;
110B2 : 8C;
110B3 : 8C;
110B4 : 8C;
110B5 : 8C;
110B6 : 8C;
110B7 : 8C;
110B8 : 8C;
110B9 : 8C;
110BA : 8C;
110BB : 64;
110BC : 44;
110BD : 64;
110BE : 40;
110BF : 20;
110C0 : 68;
110C1 : 68;
110C2 : 68;
110C3 : 68;
110C4 : 68;
110C5 : 68;
110C6 : 68;
110C7 : 68;
110C8 : 68;
110C9 : 68;
110CA : 68;
110CB : 68;
110CC : 68;
110CD : 68;
110CE : 68;
110CF : 68;
110D0 : 68;
110D1 : 68;
110D2 : 68;
110D3 : 68;
110D4 : 68;
110D5 : 68;
110D6 : 68;
110D7 : 68;
110D8 : 68;
110D9 : 68;
110DA : 68;
110DB : 64;
110DC : 44;
110DD : 64;
110DE : 40;
110DF : 20;
110E0 : 68;
110E1 : 68;
110E2 : 68;
110E3 : 68;
110E4 : 68;
110E5 : 68;
110E6 : 68;
110E7 : 68;
110E8 : 68;
110E9 : 68;
110EA : 68;
110EB : 68;
110EC : 68;
110ED : 68;
110EE : 68;
110EF : 68;
110F0 : 68;
110F1 : 68;
110F2 : 68;
110F3 : 68;
110F4 : 68;
110F5 : 68;
110F6 : 68;
110F7 : 68;
110F8 : 68;
110F9 : 68;
110FA : 68;
110FB : 64;
110FC : 64;
110FD : 64;
110FE : 40;
110FF : 20;
11100 : 8C;
11101 : 8C;
11102 : 8C;
11103 : 8C;
11104 : 8C;
11105 : 8C;
11106 : 8C;
11107 : 8C;
11108 : 8C;
11109 : 8C;
1110A : 8C;
1110B : 8C;
1110C : 8C;
1110D : 8C;
1110E : 8C;
1110F : 8C;
11110 : 8C;
11111 : 8C;
11112 : 8C;
11113 : 8C;
11114 : 8C;
11115 : 8C;
11116 : 8C;
11117 : 8C;
11118 : 8C;
11119 : 8C;
1111A : 8C;
1111B : 64;
1111C : 64;
1111D : 64;
1111E : 44;
1111F : 20;
11120 : 8C;
11121 : 8C;
11122 : 8C;
11123 : 8C;
11124 : 8C;
11125 : 8C;
11126 : 8C;
11127 : 8C;
11128 : 8C;
11129 : 8C;
1112A : 8C;
1112B : 8C;
1112C : 8C;
1112D : 8C;
1112E : 8C;
1112F : 8C;
11130 : 8C;
11131 : 8C;
11132 : 8C;
11133 : 8C;
11134 : 8C;
11135 : 8C;
11136 : 8C;
11137 : 8C;
11138 : 8C;
11139 : 8C;
1113A : 8C;
1113B : 64;
1113C : 64;
1113D : 64;
1113E : 44;
1113F : 20;
11140 : 8C;
11141 : 8C;
11142 : 8C;
11143 : 8C;
11144 : 8C;
11145 : 8C;
11146 : 8C;
11147 : 8C;
11148 : 8C;
11149 : 8C;
1114A : 8C;
1114B : 8C;
1114C : 8C;
1114D : 8C;
1114E : 8C;
1114F : 8C;
11150 : 8C;
11151 : 8C;
11152 : 8C;
11153 : 8C;
11154 : 8C;
11155 : 8C;
11156 : 8C;
11157 : 8C;
11158 : 8C;
11159 : 8C;
1115A : 8C;
1115B : 64;
1115C : 64;
1115D : 64;
1115E : 44;
1115F : 20;
11160 : 8C;
11161 : 8C;
11162 : 8C;
11163 : 8C;
11164 : 8C;
11165 : 8C;
11166 : 8C;
11167 : 8C;
11168 : 8C;
11169 : 8C;
1116A : 8C;
1116B : 8C;
1116C : 8C;
1116D : 8C;
1116E : 8C;
1116F : 8C;
11170 : 8C;
11171 : 8C;
11172 : 8C;
11173 : 8C;
11174 : 8C;
11175 : 8C;
11176 : 8C;
11177 : 8C;
11178 : 8C;
11179 : 8C;
1117A : 8C;
1117B : 64;
1117C : 64;
1117D : 64;
1117E : 44;
1117F : 20;
11180 : 8C;
11181 : 8C;
11182 : 8C;
11183 : 8C;
11184 : 8C;
11185 : 8C;
11186 : 8C;
11187 : 8C;
11188 : 8C;
11189 : 8C;
1118A : 8C;
1118B : 8C;
1118C : 8C;
1118D : 8C;
1118E : 8C;
1118F : 8C;
11190 : 8C;
11191 : 8C;
11192 : 8C;
11193 : 8C;
11194 : 8C;
11195 : 8C;
11196 : 8C;
11197 : 8C;
11198 : 8C;
11199 : 8C;
1119A : 8C;
1119B : 64;
1119C : 64;
1119D : 44;
1119E : 44;
1119F : 20;
111A0 : 8C;
111A1 : 8C;
111A2 : 8C;
111A3 : 8C;
111A4 : 8C;
111A5 : 8C;
111A6 : 8C;
111A7 : 8C;
111A8 : 8C;
111A9 : 8C;
111AA : 8C;
111AB : 8C;
111AC : 8C;
111AD : 8C;
111AE : 8C;
111AF : 8C;
111B0 : 8C;
111B1 : 8C;
111B2 : 8C;
111B3 : 8C;
111B4 : 8C;
111B5 : 8C;
111B6 : 8C;
111B7 : 8C;
111B8 : 8C;
111B9 : 8C;
111BA : 8C;
111BB : 64;
111BC : 64;
111BD : 64;
111BE : 44;
111BF : 20;
111C0 : 8C;
111C1 : 8C;
111C2 : 8C;
111C3 : 8C;
111C4 : 8C;
111C5 : 8C;
111C6 : 8C;
111C7 : 8C;
111C8 : 8C;
111C9 : 8C;
111CA : 8C;
111CB : 8C;
111CC : 8C;
111CD : 8C;
111CE : 8C;
111CF : 8C;
111D0 : 8C;
111D1 : 8C;
111D2 : 8C;
111D3 : 8C;
111D4 : 8C;
111D5 : 8C;
111D6 : 8C;
111D7 : 8C;
111D8 : 8C;
111D9 : 8C;
111DA : 8C;
111DB : 64;
111DC : 64;
111DD : 64;
111DE : 64;
111DF : 20;
111E0 : 8C;
111E1 : 68;
111E2 : 68;
111E3 : 68;
111E4 : 68;
111E5 : 68;
111E6 : 68;
111E7 : 68;
111E8 : 68;
111E9 : 68;
111EA : 68;
111EB : 68;
111EC : 68;
111ED : 68;
111EE : 68;
111EF : 68;
111F0 : 68;
111F1 : 68;
111F2 : 68;
111F3 : 68;
111F4 : 68;
111F5 : 68;
111F6 : 68;
111F7 : 68;
111F8 : 68;
111F9 : 68;
111FA : 68;
111FB : 64;
111FC : 64;
111FD : 64;
111FE : 64;
111FF : 40;
11200 : 68;
11201 : 68;
11202 : 68;
11203 : 68;
11204 : 68;
11205 : 68;
11206 : 68;
11207 : 68;
11208 : 68;
11209 : 68;
1120A : 68;
1120B : 68;
1120C : 68;
1120D : 68;
1120E : 68;
1120F : 68;
11210 : 68;
11211 : 68;
11212 : 68;
11213 : 68;
11214 : 68;
11215 : 68;
11216 : 68;
11217 : 68;
11218 : 68;
11219 : 68;
1121A : 68;
1121B : 64;
1121C : 64;
1121D : 44;
1121E : 44;
1121F : 40;
11220 : 8C;
11221 : 8C;
11222 : 8C;
11223 : 8C;
11224 : 8C;
11225 : 8C;
11226 : 8C;
11227 : 8C;
11228 : 8C;
11229 : 8C;
1122A : 8C;
1122B : 8C;
1122C : 8C;
1122D : 8C;
1122E : 8C;
1122F : 8C;
11230 : 8C;
11231 : 8C;
11232 : 8C;
11233 : 8C;
11234 : 8C;
11235 : 8C;
11236 : 8C;
11237 : 8C;
11238 : 8C;
11239 : 8C;
1123A : 8C;
1123B : 64;
1123C : 64;
1123D : 44;
1123E : 44;
1123F : 40;
11240 : 8C;
11241 : 8C;
11242 : 8C;
11243 : 8C;
11244 : 8C;
11245 : 8C;
11246 : 8C;
11247 : 8C;
11248 : 8C;
11249 : 8C;
1124A : 8C;
1124B : 8C;
1124C : 8C;
1124D : 8C;
1124E : 8C;
1124F : 8C;
11250 : 8C;
11251 : 8C;
11252 : 8C;
11253 : 8C;
11254 : 8C;
11255 : 8C;
11256 : 8C;
11257 : 8C;
11258 : 8C;
11259 : 8C;
1125A : 8C;
1125B : 8C;
1125C : 44;
1125D : 44;
1125E : 44;
1125F : 20;
11260 : 8C;
11261 : 8C;
11262 : 8C;
11263 : 8C;
11264 : 8C;
11265 : 8C;
11266 : 8C;
11267 : 8C;
11268 : 8C;
11269 : 8C;
1126A : 8C;
1126B : 8C;
1126C : 8C;
1126D : 8C;
1126E : 8C;
1126F : 8C;
11270 : 8C;
11271 : 8C;
11272 : 8C;
11273 : 8C;
11274 : 8C;
11275 : 8C;
11276 : 8C;
11277 : 8C;
11278 : 8C;
11279 : 8C;
1127A : 8C;
1127B : 8C;
1127C : 44;
1127D : 44;
1127E : 44;
1127F : 40;
11280 : 8C;
11281 : 8C;
11282 : 8C;
11283 : 8C;
11284 : 8C;
11285 : 8C;
11286 : 8C;
11287 : 8C;
11288 : 8C;
11289 : 8C;
1128A : 8C;
1128B : 8C;
1128C : 8C;
1128D : 8C;
1128E : 8C;
1128F : 8C;
11290 : 8C;
11291 : 8C;
11292 : 8C;
11293 : 8C;
11294 : 8C;
11295 : 8C;
11296 : 8C;
11297 : 8C;
11298 : 8C;
11299 : 8C;
1129A : 8C;
1129B : 8C;
1129C : 8C;
1129D : 44;
1129E : 44;
1129F : 40;
112A0 : 8C;
112A1 : 8C;
112A2 : 8C;
112A3 : 8C;
112A4 : 8C;
112A5 : 8C;
112A6 : 8C;
112A7 : 8C;
112A8 : 8C;
112A9 : 8C;
112AA : 8C;
112AB : 8C;
112AC : 8C;
112AD : 8C;
112AE : 8C;
112AF : 8C;
112B0 : 8C;
112B1 : 8C;
112B2 : 8C;
112B3 : 8C;
112B4 : 8C;
112B5 : 8C;
112B6 : 8C;
112B7 : 8C;
112B8 : 8C;
112B9 : 8C;
112BA : 8C;
112BB : 8C;
112BC : 8C;
112BD : 8C;
112BE : 44;
112BF : 44;
112C0 : 8C;
112C1 : 8C;
112C2 : 8C;
112C3 : 8C;
112C4 : 8C;
112C5 : 8C;
112C6 : 8C;
112C7 : 8C;
112C8 : 8C;
112C9 : 8C;
112CA : 8C;
112CB : 8C;
112CC : 8C;
112CD : 8C;
112CE : 8C;
112CF : 8C;
112D0 : 8C;
112D1 : 8C;
112D2 : 8C;
112D3 : 8C;
112D4 : 8C;
112D5 : 8C;
112D6 : 8C;
112D7 : 8C;
112D8 : 8C;
112D9 : 8C;
112DA : 8C;
112DB : 8C;
112DC : 8C;
112DD : 8C;
112DE : 8C;
112DF : 64;
112E0 : 8C;
112E1 : 8C;
112E2 : 8C;
112E3 : 8C;
112E4 : 8C;
112E5 : 8C;
112E6 : 8C;
112E7 : 8C;
112E8 : 8C;
112E9 : 8C;
112EA : 8C;
112EB : 8C;
112EC : 8C;
112ED : 8C;
112EE : 8C;
112EF : 8C;
112F0 : 8C;
112F1 : 8C;
112F2 : 8C;
112F3 : 8C;
112F4 : 8C;
112F5 : 8C;
112F6 : 8C;
112F7 : 8C;
112F8 : 8C;
112F9 : 8C;
112FA : 8C;
112FB : 8C;
112FC : 8C;
112FD : 8C;
112FE : 8C;
112FF : 64;
11300 : 8C;
11301 : 8C;
11302 : 8C;
11303 : 8C;
11304 : 8C;
11305 : 8C;
11306 : 8C;
11307 : 8C;
11308 : 8C;
11309 : 8C;
1130A : 8C;
1130B : 8C;
1130C : 8C;
1130D : 8C;
1130E : 8C;
1130F : 8C;
11310 : 8C;
11311 : 8C;
11312 : 8C;
11313 : 8C;
11314 : 8C;
11315 : 8C;
11316 : 8C;
11317 : 8C;
11318 : 8C;
11319 : 8C;
1131A : 8C;
1131B : 8C;
1131C : 8C;
1131D : 8C;
1131E : 8C;
1131F : 68;
11320 : 8C;
11321 : 8C;
11322 : 8C;
11323 : 8C;
11324 : 8C;
11325 : 8C;
11326 : 8C;
11327 : 8C;
11328 : 8C;
11329 : 8C;
1132A : 8C;
1132B : 8C;
1132C : 8C;
1132D : 8C;
1132E : 8C;
1132F : 8C;
11330 : 8C;
11331 : 8C;
11332 : 8C;
11333 : 8C;
11334 : 8C;
11335 : 8C;
11336 : 8C;
11337 : 8C;
11338 : 8C;
11339 : 8C;
1133A : 8C;
1133B : 8C;
1133C : 8C;
1133D : 8C;
1133E : 8C;
1133F : 8C;
11340 : 8C;
11341 : 8C;
11342 : 8C;
11343 : 8C;
11344 : 8C;
11345 : 8C;
11346 : 8C;
11347 : 8C;
11348 : 8C;
11349 : 8C;
1134A : 8C;
1134B : 8C;
1134C : 8C;
1134D : 8C;
1134E : 8C;
1134F : 8C;
11350 : 8C;
11351 : 8C;
11352 : 8C;
11353 : 8C;
11354 : 8C;
11355 : 8C;
11356 : 8C;
11357 : 8C;
11358 : 8C;
11359 : 8C;
1135A : 8C;
1135B : 8C;
1135C : 8C;
1135D : 8C;
1135E : 8C;
1135F : 8C;
11360 : 44;
11361 : 44;
11362 : 44;
11363 : 44;
11364 : 44;
11365 : 44;
11366 : 44;
11367 : 44;
11368 : 44;
11369 : 44;
1136A : 44;
1136B : 44;
1136C : 44;
1136D : 44;
1136E : 44;
1136F : 44;
11370 : 44;
11371 : 44;
11372 : 44;
11373 : 44;
11374 : 44;
11375 : 44;
11376 : 44;
11377 : 44;
11378 : 44;
11379 : 44;
1137A : 44;
1137B : 44;
1137C : 44;
1137D : 44;
1137E : 44;
1137F : 44;
11380 : 44;
11381 : 44;
11382 : 44;
11383 : 44;
11384 : 44;
11385 : 44;
11386 : 44;
11387 : 44;
11388 : 44;
11389 : 44;
1138A : 44;
1138B : 44;
1138C : 44;
1138D : 44;
1138E : 44;
1138F : 44;
11390 : 44;
11391 : 44;
11392 : 44;
11393 : 44;
11394 : 44;
11395 : 44;
11396 : 44;
11397 : 44;
11398 : 44;
11399 : 44;
1139A : 44;
1139B : 44;
1139C : 44;
1139D : 44;
1139E : 44;
1139F : 44;
113A0 : 8C;
113A1 : 8C;
113A2 : 8C;
113A3 : 8C;
113A4 : 8C;
113A5 : 8C;
113A6 : 8C;
113A7 : 8C;
113A8 : 8C;
113A9 : 8C;
113AA : 8C;
113AB : 8C;
113AC : 8C;
113AD : 8C;
113AE : 8C;
113AF : 8C;
113B0 : 8C;
113B1 : 8C;
113B2 : 8C;
113B3 : 8C;
113B4 : 8C;
113B5 : 8C;
113B6 : 8C;
113B7 : 8C;
113B8 : 8C;
113B9 : 8C;
113BA : 8C;
113BB : 8C;
113BC : 8C;
113BD : 8C;
113BE : 8C;
113BF : 8C;
113C0 : 8C;
113C1 : 8C;
113C2 : 8C;
113C3 : 8C;
113C4 : 8C;
113C5 : 8C;
113C6 : 8C;
113C7 : 8C;
113C8 : 8C;
113C9 : 8C;
113CA : 8C;
113CB : 8C;
113CC : 8C;
113CD : 8C;
113CE : 8C;
113CF : 8C;
113D0 : 8C;
113D1 : 8C;
113D2 : 8C;
113D3 : 8C;
113D4 : 8C;
113D5 : 8C;
113D6 : 8C;
113D7 : 8C;
113D8 : 8C;
113D9 : 8C;
113DA : 8C;
113DB : 8C;
113DC : 8C;
113DD : 8C;
113DE : 8C;
113DF : 8C;
113E0 : 8C;
113E1 : 8C;
113E2 : 8C;
113E3 : 8C;
113E4 : 8C;
113E5 : 8C;
113E6 : 8C;
113E7 : 8C;
113E8 : 8C;
113E9 : 8C;
113EA : 8C;
113EB : 8C;
113EC : 8C;
113ED : 8C;
113EE : 8C;
113EF : 8C;
113F0 : 8C;
113F1 : 8C;
113F2 : 8C;
113F3 : 8C;
113F4 : 8C;
113F5 : 8C;
113F6 : 8C;
113F7 : 8C;
113F8 : 8C;
113F9 : 8C;
113FA : 8C;
113FB : 8C;
113FC : 8C;
113FD : 8C;
113FE : 8C;
113FF : 8C;
11400 : 64;
11401 : 40;
11402 : 40;
11403 : 20;
11404 : AC;
11405 : AC;
11406 : A8;
11407 : AC;
11408 : AC;
11409 : AC;
1140A : AC;
1140B : AC;
1140C : AC;
1140D : AC;
1140E : AC;
1140F : CC;
11410 : 8C;
11411 : 8C;
11412 : 8C;
11413 : 8C;
11414 : 8C;
11415 : 8C;
11416 : 8C;
11417 : 8C;
11418 : 8C;
11419 : 8C;
1141A : 8C;
1141B : 8C;
1141C : 8C;
1141D : 8C;
1141E : 8C;
1141F : 8C;
11420 : 64;
11421 : 20;
11422 : 40;
11423 : 40;
11424 : AC;
11425 : AC;
11426 : AC;
11427 : AC;
11428 : AC;
11429 : CC;
1142A : CC;
1142B : CC;
1142C : AC;
1142D : AC;
1142E : AC;
1142F : AC;
11430 : 8C;
11431 : 8C;
11432 : 8C;
11433 : 8C;
11434 : 8C;
11435 : 8C;
11436 : 8C;
11437 : 8C;
11438 : 8C;
11439 : 8C;
1143A : 8C;
1143B : 8C;
1143C : 8C;
1143D : 8C;
1143E : 8C;
1143F : 8C;
11440 : 44;
11441 : 00;
11442 : 00;
11443 : 00;
11444 : AC;
11445 : A8;
11446 : AC;
11447 : A8;
11448 : AC;
11449 : AC;
1144A : AC;
1144B : AC;
1144C : AC;
1144D : A8;
1144E : 64;
1144F : 8C;
11450 : 8C;
11451 : 8C;
11452 : 8C;
11453 : 8C;
11454 : 8C;
11455 : 8C;
11456 : 8C;
11457 : 8C;
11458 : 8C;
11459 : 8C;
1145A : 8C;
1145B : 8C;
1145C : 8C;
1145D : 8C;
1145E : 8C;
1145F : 8C;
11460 : 64;
11461 : 88;
11462 : 88;
11463 : A8;
11464 : 44;
11465 : 44;
11466 : 44;
11467 : 44;
11468 : 44;
11469 : 64;
1146A : 64;
1146B : 88;
1146C : 88;
1146D : 88;
1146E : 8C;
1146F : 8C;
11470 : 8C;
11471 : 8C;
11472 : 8C;
11473 : 8C;
11474 : 8C;
11475 : 8C;
11476 : 8C;
11477 : 8C;
11478 : 8C;
11479 : 8C;
1147A : 8C;
1147B : 8C;
1147C : 8C;
1147D : 8C;
1147E : 8C;
1147F : 8C;
11480 : 64;
11481 : 88;
11482 : 88;
11483 : AC;
11484 : 44;
11485 : 44;
11486 : 44;
11487 : 44;
11488 : 44;
11489 : 64;
1148A : 64;
1148B : 88;
1148C : A8;
1148D : 88;
1148E : 8C;
1148F : 8C;
11490 : 8C;
11491 : 8C;
11492 : 8C;
11493 : 8C;
11494 : 8C;
11495 : 8C;
11496 : 8C;
11497 : 8C;
11498 : 8C;
11499 : 8C;
1149A : 8C;
1149B : 8C;
1149C : 8C;
1149D : 8C;
1149E : 8C;
1149F : 8C;
114A0 : A8;
114A1 : A8;
114A2 : 64;
114A3 : 44;
114A4 : 44;
114A5 : 44;
114A6 : 44;
114A7 : 44;
114A8 : 44;
114A9 : 64;
114AA : 64;
114AB : A8;
114AC : 88;
114AD : 8C;
114AE : 8C;
114AF : 8C;
114B0 : 8C;
114B1 : 8C;
114B2 : 8C;
114B3 : 8C;
114B4 : 8C;
114B5 : 8C;
114B6 : 8C;
114B7 : 8C;
114B8 : 8C;
114B9 : 8C;
114BA : 8C;
114BB : 8C;
114BC : 8C;
114BD : 8C;
114BE : 8C;
114BF : 8C;
114C0 : AC;
114C1 : 88;
114C2 : 64;
114C3 : 64;
114C4 : 64;
114C5 : 64;
114C6 : 64;
114C7 : 64;
114C8 : 64;
114C9 : 88;
114CA : 88;
114CB : 68;
114CC : 68;
114CD : 68;
114CE : 68;
114CF : 68;
114D0 : 68;
114D1 : 68;
114D2 : 68;
114D3 : 68;
114D4 : 68;
114D5 : 68;
114D6 : 68;
114D7 : 68;
114D8 : 68;
114D9 : 68;
114DA : 68;
114DB : 68;
114DC : 68;
114DD : 68;
114DE : 68;
114DF : 68;
114E0 : AC;
114E1 : 64;
114E2 : 84;
114E3 : 88;
114E4 : 88;
114E5 : 88;
114E6 : 88;
114E7 : 88;
114E8 : 88;
114E9 : AC;
114EA : AC;
114EB : 68;
114EC : 68;
114ED : 68;
114EE : 68;
114EF : 68;
114F0 : 68;
114F1 : 68;
114F2 : 68;
114F3 : 68;
114F4 : 68;
114F5 : 68;
114F6 : 68;
114F7 : 68;
114F8 : 68;
114F9 : 68;
114FA : 68;
114FB : 68;
114FC : 68;
114FD : 68;
114FE : 68;
114FF : 68;
11500 : AC;
11501 : 84;
11502 : 84;
11503 : 88;
11504 : 88;
11505 : 88;
11506 : 88;
11507 : 88;
11508 : 88;
11509 : AC;
1150A : AC;
1150B : 8C;
1150C : 8C;
1150D : 8C;
1150E : 8C;
1150F : 8C;
11510 : 8C;
11511 : 8C;
11512 : 8C;
11513 : 8C;
11514 : 8C;
11515 : 8C;
11516 : 8C;
11517 : 8C;
11518 : 8C;
11519 : 8C;
1151A : 8C;
1151B : 8C;
1151C : 8C;
1151D : 8C;
1151E : 8C;
1151F : 8C;
11520 : AC;
11521 : 88;
11522 : 88;
11523 : 88;
11524 : 88;
11525 : 88;
11526 : 88;
11527 : 88;
11528 : 88;
11529 : CC;
1152A : AC;
1152B : 8C;
1152C : 8C;
1152D : 8C;
1152E : 8C;
1152F : 8C;
11530 : 8C;
11531 : 8C;
11532 : 8C;
11533 : 8C;
11534 : 8C;
11535 : 8C;
11536 : 8C;
11537 : 8C;
11538 : 8C;
11539 : 8C;
1153A : 8C;
1153B : 8C;
1153C : 8C;
1153D : 8C;
1153E : 8C;
1153F : 8C;
11540 : AC;
11541 : 88;
11542 : 88;
11543 : 88;
11544 : 88;
11545 : 88;
11546 : 88;
11547 : 88;
11548 : 88;
11549 : AC;
1154A : CC;
1154B : 8C;
1154C : 8C;
1154D : 8C;
1154E : 8C;
1154F : 8C;
11550 : 8C;
11551 : 8C;
11552 : 8C;
11553 : 8C;
11554 : 8C;
11555 : 8C;
11556 : 8C;
11557 : 8C;
11558 : 8C;
11559 : 8C;
1155A : 8C;
1155B : 8C;
1155C : 8C;
1155D : 8C;
1155E : 8C;
1155F : 8C;
11560 : CC;
11561 : AC;
11562 : AC;
11563 : AC;
11564 : A8;
11565 : A8;
11566 : A8;
11567 : AC;
11568 : AC;
11569 : D0;
1156A : D0;
1156B : 8C;
1156C : 8C;
1156D : 8C;
1156E : 8C;
1156F : 8C;
11570 : 8C;
11571 : 8C;
11572 : 8C;
11573 : 8C;
11574 : 8C;
11575 : 8C;
11576 : 8C;
11577 : 8C;
11578 : 8C;
11579 : 8C;
1157A : 8C;
1157B : 8C;
1157C : 8C;
1157D : 8C;
1157E : 8C;
1157F : 8C;
11580 : CC;
11581 : AC;
11582 : AC;
11583 : AC;
11584 : A8;
11585 : A8;
11586 : A8;
11587 : AC;
11588 : AC;
11589 : D0;
1158A : D0;
1158B : 8C;
1158C : 8C;
1158D : 8C;
1158E : 8C;
1158F : 8C;
11590 : 8C;
11591 : 8C;
11592 : 8C;
11593 : 8C;
11594 : 8C;
11595 : 8C;
11596 : 8C;
11597 : 8C;
11598 : 8C;
11599 : 8C;
1159A : 8C;
1159B : 8C;
1159C : 8C;
1159D : 8C;
1159E : 8C;
1159F : 8C;
115A0 : CC;
115A1 : AC;
115A2 : AC;
115A3 : AC;
115A4 : A8;
115A5 : A8;
115A6 : A8;
115A7 : AC;
115A8 : AC;
115A9 : D0;
115AA : CC;
115AB : 8C;
115AC : 8C;
115AD : 8C;
115AE : 8C;
115AF : 8C;
115B0 : 8C;
115B1 : 8C;
115B2 : 8C;
115B3 : 8C;
115B4 : 8C;
115B5 : 8C;
115B6 : 8C;
115B7 : 8C;
115B8 : 8C;
115B9 : 8C;
115BA : 8C;
115BB : 8C;
115BC : 8C;
115BD : 8C;
115BE : 8C;
115BF : 8C;
115C0 : CC;
115C1 : AC;
115C2 : AC;
115C3 : AC;
115C4 : A8;
115C5 : A8;
115C6 : A8;
115C7 : AC;
115C8 : AC;
115C9 : D0;
115CA : D0;
115CB : 8C;
115CC : 8C;
115CD : 8C;
115CE : 8C;
115CF : 8C;
115D0 : 8C;
115D1 : 8C;
115D2 : 8C;
115D3 : 8C;
115D4 : 8C;
115D5 : 8C;
115D6 : 8C;
115D7 : 8C;
115D8 : 8C;
115D9 : 8C;
115DA : 8C;
115DB : 8C;
115DC : 8C;
115DD : 8C;
115DE : 8C;
115DF : 8C;
115E0 : CC;
115E1 : AC;
115E2 : AC;
115E3 : AC;
115E4 : A8;
115E5 : A8;
115E6 : A8;
115E7 : AC;
115E8 : AC;
115E9 : D0;
115EA : D0;
115EB : 8C;
115EC : 8C;
115ED : 8C;
115EE : 8C;
115EF : 8C;
115F0 : 8C;
115F1 : 8C;
115F2 : 8C;
115F3 : 8C;
115F4 : 8C;
115F5 : 8C;
115F6 : 8C;
115F7 : 8C;
115F8 : 8C;
115F9 : 8C;
115FA : 8C;
115FB : 8C;
115FC : 8C;
115FD : 8C;
115FE : 8C;
115FF : 8C;
11600 : CC;
11601 : AC;
11602 : AC;
11603 : AC;
11604 : AC;
11605 : AC;
11606 : AC;
11607 : AC;
11608 : AC;
11609 : D0;
1160A : D0;
1160B : 8C;
1160C : 8C;
1160D : 8C;
1160E : 8C;
1160F : 8C;
11610 : 8C;
11611 : 8C;
11612 : 8C;
11613 : 8C;
11614 : 8C;
11615 : 8C;
11616 : 8C;
11617 : 8C;
11618 : 8C;
11619 : 8C;
1161A : 8C;
1161B : 8C;
1161C : 8C;
1161D : 8C;
1161E : 8C;
1161F : 8C;
11620 : CC;
11621 : AC;
11622 : AC;
11623 : AC;
11624 : AC;
11625 : AC;
11626 : AC;
11627 : AC;
11628 : AC;
11629 : D0;
1162A : D0;
1162B : 8C;
1162C : 8C;
1162D : 8C;
1162E : 8C;
1162F : 8C;
11630 : 8C;
11631 : 8C;
11632 : 8C;
11633 : 8C;
11634 : 8C;
11635 : 8C;
11636 : 8C;
11637 : 8C;
11638 : 8C;
11639 : 8C;
1163A : 8C;
1163B : 8C;
1163C : 8C;
1163D : 8C;
1163E : 8C;
1163F : 8C;
11640 : CC;
11641 : CC;
11642 : CC;
11643 : AC;
11644 : AC;
11645 : AC;
11646 : AC;
11647 : AC;
11648 : AC;
11649 : D0;
1164A : D0;
1164B : 8C;
1164C : 8C;
1164D : 8C;
1164E : 8C;
1164F : 8C;
11650 : 8C;
11651 : 8C;
11652 : 8C;
11653 : 8C;
11654 : 8C;
11655 : 8C;
11656 : 8C;
11657 : 8C;
11658 : 8C;
11659 : 8C;
1165A : 8C;
1165B : 8C;
1165C : 8C;
1165D : 8C;
1165E : 8C;
1165F : 8C;
11660 : CC;
11661 : CC;
11662 : D0;
11663 : CC;
11664 : AC;
11665 : AC;
11666 : AC;
11667 : D0;
11668 : D0;
11669 : D0;
1166A : D0;
1166B : 8C;
1166C : 8C;
1166D : 8C;
1166E : 8C;
1166F : 8C;
11670 : 8C;
11671 : 8C;
11672 : 8C;
11673 : 8C;
11674 : 8C;
11675 : 8C;
11676 : 8C;
11677 : 8C;
11678 : 8C;
11679 : 8C;
1167A : 8C;
1167B : 8C;
1167C : 8C;
1167D : 8C;
1167E : 8C;
1167F : 8C;
11680 : D0;
11681 : D0;
11682 : D0;
11683 : CC;
11684 : AC;
11685 : AC;
11686 : AC;
11687 : D0;
11688 : D0;
11689 : D0;
1168A : D0;
1168B : 68;
1168C : 68;
1168D : 68;
1168E : 68;
1168F : 68;
11690 : 68;
11691 : 68;
11692 : 68;
11693 : 68;
11694 : 68;
11695 : 8C;
11696 : 8C;
11697 : 8C;
11698 : 8C;
11699 : 8C;
1169A : 8C;
1169B : 8C;
1169C : 8C;
1169D : 8C;
1169E : 8C;
1169F : 8C;
116A0 : 44;
116A1 : 64;
116A2 : AC;
116A3 : D0;
116A4 : AC;
116A5 : AC;
116A6 : 84;
116A7 : 64;
116A8 : 64;
116A9 : 68;
116AA : 68;
116AB : 68;
116AC : 68;
116AD : 68;
116AE : 68;
116AF : 68;
116B0 : 68;
116B1 : 68;
116B2 : 68;
116B3 : 68;
116B4 : 68;
116B5 : 68;
116B6 : 8C;
116B7 : 8C;
116B8 : 8C;
116B9 : 8C;
116BA : 8C;
116BB : 8C;
116BC : 8C;
116BD : 8C;
116BE : 8C;
116BF : 8C;
116C0 : 44;
116C1 : 64;
116C2 : 64;
116C3 : 64;
116C4 : 64;
116C5 : 64;
116C6 : 64;
116C7 : 64;
116C8 : 64;
116C9 : 8C;
116CA : 8C;
116CB : 8C;
116CC : 8C;
116CD : 8C;
116CE : 8C;
116CF : 8C;
116D0 : 8C;
116D1 : 8C;
116D2 : 8C;
116D3 : 8C;
116D4 : 8C;
116D5 : 8C;
116D6 : 8C;
116D7 : 8C;
116D8 : 8C;
116D9 : 8C;
116DA : 8C;
116DB : 8C;
116DC : 8C;
116DD : 8C;
116DE : 8C;
116DF : 8C;
116E0 : 44;
116E1 : 64;
116E2 : 64;
116E3 : 64;
116E4 : 64;
116E5 : 64;
116E6 : 64;
116E7 : 64;
116E8 : 8C;
116E9 : 8C;
116EA : 8C;
116EB : 8C;
116EC : 8C;
116ED : 8C;
116EE : 8C;
116EF : 8C;
116F0 : 8C;
116F1 : 8C;
116F2 : 8C;
116F3 : 8C;
116F4 : 8C;
116F5 : 8C;
116F6 : 8C;
116F7 : 8C;
116F8 : 8C;
116F9 : 8C;
116FA : 8C;
116FB : 8C;
116FC : 8C;
116FD : 8C;
116FE : 8C;
116FF : 8C;
11700 : 44;
11701 : 44;
11702 : 44;
11703 : 44;
11704 : 44;
11705 : 44;
11706 : 64;
11707 : 8C;
11708 : 8C;
11709 : 8C;
1170A : 8C;
1170B : 8C;
1170C : 8C;
1170D : 8C;
1170E : 8C;
1170F : 8C;
11710 : 8C;
11711 : 8C;
11712 : 8C;
11713 : 8C;
11714 : 8C;
11715 : 8C;
11716 : 8C;
11717 : 8C;
11718 : 8C;
11719 : 8C;
1171A : 8C;
1171B : 8C;
1171C : 8C;
1171D : 8C;
1171E : 8C;
1171F : 8C;
11720 : 8C;
11721 : 8C;
11722 : 8C;
11723 : 8C;
11724 : 8C;
11725 : 8C;
11726 : 8C;
11727 : 8C;
11728 : 8C;
11729 : 8C;
1172A : 8C;
1172B : 8C;
1172C : 8C;
1172D : 8C;
1172E : 8C;
1172F : 8C;
11730 : 8C;
11731 : 8C;
11732 : 8C;
11733 : 8C;
11734 : 8C;
11735 : 8C;
11736 : 8C;
11737 : 8C;
11738 : 8C;
11739 : 8C;
1173A : 8C;
1173B : 8C;
1173C : 8C;
1173D : 8C;
1173E : 8C;
1173F : 8C;
11740 : 8C;
11741 : 8C;
11742 : 8C;
11743 : 8C;
11744 : 8C;
11745 : 8C;
11746 : 8C;
11747 : 8C;
11748 : 8C;
11749 : 8C;
1174A : 8C;
1174B : 8C;
1174C : 8C;
1174D : 8C;
1174E : 8C;
1174F : 8C;
11750 : 8C;
11751 : 8C;
11752 : 8C;
11753 : 8C;
11754 : 8C;
11755 : 8C;
11756 : 8C;
11757 : 8C;
11758 : 8C;
11759 : 8C;
1175A : 8C;
1175B : 8C;
1175C : 8C;
1175D : 8C;
1175E : 8C;
1175F : 8C;
11760 : 44;
11761 : 44;
11762 : 44;
11763 : 44;
11764 : 44;
11765 : 44;
11766 : 44;
11767 : 44;
11768 : 44;
11769 : 44;
1176A : 44;
1176B : 44;
1176C : 44;
1176D : 44;
1176E : 44;
1176F : 44;
11770 : 44;
11771 : 44;
11772 : 44;
11773 : 44;
11774 : 44;
11775 : 44;
11776 : 44;
11777 : 44;
11778 : 44;
11779 : 44;
1177A : 44;
1177B : 44;
1177C : 44;
1177D : 44;
1177E : 44;
1177F : 44;
11780 : 44;
11781 : 44;
11782 : 44;
11783 : 44;
11784 : 44;
11785 : 44;
11786 : 44;
11787 : 44;
11788 : 44;
11789 : 44;
1178A : 44;
1178B : 44;
1178C : 44;
1178D : 44;
1178E : 44;
1178F : 44;
11790 : 44;
11791 : 44;
11792 : 44;
11793 : 44;
11794 : 44;
11795 : 44;
11796 : 44;
11797 : 44;
11798 : 44;
11799 : 44;
1179A : 44;
1179B : 44;
1179C : 44;
1179D : 44;
1179E : 44;
1179F : 44;
117A0 : 8C;
117A1 : 8C;
117A2 : 8C;
117A3 : 8C;
117A4 : 8C;
117A5 : 8C;
117A6 : 8C;
117A7 : 8C;
117A8 : 8C;
117A9 : 8C;
117AA : 8C;
117AB : 8C;
117AC : 8C;
117AD : 8C;
117AE : 8C;
117AF : 8C;
117B0 : 8C;
117B1 : 8C;
117B2 : 8C;
117B3 : 8C;
117B4 : 8C;
117B5 : 8C;
117B6 : 8C;
117B7 : 8C;
117B8 : 8C;
117B9 : 8C;
117BA : 8C;
117BB : 8C;
117BC : 8C;
117BD : 8C;
117BE : 8C;
117BF : 8C;
117C0 : 8C;
117C1 : 8C;
117C2 : 8C;
117C3 : 8C;
117C4 : 8C;
117C5 : 8C;
117C6 : 8C;
117C7 : 8C;
117C8 : 8C;
117C9 : 8C;
117CA : 8C;
117CB : 8C;
117CC : 8C;
117CD : 8C;
117CE : 8C;
117CF : 8C;
117D0 : 8C;
117D1 : 8C;
117D2 : 8C;
117D3 : 8C;
117D4 : 8C;
117D5 : 8C;
117D6 : 8C;
117D7 : 8C;
117D8 : 8C;
117D9 : 8C;
117DA : 8C;
117DB : 8C;
117DC : 8C;
117DD : 8C;
117DE : 8C;
117DF : 8C;
117E0 : 8C;
117E1 : 8C;
117E2 : 8C;
117E3 : 8C;
117E4 : 8C;
117E5 : 8C;
117E6 : 8C;
117E7 : 8C;
117E8 : 8C;
117E9 : 8C;
117EA : 8C;
117EB : 8C;
117EC : 8C;
117ED : 8C;
117EE : 8C;
117EF : 8C;
117F0 : 8C;
117F1 : 8C;
117F2 : 8C;
117F3 : 8C;
117F4 : 8C;
117F5 : 8C;
117F6 : 8C;
117F7 : 8C;
117F8 : 8C;
117F9 : 8C;
117FA : 8C;
117FB : 8C;
117FC : 8C;
117FD : 8C;
117FE : 8C;
117FF : 8C;
11800 : 25;
11801 : 49;
11802 : 29;
11803 : 4D;
11804 : 49;
11805 : 49;
11806 : 92;
11807 : 4D;
11808 : 29;
11809 : 04;
1180A : 24;
1180B : 24;
1180C : 04;
1180D : 04;
1180E : 00;
1180F : 29;
11810 : 71;
11811 : 71;
11812 : 6D;
11813 : 6D;
11814 : 25;
11815 : 25;
11816 : 6D;
11817 : 25;
11818 : 4D;
11819 : 25;
1181A : 25;
1181B : 25;
1181C : 25;
1181D : 6D;
1181E : 25;
1181F : 49;
11820 : 24;
11821 : 29;
11822 : 6D;
11823 : 71;
11824 : 71;
11825 : 6D;
11826 : 6D;
11827 : 4D;
11828 : 4D;
11829 : 24;
1182A : 24;
1182B : 25;
1182C : 25;
1182D : 25;
1182E : 49;
1182F : 29;
11830 : 29;
11831 : 4D;
11832 : 4D;
11833 : 24;
11834 : 25;
11835 : 25;
11836 : 25;
11837 : 96;
11838 : 6D;
11839 : 71;
1183A : 71;
1183B : 71;
1183C : 6D;
1183D : 92;
1183E : 71;
1183F : 49;
11840 : 04;
11841 : 4D;
11842 : 6D;
11843 : 71;
11844 : 6D;
11845 : 6D;
11846 : 6D;
11847 : 4D;
11848 : 4D;
11849 : 4D;
1184A : 25;
1184B : 24;
1184C : 24;
1184D : 25;
1184E : 49;
1184F : 29;
11850 : 29;
11851 : 49;
11852 : 6D;
11853 : 24;
11854 : 25;
11855 : 25;
11856 : 71;
11857 : 71;
11858 : 71;
11859 : 71;
1185A : 71;
1185B : 71;
1185C : 71;
1185D : 71;
1185E : 96;
1185F : 96;
11860 : 24;
11861 : 4D;
11862 : 6D;
11863 : 4D;
11864 : 6D;
11865 : 6D;
11866 : 4D;
11867 : 71;
11868 : 04;
11869 : 4D;
1186A : 24;
1186B : 49;
1186C : 00;
1186D : 25;
1186E : 29;
1186F : 25;
11870 : 49;
11871 : 49;
11872 : 25;
11873 : 24;
11874 : 24;
11875 : 25;
11876 : 71;
11877 : 71;
11878 : 91;
11879 : 71;
1187A : 71;
1187B : 71;
1187C : 91;
1187D : 96;
1187E : 92;
1187F : 71;
11880 : 25;
11881 : 49;
11882 : 4D;
11883 : 49;
11884 : 29;
11885 : 29;
11886 : 4D;
11887 : 49;
11888 : 25;
11889 : 04;
1188A : 04;
1188B : 25;
1188C : 00;
1188D : 25;
1188E : 25;
1188F : 24;
11890 : 29;
11891 : 29;
11892 : 4D;
11893 : 24;
11894 : 24;
11895 : 25;
11896 : 25;
11897 : 71;
11898 : 4D;
11899 : 71;
1189A : 71;
1189B : 71;
1189C : 71;
1189D : 71;
1189E : 96;
1189F : 96;
118A0 : 04;
118A1 : 24;
118A2 : 6D;
118A3 : 25;
118A4 : 24;
118A5 : 04;
118A6 : 4D;
118A7 : 29;
118A8 : 00;
118A9 : 25;
118AA : 00;
118AB : 25;
118AC : 00;
118AD : 25;
118AE : 25;
118AF : 00;
118B0 : 29;
118B1 : 49;
118B2 : 49;
118B3 : 29;
118B4 : 49;
118B5 : 24;
118B6 : 6D;
118B7 : 6D;
118B8 : 4D;
118B9 : 6D;
118BA : 6D;
118BB : 6D;
118BC : 71;
118BD : 92;
118BE : 96;
118BF : 96;
118C0 : 25;
118C1 : 00;
118C2 : 24;
118C3 : 00;
118C4 : 25;
118C5 : 25;
118C6 : 25;
118C7 : 25;
118C8 : 25;
118C9 : 24;
118CA : 00;
118CB : 25;
118CC : 29;
118CD : 29;
118CE : 29;
118CF : 04;
118D0 : 49;
118D1 : 29;
118D2 : 4D;
118D3 : 4D;
118D4 : 49;
118D5 : 49;
118D6 : 25;
118D7 : 4D;
118D8 : 4D;
118D9 : 4D;
118DA : 6D;
118DB : 71;
118DC : 92;
118DD : 96;
118DE : 96;
118DF : 96;
118E0 : 25;
118E1 : 04;
118E2 : 00;
118E3 : 00;
118E4 : 24;
118E5 : 00;
118E6 : 04;
118E7 : 29;
118E8 : 24;
118E9 : 00;
118EA : 00;
118EB : 24;
118EC : 25;
118ED : 29;
118EE : 29;
118EF : 24;
118F0 : 4D;
118F1 : 6D;
118F2 : 4D;
118F3 : 4D;
118F4 : 4D;
118F5 : 49;
118F6 : 49;
118F7 : 25;
118F8 : 25;
118F9 : 6D;
118FA : 71;
118FB : 4D;
118FC : 71;
118FD : 91;
118FE : 96;
118FF : 96;
11900 : 4D;
11901 : 00;
11902 : 25;
11903 : 04;
11904 : 04;
11905 : 25;
11906 : 24;
11907 : 00;
11908 : 00;
11909 : 04;
1190A : 04;
1190B : 00;
1190C : 25;
1190D : 00;
1190E : 29;
1190F : 25;
11910 : 4D;
11911 : 49;
11912 : 4D;
11913 : 4D;
11914 : 4D;
11915 : 49;
11916 : 4D;
11917 : 29;
11918 : 49;
11919 : 6D;
1191A : 71;
1191B : 6D;
1191C : 6D;
1191D : 71;
1191E : 91;
1191F : 71;
11920 : 24;
11921 : 24;
11922 : 24;
11923 : 24;
11924 : 25;
11925 : 25;
11926 : 25;
11927 : 29;
11928 : 24;
11929 : 25;
1192A : 25;
1192B : 00;
1192C : 04;
1192D : 00;
1192E : 49;
1192F : 25;
11930 : 00;
11931 : 29;
11932 : 4D;
11933 : 4D;
11934 : 49;
11935 : 49;
11936 : 29;
11937 : 25;
11938 : 24;
11939 : 24;
1193A : 4D;
1193B : 6D;
1193C : 71;
1193D : 91;
1193E : 91;
1193F : 71;
11940 : 25;
11941 : 24;
11942 : 04;
11943 : 00;
11944 : 49;
11945 : 49;
11946 : 24;
11947 : 4D;
11948 : 00;
11949 : 25;
1194A : 25;
1194B : 24;
1194C : 04;
1194D : 00;
1194E : 00;
1194F : 4D;
11950 : 49;
11951 : 49;
11952 : 49;
11953 : 49;
11954 : 25;
11955 : 25;
11956 : 29;
11957 : 29;
11958 : 6D;
11959 : 25;
1195A : 25;
1195B : 6D;
1195C : 4D;
1195D : 4D;
1195E : 4D;
1195F : 71;
11960 : 25;
11961 : 24;
11962 : 25;
11963 : 29;
11964 : 29;
11965 : 29;
11966 : 49;
11967 : 4D;
11968 : 29;
11969 : 25;
1196A : 4D;
1196B : 24;
1196C : 04;
1196D : 25;
1196E : 00;
1196F : 49;
11970 : 29;
11971 : 25;
11972 : 49;
11973 : 4D;
11974 : 24;
11975 : 29;
11976 : 4D;
11977 : 4D;
11978 : 71;
11979 : 71;
1197A : 25;
1197B : 25;
1197C : 49;
1197D : 6D;
1197E : 6D;
1197F : 4D;
11980 : 24;
11981 : 25;
11982 : 29;
11983 : 29;
11984 : 29;
11985 : 04;
11986 : 25;
11987 : 29;
11988 : 6D;
11989 : 4D;
1198A : 29;
1198B : 25;
1198C : 04;
1198D : 04;
1198E : 25;
1198F : 25;
11990 : 25;
11991 : 25;
11992 : 29;
11993 : 25;
11994 : 25;
11995 : 4D;
11996 : 4D;
11997 : 6D;
11998 : 4D;
11999 : 49;
1199A : 6D;
1199B : 4D;
1199C : 25;
1199D : 29;
1199E : 29;
1199F : 4D;
119A0 : 00;
119A1 : 25;
119A2 : 29;
119A3 : 49;
119A4 : 49;
119A5 : 25;
119A6 : 25;
119A7 : 6D;
119A8 : 25;
119A9 : 6D;
119AA : 71;
119AB : 04;
119AC : 00;
119AD : 04;
119AE : 25;
119AF : 25;
119B0 : 25;
119B1 : 25;
119B2 : 29;
119B3 : 25;
119B4 : 4D;
119B5 : 29;
119B6 : 4D;
119B7 : 49;
119B8 : 71;
119B9 : 71;
119BA : 71;
119BB : 29;
119BC : 49;
119BD : 25;
119BE : 29;
119BF : 49;
119C0 : 25;
119C1 : 25;
119C2 : 25;
119C3 : 49;
119C4 : 4D;
119C5 : 6D;
119C6 : 6D;
119C7 : 4D;
119C8 : 4D;
119C9 : 6D;
119CA : 71;
119CB : 29;
119CC : 25;
119CD : 25;
119CE : 25;
119CF : 24;
119D0 : 29;
119D1 : 25;
119D2 : 29;
119D3 : 25;
119D4 : 71;
119D5 : 71;
119D6 : 71;
119D7 : 71;
119D8 : 4D;
119D9 : 4D;
119DA : 4D;
119DB : 49;
119DC : 4D;
119DD : 29;
119DE : 25;
119DF : 24;
119E0 : 25;
119E1 : 29;
119E2 : 49;
119E3 : 4D;
119E4 : 4D;
119E5 : 4D;
119E6 : 4D;
119E7 : 4D;
119E8 : 6D;
119E9 : 71;
119EA : 6D;
119EB : 71;
119EC : 4D;
119ED : 29;
119EE : 49;
119EF : 25;
119F0 : 25;
119F1 : 25;
119F2 : 00;
119F3 : 71;
119F4 : 4D;
119F5 : 6D;
119F6 : 4D;
119F7 : 4D;
119F8 : 71;
119F9 : 71;
119FA : 4D;
119FB : 71;
119FC : 29;
119FD : 29;
119FE : 29;
119FF : 25;
11A00 : 25;
11A01 : 25;
11A02 : 29;
11A03 : 49;
11A04 : 49;
11A05 : 4D;
11A06 : 4D;
11A07 : 4D;
11A08 : 4D;
11A09 : 71;
11A0A : 71;
11A0B : 4D;
11A0C : 6D;
11A0D : 29;
11A0E : 04;
11A0F : 00;
11A10 : 25;
11A11 : 00;
11A12 : 25;
11A13 : 6D;
11A14 : 71;
11A15 : 4D;
11A16 : 4D;
11A17 : 24;
11A18 : 00;
11A19 : 49;
11A1A : 4D;
11A1B : 49;
11A1C : 29;
11A1D : 25;
11A1E : 25;
11A1F : 25;
11A20 : 25;
11A21 : 25;
11A22 : 25;
11A23 : 25;
11A24 : 29;
11A25 : 4D;
11A26 : 4D;
11A27 : 4D;
11A28 : 4D;
11A29 : 4D;
11A2A : 6D;
11A2B : 4D;
11A2C : 4D;
11A2D : 49;
11A2E : 25;
11A2F : 25;
11A30 : 4D;
11A31 : 4D;
11A32 : 6D;
11A33 : 6D;
11A34 : 4D;
11A35 : 71;
11A36 : 71;
11A37 : 49;
11A38 : 49;
11A39 : 29;
11A3A : 6D;
11A3B : 4D;
11A3C : 29;
11A3D : 25;
11A3E : 29;
11A3F : 29;
11A40 : 25;
11A41 : 24;
11A42 : 49;
11A43 : 25;
11A44 : 25;
11A45 : 49;
11A46 : 4D;
11A47 : 4D;
11A48 : 4D;
11A49 : 4D;
11A4A : 4D;
11A4B : 4D;
11A4C : 29;
11A4D : 29;
11A4E : 24;
11A4F : 25;
11A50 : 96;
11A51 : 4D;
11A52 : 6D;
11A53 : 4D;
11A54 : 6D;
11A55 : 4D;
11A56 : 4D;
11A57 : 49;
11A58 : 49;
11A59 : 29;
11A5A : 29;
11A5B : 29;
11A5C : 4D;
11A5D : 29;
11A5E : 25;
11A5F : 25;
11A60 : 25;
11A61 : 25;
11A62 : 25;
11A63 : 25;
11A64 : 29;
11A65 : 25;
11A66 : 49;
11A67 : 4D;
11A68 : 4D;
11A69 : 4D;
11A6A : 4D;
11A6B : 4D;
11A6C : 49;
11A6D : 25;
11A6E : 25;
11A6F : 25;
11A70 : 4D;
11A71 : 71;
11A72 : 6D;
11A73 : 71;
11A74 : 4D;
11A75 : 71;
11A76 : 49;
11A77 : 49;
11A78 : 29;
11A79 : 49;
11A7A : 29;
11A7B : 49;
11A7C : 29;
11A7D : 29;
11A7E : 29;
11A7F : 29;
11A80 : 24;
11A81 : 25;
11A82 : 25;
11A83 : 29;
11A84 : 25;
11A85 : 4D;
11A86 : 29;
11A87 : 25;
11A88 : 49;
11A89 : 4D;
11A8A : 49;
11A8B : 4D;
11A8C : 24;
11A8D : 29;
11A8E : 29;
11A8F : 25;
11A90 : 25;
11A91 : 29;
11A92 : 4D;
11A93 : 6D;
11A94 : 4D;
11A95 : 4D;
11A96 : 49;
11A97 : 29;
11A98 : 29;
11A99 : 29;
11A9A : 4D;
11A9B : 4D;
11A9C : 4D;
11A9D : 4D;
11A9E : 49;
11A9F : 29;
11AA0 : 24;
11AA1 : 24;
11AA2 : 25;
11AA3 : 25;
11AA4 : 25;
11AA5 : 25;
11AA6 : 25;
11AA7 : 29;
11AA8 : 04;
11AA9 : 49;
11AAA : 49;
11AAB : 29;
11AAC : 25;
11AAD : 25;
11AAE : 24;
11AAF : 25;
11AB0 : 04;
11AB1 : 25;
11AB2 : 71;
11AB3 : 6D;
11AB4 : 4D;
11AB5 : 4D;
11AB6 : 49;
11AB7 : 29;
11AB8 : 29;
11AB9 : 49;
11ABA : 4D;
11ABB : 6D;
11ABC : 4D;
11ABD : 4D;
11ABE : 49;
11ABF : 71;
11AC0 : 24;
11AC1 : 24;
11AC2 : 25;
11AC3 : 25;
11AC4 : 25;
11AC5 : 25;
11AC6 : 29;
11AC7 : 25;
11AC8 : 29;
11AC9 : 25;
11ACA : 29;
11ACB : 25;
11ACC : 25;
11ACD : 24;
11ACE : 00;
11ACF : 00;
11AD0 : 6D;
11AD1 : 29;
11AD2 : 25;
11AD3 : 71;
11AD4 : 6D;
11AD5 : 4D;
11AD6 : 4D;
11AD7 : 49;
11AD8 : 49;
11AD9 : 4D;
11ADA : 49;
11ADB : 49;
11ADC : 49;
11ADD : 49;
11ADE : 71;
11ADF : 71;
11AE0 : 25;
11AE1 : 24;
11AE2 : 24;
11AE3 : 25;
11AE4 : 25;
11AE5 : 25;
11AE6 : 25;
11AE7 : 25;
11AE8 : 00;
11AE9 : 04;
11AEA : 24;
11AEB : 25;
11AEC : 00;
11AED : 29;
11AEE : 4D;
11AEF : 6D;
11AF0 : 4D;
11AF1 : 49;
11AF2 : 49;
11AF3 : 49;
11AF4 : 49;
11AF5 : 49;
11AF6 : 49;
11AF7 : 49;
11AF8 : 49;
11AF9 : 4D;
11AFA : 4D;
11AFB : 49;
11AFC : 4D;
11AFD : 25;
11AFE : 25;
11AFF : 71;
11B00 : 25;
11B01 : 24;
11B02 : 24;
11B03 : 25;
11B04 : 25;
11B05 : 25;
11B06 : 25;
11B07 : 29;
11B08 : 25;
11B09 : 24;
11B0A : 25;
11B0B : 04;
11B0C : 25;
11B0D : 29;
11B0E : 4D;
11B0F : 4D;
11B10 : 49;
11B11 : 4D;
11B12 : 49;
11B13 : 25;
11B14 : 20;
11B15 : 29;
11B16 : 49;
11B17 : 49;
11B18 : 49;
11B19 : 49;
11B1A : 49;
11B1B : 29;
11B1C : 29;
11B1D : 25;
11B1E : 25;
11B1F : 24;
11B20 : 24;
11B21 : 25;
11B22 : 25;
11B23 : 25;
11B24 : 25;
11B25 : 29;
11B26 : 25;
11B27 : 29;
11B28 : 29;
11B29 : 29;
11B2A : 25;
11B2B : 00;
11B2C : 29;
11B2D : 25;
11B2E : 4D;
11B2F : 4D;
11B30 : 49;
11B31 : 4D;
11B32 : 49;
11B33 : 20;
11B34 : 20;
11B35 : 00;
11B36 : 29;
11B37 : 4D;
11B38 : 29;
11B39 : 29;
11B3A : 29;
11B3B : 29;
11B3C : 25;
11B3D : 00;
11B3E : 04;
11B3F : 24;
11B40 : 04;
11B41 : 04;
11B42 : 24;
11B43 : 00;
11B44 : 24;
11B45 : 29;
11B46 : 29;
11B47 : 49;
11B48 : 49;
11B49 : 49;
11B4A : 25;
11B4B : 6D;
11B4C : 49;
11B4D : 4D;
11B4E : 49;
11B4F : 29;
11B50 : 71;
11B51 : 71;
11B52 : 49;
11B53 : 45;
11B54 : 24;
11B55 : 49;
11B56 : 24;
11B57 : 29;
11B58 : 4D;
11B59 : 29;
11B5A : 25;
11B5B : 25;
11B5C : 25;
11B5D : 25;
11B5E : 25;
11B5F : 25;
11B60 : 25;
11B61 : 24;
11B62 : 25;
11B63 : 25;
11B64 : 04;
11B65 : 04;
11B66 : 04;
11B67 : 04;
11B68 : 25;
11B69 : 25;
11B6A : 25;
11B6B : 71;
11B6C : 4D;
11B6D : 49;
11B6E : 4D;
11B6F : 4D;
11B70 : 6D;
11B71 : 4D;
11B72 : 6D;
11B73 : 49;
11B74 : 49;
11B75 : 24;
11B76 : 24;
11B77 : 49;
11B78 : 29;
11B79 : 49;
11B7A : 25;
11B7B : 25;
11B7C : 25;
11B7D : 25;
11B7E : 29;
11B7F : 00;
11B80 : 25;
11B81 : 25;
11B82 : 25;
11B83 : 25;
11B84 : 25;
11B85 : 49;
11B86 : 49;
11B87 : 4D;
11B88 : 4D;
11B89 : 25;
11B8A : 49;
11B8B : 49;
11B8C : 71;
11B8D : 29;
11B8E : 71;
11B8F : 6D;
11B90 : 6D;
11B91 : 49;
11B92 : 4D;
11B93 : 6D;
11B94 : 6D;
11B95 : 24;
11B96 : 00;
11B97 : 25;
11B98 : 25;
11B99 : 29;
11B9A : 25;
11B9B : 04;
11B9C : 24;
11B9D : 00;
11B9E : 25;
11B9F : 00;
11BA0 : 25;
11BA1 : 25;
11BA2 : 25;
11BA3 : 25;
11BA4 : 4D;
11BA5 : 4D;
11BA6 : 4D;
11BA7 : 4D;
11BA8 : 4D;
11BA9 : 49;
11BAA : 25;
11BAB : 4D;
11BAC : 29;
11BAD : 29;
11BAE : 4D;
11BAF : 6D;
11BB0 : 4D;
11BB1 : 6D;
11BB2 : 4D;
11BB3 : 4D;
11BB4 : 4D;
11BB5 : 49;
11BB6 : 00;
11BB7 : 00;
11BB8 : 25;
11BB9 : 49;
11BBA : 29;
11BBB : 04;
11BBC : 04;
11BBD : 25;
11BBE : 25;
11BBF : 00;
11BC0 : 29;
11BC1 : 25;
11BC2 : 29;
11BC3 : 49;
11BC4 : 49;
11BC5 : 4D;
11BC6 : 4D;
11BC7 : 4D;
11BC8 : 4D;
11BC9 : 49;
11BCA : 49;
11BCB : 24;
11BCC : 25;
11BCD : 24;
11BCE : 4D;
11BCF : 71;
11BD0 : 4D;
11BD1 : 4D;
11BD2 : 4D;
11BD3 : 6D;
11BD4 : 6D;
11BD5 : 49;
11BD6 : 00;
11BD7 : 24;
11BD8 : 00;
11BD9 : 24;
11BDA : 25;
11BDB : 04;
11BDC : 25;
11BDD : 25;
11BDE : 24;
11BDF : 00;
11BE0 : 25;
11BE1 : 25;
11BE2 : 49;
11BE3 : 4D;
11BE4 : 4D;
11BE5 : 4D;
11BE6 : 4D;
11BE7 : 4D;
11BE8 : 4D;
11BE9 : 4D;
11BEA : 4D;
11BEB : 6D;
11BEC : 24;
11BED : 29;
11BEE : 25;
11BEF : 49;
11BF0 : 29;
11BF1 : 49;
11BF2 : 6D;
11BF3 : 4D;
11BF4 : 49;
11BF5 : 49;
11BF6 : 24;
11BF7 : 24;
11BF8 : 25;
11BF9 : 25;
11BFA : 29;
11BFB : 24;
11BFC : 25;
11BFD : 25;
11BFE : 25;
11BFF : 25;
11C00 : 00;
11C01 : 00;
11C02 : 00;
11C03 : 00;
11C04 : 00;
11C05 : 00;
11C06 : 00;
11C07 : 00;
11C08 : 00;
11C09 : 00;
11C0A : 00;
11C0B : 00;
11C0C : 00;
11C0D : 00;
11C0E : 00;
11C0F : 00;
11C10 : 00;
11C11 : 00;
11C12 : 00;
11C13 : 00;
11C14 : 00;
11C15 : 00;
11C16 : 00;
11C17 : 00;
11C18 : 00;
11C19 : 00;
11C1A : 00;
11C1B : 00;
11C1C : 00;
11C1D : 00;
11C1E : 00;
11C1F : 00;
11C20 : 4D;
11C21 : 4D;
11C22 : 71;
11C23 : 71;
11C24 : 4D;
11C25 : 4D;
11C26 : 4D;
11C27 : 4D;
11C28 : 71;
11C29 : 4D;
11C2A : 4D;
11C2B : 71;
11C2C : 71;
11C2D : 71;
11C2E : 71;
11C2F : 71;
11C30 : 4D;
11C31 : 4D;
11C32 : 49;
11C33 : 71;
11C34 : 71;
11C35 : 71;
11C36 : 71;
11C37 : 4D;
11C38 : 4D;
11C39 : 29;
11C3A : 49;
11C3B : 4D;
11C3C : 6D;
11C3D : 4D;
11C3E : 25;
11C3F : 71;
11C40 : 4D;
11C41 : 4D;
11C42 : 71;
11C43 : 4D;
11C44 : 71;
11C45 : 71;
11C46 : 71;
11C47 : 71;
11C48 : 71;
11C49 : 71;
11C4A : 6D;
11C4B : 6D;
11C4C : 71;
11C4D : 71;
11C4E : 71;
11C4F : 4D;
11C50 : 51;
11C51 : 4D;
11C52 : 29;
11C53 : 4D;
11C54 : 4D;
11C55 : 49;
11C56 : 71;
11C57 : 29;
11C58 : 71;
11C59 : 4D;
11C5A : 72;
11C5B : 71;
11C5C : 72;
11C5D : 4D;
11C5E : 4D;
11C5F : 29;
11C60 : 71;
11C61 : 71;
11C62 : 96;
11C63 : 96;
11C64 : 71;
11C65 : 71;
11C66 : 76;
11C67 : 71;
11C68 : 51;
11C69 : 4D;
11C6A : 72;
11C6B : 71;
11C6C : 71;
11C6D : 91;
11C6E : 71;
11C6F : 91;
11C70 : 96;
11C71 : 91;
11C72 : 71;
11C73 : 71;
11C74 : 71;
11C75 : 4D;
11C76 : 4D;
11C77 : 51;
11C78 : 51;
11C79 : 72;
11C7A : 76;
11C7B : 96;
11C7C : 96;
11C7D : 96;
11C7E : 76;
11C7F : 76;
11C80 : 92;
11C81 : 96;
11C82 : 96;
11C83 : 96;
11C84 : 91;
11C85 : 71;
11C86 : 71;
11C87 : 71;
11C88 : 4D;
11C89 : 71;
11C8A : 71;
11C8B : 72;
11C8C : 71;
11C8D : 71;
11C8E : 71;
11C8F : 71;
11C90 : 91;
11C91 : 92;
11C92 : 96;
11C93 : 71;
11C94 : 71;
11C95 : 4D;
11C96 : 4D;
11C97 : 71;
11C98 : 72;
11C99 : 72;
11C9A : 76;
11C9B : 76;
11C9C : 76;
11C9D : 76;
11C9E : 76;
11C9F : 72;
11CA0 : 92;
11CA1 : 96;
11CA2 : 96;
11CA3 : 96;
11CA4 : 96;
11CA5 : 71;
11CA6 : 72;
11CA7 : 71;
11CA8 : 29;
11CA9 : 76;
11CAA : 71;
11CAB : 4D;
11CAC : 96;
11CAD : B6;
11CAE : B6;
11CAF : 71;
11CB0 : 91;
11CB1 : 71;
11CB2 : 71;
11CB3 : 96;
11CB4 : 4D;
11CB5 : 25;
11CB6 : 4D;
11CB7 : 4D;
11CB8 : 51;
11CB9 : 51;
11CBA : 76;
11CBB : 76;
11CBC : 76;
11CBD : 76;
11CBE : 76;
11CBF : 4D;
11CC0 : 96;
11CC1 : 96;
11CC2 : 96;
11CC3 : 96;
11CC4 : 71;
11CC5 : 71;
11CC6 : 4D;
11CC7 : 4D;
11CC8 : 51;
11CC9 : 71;
11CCA : 92;
11CCB : 96;
11CCC : 96;
11CCD : 96;
11CCE : 96;
11CCF : 71;
11CD0 : 91;
11CD1 : 71;
11CD2 : 71;
11CD3 : 6D;
11CD4 : 4D;
11CD5 : 49;
11CD6 : 29;
11CD7 : 4D;
11CD8 : 4D;
11CD9 : 71;
11CDA : 96;
11CDB : 76;
11CDC : 76;
11CDD : 51;
11CDE : 29;
11CDF : 76;
11CE0 : 71;
11CE1 : 96;
11CE2 : 92;
11CE3 : 71;
11CE4 : 71;
11CE5 : 4D;
11CE6 : 4D;
11CE7 : 4D;
11CE8 : 4D;
11CE9 : 4D;
11CEA : 6D;
11CEB : 6D;
11CEC : 96;
11CED : 96;
11CEE : 96;
11CEF : 92;
11CF0 : 71;
11CF1 : 6D;
11CF2 : 49;
11CF3 : 49;
11CF4 : 29;
11CF5 : 49;
11CF6 : 29;
11CF7 : 4D;
11CF8 : 4D;
11CF9 : 51;
11CFA : 71;
11CFB : 29;
11CFC : 2D;
11CFD : 4D;
11CFE : 29;
11CFF : 72;
11D00 : 91;
11D01 : 71;
11D02 : 71;
11D03 : 71;
11D04 : 4D;
11D05 : 71;
11D06 : 71;
11D07 : 4D;
11D08 : 29;
11D09 : 4D;
11D0A : 4D;
11D0B : 6D;
11D0C : 4D;
11D0D : 71;
11D0E : 96;
11D0F : 92;
11D10 : 71;
11D11 : 29;
11D12 : 29;
11D13 : 49;
11D14 : 25;
11D15 : 29;
11D16 : 25;
11D17 : 4D;
11D18 : 4D;
11D19 : 4D;
11D1A : 29;
11D1B : 4D;
11D1C : 2D;
11D1D : 2D;
11D1E : 51;
11D1F : 71;
11D20 : 4D;
11D21 : 4D;
11D22 : 71;
11D23 : 71;
11D24 : 71;
11D25 : 51;
11D26 : 71;
11D27 : 71;
11D28 : 4D;
11D29 : 4D;
11D2A : 4D;
11D2B : 4D;
11D2C : 29;
11D2D : 6D;
11D2E : 49;
11D2F : 04;
11D30 : 24;
11D31 : 49;
11D32 : 4D;
11D33 : 25;
11D34 : 25;
11D35 : 29;
11D36 : 49;
11D37 : 4D;
11D38 : 71;
11D39 : 4D;
11D3A : 4D;
11D3B : 4D;
11D3C : 71;
11D3D : 71;
11D3E : 4D;
11D3F : 4D;
11D40 : 4D;
11D41 : 4D;
11D42 : 4D;
11D43 : 4D;
11D44 : 71;
11D45 : 4D;
11D46 : 71;
11D47 : 4D;
11D48 : 4D;
11D49 : 4D;
11D4A : 4D;
11D4B : 4D;
11D4C : 4D;
11D4D : 4D;
11D4E : 4D;
11D4F : 4D;
11D50 : 29;
11D51 : 4D;
11D52 : 49;
11D53 : 29;
11D54 : 25;
11D55 : 25;
11D56 : 49;
11D57 : 71;
11D58 : 4D;
11D59 : 4D;
11D5A : 4D;
11D5B : 4D;
11D5C : 4D;
11D5D : 4D;
11D5E : 4D;
11D5F : 71;
11D60 : 71;
11D61 : 4D;
11D62 : 6D;
11D63 : 6D;
11D64 : 4D;
11D65 : 4D;
11D66 : 6D;
11D67 : 6D;
11D68 : 4D;
11D69 : 4D;
11D6A : 4D;
11D6B : 4D;
11D6C : 4D;
11D6D : 29;
11D6E : 29;
11D6F : 25;
11D70 : 25;
11D71 : 25;
11D72 : 25;
11D73 : 25;
11D74 : 00;
11D75 : 29;
11D76 : 24;
11D77 : 49;
11D78 : 6D;
11D79 : 6D;
11D7A : 6D;
11D7B : 6D;
11D7C : 4D;
11D7D : 71;
11D7E : 4D;
11D7F : 4D;
11D80 : 71;
11D81 : 4D;
11D82 : 4D;
11D83 : 4D;
11D84 : 4D;
11D85 : 6D;
11D86 : 71;
11D87 : 4D;
11D88 : 4D;
11D89 : 4D;
11D8A : 4D;
11D8B : 4D;
11D8C : 4D;
11D8D : 29;
11D8E : 25;
11D8F : 25;
11D90 : 25;
11D91 : 25;
11D92 : 25;
11D93 : 25;
11D94 : 00;
11D95 : 24;
11D96 : 25;
11D97 : 25;
11D98 : 4D;
11D99 : 4D;
11D9A : 6D;
11D9B : 6D;
11D9C : 4D;
11D9D : 4D;
11D9E : 29;
11D9F : 71;
11DA0 : 6D;
11DA1 : 4D;
11DA2 : 6D;
11DA3 : 4D;
11DA4 : 6D;
11DA5 : 4D;
11DA6 : 4D;
11DA7 : 71;
11DA8 : 4D;
11DA9 : 4D;
11DAA : 4D;
11DAB : 4D;
11DAC : 29;
11DAD : 29;
11DAE : 25;
11DAF : 25;
11DB0 : 25;
11DB1 : 25;
11DB2 : 29;
11DB3 : 04;
11DB4 : 04;
11DB5 : 25;
11DB6 : 04;
11DB7 : 04;
11DB8 : 29;
11DB9 : 6D;
11DBA : 6D;
11DBB : 4D;
11DBC : 4D;
11DBD : 4D;
11DBE : 71;
11DBF : 25;
11DC0 : 25;
11DC1 : 4D;
11DC2 : 71;
11DC3 : 71;
11DC4 : 6D;
11DC5 : 4D;
11DC6 : 4D;
11DC7 : 4D;
11DC8 : 4D;
11DC9 : 6D;
11DCA : 29;
11DCB : 29;
11DCC : 29;
11DCD : 25;
11DCE : 25;
11DCF : 25;
11DD0 : 25;
11DD1 : 25;
11DD2 : 25;
11DD3 : 25;
11DD4 : 25;
11DD5 : 25;
11DD6 : 25;
11DD7 : 04;
11DD8 : 24;
11DD9 : 29;
11DDA : 49;
11DDB : 49;
11DDC : 25;
11DDD : 29;
11DDE : 49;
11DDF : 29;
11DE0 : 24;
11DE1 : 24;
11DE2 : 4D;
11DE3 : 4D;
11DE4 : 4D;
11DE5 : 4D;
11DE6 : 49;
11DE7 : 4D;
11DE8 : 71;
11DE9 : 29;
11DEA : 29;
11DEB : 29;
11DEC : 29;
11DED : 29;
11DEE : 25;
11DEF : 25;
11DF0 : 25;
11DF1 : 25;
11DF2 : 25;
11DF3 : 25;
11DF4 : 25;
11DF5 : 25;
11DF6 : 25;
11DF7 : 29;
11DF8 : 25;
11DF9 : 24;
11DFA : 24;
11DFB : 29;
11DFC : 29;
11DFD : 49;
11DFE : 25;
11DFF : 29;
11E00 : 25;
11E01 : 25;
11E02 : 29;
11E03 : 25;
11E04 : 29;
11E05 : 29;
11E06 : 29;
11E07 : 25;
11E08 : 29;
11E09 : 29;
11E0A : 49;
11E0B : 29;
11E0C : 04;
11E0D : 29;
11E0E : 29;
11E0F : 25;
11E10 : 25;
11E11 : 25;
11E12 : 25;
11E13 : 6D;
11E14 : 29;
11E15 : 25;
11E16 : 29;
11E17 : 29;
11E18 : 29;
11E19 : 04;
11E1A : 04;
11E1B : 25;
11E1C : 49;
11E1D : 29;
11E1E : 49;
11E1F : 49;
11E20 : 25;
11E21 : 25;
11E22 : 29;
11E23 : 25;
11E24 : 25;
11E25 : 25;
11E26 : 29;
11E27 : 25;
11E28 : 29;
11E29 : 25;
11E2A : 04;
11E2B : 24;
11E2C : 49;
11E2D : 29;
11E2E : 29;
11E2F : 25;
11E30 : 25;
11E31 : 25;
11E32 : 25;
11E33 : 25;
11E34 : 4D;
11E35 : 25;
11E36 : 25;
11E37 : 29;
11E38 : 25;
11E39 : 24;
11E3A : 04;
11E3B : 24;
11E3C : 29;
11E3D : 29;
11E3E : 4D;
11E3F : 4D;
11E40 : 25;
11E41 : 04;
11E42 : 25;
11E43 : 25;
11E44 : 25;
11E45 : 25;
11E46 : 24;
11E47 : 25;
11E48 : 04;
11E49 : 00;
11E4A : 04;
11E4B : 04;
11E4C : 04;
11E4D : 25;
11E4E : 25;
11E4F : 25;
11E50 : 00;
11E51 : 25;
11E52 : 49;
11E53 : 4D;
11E54 : 4D;
11E55 : 04;
11E56 : 4D;
11E57 : 29;
11E58 : 25;
11E59 : 00;
11E5A : 04;
11E5B : 00;
11E5C : 4D;
11E5D : 4D;
11E5E : 6D;
11E5F : 4D;
11E60 : 00;
11E61 : 00;
11E62 : 00;
11E63 : 00;
11E64 : 25;
11E65 : 00;
11E66 : 00;
11E67 : 04;
11E68 : 24;
11E69 : 4D;
11E6A : 4D;
11E6B : 49;
11E6C : 25;
11E6D : 25;
11E6E : 25;
11E6F : 25;
11E70 : 6D;
11E71 : 4D;
11E72 : 4D;
11E73 : 6D;
11E74 : 71;
11E75 : 72;
11E76 : 72;
11E77 : 4D;
11E78 : 29;
11E79 : 25;
11E7A : 24;
11E7B : 24;
11E7C : 00;
11E7D : 00;
11E7E : 4D;
11E7F : 71;
11E80 : 4D;
11E81 : 29;
11E82 : 29;
11E83 : 29;
11E84 : 29;
11E85 : 4D;
11E86 : 49;
11E87 : 49;
11E88 : 29;
11E89 : 4D;
11E8A : 4D;
11E8B : 4D;
11E8C : 04;
11E8D : 00;
11E8E : 00;
11E8F : 00;
11E90 : 25;
11E91 : 4D;
11E92 : 4D;
11E93 : 4D;
11E94 : 6D;
11E95 : 71;
11E96 : 4D;
11E97 : 25;
11E98 : 25;
11E99 : 49;
11E9A : 4D;
11E9B : 29;
11E9C : 25;
11E9D : 04;
11E9E : 00;
11E9F : 00;
11EA0 : 4D;
11EA1 : 49;
11EA2 : 4D;
11EA3 : 4D;
11EA4 : 4D;
11EA5 : 4D;
11EA6 : 4D;
11EA7 : 4D;
11EA8 : 4D;
11EA9 : 49;
11EAA : 4D;
11EAB : 6D;
11EAC : 04;
11EAD : 00;
11EAE : 00;
11EAF : 00;
11EB0 : 25;
11EB1 : 4D;
11EB2 : 4D;
11EB3 : 4D;
11EB4 : 4D;
11EB5 : 4D;
11EB6 : 49;
11EB7 : 25;
11EB8 : 25;
11EB9 : 49;
11EBA : 4D;
11EBB : 49;
11EBC : 4D;
11EBD : 6D;
11EBE : 00;
11EBF : 49;
11EC0 : 71;
11EC1 : 6D;
11EC2 : 6D;
11EC3 : 71;
11EC4 : 4D;
11EC5 : 4D;
11EC6 : 4D;
11EC7 : 29;
11EC8 : 49;
11EC9 : 49;
11ECA : 49;
11ECB : 29;
11ECC : 00;
11ECD : 00;
11ECE : 04;
11ECF : 00;
11ED0 : 29;
11ED1 : 04;
11ED2 : 29;
11ED3 : 49;
11ED4 : 49;
11ED5 : 49;
11ED6 : 49;
11ED7 : 29;
11ED8 : 29;
11ED9 : 29;
11EDA : 29;
11EDB : 4D;
11EDC : 71;
11EDD : 6D;
11EDE : 71;
11EDF : 6D;
11EE0 : 4D;
11EE1 : 25;
11EE2 : 4D;
11EE3 : 4D;
11EE4 : 71;
11EE5 : 4D;
11EE6 : 4D;
11EE7 : 4D;
11EE8 : 49;
11EE9 : 29;
11EEA : 29;
11EEB : 29;
11EEC : 04;
11EED : 25;
11EEE : 25;
11EEF : 25;
11EF0 : 25;
11EF1 : 24;
11EF2 : 25;
11EF3 : 29;
11EF4 : 29;
11EF5 : 29;
11EF6 : 29;
11EF7 : 29;
11EF8 : 29;
11EF9 : 29;
11EFA : 29;
11EFB : 4D;
11EFC : 4D;
11EFD : 6D;
11EFE : 29;
11EFF : 4D;
11F00 : 25;
11F01 : 04;
11F02 : 25;
11F03 : 49;
11F04 : 00;
11F05 : 49;
11F06 : 29;
11F07 : 25;
11F08 : 29;
11F09 : 25;
11F0A : 25;
11F0B : 24;
11F0C : 00;
11F0D : 4D;
11F0E : 4D;
11F0F : 29;
11F10 : 49;
11F11 : 25;
11F12 : 04;
11F13 : 25;
11F14 : 49;
11F15 : 29;
11F16 : 25;
11F17 : 29;
11F18 : 29;
11F19 : 25;
11F1A : 25;
11F1B : 49;
11F1C : 49;
11F1D : 4D;
11F1E : 4D;
11F1F : 4D;
11F20 : 00;
11F21 : 25;
11F22 : 25;
11F23 : 04;
11F24 : 00;
11F25 : 4D;
11F26 : 29;
11F27 : 29;
11F28 : 24;
11F29 : 25;
11F2A : 25;
11F2B : 04;
11F2C : 24;
11F2D : 25;
11F2E : 29;
11F2F : 29;
11F30 : 04;
11F31 : 24;
11F32 : 24;
11F33 : 04;
11F34 : 25;
11F35 : 29;
11F36 : 25;
11F37 : 29;
11F38 : 25;
11F39 : 25;
11F3A : 49;
11F3B : 25;
11F3C : 29;
11F3D : 4D;
11F3E : 4D;
11F3F : 4D;
11F40 : 00;
11F41 : 04;
11F42 : 24;
11F43 : 00;
11F44 : 25;
11F45 : 4D;
11F46 : 49;
11F47 : 29;
11F48 : 29;
11F49 : 25;
11F4A : 25;
11F4B : 25;
11F4C : 29;
11F4D : 49;
11F4E : 6D;
11F4F : 49;
11F50 : 49;
11F51 : 29;
11F52 : 00;
11F53 : 25;
11F54 : 25;
11F55 : 25;
11F56 : 25;
11F57 : 25;
11F58 : 04;
11F59 : 00;
11F5A : 29;
11F5B : 29;
11F5C : 49;
11F5D : 49;
11F5E : 4D;
11F5F : 4D;
11F60 : 00;
11F61 : 04;
11F62 : 04;
11F63 : 25;
11F64 : 25;
11F65 : 29;
11F66 : 49;
11F67 : 4D;
11F68 : 29;
11F69 : 25;
11F6A : 49;
11F6B : 25;
11F6C : 4D;
11F6D : 4D;
11F6E : 4D;
11F6F : 4D;
11F70 : 49;
11F71 : 24;
11F72 : 25;
11F73 : 29;
11F74 : 29;
11F75 : 29;
11F76 : 25;
11F77 : 24;
11F78 : 04;
11F79 : 25;
11F7A : 24;
11F7B : 49;
11F7C : 4D;
11F7D : 4D;
11F7E : 4D;
11F7F : 4D;
11F80 : 04;
11F81 : 04;
11F82 : 25;
11F83 : 25;
11F84 : 24;
11F85 : 49;
11F86 : 4D;
11F87 : 4D;
11F88 : 29;
11F89 : 25;
11F8A : 49;
11F8B : 4D;
11F8C : 4D;
11F8D : 4D;
11F8E : 4D;
11F8F : 4D;
11F90 : 4D;
11F91 : 29;
11F92 : 25;
11F93 : 25;
11F94 : 29;
11F95 : 29;
11F96 : 25;
11F97 : 00;
11F98 : 00;
11F99 : 25;
11F9A : 4D;
11F9B : 4D;
11F9C : 4D;
11F9D : 29;
11F9E : 29;
11F9F : 29;
11FA0 : 24;
11FA1 : 24;
11FA2 : 25;
11FA3 : 25;
11FA4 : 25;
11FA5 : 29;
11FA6 : 4D;
11FA7 : 4D;
11FA8 : 49;
11FA9 : 25;
11FAA : 4D;
11FAB : 4D;
11FAC : 4D;
11FAD : 4D;
11FAE : 4D;
11FAF : 4D;
11FB0 : 4D;
11FB1 : 29;
11FB2 : 25;
11FB3 : 25;
11FB4 : 29;
11FB5 : 29;
11FB6 : 29;
11FB7 : 25;
11FB8 : 25;
11FB9 : 29;
11FBA : 49;
11FBB : 4D;
11FBC : 4D;
11FBD : 6D;
11FBE : 4D;
11FBF : 25;
11FC0 : 25;
11FC1 : 25;
11FC2 : 25;
11FC3 : 25;
11FC4 : 25;
11FC5 : 25;
11FC6 : 24;
11FC7 : 04;
11FC8 : 24;
11FC9 : 25;
11FCA : 4D;
11FCB : 4D;
11FCC : 4D;
11FCD : 4D;
11FCE : 4D;
11FCF : 4D;
11FD0 : 4D;
11FD1 : 49;
11FD2 : 29;
11FD3 : 25;
11FD4 : 29;
11FD5 : 29;
11FD6 : 29;
11FD7 : 29;
11FD8 : 04;
11FD9 : 29;
11FDA : 25;
11FDB : 29;
11FDC : 29;
11FDD : 25;
11FDE : 00;
11FDF : 00;
11FE0 : 25;
11FE1 : 25;
11FE2 : 25;
11FE3 : 25;
11FE4 : 25;
11FE5 : 25;
11FE6 : 25;
11FE7 : 24;
11FE8 : 04;
11FE9 : 29;
11FEA : 29;
11FEB : 4D;
11FEC : 4D;
11FED : 4D;
11FEE : 4D;
11FEF : 4D;
11FF0 : 4D;
11FF1 : 49;
11FF2 : 29;
11FF3 : 29;
11FF4 : 29;
11FF5 : 25;
11FF6 : 25;
11FF7 : 29;
11FF8 : 04;
11FF9 : 29;
11FFA : 00;
11FFB : 00;
11FFC : 00;
11FFD : 00;
11FFE : 00;
11FFF : 00;
12000 : 00;
12001 : 00;
12002 : 00;
12003 : 00;
12004 : 00;
12005 : 00;
12006 : 00;
12007 : 00;
12008 : 00;
12009 : 00;
1200A : 00;
1200B : 00;
1200C : 00;
1200D : 00;
1200E : 00;
1200F : 00;
12010 : 00;
12011 : 00;
12012 : 00;
12013 : 00;
12014 : 00;
12015 : 00;
12016 : 00;
12017 : 00;
12018 : 00;
12019 : 00;
1201A : 00;
1201B : 00;
1201C : 00;
1201D : 00;
1201E : 00;
1201F : 00;
12020 : 72;
12021 : 76;
12022 : 96;
12023 : 96;
12024 : 96;
12025 : 96;
12026 : 72;
12027 : 71;
12028 : 76;
12029 : 76;
1202A : 96;
1202B : 71;
1202C : 71;
1202D : 71;
1202E : 71;
1202F : 71;
12030 : 71;
12031 : 4D;
12032 : 71;
12033 : 71;
12034 : 71;
12035 : 71;
12036 : 71;
12037 : 71;
12038 : 71;
12039 : 71;
1203A : 71;
1203B : 71;
1203C : 96;
1203D : 71;
1203E : 6D;
1203F : 49;
12040 : 71;
12041 : 71;
12042 : 71;
12043 : 76;
12044 : 4D;
12045 : 4D;
12046 : 71;
12047 : 71;
12048 : 71;
12049 : 96;
1204A : 96;
1204B : 76;
1204C : 76;
1204D : 71;
1204E : 71;
1204F : 71;
12050 : 71;
12051 : 4D;
12052 : 71;
12053 : 71;
12054 : 71;
12055 : 71;
12056 : 71;
12057 : 75;
12058 : 96;
12059 : 96;
1205A : 96;
1205B : 96;
1205C : 96;
1205D : 96;
1205E : 96;
1205F : 71;
12060 : 96;
12061 : 96;
12062 : 4D;
12063 : 71;
12064 : 4D;
12065 : 29;
12066 : 4D;
12067 : 4D;
12068 : 71;
12069 : 96;
1206A : 71;
1206B : 72;
1206C : 96;
1206D : 96;
1206E : 96;
1206F : 71;
12070 : 71;
12071 : 4D;
12072 : 4D;
12073 : 51;
12074 : 51;
12075 : 71;
12076 : 92;
12077 : 71;
12078 : 71;
12079 : 96;
1207A : 96;
1207B : 96;
1207C : 96;
1207D : 4D;
1207E : 96;
1207F : 96;
12080 : 96;
12081 : 96;
12082 : 71;
12083 : 71;
12084 : 4D;
12085 : 4D;
12086 : 71;
12087 : 2D;
12088 : 71;
12089 : 71;
1208A : 51;
1208B : 4D;
1208C : 72;
1208D : 71;
1208E : 96;
1208F : 71;
12090 : 71;
12091 : 71;
12092 : 2D;
12093 : 29;
12094 : 72;
12095 : 71;
12096 : 71;
12097 : 71;
12098 : 96;
12099 : 96;
1209A : 91;
1209B : 92;
1209C : 92;
1209D : 71;
1209E : 96;
1209F : 92;
120A0 : 71;
120A1 : 71;
120A2 : 72;
120A3 : 71;
120A4 : 76;
120A5 : 71;
120A6 : 4D;
120A7 : 71;
120A8 : 71;
120A9 : 4D;
120AA : 71;
120AB : 92;
120AC : 4D;
120AD : 71;
120AE : 71;
120AF : 71;
120B0 : 71;
120B1 : 71;
120B2 : 4D;
120B3 : 2D;
120B4 : 71;
120B5 : 71;
120B6 : 71;
120B7 : 4D;
120B8 : 71;
120B9 : 71;
120BA : 91;
120BB : 96;
120BC : 96;
120BD : 4D;
120BE : 91;
120BF : 71;
120C0 : 71;
120C1 : 4D;
120C2 : 6D;
120C3 : 29;
120C4 : 71;
120C5 : 4D;
120C6 : 4D;
120C7 : 4D;
120C8 : 4D;
120C9 : 4D;
120CA : 71;
120CB : 49;
120CC : 49;
120CD : 49;
120CE : 4D;
120CF : 72;
120D0 : 4D;
120D1 : 71;
120D2 : 29;
120D3 : 71;
120D4 : 96;
120D5 : 96;
120D6 : 71;
120D7 : 91;
120D8 : 96;
120D9 : 96;
120DA : 71;
120DB : 71;
120DC : 71;
120DD : 71;
120DE : 91;
120DF : 91;
120E0 : 71;
120E1 : 71;
120E2 : 71;
120E3 : 71;
120E4 : 71;
120E5 : 71;
120E6 : 4D;
120E7 : 4D;
120E8 : 4D;
120E9 : 4D;
120EA : 96;
120EB : 71;
120EC : 4D;
120ED : 24;
120EE : 00;
120EF : 72;
120F0 : 4D;
120F1 : 71;
120F2 : 49;
120F3 : 49;
120F4 : 71;
120F5 : 29;
120F6 : 71;
120F7 : 92;
120F8 : 91;
120F9 : 91;
120FA : 71;
120FB : 91;
120FC : 71;
120FD : 91;
120FE : 71;
120FF : 96;
12100 : 4D;
12101 : 96;
12102 : 91;
12103 : 71;
12104 : 71;
12105 : 71;
12106 : 71;
12107 : 4D;
12108 : 29;
12109 : 49;
1210A : 00;
1210B : 04;
1210C : 25;
1210D : 25;
1210E : 25;
1210F : 25;
12110 : 25;
12111 : 71;
12112 : 04;
12113 : 4D;
12114 : 4D;
12115 : 71;
12116 : 71;
12117 : 91;
12118 : 91;
12119 : 91;
1211A : 91;
1211B : 71;
1211C : 91;
1211D : 71;
1211E : 71;
1211F : 91;
12120 : 4D;
12121 : 71;
12122 : 96;
12123 : 92;
12124 : 96;
12125 : 96;
12126 : 71;
12127 : 29;
12128 : 00;
12129 : 04;
1212A : 25;
1212B : 29;
1212C : 29;
1212D : 29;
1212E : 25;
1212F : 25;
12130 : 24;
12131 : 4D;
12132 : 4D;
12133 : 71;
12134 : 71;
12135 : 91;
12136 : 91;
12137 : 91;
12138 : 91;
12139 : 71;
1213A : 71;
1213B : 71;
1213C : 6D;
1213D : 6D;
1213E : 71;
1213F : 71;
12140 : 71;
12141 : 71;
12142 : 71;
12143 : 6D;
12144 : 4D;
12145 : 4D;
12146 : 71;
12147 : 49;
12148 : 25;
12149 : 25;
1214A : 25;
1214B : 04;
1214C : 25;
1214D : 49;
1214E : 29;
1214F : 25;
12150 : 29;
12151 : 29;
12152 : 4D;
12153 : 4D;
12154 : 71;
12155 : 91;
12156 : 91;
12157 : 91;
12158 : 91;
12159 : 71;
1215A : 71;
1215B : 71;
1215C : 71;
1215D : 6D;
1215E : 71;
1215F : 6D;
12160 : 4D;
12161 : 29;
12162 : 49;
12163 : 29;
12164 : 00;
12165 : 24;
12166 : 00;
12167 : 25;
12168 : 25;
12169 : 25;
1216A : 04;
1216B : 25;
1216C : 29;
1216D : 29;
1216E : 25;
1216F : 25;
12170 : 29;
12171 : 25;
12172 : 49;
12173 : 29;
12174 : 71;
12175 : 71;
12176 : 71;
12177 : 71;
12178 : 71;
12179 : 71;
1217A : 6D;
1217B : 4D;
1217C : 4D;
1217D : 4D;
1217E : 29;
1217F : 05;
12180 : 29;
12181 : 29;
12182 : 29;
12183 : 4D;
12184 : 25;
12185 : 25;
12186 : 25;
12187 : 25;
12188 : 25;
12189 : 25;
1218A : 25;
1218B : 49;
1218C : 49;
1218D : 49;
1218E : 4D;
1218F : 49;
12190 : 29;
12191 : 25;
12192 : 25;
12193 : 04;
12194 : 72;
12195 : 71;
12196 : 71;
12197 : 71;
12198 : 71;
12199 : 4D;
1219A : 4D;
1219B : 6D;
1219C : 4D;
1219D : 4D;
1219E : 29;
1219F : 25;
121A0 : 29;
121A1 : 29;
121A2 : 25;
121A3 : 24;
121A4 : 25;
121A5 : 25;
121A6 : 25;
121A7 : 29;
121A8 : 29;
121A9 : 49;
121AA : 4D;
121AB : 4D;
121AC : 4D;
121AD : 49;
121AE : 4D;
121AF : 4D;
121B0 : 04;
121B1 : 25;
121B2 : 25;
121B3 : 00;
121B4 : 71;
121B5 : 4D;
121B6 : 4D;
121B7 : 4D;
121B8 : 4D;
121B9 : 6D;
121BA : 71;
121BB : 71;
121BC : 4D;
121BD : 29;
121BE : 29;
121BF : 25;
121C0 : 29;
121C1 : 29;
121C2 : 29;
121C3 : 49;
121C4 : 29;
121C5 : 29;
121C6 : 29;
121C7 : 29;
121C8 : 49;
121C9 : 4D;
121CA : 4D;
121CB : 4D;
121CC : 49;
121CD : 49;
121CE : 29;
121CF : 29;
121D0 : 25;
121D1 : 29;
121D2 : 24;
121D3 : 04;
121D4 : 24;
121D5 : 04;
121D6 : 29;
121D7 : 29;
121D8 : 29;
121D9 : 29;
121DA : 25;
121DB : 29;
121DC : 29;
121DD : 29;
121DE : 29;
121DF : 29;
121E0 : 49;
121E1 : 49;
121E2 : 29;
121E3 : 49;
121E4 : 49;
121E5 : 49;
121E6 : 25;
121E7 : 29;
121E8 : 49;
121E9 : 4D;
121EA : 49;
121EB : 49;
121EC : 29;
121ED : 29;
121EE : 25;
121EF : 25;
121F0 : 29;
121F1 : 25;
121F2 : 25;
121F3 : 25;
121F4 : 25;
121F5 : 25;
121F6 : 00;
121F7 : 29;
121F8 : 29;
121F9 : 29;
121FA : 29;
121FB : 29;
121FC : 29;
121FD : 29;
121FE : 29;
121FF : 29;
12200 : 49;
12201 : 29;
12202 : 49;
12203 : 25;
12204 : 25;
12205 : 29;
12206 : 04;
12207 : 25;
12208 : 49;
12209 : 4D;
1220A : 25;
1220B : 25;
1220C : 29;
1220D : 25;
1220E : 00;
1220F : 71;
12210 : 96;
12211 : 71;
12212 : 71;
12213 : 4D;
12214 : 71;
12215 : 4D;
12216 : 04;
12217 : 25;
12218 : 29;
12219 : 29;
1221A : 29;
1221B : 29;
1221C : 4D;
1221D : 29;
1221E : 29;
1221F : 25;
12220 : 4D;
12221 : 4D;
12222 : 4D;
12223 : 29;
12224 : 25;
12225 : 25;
12226 : 00;
12227 : 25;
12228 : 29;
12229 : 29;
1222A : 25;
1222B : 24;
1222C : 49;
1222D : 25;
1222E : 72;
1222F : 71;
12230 : 71;
12231 : 71;
12232 : 71;
12233 : 4D;
12234 : 6D;
12235 : 4D;
12236 : 29;
12237 : 29;
12238 : 29;
12239 : 29;
1223A : 4D;
1223B : 29;
1223C : 29;
1223D : 29;
1223E : 29;
1223F : 25;
12240 : 4D;
12241 : 49;
12242 : 49;
12243 : 25;
12244 : 29;
12245 : 4D;
12246 : 4D;
12247 : 4D;
12248 : 4D;
12249 : 49;
1224A : 29;
1224B : 25;
1224C : 49;
1224D : 4D;
1224E : 6D;
1224F : 71;
12250 : 91;
12251 : 71;
12252 : 71;
12253 : 71;
12254 : 71;
12255 : 29;
12256 : 29;
12257 : 29;
12258 : 29;
12259 : 29;
1225A : 29;
1225B : 04;
1225C : 2D;
1225D : 29;
1225E : 25;
1225F : 25;
12260 : 04;
12261 : 4D;
12262 : 29;
12263 : 4D;
12264 : 29;
12265 : 49;
12266 : 4D;
12267 : 4D;
12268 : 4D;
12269 : 29;
1226A : 29;
1226B : 4D;
1226C : 29;
1226D : 72;
1226E : 71;
1226F : 71;
12270 : 71;
12271 : 91;
12272 : 71;
12273 : 71;
12274 : 71;
12275 : 4D;
12276 : 29;
12277 : 4D;
12278 : 29;
12279 : 4D;
1227A : 49;
1227B : 29;
1227C : 49;
1227D : 4D;
1227E : 29;
1227F : 29;
12280 : 24;
12281 : 24;
12282 : 29;
12283 : 49;
12284 : 49;
12285 : 4D;
12286 : 4D;
12287 : 4D;
12288 : 4D;
12289 : 29;
1228A : 29;
1228B : 25;
1228C : 25;
1228D : 72;
1228E : 92;
1228F : 71;
12290 : 6D;
12291 : 71;
12292 : 4D;
12293 : 6D;
12294 : 4D;
12295 : 71;
12296 : 71;
12297 : 6D;
12298 : 71;
12299 : 71;
1229A : 4D;
1229B : 4D;
1229C : 4D;
1229D : 4D;
1229E : 29;
1229F : 4D;
122A0 : 4D;
122A1 : 24;
122A2 : 29;
122A3 : 49;
122A4 : 29;
122A5 : 29;
122A6 : 29;
122A7 : 49;
122A8 : 4D;
122A9 : 4D;
122AA : 49;
122AB : 49;
122AC : 25;
122AD : 71;
122AE : 71;
122AF : 71;
122B0 : 4D;
122B1 : 49;
122B2 : 04;
122B3 : 4D;
122B4 : 71;
122B5 : 71;
122B6 : 71;
122B7 : 71;
122B8 : 71;
122B9 : 4D;
122BA : 6D;
122BB : 4D;
122BC : 4D;
122BD : 4D;
122BE : 4D;
122BF : 4D;
122C0 : 4D;
122C1 : 71;
122C2 : 25;
122C3 : 29;
122C4 : 4D;
122C5 : 29;
122C6 : 25;
122C7 : 49;
122C8 : 29;
122C9 : 49;
122CA : 4D;
122CB : 25;
122CC : 25;
122CD : 6D;
122CE : 24;
122CF : 92;
122D0 : 71;
122D1 : 6D;
122D2 : 6D;
122D3 : 71;
122D4 : 71;
122D5 : 4D;
122D6 : 71;
122D7 : 71;
122D8 : 24;
122D9 : 6D;
122DA : 71;
122DB : 6D;
122DC : 4D;
122DD : 4D;
122DE : 29;
122DF : 29;
122E0 : 4D;
122E1 : 4D;
122E2 : 71;
122E3 : 25;
122E4 : 00;
122E5 : 04;
122E6 : 24;
122E7 : 25;
122E8 : 25;
122E9 : 25;
122EA : 25;
122EB : 29;
122EC : 49;
122ED : 24;
122EE : 29;
122EF : 24;
122F0 : 4D;
122F1 : 71;
122F2 : 6D;
122F3 : 4D;
122F4 : 4D;
122F5 : 71;
122F6 : 29;
122F7 : 4D;
122F8 : 25;
122F9 : 29;
122FA : 4D;
122FB : 4D;
122FC : 4D;
122FD : 4D;
122FE : 29;
122FF : 29;
12300 : 4D;
12301 : 4D;
12302 : 49;
12303 : 29;
12304 : 4D;
12305 : 4D;
12306 : 29;
12307 : 29;
12308 : 25;
12309 : 25;
1230A : 49;
1230B : 49;
1230C : 49;
1230D : 29;
1230E : 25;
1230F : 25;
12310 : 29;
12311 : 00;
12312 : 04;
12313 : 29;
12314 : 29;
12315 : 29;
12316 : 25;
12317 : 29;
12318 : 25;
12319 : 49;
1231A : 49;
1231B : 25;
1231C : 29;
1231D : 49;
1231E : 29;
1231F : 29;
12320 : 4D;
12321 : 29;
12322 : 4D;
12323 : 4D;
12324 : 29;
12325 : 49;
12326 : 24;
12327 : 25;
12328 : 29;
12329 : 25;
1232A : 25;
1232B : 00;
1232C : 00;
1232D : 00;
1232E : 25;
1232F : 49;
12330 : 29;
12331 : 29;
12332 : 29;
12333 : 25;
12334 : 25;
12335 : 25;
12336 : 25;
12337 : 29;
12338 : 25;
12339 : 29;
1233A : 00;
1233B : 00;
1233C : 29;
1233D : 29;
1233E : 29;
1233F : 29;
12340 : 4D;
12341 : 4D;
12342 : 29;
12343 : 29;
12344 : 25;
12345 : 25;
12346 : 25;
12347 : 25;
12348 : 71;
12349 : 4D;
1234A : 72;
1234B : 25;
1234C : 25;
1234D : 25;
1234E : 25;
1234F : 25;
12350 : 29;
12351 : 4D;
12352 : 29;
12353 : 25;
12354 : 25;
12355 : 25;
12356 : 29;
12357 : 25;
12358 : 04;
12359 : 04;
1235A : 29;
1235B : 29;
1235C : 29;
1235D : 29;
1235E : 29;
1235F : 29;
12360 : 25;
12361 : 49;
12362 : 49;
12363 : 29;
12364 : 25;
12365 : 25;
12366 : 00;
12367 : 24;
12368 : 4D;
12369 : 71;
1236A : 6D;
1236B : 4D;
1236C : 71;
1236D : 49;
1236E : 29;
1236F : 25;
12370 : 25;
12371 : 25;
12372 : 29;
12373 : 25;
12374 : 25;
12375 : 29;
12376 : 25;
12377 : 25;
12378 : 25;
12379 : 25;
1237A : 25;
1237B : 29;
1237C : 29;
1237D : 29;
1237E : 29;
1237F : 29;
12380 : 25;
12381 : 25;
12382 : 25;
12383 : 25;
12384 : 04;
12385 : 04;
12386 : 25;
12387 : 24;
12388 : 25;
12389 : 49;
1238A : 4D;
1238B : 4D;
1238C : 4D;
1238D : 29;
1238E : 00;
1238F : 04;
12390 : 25;
12391 : 04;
12392 : 25;
12393 : 25;
12394 : 29;
12395 : 29;
12396 : 29;
12397 : 29;
12398 : 25;
12399 : 29;
1239A : 29;
1239B : 29;
1239C : 29;
1239D : 29;
1239E : 25;
1239F : 25;
123A0 : 25;
123A1 : 25;
123A2 : 25;
123A3 : 25;
123A4 : 04;
123A5 : 04;
123A6 : 00;
123A7 : 00;
123A8 : 24;
123A9 : 29;
123AA : 4D;
123AB : 6D;
123AC : 6D;
123AD : 25;
123AE : 04;
123AF : 04;
123B0 : 25;
123B1 : 25;
123B2 : 29;
123B3 : 29;
123B4 : 29;
123B5 : 29;
123B6 : 29;
123B7 : 29;
123B8 : 29;
123B9 : 29;
123BA : 29;
123BB : 29;
123BC : 29;
123BD : 4D;
123BE : 25;
123BF : 25;
123C0 : 00;
123C1 : 25;
123C2 : 25;
123C3 : 29;
123C4 : 25;
123C5 : 25;
123C6 : 25;
123C7 : 00;
123C8 : 04;
123C9 : 00;
123CA : 4D;
123CB : 4D;
123CC : 00;
123CD : 25;
123CE : 00;
123CF : 25;
123D0 : 25;
123D1 : 29;
123D2 : 29;
123D3 : 29;
123D4 : 29;
123D5 : 29;
123D6 : 29;
123D7 : 29;
123D8 : 29;
123D9 : 29;
123DA : 29;
123DB : 29;
123DC : 25;
123DD : 25;
123DE : 00;
123DF : 00;
123E0 : 04;
123E1 : 24;
123E2 : 04;
123E3 : 25;
123E4 : 25;
123E5 : 25;
123E6 : 04;
123E7 : 04;
123E8 : 00;
123E9 : 24;
123EA : 00;
123EB : 00;
123EC : 25;
123ED : 04;
123EE : 25;
123EF : 25;
123F0 : 25;
123F1 : 25;
123F2 : 29;
123F3 : 25;
123F4 : 29;
123F5 : 29;
123F6 : 29;
123F7 : 29;
123F8 : 49;
123F9 : 49;
123FA : 29;
123FB : 29;
123FC : 49;
123FD : 25;
123FE : 00;
123FF : 24;
12400 : 00;
12401 : 00;
12402 : 00;
12403 : 04;
12404 : 00;
12405 : 00;
12406 : 00;
12407 : 04;
12408 : 49;
12409 : 04;
1240A : 00;
1240B : 04;
1240C : 28;
1240D : 28;
1240E : 24;
1240F : 00;
12410 : 04;
12411 : 00;
12412 : 00;
12413 : 00;
12414 : 00;
12415 : 00;
12416 : 00;
12417 : 00;
12418 : 00;
12419 : 00;
1241A : 00;
1241B : 05;
1241C : 09;
1241D : 00;
1241E : 00;
1241F : 00;
12420 : 4D;
12421 : 4D;
12422 : 49;
12423 : 24;
12424 : 04;
12425 : 25;
12426 : 04;
12427 : 04;
12428 : 49;
12429 : 29;
1242A : 4D;
1242B : 71;
1242C : 71;
1242D : 71;
1242E : 71;
1242F : 71;
12430 : 71;
12431 : 51;
12432 : 71;
12433 : 71;
12434 : 71;
12435 : 4D;
12436 : 4D;
12437 : 71;
12438 : 71;
12439 : 71;
1243A : 71;
1243B : 4D;
1243C : 71;
1243D : 71;
1243E : 71;
1243F : 72;
12440 : 71;
12441 : 4D;
12442 : 4D;
12443 : 24;
12444 : 24;
12445 : 04;
12446 : 24;
12447 : 24;
12448 : 04;
12449 : 29;
1244A : 49;
1244B : 4D;
1244C : 71;
1244D : 71;
1244E : 71;
1244F : 71;
12450 : 71;
12451 : 71;
12452 : 71;
12453 : 71;
12454 : 71;
12455 : 71;
12456 : 71;
12457 : 6D;
12458 : 4D;
12459 : 4D;
1245A : 4D;
1245B : 71;
1245C : 71;
1245D : 71;
1245E : 71;
1245F : 71;
12460 : 91;
12461 : 71;
12462 : 4D;
12463 : 24;
12464 : 04;
12465 : 04;
12466 : 24;
12467 : 04;
12468 : 29;
12469 : 49;
1246A : 4D;
1246B : 71;
1246C : 71;
1246D : 4D;
1246E : 4D;
1246F : 4D;
12470 : 72;
12471 : 71;
12472 : 71;
12473 : 51;
12474 : 71;
12475 : 6D;
12476 : 4D;
12477 : 4D;
12478 : 51;
12479 : 71;
1247A : 71;
1247B : 72;
1247C : 71;
1247D : 29;
1247E : 4D;
1247F : 96;
12480 : 6D;
12481 : 4D;
12482 : 4D;
12483 : 25;
12484 : 04;
12485 : 04;
12486 : 04;
12487 : 04;
12488 : 24;
12489 : 4D;
1248A : 49;
1248B : 4D;
1248C : 4D;
1248D : 4D;
1248E : 4D;
1248F : 4D;
12490 : 51;
12491 : 71;
12492 : 4D;
12493 : 4D;
12494 : 4D;
12495 : 71;
12496 : 71;
12497 : 72;
12498 : 71;
12499 : 4D;
1249A : 51;
1249B : 71;
1249C : 71;
1249D : 29;
1249E : 71;
1249F : 71;
124A0 : 49;
124A1 : 4D;
124A2 : 25;
124A3 : 25;
124A4 : 24;
124A5 : 4D;
124A6 : 4D;
124A7 : 4D;
124A8 : 29;
124A9 : 29;
124AA : 4D;
124AB : 4D;
124AC : 71;
124AD : 71;
124AE : 51;
124AF : 4D;
124B0 : 4D;
124B1 : 4D;
124B2 : 4D;
124B3 : 4D;
124B4 : 4D;
124B5 : 71;
124B6 : 71;
124B7 : 4D;
124B8 : 71;
124B9 : 51;
124BA : 71;
124BB : 71;
124BC : 4D;
124BD : 04;
124BE : 4D;
124BF : 72;
124C0 : 71;
124C1 : 71;
124C2 : 49;
124C3 : 4D;
124C4 : 24;
124C5 : 4D;
124C6 : 29;
124C7 : 29;
124C8 : 4D;
124C9 : 96;
124CA : 4D;
124CB : 71;
124CC : 71;
124CD : 71;
124CE : 71;
124CF : 71;
124D0 : 4D;
124D1 : 4D;
124D2 : 71;
124D3 : 71;
124D4 : 4D;
124D5 : 4D;
124D6 : 71;
124D7 : 71;
124D8 : 71;
124D9 : 71;
124DA : 96;
124DB : 4D;
124DC : 6D;
124DD : 24;
124DE : 6D;
124DF : 49;
124E0 : 91;
124E1 : 71;
124E2 : 4D;
124E3 : 4D;
124E4 : 49;
124E5 : 29;
124E6 : 96;
124E7 : 96;
124E8 : 96;
124E9 : 96;
124EA : 96;
124EB : 71;
124EC : 71;
124ED : 71;
124EE : 71;
124EF : 71;
124F0 : 91;
124F1 : 6D;
124F2 : 4D;
124F3 : 4D;
124F4 : 49;
124F5 : 71;
124F6 : 4D;
124F7 : 4D;
124F8 : 71;
124F9 : 71;
124FA : 71;
124FB : 92;
124FC : 6D;
124FD : 45;
124FE : 6D;
124FF : 4D;
12500 : 6D;
12501 : 4D;
12502 : 6D;
12503 : 4D;
12504 : 4D;
12505 : 96;
12506 : 96;
12507 : 96;
12508 : 96;
12509 : 96;
1250A : 96;
1250B : 96;
1250C : 96;
1250D : 71;
1250E : 4D;
1250F : 24;
12510 : 6D;
12511 : 71;
12512 : 29;
12513 : 71;
12514 : 28;
12515 : 4D;
12516 : 6D;
12517 : 6D;
12518 : 71;
12519 : 71;
1251A : 71;
1251B : 6D;
1251C : 24;
1251D : 65;
1251E : 69;
1251F : 4D;
12520 : 6D;
12521 : 4D;
12522 : 4D;
12523 : 71;
12524 : 96;
12525 : 96;
12526 : 96;
12527 : 96;
12528 : B6;
12529 : 96;
1252A : 96;
1252B : 96;
1252C : 71;
1252D : BA;
1252E : 71;
1252F : 04;
12530 : 91;
12531 : 6D;
12532 : 24;
12533 : 00;
12534 : 49;
12535 : 6D;
12536 : 6D;
12537 : 4D;
12538 : 6D;
12539 : 4D;
1253A : 71;
1253B : 6D;
1253C : 45;
1253D : 65;
1253E : 69;
1253F : 49;
12540 : 4D;
12541 : 29;
12542 : 71;
12543 : 96;
12544 : 92;
12545 : 71;
12546 : 96;
12547 : 96;
12548 : 96;
12549 : 96;
1254A : 96;
1254B : 96;
1254C : 4D;
1254D : 71;
1254E : B6;
1254F : 24;
12550 : DA;
12551 : DA;
12552 : B6;
12553 : BA;
12554 : 91;
12555 : 71;
12556 : 4D;
12557 : 6D;
12558 : 49;
12559 : 6D;
1255A : 6D;
1255B : 45;
1255C : 45;
1255D : 85;
1255E : 89;
1255F : 65;
12560 : 29;
12561 : 29;
12562 : 4D;
12563 : B6;
12564 : 96;
12565 : 96;
12566 : 96;
12567 : 96;
12568 : 96;
12569 : 96;
1256A : 96;
1256B : 91;
1256C : 29;
1256D : 4D;
1256E : 71;
1256F : 05;
12570 : B6;
12571 : B6;
12572 : B6;
12573 : B6;
12574 : 92;
12575 : 91;
12576 : 92;
12577 : 6D;
12578 : 49;
12579 : 49;
1257A : 49;
1257B : 24;
1257C : 41;
1257D : A5;
1257E : A5;
1257F : AE;
12580 : 29;
12581 : 4D;
12582 : 71;
12583 : B6;
12584 : 96;
12585 : 96;
12586 : 96;
12587 : 96;
12588 : 96;
12589 : 96;
1258A : 96;
1258B : 71;
1258C : 6D;
1258D : 71;
1258E : 71;
1258F : 2D;
12590 : 96;
12591 : B6;
12592 : B6;
12593 : B6;
12594 : B6;
12595 : 96;
12596 : 96;
12597 : 96;
12598 : 49;
12599 : 49;
1259A : 25;
1259B : 45;
1259C : 89;
1259D : CE;
1259E : CE;
1259F : DA;
125A0 : 6D;
125A1 : 71;
125A2 : 2D;
125A3 : 96;
125A4 : 96;
125A5 : 92;
125A6 : 96;
125A7 : 96;
125A8 : 96;
125A9 : 92;
125AA : 96;
125AB : 92;
125AC : 29;
125AD : 4D;
125AE : 29;
125AF : 29;
125B0 : 96;
125B1 : 96;
125B2 : 96;
125B3 : B6;
125B4 : B6;
125B5 : 71;
125B6 : 71;
125B7 : 92;
125B8 : 49;
125B9 : 49;
125BA : 49;
125BB : 20;
125BC : A5;
125BD : C9;
125BE : CE;
125BF : D2;
125C0 : 29;
125C1 : 4D;
125C2 : 4D;
125C3 : 92;
125C4 : 92;
125C5 : 96;
125C6 : 92;
125C7 : 96;
125C8 : 96;
125C9 : 71;
125CA : 4D;
125CB : 25;
125CC : 4D;
125CD : 29;
125CE : 29;
125CF : 25;
125D0 : 49;
125D1 : 6D;
125D2 : 71;
125D3 : 4D;
125D4 : 4D;
125D5 : 91;
125D6 : 6D;
125D7 : 91;
125D8 : 49;
125D9 : 49;
125DA : 6D;
125DB : A9;
125DC : D6;
125DD : D6;
125DE : D6;
125DF : D2;
125E0 : 29;
125E1 : 29;
125E2 : 49;
125E3 : 71;
125E4 : 4D;
125E5 : 71;
125E6 : 71;
125E7 : 71;
125E8 : 96;
125E9 : 71;
125EA : 92;
125EB : 29;
125EC : 29;
125ED : 29;
125EE : 29;
125EF : 29;
125F0 : 25;
125F1 : 49;
125F2 : 29;
125F3 : 49;
125F4 : 6D;
125F5 : 4D;
125F6 : 25;
125F7 : 49;
125F8 : 49;
125F9 : 49;
125FA : 49;
125FB : A5;
125FC : D2;
125FD : D6;
125FE : D6;
125FF : D2;
12600 : 29;
12601 : 29;
12602 : 25;
12603 : 72;
12604 : 6D;
12605 : 6D;
12606 : 71;
12607 : 6D;
12608 : 6D;
12609 : 4D;
1260A : 29;
1260B : 29;
1260C : 29;
1260D : 29;
1260E : 29;
1260F : 4D;
12610 : 29;
12611 : 49;
12612 : 49;
12613 : 49;
12614 : 4D;
12615 : 6D;
12616 : 4D;
12617 : 49;
12618 : 25;
12619 : 29;
1261A : 45;
1261B : D6;
1261C : D2;
1261D : CE;
1261E : D6;
1261F : D6;
12620 : 29;
12621 : 29;
12622 : 24;
12623 : 71;
12624 : 4D;
12625 : 6D;
12626 : 4D;
12627 : 6D;
12628 : 71;
12629 : 4D;
1262A : 29;
1262B : 49;
1262C : 29;
1262D : 29;
1262E : 29;
1262F : 29;
12630 : 4D;
12631 : 49;
12632 : 49;
12633 : 25;
12634 : 25;
12635 : 25;
12636 : 4D;
12637 : 49;
12638 : 49;
12639 : 49;
1263A : 44;
1263B : D2;
1263C : CE;
1263D : CE;
1263E : D6;
1263F : D6;
12640 : 29;
12641 : 51;
12642 : 4D;
12643 : 4D;
12644 : 4D;
12645 : 4D;
12646 : 4D;
12647 : 4D;
12648 : 4D;
12649 : 4D;
1264A : 4D;
1264B : 4D;
1264C : 29;
1264D : 29;
1264E : 29;
1264F : 29;
12650 : 4D;
12651 : 4D;
12652 : 25;
12653 : 25;
12654 : 49;
12655 : 24;
12656 : 49;
12657 : 6D;
12658 : 6D;
12659 : 24;
1265A : A9;
1265B : CE;
1265C : CE;
1265D : CE;
1265E : D2;
1265F : D2;
12660 : 29;
12661 : 76;
12662 : 4D;
12663 : 4D;
12664 : 4D;
12665 : 4D;
12666 : 4D;
12667 : 4D;
12668 : 4D;
12669 : 4D;
1266A : 4D;
1266B : 49;
1266C : 25;
1266D : 29;
1266E : 4D;
1266F : 4D;
12670 : 4D;
12671 : 4D;
12672 : 49;
12673 : 49;
12674 : 25;
12675 : 49;
12676 : 49;
12677 : 49;
12678 : 20;
12679 : 41;
1267A : A5;
1267B : CE;
1267C : CA;
1267D : CE;
1267E : CE;
1267F : D2;
12680 : 29;
12681 : 71;
12682 : 4D;
12683 : 29;
12684 : 4D;
12685 : 4D;
12686 : 4D;
12687 : 4D;
12688 : 4D;
12689 : 4D;
1268A : 4D;
1268B : 4D;
1268C : 4D;
1268D : 29;
1268E : 29;
1268F : 29;
12690 : 4D;
12691 : 29;
12692 : 4D;
12693 : 4D;
12694 : 69;
12695 : 45;
12696 : 49;
12697 : 49;
12698 : 40;
12699 : 65;
1269A : A5;
1269B : CA;
1269C : CA;
1269D : CE;
1269E : CE;
1269F : D2;
126A0 : 29;
126A1 : 4D;
126A2 : 4D;
126A3 : 4D;
126A4 : 4D;
126A5 : 4D;
126A6 : 4D;
126A7 : 4D;
126A8 : 4D;
126A9 : 4D;
126AA : 4D;
126AB : 4D;
126AC : 29;
126AD : 25;
126AE : 4D;
126AF : 4D;
126B0 : 29;
126B1 : 4D;
126B2 : 4D;
126B3 : 25;
126B4 : 8E;
126B5 : 65;
126B6 : 24;
126B7 : 24;
126B8 : 40;
126B9 : 45;
126BA : A9;
126BB : CA;
126BC : CA;
126BD : CE;
126BE : CE;
126BF : CE;
126C0 : 29;
126C1 : 4D;
126C2 : 4D;
126C3 : 4D;
126C4 : 4D;
126C5 : 4D;
126C6 : 29;
126C7 : 49;
126C8 : 4D;
126C9 : 4D;
126CA : 49;
126CB : 49;
126CC : 29;
126CD : 29;
126CE : 49;
126CF : 49;
126D0 : 25;
126D1 : 25;
126D2 : 20;
126D3 : CE;
126D4 : D2;
126D5 : D6;
126D6 : D6;
126D7 : 65;
126D8 : 41;
126D9 : 20;
126DA : AE;
126DB : CA;
126DC : CA;
126DD : C6;
126DE : D2;
126DF : D2;
126E0 : 29;
126E1 : 4D;
126E2 : 4D;
126E3 : 29;
126E4 : 49;
126E5 : 29;
126E6 : 49;
126E7 : 49;
126E8 : 4D;
126E9 : 49;
126EA : 49;
126EB : 49;
126EC : 29;
126ED : 49;
126EE : 29;
126EF : 29;
126F0 : 25;
126F1 : 45;
126F2 : 00;
126F3 : CE;
126F4 : D6;
126F5 : D6;
126F6 : D2;
126F7 : 40;
126F8 : 40;
126F9 : 20;
126FA : AA;
126FB : CA;
126FC : CA;
126FD : CA;
126FE : CE;
126FF : D6;
12700 : 29;
12701 : 29;
12702 : 29;
12703 : 24;
12704 : 29;
12705 : 29;
12706 : 4D;
12707 : 49;
12708 : 49;
12709 : 29;
1270A : 49;
1270B : 49;
1270C : 49;
1270D : 49;
1270E : 49;
1270F : 25;
12710 : 45;
12711 : 65;
12712 : CE;
12713 : CE;
12714 : D2;
12715 : D2;
12716 : D2;
12717 : D6;
12718 : CA;
12719 : A5;
1271A : A5;
1271B : A5;
1271C : AA;
1271D : CA;
1271E : CA;
1271F : D2;
12720 : 29;
12721 : 29;
12722 : 04;
12723 : 24;
12724 : 25;
12725 : 25;
12726 : 29;
12727 : 49;
12728 : 4D;
12729 : 29;
1272A : 00;
1272B : 25;
1272C : 4D;
1272D : 49;
1272E : 25;
1272F : 49;
12730 : 45;
12731 : 45;
12732 : AE;
12733 : CE;
12734 : CE;
12735 : D2;
12736 : D2;
12737 : CE;
12738 : CA;
12739 : 81;
1273A : A5;
1273B : A5;
1273C : A5;
1273D : C6;
1273E : C6;
1273F : CE;
12740 : 49;
12741 : 25;
12742 : 04;
12743 : 00;
12744 : 25;
12745 : 25;
12746 : 25;
12747 : 25;
12748 : 24;
12749 : 25;
1274A : 00;
1274B : 04;
1274C : 4D;
1274D : 49;
1274E : 25;
1274F : 25;
12750 : 20;
12751 : 25;
12752 : A9;
12753 : CE;
12754 : CE;
12755 : CE;
12756 : CE;
12757 : D2;
12758 : D2;
12759 : AA;
1275A : 61;
1275B : A5;
1275C : A5;
1275D : C6;
1275E : C6;
1275F : C5;
12760 : 04;
12761 : 04;
12762 : 24;
12763 : 04;
12764 : 00;
12765 : 04;
12766 : 00;
12767 : 04;
12768 : 25;
12769 : 00;
1276A : 00;
1276B : 00;
1276C : 29;
1276D : 25;
1276E : 25;
1276F : 25;
12770 : 25;
12771 : 25;
12772 : A9;
12773 : AA;
12774 : CE;
12775 : CA;
12776 : CA;
12777 : D2;
12778 : CE;
12779 : CA;
1277A : 61;
1277B : A5;
1277C : C5;
1277D : CA;
1277E : CA;
1277F : C5;
12780 : 25;
12781 : 25;
12782 : 25;
12783 : 25;
12784 : 25;
12785 : 00;
12786 : 04;
12787 : 00;
12788 : 00;
12789 : 04;
1278A : 24;
1278B : 25;
1278C : 24;
1278D : 25;
1278E : 25;
1278F : 49;
12790 : 25;
12791 : 24;
12792 : 65;
12793 : 85;
12794 : AA;
12795 : A9;
12796 : A5;
12797 : A9;
12798 : A5;
12799 : 85;
1279A : 41;
1279B : A9;
1279C : A5;
1279D : CA;
1279E : CA;
1279F : CA;
127A0 : 24;
127A1 : 24;
127A2 : 24;
127A3 : 04;
127A4 : 00;
127A5 : 00;
127A6 : 25;
127A7 : 00;
127A8 : 00;
127A9 : 00;
127AA : 00;
127AB : 00;
127AC : 00;
127AD : 24;
127AE : 25;
127AF : 49;
127B0 : 20;
127B1 : 20;
127B2 : 65;
127B3 : A9;
127B4 : A9;
127B5 : AA;
127B6 : A5;
127B7 : A5;
127B8 : CE;
127B9 : AE;
127BA : 41;
127BB : A5;
127BC : A5;
127BD : CA;
127BE : CA;
127BF : C5;
127C0 : 29;
127C1 : 29;
127C2 : 29;
127C3 : 25;
127C4 : 04;
127C5 : 04;
127C6 : 00;
127C7 : 00;
127C8 : 00;
127C9 : 00;
127CA : 00;
127CB : 00;
127CC : 00;
127CD : 04;
127CE : 25;
127CF : 00;
127D0 : 45;
127D1 : 65;
127D2 : 40;
127D3 : 89;
127D4 : AE;
127D5 : A9;
127D6 : 85;
127D7 : AA;
127D8 : AA;
127D9 : A5;
127DA : 40;
127DB : 61;
127DC : 81;
127DD : C5;
127DE : C6;
127DF : C5;
127E0 : 25;
127E1 : 25;
127E2 : 25;
127E3 : 25;
127E4 : 04;
127E5 : 00;
127E6 : 00;
127E7 : 00;
127E8 : 00;
127E9 : 00;
127EA : 00;
127EB : 00;
127EC : 00;
127ED : 04;
127EE : 25;
127EF : 25;
127F0 : 21;
127F1 : 65;
127F2 : 45;
127F3 : 20;
127F4 : 89;
127F5 : 85;
127F6 : 85;
127F7 : A9;
127F8 : AA;
127F9 : CA;
127FA : 40;
127FB : 40;
127FC : 85;
127FD : A5;
127FE : A5;
127FF : A5;
12800 : 00;
12801 : 00;
12802 : 00;
12803 : 00;
12804 : 00;
12805 : 00;
12806 : 00;
12807 : 00;
12808 : 00;
12809 : 00;
1280A : 00;
1280B : 00;
1280C : 00;
1280D : 00;
1280E : 00;
1280F : 00;
12810 : 00;
12811 : 00;
12812 : 00;
12813 : 00;
12814 : 00;
12815 : 00;
12816 : 00;
12817 : 00;
12818 : 00;
12819 : 00;
1281A : 00;
1281B : 00;
1281C : 00;
1281D : 00;
1281E : 00;
1281F : 00;
12820 : 4D;
12821 : 71;
12822 : 4D;
12823 : 71;
12824 : 71;
12825 : 71;
12826 : 71;
12827 : 71;
12828 : 6D;
12829 : 4D;
1282A : 71;
1282B : 71;
1282C : 71;
1282D : 71;
1282E : 71;
1282F : 72;
12830 : 96;
12831 : 76;
12832 : 71;
12833 : 76;
12834 : 76;
12835 : 96;
12836 : 75;
12837 : 71;
12838 : 71;
12839 : 4D;
1283A : 29;
1283B : 29;
1283C : 71;
1283D : 71;
1283E : 72;
1283F : 71;
12840 : 49;
12841 : 96;
12842 : 96;
12843 : 71;
12844 : 71;
12845 : 71;
12846 : 71;
12847 : 71;
12848 : 71;
12849 : 4D;
1284A : 4D;
1284B : 4D;
1284C : 71;
1284D : 71;
1284E : 71;
1284F : 71;
12850 : 96;
12851 : 71;
12852 : 71;
12853 : 71;
12854 : 71;
12855 : 71;
12856 : 71;
12857 : 96;
12858 : 71;
12859 : 49;
1285A : 00;
1285B : 04;
1285C : 71;
1285D : 71;
1285E : 4D;
1285F : 71;
12860 : 4D;
12861 : 4D;
12862 : 92;
12863 : 71;
12864 : 71;
12865 : 71;
12866 : 91;
12867 : 91;
12868 : BA;
12869 : 29;
1286A : 71;
1286B : 71;
1286C : 72;
1286D : 71;
1286E : 71;
1286F : 71;
12870 : 71;
12871 : 72;
12872 : 71;
12873 : 51;
12874 : 4D;
12875 : 51;
12876 : 4D;
12877 : 71;
12878 : 71;
12879 : 71;
1287A : 6D;
1287B : 4D;
1287C : 29;
1287D : 72;
1287E : 72;
1287F : 4D;
12880 : 71;
12881 : 4D;
12882 : 71;
12883 : 71;
12884 : 71;
12885 : 71;
12886 : 71;
12887 : 71;
12888 : 71;
12889 : 71;
1288A : 4D;
1288B : 4D;
1288C : 71;
1288D : 96;
1288E : 71;
1288F : 71;
12890 : 71;
12891 : 4D;
12892 : 4D;
12893 : 4D;
12894 : 4D;
12895 : 4D;
12896 : 4D;
12897 : 71;
12898 : 71;
12899 : 6D;
1289A : 4D;
1289B : 4D;
1289C : 29;
1289D : 51;
1289E : 72;
1289F : 51;
128A0 : 4D;
128A1 : 4D;
128A2 : 71;
128A3 : 71;
128A4 : 71;
128A5 : 71;
128A6 : 6D;
128A7 : 96;
128A8 : 24;
128A9 : 91;
128AA : 00;
128AB : 24;
128AC : 71;
128AD : 71;
128AE : 71;
128AF : 4D;
128B0 : 4D;
128B1 : 4D;
128B2 : 2D;
128B3 : 4D;
128B4 : 4D;
128B5 : 4D;
128B6 : 71;
128B7 : 71;
128B8 : 6D;
128B9 : 71;
128BA : 91;
128BB : 6D;
128BC : 4D;
128BD : 4D;
128BE : 51;
128BF : 4D;
128C0 : 6D;
128C1 : 71;
128C2 : 71;
128C3 : 6D;
128C4 : 6D;
128C5 : 71;
128C6 : 92;
128C7 : 00;
128C8 : 4D;
128C9 : 71;
128CA : 91;
128CB : 91;
128CC : 72;
128CD : 71;
128CE : 4D;
128CF : 71;
128D0 : 4D;
128D1 : 71;
128D2 : B6;
128D3 : B6;
128D4 : 96;
128D5 : B6;
128D6 : 96;
128D7 : 92;
128D8 : 96;
128D9 : 92;
128DA : 91;
128DB : 91;
128DC : 71;
128DD : 4D;
128DE : 49;
128DF : 96;
128E0 : 71;
128E1 : 71;
128E2 : 71;
128E3 : 6D;
128E4 : 6D;
128E5 : 4D;
128E6 : 25;
128E7 : 29;
128E8 : 71;
128E9 : 71;
128EA : 91;
128EB : 71;
128EC : 71;
128ED : 6D;
128EE : 71;
128EF : 71;
128F0 : 71;
128F1 : 92;
128F2 : 71;
128F3 : 96;
128F4 : B6;
128F5 : 96;
128F6 : 4D;
128F7 : 4D;
128F8 : 6D;
128F9 : 91;
128FA : 8D;
128FB : 91;
128FC : 71;
128FD : 71;
128FE : 04;
128FF : 96;
12900 : 49;
12901 : 6D;
12902 : 6D;
12903 : 4D;
12904 : 4D;
12905 : 4D;
12906 : 49;
12907 : 4D;
12908 : 71;
12909 : 96;
1290A : B6;
1290B : 96;
1290C : 96;
1290D : B6;
1290E : 96;
1290F : 96;
12910 : 96;
12911 : 96;
12912 : 96;
12913 : 96;
12914 : B6;
12915 : 96;
12916 : 29;
12917 : 49;
12918 : 6D;
12919 : 6D;
1291A : 6D;
1291B : 71;
1291C : 71;
1291D : 49;
1291E : 4D;
1291F : 49;
12920 : 45;
12921 : 49;
12922 : 4D;
12923 : 45;
12924 : 49;
12925 : 4D;
12926 : 71;
12927 : 6D;
12928 : 71;
12929 : 91;
1292A : 92;
1292B : 96;
1292C : B6;
1292D : B6;
1292E : 96;
1292F : 92;
12930 : 92;
12931 : B6;
12932 : B6;
12933 : 96;
12934 : B6;
12935 : 92;
12936 : 71;
12937 : 4D;
12938 : 49;
12939 : 49;
1293A : 6D;
1293B : 71;
1293C : 24;
1293D : 49;
1293E : 29;
1293F : 29;
12940 : 65;
12941 : 69;
12942 : 49;
12943 : 45;
12944 : 45;
12945 : 00;
12946 : 4D;
12947 : 4D;
12948 : 92;
12949 : 71;
1294A : 92;
1294B : 96;
1294C : 96;
1294D : B6;
1294E : 96;
1294F : 71;
12950 : 92;
12951 : 96;
12952 : 96;
12953 : 91;
12954 : 92;
12955 : 49;
12956 : 6D;
12957 : 6D;
12958 : 4D;
12959 : 4D;
1295A : 29;
1295B : 6D;
1295C : 25;
1295D : 4D;
1295E : 6D;
1295F : 4D;
12960 : CA;
12961 : 85;
12962 : 85;
12963 : 20;
12964 : 20;
12965 : 69;
12966 : 6D;
12967 : 4D;
12968 : 4D;
12969 : 4D;
1296A : 71;
1296B : 6D;
1296C : 96;
1296D : 92;
1296E : 92;
1296F : 71;
12970 : 49;
12971 : 6D;
12972 : 91;
12973 : 71;
12974 : 24;
12975 : 49;
12976 : 4D;
12977 : 6D;
12978 : 4D;
12979 : 49;
1297A : 4D;
1297B : 29;
1297C : 6D;
1297D : 71;
1297E : 71;
1297F : 6D;
12980 : D6;
12981 : D6;
12982 : CE;
12983 : 65;
12984 : 45;
12985 : 45;
12986 : 6D;
12987 : 4D;
12988 : 4D;
12989 : 4D;
1298A : 92;
1298B : 91;
1298C : 96;
1298D : 96;
1298E : 92;
1298F : 71;
12990 : 71;
12991 : 91;
12992 : 6D;
12993 : 4D;
12994 : 6D;
12995 : 6D;
12996 : 71;
12997 : 6D;
12998 : 49;
12999 : 49;
1299A : 49;
1299B : 29;
1299C : 71;
1299D : 6D;
1299E : 71;
1299F : 71;
129A0 : D6;
129A1 : D6;
129A2 : D2;
129A3 : 89;
129A4 : 20;
129A5 : 41;
129A6 : 6D;
129A7 : 4D;
129A8 : 6D;
129A9 : 71;
129AA : 91;
129AB : 91;
129AC : 92;
129AD : 92;
129AE : 92;
129AF : 71;
129B0 : 92;
129B1 : 92;
129B2 : 71;
129B3 : 6D;
129B4 : 00;
129B5 : 04;
129B6 : 4D;
129B7 : 49;
129B8 : 49;
129B9 : 49;
129BA : 4D;
129BB : 49;
129BC : 71;
129BD : 71;
129BE : 91;
129BF : 71;
129C0 : D6;
129C1 : D6;
129C2 : D6;
129C3 : DA;
129C4 : D6;
129C5 : A5;
129C6 : 24;
129C7 : 6D;
129C8 : 4D;
129C9 : 49;
129CA : 92;
129CB : 6D;
129CC : 71;
129CD : 71;
129CE : 6D;
129CF : 71;
129D0 : 71;
129D1 : 71;
129D2 : 91;
129D3 : 71;
129D4 : 6D;
129D5 : 6D;
129D6 : 4D;
129D7 : 4D;
129D8 : 04;
129D9 : 25;
129DA : 25;
129DB : 29;
129DC : 71;
129DD : 6D;
129DE : 6D;
129DF : 6D;
129E0 : D6;
129E1 : D2;
129E2 : D6;
129E3 : DA;
129E4 : D6;
129E5 : 40;
129E6 : 20;
129E7 : 4D;
129E8 : 6D;
129E9 : 6D;
129EA : 6D;
129EB : 6D;
129EC : 6D;
129ED : 6D;
129EE : 92;
129EF : 96;
129F0 : 91;
129F1 : 49;
129F2 : 49;
129F3 : 6D;
129F4 : 6D;
129F5 : 4D;
129F6 : 49;
129F7 : 4D;
129F8 : 24;
129F9 : 25;
129FA : 29;
129FB : 04;
129FC : 49;
129FD : 49;
129FE : 4D;
129FF : 71;
12A00 : D6;
12A01 : D2;
12A02 : D2;
12A03 : D6;
12A04 : D6;
12A05 : D2;
12A06 : 20;
12A07 : 24;
12A08 : 6D;
12A09 : 6D;
12A0A : 49;
12A0B : 6D;
12A0C : 6D;
12A0D : 71;
12A0E : 92;
12A0F : 96;
12A10 : 6D;
12A11 : 6D;
12A12 : 71;
12A13 : 6D;
12A14 : 6D;
12A15 : 4D;
12A16 : 4D;
12A17 : 49;
12A18 : 25;
12A19 : 29;
12A1A : 49;
12A1B : 29;
12A1C : 49;
12A1D : 4D;
12A1E : 4D;
12A1F : 4D;
12A20 : D2;
12A21 : D2;
12A22 : D2;
12A23 : D6;
12A24 : D6;
12A25 : D2;
12A26 : 65;
12A27 : 44;
12A28 : 24;
12A29 : 6D;
12A2A : 49;
12A2B : 49;
12A2C : 71;
12A2D : 6D;
12A2E : 71;
12A2F : 6D;
12A30 : 4D;
12A31 : 4D;
12A32 : 6D;
12A33 : 6D;
12A34 : 49;
12A35 : 71;
12A36 : 6D;
12A37 : 4D;
12A38 : 49;
12A39 : 29;
12A3A : 29;
12A3B : 49;
12A3C : 29;
12A3D : 49;
12A3E : 49;
12A3F : 49;
12A40 : D6;
12A41 : D2;
12A42 : D6;
12A43 : D6;
12A44 : D2;
12A45 : D2;
12A46 : 40;
12A47 : 45;
12A48 : 24;
12A49 : 6D;
12A4A : 6D;
12A4B : 6D;
12A4C : 69;
12A4D : 6D;
12A4E : 71;
12A4F : 6D;
12A50 : 49;
12A51 : 25;
12A52 : 4D;
12A53 : 25;
12A54 : 29;
12A55 : 71;
12A56 : 71;
12A57 : 71;
12A58 : 49;
12A59 : 29;
12A5A : 49;
12A5B : 49;
12A5C : 25;
12A5D : 4D;
12A5E : 4D;
12A5F : 4D;
12A60 : D6;
12A61 : D2;
12A62 : D2;
12A63 : D2;
12A64 : D2;
12A65 : CE;
12A66 : A5;
12A67 : 40;
12A68 : 00;
12A69 : 20;
12A6A : 25;
12A6B : 00;
12A6C : 20;
12A6D : 45;
12A6E : 00;
12A6F : 24;
12A70 : 25;
12A71 : 24;
12A72 : 00;
12A73 : 4D;
12A74 : 71;
12A75 : 71;
12A76 : 71;
12A77 : 71;
12A78 : 24;
12A79 : 49;
12A7A : 29;
12A7B : 29;
12A7C : 29;
12A7D : 04;
12A7E : 4D;
12A7F : 6D;
12A80 : D6;
12A81 : D2;
12A82 : D2;
12A83 : D2;
12A84 : D2;
12A85 : CE;
12A86 : AA;
12A87 : 61;
12A88 : 20;
12A89 : 45;
12A8A : 24;
12A8B : 45;
12A8C : 45;
12A8D : 40;
12A8E : 45;
12A8F : 45;
12A90 : 49;
12A91 : 49;
12A92 : 49;
12A93 : 71;
12A94 : 71;
12A95 : 71;
12A96 : 71;
12A97 : 71;
12A98 : 25;
12A99 : 4D;
12A9A : 29;
12A9B : 29;
12A9C : 29;
12A9D : 4D;
12A9E : 6D;
12A9F : 71;
12AA0 : D2;
12AA1 : CE;
12AA2 : D2;
12AA3 : D2;
12AA4 : D2;
12AA5 : CA;
12AA6 : CE;
12AA7 : 61;
12AA8 : 20;
12AA9 : 49;
12AAA : 20;
12AAB : 20;
12AAC : 45;
12AAD : CE;
12AAE : 89;
12AAF : 69;
12AB0 : 69;
12AB1 : 49;
12AB2 : 49;
12AB3 : 92;
12AB4 : 71;
12AB5 : 71;
12AB6 : 91;
12AB7 : 71;
12AB8 : 25;
12AB9 : 4D;
12ABA : 4D;
12ABB : 49;
12ABC : 4D;
12ABD : 49;
12ABE : 49;
12ABF : 6D;
12AC0 : D2;
12AC1 : D2;
12AC2 : D2;
12AC3 : D2;
12AC4 : D6;
12AC5 : CE;
12AC6 : CE;
12AC7 : 85;
12AC8 : 20;
12AC9 : 20;
12ACA : 85;
12ACB : AE;
12ACC : D6;
12ACD : D6;
12ACE : 65;
12ACF : 20;
12AD0 : 24;
12AD1 : 69;
12AD2 : 4D;
12AD3 : 6D;
12AD4 : 71;
12AD5 : 71;
12AD6 : 71;
12AD7 : 71;
12AD8 : 29;
12AD9 : 29;
12ADA : 29;
12ADB : 29;
12ADC : 29;
12ADD : 25;
12ADE : 04;
12ADF : 00;
12AE0 : D2;
12AE1 : CE;
12AE2 : D2;
12AE3 : D2;
12AE4 : CE;
12AE5 : CA;
12AE6 : CA;
12AE7 : 61;
12AE8 : 40;
12AE9 : 40;
12AEA : A5;
12AEB : CE;
12AEC : D6;
12AED : D6;
12AEE : AE;
12AEF : 65;
12AF0 : 20;
12AF1 : 45;
12AF2 : 49;
12AF3 : 49;
12AF4 : 6D;
12AF5 : 71;
12AF6 : 92;
12AF7 : 71;
12AF8 : 4D;
12AF9 : 49;
12AFA : 4D;
12AFB : 4D;
12AFC : 4D;
12AFD : 00;
12AFE : 00;
12AFF : 00;
12B00 : D2;
12B01 : CE;
12B02 : D2;
12B03 : CE;
12B04 : D2;
12B05 : CA;
12B06 : A5;
12B07 : 61;
12B08 : 65;
12B09 : 40;
12B0A : D2;
12B0B : D6;
12B0C : D6;
12B0D : D6;
12B0E : D2;
12B0F : D6;
12B10 : AE;
12B11 : 40;
12B12 : 24;
12B13 : 49;
12B14 : 49;
12B15 : 49;
12B16 : 29;
12B17 : 4D;
12B18 : 72;
12B19 : 49;
12B1A : 49;
12B1B : 49;
12B1C : 29;
12B1D : 25;
12B1E : 04;
12B1F : 00;
12B20 : CE;
12B21 : CA;
12B22 : CE;
12B23 : CE;
12B24 : CE;
12B25 : A5;
12B26 : 85;
12B27 : AA;
12B28 : AE;
12B29 : 65;
12B2A : D2;
12B2B : D6;
12B2C : D6;
12B2D : D2;
12B2E : D6;
12B2F : CE;
12B30 : A9;
12B31 : 85;
12B32 : 24;
12B33 : 49;
12B34 : 49;
12B35 : 49;
12B36 : 49;
12B37 : 6D;
12B38 : 49;
12B39 : 25;
12B3A : 00;
12B3B : 29;
12B3C : 29;
12B3D : 00;
12B3E : 25;
12B3F : 49;
12B40 : C5;
12B41 : A5;
12B42 : 81;
12B43 : CA;
12B44 : A5;
12B45 : A5;
12B46 : 85;
12B47 : 85;
12B48 : 89;
12B49 : 45;
12B4A : D2;
12B4B : D2;
12B4C : D2;
12B4D : D2;
12B4E : CE;
12B4F : CE;
12B50 : AA;
12B51 : 69;
12B52 : 69;
12B53 : 45;
12B54 : 25;
12B55 : 24;
12B56 : 49;
12B57 : 4D;
12B58 : 25;
12B59 : 25;
12B5A : 25;
12B5B : 49;
12B5C : 04;
12B5D : 25;
12B5E : 00;
12B5F : 49;
12B60 : CE;
12B61 : CA;
12B62 : 85;
12B63 : CA;
12B64 : AA;
12B65 : A5;
12B66 : 81;
12B67 : 61;
12B68 : 00;
12B69 : 20;
12B6A : CE;
12B6B : CE;
12B6C : CA;
12B6D : CE;
12B6E : CA;
12B6F : CA;
12B70 : A5;
12B71 : 65;
12B72 : 65;
12B73 : 20;
12B74 : 24;
12B75 : 25;
12B76 : 25;
12B77 : 25;
12B78 : 25;
12B79 : 49;
12B7A : 4D;
12B7B : 4D;
12B7C : 4D;
12B7D : 4D;
12B7E : 4D;
12B7F : 72;
12B80 : CE;
12B81 : CA;
12B82 : A5;
12B83 : AA;
12B84 : A9;
12B85 : 85;
12B86 : 85;
12B87 : 61;
12B88 : 20;
12B89 : 20;
12B8A : CE;
12B8B : CE;
12B8C : CA;
12B8D : A5;
12B8E : C6;
12B8F : CA;
12B90 : A5;
12B91 : 20;
12B92 : 25;
12B93 : 20;
12B94 : 20;
12B95 : 25;
12B96 : 25;
12B97 : 25;
12B98 : 49;
12B99 : 29;
12B9A : 4D;
12B9B : 4D;
12B9C : 4D;
12B9D : 4D;
12B9E : 4D;
12B9F : 4D;
12BA0 : CA;
12BA1 : CA;
12BA2 : A5;
12BA3 : CE;
12BA4 : A5;
12BA5 : 85;
12BA6 : 61;
12BA7 : 41;
12BA8 : 20;
12BA9 : 20;
12BAA : CE;
12BAB : CA;
12BAC : A9;
12BAD : A5;
12BAE : A5;
12BAF : A9;
12BB0 : 85;
12BB1 : 25;
12BB2 : 25;
12BB3 : 45;
12BB4 : 29;
12BB5 : 25;
12BB6 : 25;
12BB7 : 25;
12BB8 : 25;
12BB9 : 25;
12BBA : 49;
12BBB : 4D;
12BBC : 4D;
12BBD : 49;
12BBE : 49;
12BBF : 00;
12BC0 : CA;
12BC1 : CA;
12BC2 : A5;
12BC3 : 85;
12BC4 : 81;
12BC5 : 65;
12BC6 : 65;
12BC7 : 65;
12BC8 : 85;
12BC9 : 40;
12BCA : A5;
12BCB : A9;
12BCC : AA;
12BCD : 85;
12BCE : A9;
12BCF : A5;
12BD0 : 65;
12BD1 : 24;
12BD2 : 24;
12BD3 : 24;
12BD4 : 25;
12BD5 : 25;
12BD6 : 25;
12BD7 : 25;
12BD8 : 25;
12BD9 : 25;
12BDA : 29;
12BDB : 29;
12BDC : 29;
12BDD : 29;
12BDE : 24;
12BDF : 00;
12BE0 : CA;
12BE1 : CA;
12BE2 : 81;
12BE3 : A5;
12BE4 : 85;
12BE5 : 65;
12BE6 : 40;
12BE7 : 65;
12BE8 : A9;
12BE9 : 61;
12BEA : A9;
12BEB : A9;
12BEC : 85;
12BED : 81;
12BEE : 85;
12BEF : 85;
12BF0 : 61;
12BF1 : 25;
12BF2 : 24;
12BF3 : 25;
12BF4 : 25;
12BF5 : 25;
12BF6 : 00;
12BF7 : 00;
12BF8 : 25;
12BF9 : 04;
12BFA : 00;
12BFB : 00;
12BFC : 00;
12BFD : 24;
12BFE : 00;
12BFF : 00;
12C00 : 00;
12C01 : 29;
12C02 : 29;
12C03 : 29;
12C04 : 71;
12C05 : 71;
12C06 : 96;
12C07 : 96;
12C08 : 96;
12C09 : 4D;
12C0A : 71;
12C0B : 71;
12C0C : 71;
12C0D : 71;
12C0E : 71;
12C0F : 71;
12C10 : 71;
12C11 : 25;
12C12 : 25;
12C13 : 25;
12C14 : 25;
12C15 : 25;
12C16 : 25;
12C17 : 29;
12C18 : 25;
12C19 : 25;
12C1A : 29;
12C1B : 29;
12C1C : 29;
12C1D : 25;
12C1E : 29;
12C1F : 00;
12C20 : 96;
12C21 : 96;
12C22 : 96;
12C23 : 71;
12C24 : 96;
12C25 : 71;
12C26 : 71;
12C27 : 71;
12C28 : 71;
12C29 : 71;
12C2A : 71;
12C2B : 71;
12C2C : 71;
12C2D : 71;
12C2E : 4D;
12C2F : 4D;
12C30 : 49;
12C31 : 4D;
12C32 : 4D;
12C33 : 49;
12C34 : 29;
12C35 : 25;
12C36 : 25;
12C37 : 29;
12C38 : 29;
12C39 : 25;
12C3A : 25;
12C3B : 49;
12C3C : 4D;
12C3D : 25;
12C3E : 4D;
12C3F : 00;
12C40 : 71;
12C41 : 71;
12C42 : 71;
12C43 : 71;
12C44 : 71;
12C45 : 71;
12C46 : 71;
12C47 : 71;
12C48 : 71;
12C49 : 71;
12C4A : 71;
12C4B : 71;
12C4C : 71;
12C4D : 6D;
12C4E : 4D;
12C4F : 4D;
12C50 : 4D;
12C51 : 29;
12C52 : 4D;
12C53 : 4D;
12C54 : 24;
12C55 : 49;
12C56 : 29;
12C57 : 29;
12C58 : 29;
12C59 : 49;
12C5A : 24;
12C5B : 49;
12C5C : 29;
12C5D : 29;
12C5E : 4D;
12C5F : 00;
12C60 : 71;
12C61 : 71;
12C62 : 4D;
12C63 : 4D;
12C64 : 71;
12C65 : 71;
12C66 : 71;
12C67 : 71;
12C68 : 72;
12C69 : 96;
12C6A : 72;
12C6B : 71;
12C6C : 4D;
12C6D : 4D;
12C6E : 49;
12C6F : 4D;
12C70 : 4D;
12C71 : 4D;
12C72 : 6D;
12C73 : 4D;
12C74 : 25;
12C75 : 25;
12C76 : 29;
12C77 : 04;
12C78 : 29;
12C79 : 4D;
12C7A : 4D;
12C7B : 29;
12C7C : 29;
12C7D : 25;
12C7E : 25;
12C7F : 00;
12C80 : 71;
12C81 : 71;
12C82 : 71;
12C83 : 4D;
12C84 : 4D;
12C85 : 4D;
12C86 : 71;
12C87 : 71;
12C88 : 71;
12C89 : 6D;
12C8A : 4D;
12C8B : 71;
12C8C : 4D;
12C8D : 4D;
12C8E : 4D;
12C8F : 29;
12C90 : 4D;
12C91 : 4D;
12C92 : 24;
12C93 : 4D;
12C94 : 24;
12C95 : 04;
12C96 : 04;
12C97 : 00;
12C98 : 49;
12C99 : 4D;
12C9A : 4D;
12C9B : 49;
12C9C : 29;
12C9D : 25;
12C9E : 25;
12C9F : 00;
12CA0 : 71;
12CA1 : 6D;
12CA2 : 4D;
12CA3 : 4D;
12CA4 : 4D;
12CA5 : 4D;
12CA6 : 4D;
12CA7 : 71;
12CA8 : 71;
12CA9 : 4D;
12CAA : 29;
12CAB : 4D;
12CAC : 29;
12CAD : 4D;
12CAE : 4D;
12CAF : 4D;
12CB0 : 6D;
12CB1 : 4D;
12CB2 : 6D;
12CB3 : 71;
12CB4 : 71;
12CB5 : 29;
12CB6 : 00;
12CB7 : 00;
12CB8 : 24;
12CB9 : 25;
12CBA : 00;
12CBB : 4D;
12CBC : 04;
12CBD : 00;
12CBE : 04;
12CBF : 00;
12CC0 : 71;
12CC1 : 92;
12CC2 : 96;
12CC3 : 71;
12CC4 : 96;
12CC5 : 6D;
12CC6 : 4D;
12CC7 : 71;
12CC8 : 71;
12CC9 : 71;
12CCA : 4D;
12CCB : 4D;
12CCC : 6D;
12CCD : 4D;
12CCE : 4D;
12CCF : 4D;
12CD0 : 24;
12CD1 : 4D;
12CD2 : 25;
12CD3 : 24;
12CD4 : 4D;
12CD5 : 92;
12CD6 : 71;
12CD7 : 6D;
12CD8 : 71;
12CD9 : 91;
12CDA : 92;
12CDB : 25;
12CDC : 49;
12CDD : 92;
12CDE : 96;
12CDF : 91;
12CE0 : 72;
12CE1 : 71;
12CE2 : 91;
12CE3 : 4D;
12CE4 : 71;
12CE5 : 71;
12CE6 : 91;
12CE7 : 71;
12CE8 : 96;
12CE9 : 96;
12CEA : 6D;
12CEB : 4D;
12CEC : 71;
12CED : 4D;
12CEE : 4D;
12CEF : 4D;
12CF0 : 6D;
12CF1 : 6D;
12CF2 : 00;
12CF3 : 4D;
12CF4 : 29;
12CF5 : 6D;
12CF6 : 71;
12CF7 : 71;
12CF8 : 71;
12CF9 : 91;
12CFA : 4D;
12CFB : 25;
12CFC : 29;
12CFD : 49;
12CFE : 96;
12CFF : 96;
12D00 : 4D;
12D01 : 71;
12D02 : 71;
12D03 : 6D;
12D04 : 91;
12D05 : 6D;
12D06 : 92;
12D07 : 71;
12D08 : 71;
12D09 : 71;
12D0A : 71;
12D0B : 29;
12D0C : 4D;
12D0D : 4D;
12D0E : 4D;
12D0F : 6D;
12D10 : 6D;
12D11 : 71;
12D12 : 29;
12D13 : 6D;
12D14 : 71;
12D15 : 71;
12D16 : 71;
12D17 : 49;
12D18 : 4D;
12D19 : 6D;
12D1A : 00;
12D1B : 25;
12D1C : 49;
12D1D : 4D;
12D1E : 6D;
12D1F : 4D;
12D20 : 49;
12D21 : 24;
12D22 : 6D;
12D23 : 71;
12D24 : 6D;
12D25 : 4D;
12D26 : 96;
12D27 : 92;
12D28 : 96;
12D29 : 6D;
12D2A : 4D;
12D2B : 6D;
12D2C : 4D;
12D2D : 4D;
12D2E : 4D;
12D2F : 24;
12D30 : 4D;
12D31 : 71;
12D32 : BA;
12D33 : 6D;
12D34 : 71;
12D35 : 71;
12D36 : 6D;
12D37 : 4D;
12D38 : 4D;
12D39 : 91;
12D3A : 6D;
12D3B : 24;
12D3C : 29;
12D3D : 4D;
12D3E : 71;
12D3F : 71;
12D40 : 29;
12D41 : 49;
12D42 : 24;
12D43 : 71;
12D44 : 91;
12D45 : 4D;
12D46 : 71;
12D47 : 91;
12D48 : 71;
12D49 : 71;
12D4A : 6D;
12D4B : 71;
12D4C : 4D;
12D4D : 4D;
12D4E : 4D;
12D4F : 6D;
12D50 : 49;
12D51 : 24;
12D52 : 71;
12D53 : 49;
12D54 : 6D;
12D55 : 71;
12D56 : 6D;
12D57 : 6D;
12D58 : 6D;
12D59 : 92;
12D5A : 71;
12D5B : 49;
12D5C : 29;
12D5D : 49;
12D5E : 29;
12D5F : 49;
12D60 : 6D;
12D61 : 71;
12D62 : 71;
12D63 : 6D;
12D64 : 6D;
12D65 : 24;
12D66 : 71;
12D67 : 71;
12D68 : 6D;
12D69 : 4D;
12D6A : 4D;
12D6B : 4D;
12D6C : 4D;
12D6D : 6D;
12D6E : 29;
12D6F : 25;
12D70 : 25;
12D71 : 00;
12D72 : 29;
12D73 : 49;
12D74 : 4D;
12D75 : 96;
12D76 : 6D;
12D77 : 71;
12D78 : 71;
12D79 : 91;
12D7A : 71;
12D7B : 29;
12D7C : 4D;
12D7D : 4D;
12D7E : 4D;
12D7F : 29;
12D80 : 71;
12D81 : 6D;
12D82 : 6D;
12D83 : 71;
12D84 : 91;
12D85 : 49;
12D86 : 49;
12D87 : 6D;
12D88 : 4D;
12D89 : 4D;
12D8A : 4D;
12D8B : 4D;
12D8C : 4D;
12D8D : 4D;
12D8E : 4D;
12D8F : 25;
12D90 : 25;
12D91 : 04;
12D92 : 71;
12D93 : 71;
12D94 : 6D;
12D95 : 6D;
12D96 : 6D;
12D97 : 6D;
12D98 : 71;
12D99 : 91;
12D9A : 71;
12D9B : 29;
12D9C : 4D;
12D9D : 49;
12D9E : 4D;
12D9F : 29;
12DA0 : 6D;
12DA1 : 71;
12DA2 : 71;
12DA3 : 92;
12DA4 : 91;
12DA5 : 96;
12DA6 : 71;
12DA7 : 71;
12DA8 : 4D;
12DA9 : 4D;
12DAA : 4D;
12DAB : 4D;
12DAC : 4D;
12DAD : 4D;
12DAE : 4D;
12DAF : 25;
12DB0 : 25;
12DB1 : 24;
12DB2 : 6D;
12DB3 : 91;
12DB4 : 91;
12DB5 : 91;
12DB6 : 91;
12DB7 : 71;
12DB8 : 91;
12DB9 : 71;
12DBA : 71;
12DBB : 4D;
12DBC : 4D;
12DBD : 4D;
12DBE : 4D;
12DBF : 4D;
12DC0 : 71;
12DC1 : 71;
12DC2 : 71;
12DC3 : 71;
12DC4 : 91;
12DC5 : 71;
12DC6 : 6D;
12DC7 : 00;
12DC8 : 29;
12DC9 : 4D;
12DCA : 49;
12DCB : 49;
12DCC : 29;
12DCD : 49;
12DCE : 24;
12DCF : 24;
12DD0 : 25;
12DD1 : 25;
12DD2 : 49;
12DD3 : 49;
12DD4 : 49;
12DD5 : 4D;
12DD6 : 6D;
12DD7 : 4D;
12DD8 : 71;
12DD9 : 4D;
12DDA : 49;
12DDB : 29;
12DDC : 49;
12DDD : 4D;
12DDE : 71;
12DDF : 25;
12DE0 : 4D;
12DE1 : 71;
12DE2 : 71;
12DE3 : 6D;
12DE4 : 91;
12DE5 : 71;
12DE6 : 4D;
12DE7 : 24;
12DE8 : 25;
12DE9 : 29;
12DEA : 29;
12DEB : 4D;
12DEC : 49;
12DED : 29;
12DEE : 24;
12DEF : 04;
12DF0 : 49;
12DF1 : 29;
12DF2 : 25;
12DF3 : 29;
12DF4 : 49;
12DF5 : 49;
12DF6 : 29;
12DF7 : 4D;
12DF8 : 4D;
12DF9 : 29;
12DFA : 24;
12DFB : 25;
12DFC : 29;
12DFD : 4D;
12DFE : 25;
12DFF : 25;
12E00 : 4D;
12E01 : 6D;
12E02 : 49;
12E03 : 29;
12E04 : 25;
12E05 : 25;
12E06 : 49;
12E07 : 25;
12E08 : 25;
12E09 : 00;
12E0A : 00;
12E0B : 24;
12E0C : 24;
12E0D : 00;
12E0E : 29;
12E0F : 29;
12E10 : 29;
12E11 : 49;
12E12 : 29;
12E13 : 25;
12E14 : 04;
12E15 : 25;
12E16 : 4D;
12E17 : 29;
12E18 : 49;
12E19 : 25;
12E1A : 25;
12E1B : 25;
12E1C : 25;
12E1D : 04;
12E1E : 00;
12E1F : 24;
12E20 : 49;
12E21 : 49;
12E22 : 49;
12E23 : 24;
12E24 : 24;
12E25 : 49;
12E26 : 4D;
12E27 : 24;
12E28 : 24;
12E29 : 00;
12E2A : 00;
12E2B : 00;
12E2C : 00;
12E2D : 00;
12E2E : 25;
12E2F : 29;
12E30 : 29;
12E31 : 29;
12E32 : 25;
12E33 : 04;
12E34 : 04;
12E35 : 25;
12E36 : 49;
12E37 : 4D;
12E38 : 71;
12E39 : 29;
12E3A : 29;
12E3B : 25;
12E3C : 25;
12E3D : 25;
12E3E : 00;
12E3F : 24;
12E40 : 49;
12E41 : 49;
12E42 : 4D;
12E43 : 25;
12E44 : 29;
12E45 : 4D;
12E46 : 6D;
12E47 : 49;
12E48 : 24;
12E49 : 25;
12E4A : 04;
12E4B : 00;
12E4C : 00;
12E4D : 00;
12E4E : 49;
12E4F : 29;
12E50 : 29;
12E51 : 49;
12E52 : 4D;
12E53 : 29;
12E54 : 04;
12E55 : 25;
12E56 : 24;
12E57 : 29;
12E58 : 4D;
12E59 : 29;
12E5A : 25;
12E5B : 49;
12E5C : 25;
12E5D : 00;
12E5E : 25;
12E5F : 29;
12E60 : 4D;
12E61 : 6D;
12E62 : 6D;
12E63 : 71;
12E64 : 71;
12E65 : 29;
12E66 : 71;
12E67 : 4D;
12E68 : 4D;
12E69 : 4D;
12E6A : 49;
12E6B : 29;
12E6C : 24;
12E6D : 24;
12E6E : 49;
12E6F : 4D;
12E70 : 4D;
12E71 : 4D;
12E72 : 4D;
12E73 : 49;
12E74 : 49;
12E75 : 49;
12E76 : 24;
12E77 : 25;
12E78 : 25;
12E79 : 25;
12E7A : 25;
12E7B : 25;
12E7C : 4D;
12E7D : 71;
12E7E : 71;
12E7F : 72;
12E80 : 6D;
12E81 : 6D;
12E82 : 6D;
12E83 : 4D;
12E84 : 4D;
12E85 : 71;
12E86 : 29;
12E87 : 49;
12E88 : 4D;
12E89 : 4D;
12E8A : 4D;
12E8B : 25;
12E8C : 00;
12E8D : 24;
12E8E : 71;
12E8F : 4D;
12E90 : 4D;
12E91 : 4D;
12E92 : 4D;
12E93 : 4D;
12E94 : 6D;
12E95 : 29;
12E96 : 24;
12E97 : 25;
12E98 : 25;
12E99 : 04;
12E9A : 29;
12E9B : 6D;
12E9C : 6D;
12E9D : 71;
12E9E : 71;
12E9F : 4D;
12EA0 : 71;
12EA1 : 71;
12EA2 : 6D;
12EA3 : 4D;
12EA4 : 49;
12EA5 : 24;
12EA6 : 4D;
12EA7 : 49;
12EA8 : 4D;
12EA9 : 4D;
12EAA : 49;
12EAB : 29;
12EAC : 49;
12EAD : 71;
12EAE : 4D;
12EAF : 4D;
12EB0 : 4D;
12EB1 : 71;
12EB2 : 6D;
12EB3 : 4D;
12EB4 : 6D;
12EB5 : 4D;
12EB6 : 00;
12EB7 : 00;
12EB8 : 24;
12EB9 : 00;
12EBA : 4D;
12EBB : 71;
12EBC : 6D;
12EBD : 71;
12EBE : 71;
12EBF : 6D;
12EC0 : 29;
12EC1 : 71;
12EC2 : 71;
12EC3 : 4D;
12EC4 : 6D;
12EC5 : 49;
12EC6 : 4D;
12EC7 : 4D;
12EC8 : 49;
12EC9 : 49;
12ECA : 49;
12ECB : 71;
12ECC : 71;
12ECD : 6D;
12ECE : 71;
12ECF : 6D;
12ED0 : 4D;
12ED1 : 71;
12ED2 : 4D;
12ED3 : 71;
12ED4 : 4D;
12ED5 : 6D;
12ED6 : 00;
12ED7 : 00;
12ED8 : 00;
12ED9 : 04;
12EDA : 04;
12EDB : 6D;
12EDC : 6D;
12EDD : 71;
12EDE : 71;
12EDF : 6D;
12EE0 : 25;
12EE1 : 49;
12EE2 : 24;
12EE3 : 29;
12EE4 : 25;
12EE5 : 25;
12EE6 : 04;
12EE7 : 00;
12EE8 : 00;
12EE9 : 24;
12EEA : 29;
12EEB : 6D;
12EEC : 4D;
12EED : 6D;
12EEE : 4D;
12EEF : 4D;
12EF0 : 49;
12EF1 : 4D;
12EF2 : 4D;
12EF3 : 4D;
12EF4 : 4D;
12EF5 : 4D;
12EF6 : 00;
12EF7 : 04;
12EF8 : 25;
12EF9 : 24;
12EFA : 00;
12EFB : 25;
12EFC : 29;
12EFD : 4D;
12EFE : 6D;
12EFF : 29;
12F00 : 25;
12F01 : 25;
12F02 : 04;
12F03 : 00;
12F04 : 00;
12F05 : 04;
12F06 : 25;
12F07 : 24;
12F08 : 00;
12F09 : 00;
12F0A : 25;
12F0B : 4D;
12F0C : 4D;
12F0D : 4D;
12F0E : 29;
12F0F : 24;
12F10 : 25;
12F11 : 24;
12F12 : 24;
12F13 : 04;
12F14 : 00;
12F15 : 25;
12F16 : 04;
12F17 : 4D;
12F18 : 4D;
12F19 : 4D;
12F1A : 49;
12F1B : 25;
12F1C : 04;
12F1D : 04;
12F1E : 25;
12F1F : 24;
12F20 : 25;
12F21 : 04;
12F22 : 24;
12F23 : 00;
12F24 : 00;
12F25 : 00;
12F26 : 00;
12F27 : 00;
12F28 : 00;
12F29 : 00;
12F2A : 04;
12F2B : 4D;
12F2C : 71;
12F2D : 4D;
12F2E : 4D;
12F2F : 49;
12F30 : 49;
12F31 : 49;
12F32 : 25;
12F33 : 29;
12F34 : 29;
12F35 : 24;
12F36 : 29;
12F37 : 4D;
12F38 : 4D;
12F39 : 49;
12F3A : 4D;
12F3B : 00;
12F3C : 04;
12F3D : 25;
12F3E : 25;
12F3F : 24;
12F40 : 04;
12F41 : 00;
12F42 : 04;
12F43 : 00;
12F44 : 24;
12F45 : 00;
12F46 : 00;
12F47 : 00;
12F48 : 00;
12F49 : 00;
12F4A : 29;
12F4B : 4D;
12F4C : 29;
12F4D : 49;
12F4E : 4D;
12F4F : 25;
12F50 : 04;
12F51 : 04;
12F52 : 25;
12F53 : 00;
12F54 : 24;
12F55 : 25;
12F56 : 4D;
12F57 : 4D;
12F58 : 4D;
12F59 : 4D;
12F5A : 4D;
12F5B : 29;
12F5C : 25;
12F5D : 04;
12F5E : 00;
12F5F : 00;
12F60 : 00;
12F61 : 00;
12F62 : 00;
12F63 : 24;
12F64 : 04;
12F65 : 4D;
12F66 : 4D;
12F67 : 4D;
12F68 : 29;
12F69 : 04;
12F6A : 00;
12F6B : 4D;
12F6C : 29;
12F6D : 6D;
12F6E : 4D;
12F6F : 4D;
12F70 : 29;
12F71 : 4D;
12F72 : 6D;
12F73 : 4D;
12F74 : 25;
12F75 : 29;
12F76 : 4D;
12F77 : 4D;
12F78 : 4D;
12F79 : 6D;
12F7A : 49;
12F7B : 4D;
12F7C : 29;
12F7D : 24;
12F7E : 04;
12F7F : 04;
12F80 : 00;
12F81 : 25;
12F82 : 4D;
12F83 : 71;
12F84 : 6D;
12F85 : 4D;
12F86 : 4D;
12F87 : 4D;
12F88 : 4D;
12F89 : 4D;
12F8A : 04;
12F8B : 4D;
12F8C : 4D;
12F8D : 49;
12F8E : 4D;
12F8F : 4D;
12F90 : 71;
12F91 : 6D;
12F92 : 6D;
12F93 : 6D;
12F94 : 25;
12F95 : 29;
12F96 : 4D;
12F97 : 4D;
12F98 : 4D;
12F99 : 4D;
12F9A : 4D;
12F9B : 49;
12F9C : 25;
12F9D : 24;
12F9E : 24;
12F9F : 25;
12FA0 : 4D;
12FA1 : 71;
12FA2 : 71;
12FA3 : 4D;
12FA4 : 6D;
12FA5 : 4D;
12FA6 : 4D;
12FA7 : 4D;
12FA8 : 49;
12FA9 : 49;
12FAA : 25;
12FAB : 29;
12FAC : 4D;
12FAD : 71;
12FAE : 4D;
12FAF : 71;
12FB0 : 71;
12FB1 : 4D;
12FB2 : 71;
12FB3 : 04;
12FB4 : 24;
12FB5 : 29;
12FB6 : 4D;
12FB7 : 4D;
12FB8 : 4D;
12FB9 : 4D;
12FBA : 4D;
12FBB : 4D;
12FBC : 25;
12FBD : 00;
12FBE : 00;
12FBF : 00;
12FC0 : 29;
12FC1 : 4D;
12FC2 : 4D;
12FC3 : 4D;
12FC4 : 4D;
12FC5 : 4D;
12FC6 : 4D;
12FC7 : 4D;
12FC8 : 6D;
12FC9 : 49;
12FCA : 29;
12FCB : 00;
12FCC : 04;
12FCD : 4D;
12FCE : 49;
12FCF : 4D;
12FD0 : 4D;
12FD1 : 49;
12FD2 : 49;
12FD3 : 04;
12FD4 : 29;
12FD5 : 29;
12FD6 : 4D;
12FD7 : 4D;
12FD8 : 49;
12FD9 : 49;
12FDA : 29;
12FDB : 25;
12FDC : 00;
12FDD : 00;
12FDE : 25;
12FDF : 24;
12FE0 : 49;
12FE1 : 29;
12FE2 : 4D;
12FE3 : 4D;
12FE4 : 4D;
12FE5 : 29;
12FE6 : 4D;
12FE7 : 29;
12FE8 : 29;
12FE9 : 29;
12FEA : 25;
12FEB : 04;
12FEC : 00;
12FED : 00;
12FEE : 00;
12FEF : 00;
12FF0 : 00;
12FF1 : 00;
12FF2 : 00;
12FF3 : 25;
12FF4 : 25;
12FF5 : 25;
12FF6 : 00;
12FF7 : 00;
12FF8 : 00;
12FF9 : 29;
12FFA : 00;
12FFB : 04;
12FFC : 00;
12FFD : 00;
12FFE : 25;
12FFF : 00;
13000 : 00;
13001 : 00;
13002 : 00;
13003 : 00;
13004 : 00;
13005 : 00;
13006 : 00;
13007 : 00;
13008 : 00;
13009 : 00;
1300A : 00;
1300B : 00;
1300C : 00;
1300D : 00;
1300E : 00;
1300F : 00;
13010 : 00;
13011 : 00;
13012 : 00;
13013 : 00;
13014 : 00;
13015 : 00;
13016 : 00;
13017 : 00;
13018 : 00;
13019 : 00;
1301A : 00;
1301B : 00;
1301C : 00;
1301D : 00;
1301E : 00;
1301F : 00;
13020 : 00;
13021 : 00;
13022 : 00;
13023 : 00;
13024 : 00;
13025 : 00;
13026 : 00;
13027 : 00;
13028 : 00;
13029 : 00;
1302A : 00;
1302B : 00;
1302C : 00;
1302D : 00;
1302E : 00;
1302F : 00;
13030 : 00;
13031 : 00;
13032 : 00;
13033 : 00;
13034 : 00;
13035 : 00;
13036 : 00;
13037 : 00;
13038 : 00;
13039 : 00;
1303A : 00;
1303B : 00;
1303C : 00;
1303D : 00;
1303E : 00;
1303F : 00;
13040 : 00;
13041 : 00;
13042 : 00;
13043 : 00;
13044 : 00;
13045 : 00;
13046 : 00;
13047 : 00;
13048 : 00;
13049 : 00;
1304A : 00;
1304B : 00;
1304C : 00;
1304D : 00;
1304E : 00;
1304F : 00;
13050 : 00;
13051 : 00;
13052 : 00;
13053 : 00;
13054 : 00;
13055 : 00;
13056 : 00;
13057 : 00;
13058 : 00;
13059 : 00;
1305A : 00;
1305B : 00;
1305C : 00;
1305D : 00;
1305E : 00;
1305F : 00;
13060 : 00;
13061 : 00;
13062 : 00;
13063 : 00;
13064 : 00;
13065 : 00;
13066 : 00;
13067 : 00;
13068 : 00;
13069 : 00;
1306A : 00;
1306B : 00;
1306C : 00;
1306D : 00;
1306E : 00;
1306F : 00;
13070 : 00;
13071 : 00;
13072 : 00;
13073 : 00;
13074 : 00;
13075 : 00;
13076 : 00;
13077 : 00;
13078 : 00;
13079 : 00;
1307A : 00;
1307B : 00;
1307C : 00;
1307D : 00;
1307E : 00;
1307F : 00;
13080 : 00;
13081 : 00;
13082 : 00;
13083 : 00;
13084 : 00;
13085 : 00;
13086 : 00;
13087 : 00;
13088 : 00;
13089 : 00;
1308A : 00;
1308B : 00;
1308C : 00;
1308D : 00;
1308E : 00;
1308F : 00;
13090 : 00;
13091 : 00;
13092 : 00;
13093 : 00;
13094 : 00;
13095 : 00;
13096 : 00;
13097 : 00;
13098 : 00;
13099 : 00;
1309A : 00;
1309B : 00;
1309C : 00;
1309D : 00;
1309E : 00;
1309F : 00;
130A0 : 00;
130A1 : 00;
130A2 : 00;
130A3 : 00;
130A4 : 00;
130A5 : 00;
130A6 : 00;
130A7 : 00;
130A8 : 00;
130A9 : 00;
130AA : 00;
130AB : 00;
130AC : 00;
130AD : 00;
130AE : 00;
130AF : 00;
130B0 : 00;
130B1 : 00;
130B2 : 00;
130B3 : 00;
130B4 : 00;
130B5 : 00;
130B6 : 00;
130B7 : 00;
130B8 : 00;
130B9 : 00;
130BA : 00;
130BB : 00;
130BC : 00;
130BD : 00;
130BE : 00;
130BF : 00;
130C0 : 00;
130C1 : 00;
130C2 : 00;
130C3 : 00;
130C4 : 00;
130C5 : 00;
130C6 : 00;
130C7 : 00;
130C8 : 00;
130C9 : 00;
130CA : 00;
130CB : 00;
130CC : 00;
130CD : 00;
130CE : 00;
130CF : 00;
130D0 : 00;
130D1 : 00;
130D2 : 00;
130D3 : 00;
130D4 : 00;
130D5 : 00;
130D6 : 00;
130D7 : 00;
130D8 : 00;
130D9 : 00;
130DA : 00;
130DB : 00;
130DC : 00;
130DD : 00;
130DE : 00;
130DF : 00;
130E0 : 00;
130E1 : 00;
130E2 : 00;
130E3 : 00;
130E4 : 00;
130E5 : 00;
130E6 : 00;
130E7 : 00;
130E8 : 00;
130E9 : 00;
130EA : 00;
130EB : 00;
130EC : 00;
130ED : 00;
130EE : 00;
130EF : 00;
130F0 : 00;
130F1 : 00;
130F2 : 00;
130F3 : 00;
130F4 : 00;
130F5 : 00;
130F6 : 00;
130F7 : 00;
130F8 : 00;
130F9 : 00;
130FA : 00;
130FB : 00;
130FC : 00;
130FD : 00;
130FE : 00;
130FF : 00;
13100 : 00;
13101 : 00;
13102 : 00;
13103 : 00;
13104 : 00;
13105 : 00;
13106 : 00;
13107 : 00;
13108 : 00;
13109 : 00;
1310A : 00;
1310B : 00;
1310C : 00;
1310D : 00;
1310E : 00;
1310F : 00;
13110 : 00;
13111 : 00;
13112 : 00;
13113 : 00;
13114 : 00;
13115 : 00;
13116 : 00;
13117 : 00;
13118 : 00;
13119 : 00;
1311A : 00;
1311B : 00;
1311C : 00;
1311D : 00;
1311E : 00;
1311F : 00;
13120 : 00;
13121 : 00;
13122 : 00;
13123 : 00;
13124 : 00;
13125 : 00;
13126 : 00;
13127 : 00;
13128 : 00;
13129 : 00;
1312A : 00;
1312B : 00;
1312C : 00;
1312D : 00;
1312E : 00;
1312F : 00;
13130 : 00;
13131 : 00;
13132 : 00;
13133 : 00;
13134 : 00;
13135 : 00;
13136 : 00;
13137 : 00;
13138 : 00;
13139 : 00;
1313A : 00;
1313B : 00;
1313C : 00;
1313D : 00;
1313E : 00;
1313F : 00;
13140 : 00;
13141 : 00;
13142 : 00;
13143 : 00;
13144 : 00;
13145 : 00;
13146 : 00;
13147 : 00;
13148 : 00;
13149 : 00;
1314A : 00;
1314B : 00;
1314C : 00;
1314D : 00;
1314E : 00;
1314F : 00;
13150 : 00;
13151 : 00;
13152 : 00;
13153 : 00;
13154 : 00;
13155 : 00;
13156 : 00;
13157 : 00;
13158 : 00;
13159 : 00;
1315A : 00;
1315B : 00;
1315C : 00;
1315D : 00;
1315E : 00;
1315F : 00;
13160 : 00;
13161 : 00;
13162 : 00;
13163 : 00;
13164 : 00;
13165 : 00;
13166 : 00;
13167 : 00;
13168 : 00;
13169 : 00;
1316A : 00;
1316B : 00;
1316C : 00;
1316D : 00;
1316E : 00;
1316F : 00;
13170 : 00;
13171 : 00;
13172 : 00;
13173 : 00;
13174 : 00;
13175 : 00;
13176 : 00;
13177 : 00;
13178 : 00;
13179 : 00;
1317A : 00;
1317B : 00;
1317C : 00;
1317D : 00;
1317E : 00;
1317F : 00;
13180 : 00;
13181 : 00;
13182 : 00;
13183 : 00;
13184 : 00;
13185 : 00;
13186 : 00;
13187 : 00;
13188 : 00;
13189 : 00;
1318A : 00;
1318B : 00;
1318C : 00;
1318D : 00;
1318E : 00;
1318F : 00;
13190 : 00;
13191 : 00;
13192 : 00;
13193 : 00;
13194 : 00;
13195 : 00;
13196 : 00;
13197 : 00;
13198 : 00;
13199 : 00;
1319A : 00;
1319B : 00;
1319C : 00;
1319D : 00;
1319E : 00;
1319F : 00;
131A0 : 00;
131A1 : 00;
131A2 : 00;
131A3 : 00;
131A4 : 00;
131A5 : 00;
131A6 : 00;
131A7 : 00;
131A8 : 00;
131A9 : 00;
131AA : 00;
131AB : 00;
131AC : 00;
131AD : 00;
131AE : 00;
131AF : 00;
131B0 : 00;
131B1 : 00;
131B2 : 00;
131B3 : 00;
131B4 : 00;
131B5 : 00;
131B6 : 00;
131B7 : 00;
131B8 : 00;
131B9 : 00;
131BA : 00;
131BB : 00;
131BC : 00;
131BD : 00;
131BE : 00;
131BF : 00;
131C0 : 00;
131C1 : 00;
131C2 : 00;
131C3 : 00;
131C4 : 00;
131C5 : 00;
131C6 : 00;
131C7 : 00;
131C8 : 00;
131C9 : 00;
131CA : 00;
131CB : 00;
131CC : 00;
131CD : 00;
131CE : 00;
131CF : 00;
131D0 : 00;
131D1 : 00;
131D2 : 00;
131D3 : 00;
131D4 : 00;
131D5 : 00;
131D6 : 00;
131D7 : 00;
131D8 : 00;
131D9 : 00;
131DA : 00;
131DB : 00;
131DC : 00;
131DD : 00;
131DE : 00;
131DF : 00;
131E0 : 00;
131E1 : 00;
131E2 : 00;
131E3 : 00;
131E4 : 00;
131E5 : 00;
131E6 : 00;
131E7 : 00;
131E8 : 00;
131E9 : 00;
131EA : 00;
131EB : 00;
131EC : 00;
131ED : 00;
131EE : 00;
131EF : 00;
131F0 : 00;
131F1 : 00;
131F2 : 00;
131F3 : 00;
131F4 : 00;
131F5 : 00;
131F6 : 00;
131F7 : 00;
131F8 : 00;
131F9 : 00;
131FA : 00;
131FB : 00;
131FC : 00;
131FD : 00;
131FE : 00;
131FF : 00;
13200 : 00;
13201 : 00;
13202 : 00;
13203 : 00;
13204 : 00;
13205 : 00;
13206 : 00;
13207 : 00;
13208 : 00;
13209 : 00;
1320A : 00;
1320B : 00;
1320C : 00;
1320D : 00;
1320E : 00;
1320F : 00;
13210 : 00;
13211 : 00;
13212 : 00;
13213 : 00;
13214 : 00;
13215 : 00;
13216 : 00;
13217 : 00;
13218 : 00;
13219 : 00;
1321A : 00;
1321B : 00;
1321C : 00;
1321D : 00;
1321E : 00;
1321F : 00;
13220 : 00;
13221 : 00;
13222 : 00;
13223 : 00;
13224 : 00;
13225 : 00;
13226 : 00;
13227 : 00;
13228 : 00;
13229 : 00;
1322A : 00;
1322B : 00;
1322C : 00;
1322D : 00;
1322E : 00;
1322F : 00;
13230 : 00;
13231 : 00;
13232 : 00;
13233 : 00;
13234 : 00;
13235 : 00;
13236 : 00;
13237 : 00;
13238 : 00;
13239 : 00;
1323A : 00;
1323B : 00;
1323C : 00;
1323D : 00;
1323E : 00;
1323F : 00;
13240 : 00;
13241 : 00;
13242 : 00;
13243 : 00;
13244 : 00;
13245 : 00;
13246 : 00;
13247 : 00;
13248 : 00;
13249 : 00;
1324A : 00;
1324B : 00;
1324C : 00;
1324D : 00;
1324E : 00;
1324F : 00;
13250 : 00;
13251 : 00;
13252 : 00;
13253 : 00;
13254 : 00;
13255 : 00;
13256 : 00;
13257 : 00;
13258 : 00;
13259 : 00;
1325A : 00;
1325B : 00;
1325C : 00;
1325D : 00;
1325E : 00;
1325F : 00;
13260 : 00;
13261 : 00;
13262 : 00;
13263 : 00;
13264 : 00;
13265 : 00;
13266 : 00;
13267 : 00;
13268 : 00;
13269 : 00;
1326A : 00;
1326B : 00;
1326C : 00;
1326D : 00;
1326E : 00;
1326F : 00;
13270 : 00;
13271 : 00;
13272 : 00;
13273 : 00;
13274 : 00;
13275 : 00;
13276 : 00;
13277 : 00;
13278 : 00;
13279 : 00;
1327A : 00;
1327B : 00;
1327C : 00;
1327D : 00;
1327E : 00;
1327F : 00;
13280 : 00;
13281 : 00;
13282 : 00;
13283 : 00;
13284 : 00;
13285 : 00;
13286 : 00;
13287 : 00;
13288 : 00;
13289 : 00;
1328A : 00;
1328B : 00;
1328C : 00;
1328D : 00;
1328E : 00;
1328F : 00;
13290 : 00;
13291 : 00;
13292 : 00;
13293 : 00;
13294 : 00;
13295 : 00;
13296 : 00;
13297 : 00;
13298 : 00;
13299 : 00;
1329A : 00;
1329B : 00;
1329C : 00;
1329D : 00;
1329E : 00;
1329F : 00;
132A0 : 00;
132A1 : 00;
132A2 : 00;
132A3 : 00;
132A4 : 00;
132A5 : 00;
132A6 : 00;
132A7 : 00;
132A8 : 00;
132A9 : 00;
132AA : 00;
132AB : 00;
132AC : 00;
132AD : 00;
132AE : 00;
132AF : 00;
132B0 : 00;
132B1 : 00;
132B2 : 00;
132B3 : 00;
132B4 : 00;
132B5 : 00;
132B6 : 00;
132B7 : 00;
132B8 : 00;
132B9 : 00;
132BA : 00;
132BB : 00;
132BC : 00;
132BD : 00;
132BE : 00;
132BF : 00;
132C0 : 00;
132C1 : 00;
132C2 : 00;
132C3 : 00;
132C4 : 00;
132C5 : 00;
132C6 : 00;
132C7 : 00;
132C8 : 00;
132C9 : 00;
132CA : 00;
132CB : 00;
132CC : 00;
132CD : 00;
132CE : 00;
132CF : 00;
132D0 : 00;
132D1 : 00;
132D2 : 00;
132D3 : 00;
132D4 : 00;
132D5 : 00;
132D6 : 00;
132D7 : 00;
132D8 : 00;
132D9 : 00;
132DA : 00;
132DB : 00;
132DC : 00;
132DD : 00;
132DE : 00;
132DF : 00;
132E0 : 00;
132E1 : 00;
132E2 : 00;
132E3 : 00;
132E4 : 00;
132E5 : 00;
132E6 : 00;
132E7 : 00;
132E8 : 00;
132E9 : 00;
132EA : 00;
132EB : 00;
132EC : 00;
132ED : 00;
132EE : 00;
132EF : 00;
132F0 : 00;
132F1 : 00;
132F2 : 00;
132F3 : 00;
132F4 : 00;
132F5 : 00;
132F6 : 00;
132F7 : 00;
132F8 : 00;
132F9 : 00;
132FA : 00;
132FB : 00;
132FC : 00;
132FD : 00;
132FE : 00;
132FF : 00;
13300 : 00;
13301 : 00;
13302 : 00;
13303 : 00;
13304 : 00;
13305 : 00;
13306 : 00;
13307 : 00;
13308 : 00;
13309 : 00;
1330A : 00;
1330B : 00;
1330C : 00;
1330D : 00;
1330E : 00;
1330F : 00;
13310 : 00;
13311 : 00;
13312 : 00;
13313 : 00;
13314 : 00;
13315 : 00;
13316 : 00;
13317 : 00;
13318 : 00;
13319 : 00;
1331A : 00;
1331B : 00;
1331C : 00;
1331D : 00;
1331E : 00;
1331F : 00;
13320 : 00;
13321 : 00;
13322 : 00;
13323 : 00;
13324 : 00;
13325 : 00;
13326 : 00;
13327 : 00;
13328 : 00;
13329 : 00;
1332A : 00;
1332B : 00;
1332C : 00;
1332D : 00;
1332E : 00;
1332F : 00;
13330 : 00;
13331 : 00;
13332 : 00;
13333 : 00;
13334 : 00;
13335 : 00;
13336 : 00;
13337 : 00;
13338 : 00;
13339 : 00;
1333A : 00;
1333B : 00;
1333C : 00;
1333D : 00;
1333E : 00;
1333F : 00;
13340 : 00;
13341 : 00;
13342 : 00;
13343 : 00;
13344 : 00;
13345 : 00;
13346 : 00;
13347 : 00;
13348 : 00;
13349 : 00;
1334A : 00;
1334B : 00;
1334C : 00;
1334D : 00;
1334E : 00;
1334F : 00;
13350 : 00;
13351 : 00;
13352 : 00;
13353 : 00;
13354 : 00;
13355 : 00;
13356 : 00;
13357 : 00;
13358 : 00;
13359 : 00;
1335A : 00;
1335B : 00;
1335C : 00;
1335D : 00;
1335E : 00;
1335F : 00;
13360 : 00;
13361 : 00;
13362 : 00;
13363 : 00;
13364 : 00;
13365 : 00;
13366 : 00;
13367 : 00;
13368 : 00;
13369 : 00;
1336A : 00;
1336B : 00;
1336C : 00;
1336D : 00;
1336E : 00;
1336F : 00;
13370 : 00;
13371 : 00;
13372 : 00;
13373 : 00;
13374 : 00;
13375 : 00;
13376 : 00;
13377 : 00;
13378 : 00;
13379 : 00;
1337A : 00;
1337B : 00;
1337C : 00;
1337D : 00;
1337E : 00;
1337F : 00;
13380 : 00;
13381 : 00;
13382 : 00;
13383 : 00;
13384 : 00;
13385 : 00;
13386 : 00;
13387 : 00;
13388 : 00;
13389 : 00;
1338A : 00;
1338B : 00;
1338C : 00;
1338D : 00;
1338E : 00;
1338F : 00;
13390 : 00;
13391 : 00;
13392 : 00;
13393 : 00;
13394 : 00;
13395 : 00;
13396 : 00;
13397 : 00;
13398 : 00;
13399 : 00;
1339A : 00;
1339B : 00;
1339C : 00;
1339D : 00;
1339E : 00;
1339F : 00;
133A0 : 00;
133A1 : 00;
133A2 : 00;
133A3 : 00;
133A4 : 00;
133A5 : 00;
133A6 : 00;
133A7 : 00;
133A8 : 00;
133A9 : 00;
133AA : 00;
133AB : 00;
133AC : 00;
133AD : 00;
133AE : 00;
133AF : 00;
133B0 : 00;
133B1 : 00;
133B2 : 00;
133B3 : 00;
133B4 : 00;
133B5 : 00;
133B6 : 00;
133B7 : 00;
133B8 : 00;
133B9 : 00;
133BA : 00;
133BB : 00;
133BC : 00;
133BD : 00;
133BE : 00;
133BF : 00;
133C0 : 00;
133C1 : 00;
133C2 : 00;
133C3 : 00;
133C4 : 00;
133C5 : 00;
133C6 : 00;
133C7 : 00;
133C8 : 00;
133C9 : 00;
133CA : 00;
133CB : 00;
133CC : 00;
133CD : 00;
133CE : 00;
133CF : 00;
133D0 : 00;
133D1 : 00;
133D2 : 00;
133D3 : 00;
133D4 : 00;
133D5 : 00;
133D6 : 00;
133D7 : 00;
133D8 : 00;
133D9 : 00;
133DA : 00;
133DB : 00;
133DC : 00;
133DD : 00;
133DE : 00;
133DF : 00;
133E0 : 00;
133E1 : 00;
133E2 : 00;
133E3 : 00;
133E4 : 00;
133E5 : 00;
133E6 : 00;
133E7 : 00;
133E8 : 00;
133E9 : 00;
133EA : 00;
133EB : 00;
133EC : 00;
133ED : 00;
133EE : 00;
133EF : 00;
133F0 : 00;
133F1 : 00;
133F2 : 00;
133F3 : 00;
133F4 : 00;
133F5 : 00;
133F6 : 00;
133F7 : 00;
133F8 : 00;
133F9 : 00;
133FA : 00;
133FB : 00;
133FC : 00;
133FD : 00;
133FE : 00;
133FF : 00;
13400 : 00;
13401 : 00;
13402 : 00;
13403 : 00;
13404 : 00;
13405 : 00;
13406 : 00;
13407 : 00;
13408 : 00;
13409 : 00;
1340A : 00;
1340B : 00;
1340C : 00;
1340D : 00;
1340E : 00;
1340F : 00;
13410 : 00;
13411 : 00;
13412 : 00;
13413 : 00;
13414 : 00;
13415 : 00;
13416 : 00;
13417 : 00;
13418 : 00;
13419 : 00;
1341A : 00;
1341B : 00;
1341C : 00;
1341D : 00;
1341E : 00;
1341F : 00;
13420 : 00;
13421 : 00;
13422 : 00;
13423 : 00;
13424 : 00;
13425 : 00;
13426 : 00;
13427 : 00;
13428 : 00;
13429 : 00;
1342A : 00;
1342B : 00;
1342C : 00;
1342D : 00;
1342E : 00;
1342F : 00;
13430 : 00;
13431 : 00;
13432 : 00;
13433 : 00;
13434 : 00;
13435 : 00;
13436 : 00;
13437 : 00;
13438 : 00;
13439 : 00;
1343A : 00;
1343B : 00;
1343C : 00;
1343D : 00;
1343E : 00;
1343F : 00;
13440 : 00;
13441 : 00;
13442 : 00;
13443 : 00;
13444 : 00;
13445 : 00;
13446 : 00;
13447 : 00;
13448 : 00;
13449 : 00;
1344A : 00;
1344B : 00;
1344C : 00;
1344D : 00;
1344E : 00;
1344F : 00;
13450 : 00;
13451 : 00;
13452 : 00;
13453 : 00;
13454 : 00;
13455 : 00;
13456 : 00;
13457 : 00;
13458 : 00;
13459 : 00;
1345A : 00;
1345B : 00;
1345C : 00;
1345D : 00;
1345E : 00;
1345F : 00;
13460 : 00;
13461 : 00;
13462 : 00;
13463 : 00;
13464 : 00;
13465 : 00;
13466 : 00;
13467 : 00;
13468 : 00;
13469 : 00;
1346A : 00;
1346B : 00;
1346C : 00;
1346D : 00;
1346E : 00;
1346F : 00;
13470 : 00;
13471 : 00;
13472 : 00;
13473 : 00;
13474 : 00;
13475 : 00;
13476 : 00;
13477 : 00;
13478 : 00;
13479 : 00;
1347A : 00;
1347B : 00;
1347C : 00;
1347D : 00;
1347E : 00;
1347F : 00;
13480 : 00;
13481 : 00;
13482 : 00;
13483 : 00;
13484 : 00;
13485 : 00;
13486 : 00;
13487 : 00;
13488 : 00;
13489 : 00;
1348A : 00;
1348B : 00;
1348C : 00;
1348D : 00;
1348E : 00;
1348F : 00;
13490 : 00;
13491 : 00;
13492 : 00;
13493 : 00;
13494 : 00;
13495 : 00;
13496 : 00;
13497 : 00;
13498 : 00;
13499 : 00;
1349A : 00;
1349B : 00;
1349C : 00;
1349D : 00;
1349E : 00;
1349F : 00;
134A0 : 00;
134A1 : 00;
134A2 : 00;
134A3 : 00;
134A4 : 00;
134A5 : 00;
134A6 : 00;
134A7 : 00;
134A8 : 00;
134A9 : 00;
134AA : 00;
134AB : 00;
134AC : 00;
134AD : 00;
134AE : 00;
134AF : 00;
134B0 : 00;
134B1 : 00;
134B2 : 00;
134B3 : 00;
134B4 : 00;
134B5 : 00;
134B6 : 00;
134B7 : 00;
134B8 : 00;
134B9 : 00;
134BA : 00;
134BB : 00;
134BC : 00;
134BD : 00;
134BE : 00;
134BF : 00;
134C0 : 00;
134C1 : 00;
134C2 : 00;
134C3 : 00;
134C4 : 00;
134C5 : 00;
134C6 : 00;
134C7 : 00;
134C8 : 00;
134C9 : 00;
134CA : 00;
134CB : 00;
134CC : 00;
134CD : 00;
134CE : 00;
134CF : 00;
134D0 : 00;
134D1 : 00;
134D2 : 00;
134D3 : 00;
134D4 : 00;
134D5 : 00;
134D6 : 00;
134D7 : 00;
134D8 : 00;
134D9 : 00;
134DA : 00;
134DB : 00;
134DC : 00;
134DD : 00;
134DE : 00;
134DF : 00;
134E0 : 00;
134E1 : 00;
134E2 : 00;
134E3 : 00;
134E4 : 00;
134E5 : 00;
134E6 : 00;
134E7 : 00;
134E8 : 00;
134E9 : 00;
134EA : 00;
134EB : 00;
134EC : 00;
134ED : 00;
134EE : 00;
134EF : 00;
134F0 : 00;
134F1 : 00;
134F2 : 00;
134F3 : 00;
134F4 : 00;
134F5 : 00;
134F6 : 00;
134F7 : 00;
134F8 : 00;
134F9 : 00;
134FA : 00;
134FB : 00;
134FC : 00;
134FD : 00;
134FE : 00;
134FF : 00;
13500 : 00;
13501 : 00;
13502 : 00;
13503 : 00;
13504 : 00;
13505 : 00;
13506 : 00;
13507 : 00;
13508 : 00;
13509 : 00;
1350A : 00;
1350B : 00;
1350C : 00;
1350D : 00;
1350E : 00;
1350F : 00;
13510 : 00;
13511 : 00;
13512 : 00;
13513 : 00;
13514 : 00;
13515 : 00;
13516 : 00;
13517 : 00;
13518 : 00;
13519 : 00;
1351A : 00;
1351B : 00;
1351C : 00;
1351D : 00;
1351E : 00;
1351F : 00;
13520 : 00;
13521 : 00;
13522 : 00;
13523 : 00;
13524 : 00;
13525 : 00;
13526 : 00;
13527 : 00;
13528 : 00;
13529 : 00;
1352A : 00;
1352B : 00;
1352C : 00;
1352D : 00;
1352E : 00;
1352F : 00;
13530 : 00;
13531 : 00;
13532 : 00;
13533 : 00;
13534 : 00;
13535 : 00;
13536 : 00;
13537 : 00;
13538 : 00;
13539 : 00;
1353A : 00;
1353B : 00;
1353C : 00;
1353D : 00;
1353E : 00;
1353F : 00;
13540 : 00;
13541 : 00;
13542 : 00;
13543 : 00;
13544 : 00;
13545 : 00;
13546 : 00;
13547 : 00;
13548 : 00;
13549 : 00;
1354A : 00;
1354B : 00;
1354C : 00;
1354D : 00;
1354E : 00;
1354F : 00;
13550 : 00;
13551 : 00;
13552 : 00;
13553 : 00;
13554 : 00;
13555 : 00;
13556 : 00;
13557 : 00;
13558 : 00;
13559 : 00;
1355A : 00;
1355B : 00;
1355C : 00;
1355D : 00;
1355E : 00;
1355F : 00;
13560 : 00;
13561 : 00;
13562 : 00;
13563 : 00;
13564 : 00;
13565 : 00;
13566 : 00;
13567 : 00;
13568 : 00;
13569 : 00;
1356A : 00;
1356B : 00;
1356C : 00;
1356D : 00;
1356E : 00;
1356F : 00;
13570 : 00;
13571 : 00;
13572 : 00;
13573 : 00;
13574 : 00;
13575 : 00;
13576 : 00;
13577 : 00;
13578 : 00;
13579 : 00;
1357A : 00;
1357B : 00;
1357C : 00;
1357D : 00;
1357E : 00;
1357F : 00;
13580 : 00;
13581 : 00;
13582 : 00;
13583 : 00;
13584 : 00;
13585 : 00;
13586 : 00;
13587 : 00;
13588 : 00;
13589 : 00;
1358A : 00;
1358B : 00;
1358C : 00;
1358D : 00;
1358E : 00;
1358F : 00;
13590 : 00;
13591 : 00;
13592 : 00;
13593 : 00;
13594 : 00;
13595 : 00;
13596 : 00;
13597 : 00;
13598 : 00;
13599 : 00;
1359A : 00;
1359B : 00;
1359C : 00;
1359D : 00;
1359E : 00;
1359F : 00;
135A0 : 00;
135A1 : 00;
135A2 : 00;
135A3 : 00;
135A4 : 00;
135A5 : 00;
135A6 : 00;
135A7 : 00;
135A8 : 00;
135A9 : 00;
135AA : 00;
135AB : 00;
135AC : 00;
135AD : 00;
135AE : 00;
135AF : 00;
135B0 : 00;
135B1 : 00;
135B2 : 00;
135B3 : 00;
135B4 : 00;
135B5 : 00;
135B6 : 00;
135B7 : 00;
135B8 : 00;
135B9 : 00;
135BA : 00;
135BB : 00;
135BC : 00;
135BD : 00;
135BE : 00;
135BF : 00;
135C0 : 00;
135C1 : 00;
135C2 : 00;
135C3 : 00;
135C4 : 00;
135C5 : 00;
135C6 : 00;
135C7 : 00;
135C8 : 00;
135C9 : 00;
135CA : 00;
135CB : 00;
135CC : 00;
135CD : 00;
135CE : 00;
135CF : 00;
135D0 : 00;
135D1 : 00;
135D2 : 00;
135D3 : 00;
135D4 : 00;
135D5 : 00;
135D6 : 00;
135D7 : 00;
135D8 : 00;
135D9 : 00;
135DA : 00;
135DB : 00;
135DC : 00;
135DD : 00;
135DE : 00;
135DF : 00;
135E0 : 00;
135E1 : 00;
135E2 : 00;
135E3 : 00;
135E4 : 00;
135E5 : 00;
135E6 : 00;
135E7 : 00;
135E8 : 00;
135E9 : 00;
135EA : 00;
135EB : 00;
135EC : 00;
135ED : 00;
135EE : 00;
135EF : 00;
135F0 : 00;
135F1 : 00;
135F2 : 00;
135F3 : 00;
135F4 : 00;
135F5 : 00;
135F6 : 00;
135F7 : 00;
135F8 : 00;
135F9 : 00;
135FA : 00;
135FB : 00;
135FC : 00;
135FD : 00;
135FE : 00;
135FF : 00;
13600 : 00;
13601 : 00;
13602 : 00;
13603 : 00;
13604 : 00;
13605 : 00;
13606 : 00;
13607 : 00;
13608 : 00;
13609 : 00;
1360A : 00;
1360B : 00;
1360C : 00;
1360D : 00;
1360E : 00;
1360F : 00;
13610 : 00;
13611 : 00;
13612 : 00;
13613 : 00;
13614 : 00;
13615 : 00;
13616 : 00;
13617 : 00;
13618 : 00;
13619 : 00;
1361A : 00;
1361B : 00;
1361C : 00;
1361D : 00;
1361E : 00;
1361F : 00;
13620 : 00;
13621 : 00;
13622 : 00;
13623 : 00;
13624 : 00;
13625 : 00;
13626 : 00;
13627 : 00;
13628 : 00;
13629 : 00;
1362A : 00;
1362B : 00;
1362C : 00;
1362D : 00;
1362E : 00;
1362F : 00;
13630 : 00;
13631 : 00;
13632 : 00;
13633 : 00;
13634 : 00;
13635 : 00;
13636 : 00;
13637 : 00;
13638 : 00;
13639 : 00;
1363A : 00;
1363B : 00;
1363C : 00;
1363D : 00;
1363E : 00;
1363F : 00;
13640 : 00;
13641 : 00;
13642 : 00;
13643 : 00;
13644 : 00;
13645 : 00;
13646 : 00;
13647 : 00;
13648 : 00;
13649 : 00;
1364A : 00;
1364B : 00;
1364C : 00;
1364D : 00;
1364E : 00;
1364F : 00;
13650 : 00;
13651 : 00;
13652 : 00;
13653 : 00;
13654 : 00;
13655 : 00;
13656 : 00;
13657 : 00;
13658 : 00;
13659 : 00;
1365A : 00;
1365B : 00;
1365C : 00;
1365D : 00;
1365E : 00;
1365F : 00;
13660 : 00;
13661 : 00;
13662 : 00;
13663 : 00;
13664 : 00;
13665 : 00;
13666 : 00;
13667 : 00;
13668 : 00;
13669 : 00;
1366A : 00;
1366B : 00;
1366C : 00;
1366D : 00;
1366E : 00;
1366F : 00;
13670 : 00;
13671 : 00;
13672 : 00;
13673 : 00;
13674 : 00;
13675 : 00;
13676 : 00;
13677 : 00;
13678 : 00;
13679 : 00;
1367A : 00;
1367B : 00;
1367C : 00;
1367D : 00;
1367E : 00;
1367F : 00;
13680 : 00;
13681 : 00;
13682 : 00;
13683 : 00;
13684 : 00;
13685 : 00;
13686 : 00;
13687 : 00;
13688 : 00;
13689 : 00;
1368A : 00;
1368B : 00;
1368C : 00;
1368D : 00;
1368E : 00;
1368F : 00;
13690 : 00;
13691 : 00;
13692 : 00;
13693 : 00;
13694 : 00;
13695 : 00;
13696 : 00;
13697 : 00;
13698 : 00;
13699 : 00;
1369A : 00;
1369B : 00;
1369C : 00;
1369D : 00;
1369E : 00;
1369F : 00;
136A0 : 00;
136A1 : 00;
136A2 : 00;
136A3 : 00;
136A4 : 00;
136A5 : 00;
136A6 : 00;
136A7 : 00;
136A8 : 00;
136A9 : 00;
136AA : 00;
136AB : 00;
136AC : 00;
136AD : 00;
136AE : 00;
136AF : 00;
136B0 : 00;
136B1 : 00;
136B2 : 00;
136B3 : 00;
136B4 : 00;
136B5 : 00;
136B6 : 00;
136B7 : 00;
136B8 : 00;
136B9 : 00;
136BA : 00;
136BB : 00;
136BC : 00;
136BD : 00;
136BE : 00;
136BF : 00;
136C0 : 00;
136C1 : 00;
136C2 : 00;
136C3 : 00;
136C4 : 00;
136C5 : 00;
136C6 : 00;
136C7 : 00;
136C8 : 00;
136C9 : 00;
136CA : 00;
136CB : 00;
136CC : 00;
136CD : 00;
136CE : 00;
136CF : 00;
136D0 : 00;
136D1 : 00;
136D2 : 00;
136D3 : 00;
136D4 : 00;
136D5 : 00;
136D6 : 00;
136D7 : 00;
136D8 : 00;
136D9 : 00;
136DA : 00;
136DB : 00;
136DC : 00;
136DD : 00;
136DE : 00;
136DF : 00;
136E0 : 00;
136E1 : 00;
136E2 : 00;
136E3 : 00;
136E4 : 00;
136E5 : 00;
136E6 : 00;
136E7 : 00;
136E8 : 00;
136E9 : 00;
136EA : 00;
136EB : 00;
136EC : 00;
136ED : 00;
136EE : 00;
136EF : 00;
136F0 : 00;
136F1 : 00;
136F2 : 00;
136F3 : 00;
136F4 : 00;
136F5 : 00;
136F6 : 00;
136F7 : 00;
136F8 : 00;
136F9 : 00;
136FA : 00;
136FB : 00;
136FC : 00;
136FD : 00;
136FE : 00;
136FF : 00;
13700 : 00;
13701 : 00;
13702 : 00;
13703 : 00;
13704 : 00;
13705 : 00;
13706 : 00;
13707 : 00;
13708 : 00;
13709 : 00;
1370A : 00;
1370B : 00;
1370C : 00;
1370D : 00;
1370E : 00;
1370F : 00;
13710 : 00;
13711 : 00;
13712 : 00;
13713 : 00;
13714 : 00;
13715 : 00;
13716 : 00;
13717 : 00;
13718 : 00;
13719 : 00;
1371A : 00;
1371B : 00;
1371C : 00;
1371D : 00;
1371E : 00;
1371F : 00;
13720 : 00;
13721 : 00;
13722 : 00;
13723 : 00;
13724 : 00;
13725 : 00;
13726 : 00;
13727 : 00;
13728 : 00;
13729 : 00;
1372A : 00;
1372B : 00;
1372C : 00;
1372D : 00;
1372E : 00;
1372F : 00;
13730 : 00;
13731 : 00;
13732 : 00;
13733 : 00;
13734 : 00;
13735 : 00;
13736 : 00;
13737 : 00;
13738 : 00;
13739 : 00;
1373A : 00;
1373B : 00;
1373C : 00;
1373D : 00;
1373E : 00;
1373F : 00;
13740 : 00;
13741 : 00;
13742 : 00;
13743 : 00;
13744 : 00;
13745 : 00;
13746 : 00;
13747 : 00;
13748 : 00;
13749 : 00;
1374A : 00;
1374B : 00;
1374C : 00;
1374D : 00;
1374E : 00;
1374F : 00;
13750 : 00;
13751 : 00;
13752 : 00;
13753 : 00;
13754 : 00;
13755 : 00;
13756 : 00;
13757 : 00;
13758 : 00;
13759 : 00;
1375A : 00;
1375B : 00;
1375C : 00;
1375D : 00;
1375E : 00;
1375F : 00;
13760 : 00;
13761 : 00;
13762 : 00;
13763 : 00;
13764 : 00;
13765 : 00;
13766 : 00;
13767 : 00;
13768 : 00;
13769 : 00;
1376A : 00;
1376B : 00;
1376C : 00;
1376D : 00;
1376E : 00;
1376F : 00;
13770 : 00;
13771 : 00;
13772 : 00;
13773 : 00;
13774 : 00;
13775 : 00;
13776 : 00;
13777 : 00;
13778 : 00;
13779 : 00;
1377A : 00;
1377B : 00;
1377C : 00;
1377D : 00;
1377E : 00;
1377F : 00;
13780 : 00;
13781 : 00;
13782 : 00;
13783 : 00;
13784 : 00;
13785 : 00;
13786 : 00;
13787 : 00;
13788 : 00;
13789 : 00;
1378A : 00;
1378B : 00;
1378C : 00;
1378D : 00;
1378E : 00;
1378F : 00;
13790 : 00;
13791 : 00;
13792 : 00;
13793 : 00;
13794 : 00;
13795 : 00;
13796 : 00;
13797 : 00;
13798 : 00;
13799 : 00;
1379A : 00;
1379B : 00;
1379C : 00;
1379D : 00;
1379E : 00;
1379F : 00;
137A0 : 00;
137A1 : 00;
137A2 : 00;
137A3 : 00;
137A4 : 00;
137A5 : 00;
137A6 : 00;
137A7 : 00;
137A8 : 00;
137A9 : 00;
137AA : 00;
137AB : 00;
137AC : 00;
137AD : 00;
137AE : 00;
137AF : 00;
137B0 : 00;
137B1 : 00;
137B2 : 00;
137B3 : 00;
137B4 : 00;
137B5 : 00;
137B6 : 00;
137B7 : 00;
137B8 : 00;
137B9 : 00;
137BA : 00;
137BB : 00;
137BC : 00;
137BD : 00;
137BE : 00;
137BF : 00;
137C0 : 00;
137C1 : 00;
137C2 : 00;
137C3 : 00;
137C4 : 00;
137C5 : 00;
137C6 : 00;
137C7 : 00;
137C8 : 00;
137C9 : 00;
137CA : 00;
137CB : 00;
137CC : 00;
137CD : 00;
137CE : 00;
137CF : 00;
137D0 : 00;
137D1 : 00;
137D2 : 00;
137D3 : 00;
137D4 : 00;
137D5 : 00;
137D6 : 00;
137D7 : 00;
137D8 : 00;
137D9 : 00;
137DA : 00;
137DB : 00;
137DC : 00;
137DD : 00;
137DE : 00;
137DF : 00;
137E0 : 00;
137E1 : 00;
137E2 : 00;
137E3 : 00;
137E4 : 00;
137E5 : 00;
137E6 : 00;
137E7 : 00;
137E8 : 00;
137E9 : 00;
137EA : 00;
137EB : 00;
137EC : 00;
137ED : 00;
137EE : 00;
137EF : 00;
137F0 : 00;
137F1 : 00;
137F2 : 00;
137F3 : 00;
137F4 : 00;
137F5 : 00;
137F6 : 00;
137F7 : 00;
137F8 : 00;
137F9 : 00;
137FA : 00;
137FB : 00;
137FC : 00;
137FD : 00;
137FE : 00;
137FF : 00;
13800 : 00;
13801 : 00;
13802 : 00;
13803 : 00;
13804 : 00;
13805 : 00;
13806 : 00;
13807 : 00;
13808 : 00;
13809 : 00;
1380A : 00;
1380B : 00;
1380C : 00;
1380D : 00;
1380E : 00;
1380F : 00;
13810 : 00;
13811 : 00;
13812 : 00;
13813 : 00;
13814 : 00;
13815 : 00;
13816 : 00;
13817 : 00;
13818 : 00;
13819 : 00;
1381A : 00;
1381B : 00;
1381C : 00;
1381D : 00;
1381E : 00;
1381F : 00;
13820 : 00;
13821 : 00;
13822 : 00;
13823 : 00;
13824 : 00;
13825 : 00;
13826 : 00;
13827 : 00;
13828 : 00;
13829 : 00;
1382A : 00;
1382B : 00;
1382C : 00;
1382D : 00;
1382E : 00;
1382F : 00;
13830 : 00;
13831 : 00;
13832 : 00;
13833 : 00;
13834 : 00;
13835 : 00;
13836 : 00;
13837 : 00;
13838 : 00;
13839 : 00;
1383A : 00;
1383B : 00;
1383C : 00;
1383D : 00;
1383E : 00;
1383F : 00;
13840 : 00;
13841 : 00;
13842 : 00;
13843 : 00;
13844 : 00;
13845 : 00;
13846 : 00;
13847 : 00;
13848 : 00;
13849 : 00;
1384A : 00;
1384B : 00;
1384C : 00;
1384D : 00;
1384E : 00;
1384F : 00;
13850 : 00;
13851 : 00;
13852 : 00;
13853 : 00;
13854 : 00;
13855 : 00;
13856 : 00;
13857 : 00;
13858 : 00;
13859 : 00;
1385A : 00;
1385B : 00;
1385C : 00;
1385D : 00;
1385E : 00;
1385F : 00;
13860 : 00;
13861 : 00;
13862 : 00;
13863 : 00;
13864 : 00;
13865 : 00;
13866 : 00;
13867 : 00;
13868 : 00;
13869 : 00;
1386A : 00;
1386B : 00;
1386C : 00;
1386D : 00;
1386E : 00;
1386F : 00;
13870 : 00;
13871 : 00;
13872 : 00;
13873 : 00;
13874 : 00;
13875 : 00;
13876 : 00;
13877 : 00;
13878 : 00;
13879 : 00;
1387A : 00;
1387B : 00;
1387C : 00;
1387D : 00;
1387E : 00;
1387F : 00;
13880 : 00;
13881 : 00;
13882 : 00;
13883 : 00;
13884 : 00;
13885 : 00;
13886 : 00;
13887 : 00;
13888 : 00;
13889 : 00;
1388A : 00;
1388B : 00;
1388C : 00;
1388D : 00;
1388E : 00;
1388F : 00;
13890 : 00;
13891 : 00;
13892 : 00;
13893 : 00;
13894 : 00;
13895 : 00;
13896 : 00;
13897 : 00;
13898 : 00;
13899 : 00;
1389A : 00;
1389B : 00;
1389C : 00;
1389D : 00;
1389E : 00;
1389F : 00;
138A0 : 00;
138A1 : 00;
138A2 : 00;
138A3 : 00;
138A4 : 00;
138A5 : 00;
138A6 : 00;
138A7 : 00;
138A8 : 00;
138A9 : 00;
138AA : 00;
138AB : 00;
138AC : 00;
138AD : 00;
138AE : 00;
138AF : 00;
138B0 : 00;
138B1 : 00;
138B2 : 00;
138B3 : 00;
138B4 : 00;
138B5 : 00;
138B6 : 00;
138B7 : 00;
138B8 : 00;
138B9 : 00;
138BA : 00;
138BB : 00;
138BC : 00;
138BD : 00;
138BE : 00;
138BF : 00;
138C0 : 00;
138C1 : 00;
138C2 : 00;
138C3 : 00;
138C4 : 00;
138C5 : 00;
138C6 : 00;
138C7 : 00;
138C8 : 00;
138C9 : 00;
138CA : 00;
138CB : 00;
138CC : 00;
138CD : 00;
138CE : 00;
138CF : 00;
138D0 : 00;
138D1 : 00;
138D2 : 00;
138D3 : 00;
138D4 : 00;
138D5 : 00;
138D6 : 00;
138D7 : 00;
138D8 : 00;
138D9 : 00;
138DA : 00;
138DB : 00;
138DC : 00;
138DD : 00;
138DE : 00;
138DF : 00;
138E0 : 00;
138E1 : 00;
138E2 : 00;
138E3 : 00;
138E4 : 00;
138E5 : 00;
138E6 : 00;
138E7 : 00;
138E8 : 00;
138E9 : 00;
138EA : 00;
138EB : 00;
138EC : 00;
138ED : 00;
138EE : 00;
138EF : 00;
138F0 : 00;
138F1 : 00;
138F2 : 00;
138F3 : 00;
138F4 : 00;
138F5 : 00;
138F6 : 00;
138F7 : 00;
138F8 : 00;
138F9 : 00;
138FA : 00;
138FB : 00;
138FC : 00;
138FD : 00;
138FE : 00;
138FF : 00;
13900 : 00;
13901 : 00;
13902 : 00;
13903 : 00;
13904 : 00;
13905 : 00;
13906 : 00;
13907 : 00;
13908 : 00;
13909 : 00;
1390A : 00;
1390B : 00;
1390C : 00;
1390D : 00;
1390E : 00;
1390F : 00;
13910 : 00;
13911 : 00;
13912 : 00;
13913 : 00;
13914 : 00;
13915 : 00;
13916 : 00;
13917 : 00;
13918 : 00;
13919 : 00;
1391A : 00;
1391B : 00;
1391C : 00;
1391D : 00;
1391E : 00;
1391F : 00;
13920 : 00;
13921 : 00;
13922 : 00;
13923 : 00;
13924 : 00;
13925 : 00;
13926 : 00;
13927 : 00;
13928 : 00;
13929 : 00;
1392A : 00;
1392B : 00;
1392C : 00;
1392D : 00;
1392E : 00;
1392F : 00;
13930 : 00;
13931 : 00;
13932 : 00;
13933 : 00;
13934 : 00;
13935 : 00;
13936 : 00;
13937 : 00;
13938 : 00;
13939 : 00;
1393A : 00;
1393B : 00;
1393C : 00;
1393D : 00;
1393E : 00;
1393F : 00;
13940 : 00;
13941 : 00;
13942 : 00;
13943 : 00;
13944 : 00;
13945 : 00;
13946 : 00;
13947 : 00;
13948 : 00;
13949 : 00;
1394A : 00;
1394B : 00;
1394C : 00;
1394D : 00;
1394E : 00;
1394F : 00;
13950 : 00;
13951 : 00;
13952 : 00;
13953 : 00;
13954 : 00;
13955 : 00;
13956 : 00;
13957 : 00;
13958 : 00;
13959 : 00;
1395A : 00;
1395B : 00;
1395C : 00;
1395D : 00;
1395E : 00;
1395F : 00;
13960 : 00;
13961 : 00;
13962 : 00;
13963 : 00;
13964 : 00;
13965 : 00;
13966 : 00;
13967 : 00;
13968 : 00;
13969 : 00;
1396A : 00;
1396B : 00;
1396C : 00;
1396D : 00;
1396E : 00;
1396F : 00;
13970 : 00;
13971 : 00;
13972 : 00;
13973 : 00;
13974 : 00;
13975 : 00;
13976 : 00;
13977 : 00;
13978 : 00;
13979 : 00;
1397A : 00;
1397B : 00;
1397C : 00;
1397D : 00;
1397E : 00;
1397F : 00;
13980 : 00;
13981 : 00;
13982 : 00;
13983 : 00;
13984 : 00;
13985 : 00;
13986 : 00;
13987 : 00;
13988 : 00;
13989 : 00;
1398A : 00;
1398B : 00;
1398C : 00;
1398D : 00;
1398E : 00;
1398F : 00;
13990 : 00;
13991 : 00;
13992 : 00;
13993 : 00;
13994 : 00;
13995 : 00;
13996 : 00;
13997 : 00;
13998 : 00;
13999 : 00;
1399A : 00;
1399B : 00;
1399C : 00;
1399D : 00;
1399E : 00;
1399F : 00;
139A0 : 00;
139A1 : 00;
139A2 : 00;
139A3 : 00;
139A4 : 00;
139A5 : 00;
139A6 : 00;
139A7 : 00;
139A8 : 00;
139A9 : 00;
139AA : 00;
139AB : 00;
139AC : 00;
139AD : 00;
139AE : 00;
139AF : 00;
139B0 : 00;
139B1 : 00;
139B2 : 00;
139B3 : 00;
139B4 : 00;
139B5 : 00;
139B6 : 00;
139B7 : 00;
139B8 : 00;
139B9 : 00;
139BA : 00;
139BB : 00;
139BC : 00;
139BD : 00;
139BE : 00;
139BF : 00;
139C0 : 00;
139C1 : 00;
139C2 : 00;
139C3 : 00;
139C4 : 00;
139C5 : 00;
139C6 : 00;
139C7 : 00;
139C8 : 00;
139C9 : 00;
139CA : 00;
139CB : 00;
139CC : 00;
139CD : 00;
139CE : 00;
139CF : 00;
139D0 : 00;
139D1 : 00;
139D2 : 00;
139D3 : 00;
139D4 : 00;
139D5 : 00;
139D6 : 00;
139D7 : 00;
139D8 : 00;
139D9 : 00;
139DA : 00;
139DB : 00;
139DC : 00;
139DD : 00;
139DE : 00;
139DF : 00;
139E0 : 00;
139E1 : 00;
139E2 : 00;
139E3 : 00;
139E4 : 00;
139E5 : 00;
139E6 : 00;
139E7 : 00;
139E8 : 00;
139E9 : 00;
139EA : 00;
139EB : 00;
139EC : 00;
139ED : 00;
139EE : 00;
139EF : 00;
139F0 : 00;
139F1 : 00;
139F2 : 00;
139F3 : 00;
139F4 : 00;
139F5 : 00;
139F6 : 00;
139F7 : 00;
139F8 : 00;
139F9 : 00;
139FA : 00;
139FB : 00;
139FC : 00;
139FD : 00;
139FE : 00;
139FF : 00;
13A00 : 00;
13A01 : 00;
13A02 : 00;
13A03 : 00;
13A04 : 00;
13A05 : 00;
13A06 : 00;
13A07 : 00;
13A08 : 00;
13A09 : 00;
13A0A : 00;
13A0B : 00;
13A0C : 00;
13A0D : 00;
13A0E : 00;
13A0F : 00;
13A10 : 00;
13A11 : 00;
13A12 : 00;
13A13 : 00;
13A14 : 00;
13A15 : 00;
13A16 : 00;
13A17 : 00;
13A18 : 00;
13A19 : 00;
13A1A : 00;
13A1B : 00;
13A1C : 00;
13A1D : 00;
13A1E : 00;
13A1F : 00;
13A20 : 00;
13A21 : 00;
13A22 : 00;
13A23 : 00;
13A24 : 00;
13A25 : 00;
13A26 : 00;
13A27 : 00;
13A28 : 00;
13A29 : 00;
13A2A : 00;
13A2B : 00;
13A2C : 00;
13A2D : 00;
13A2E : 00;
13A2F : 00;
13A30 : 00;
13A31 : 00;
13A32 : 00;
13A33 : 00;
13A34 : 00;
13A35 : 00;
13A36 : 00;
13A37 : 00;
13A38 : 00;
13A39 : 00;
13A3A : 00;
13A3B : 00;
13A3C : 00;
13A3D : 00;
13A3E : 00;
13A3F : 00;
13A40 : 00;
13A41 : 00;
13A42 : 00;
13A43 : 00;
13A44 : 00;
13A45 : 00;
13A46 : 00;
13A47 : 00;
13A48 : 00;
13A49 : 00;
13A4A : 00;
13A4B : 00;
13A4C : 00;
13A4D : 00;
13A4E : 00;
13A4F : 00;
13A50 : 00;
13A51 : 00;
13A52 : 00;
13A53 : 00;
13A54 : 00;
13A55 : 00;
13A56 : 00;
13A57 : 00;
13A58 : 00;
13A59 : 00;
13A5A : 00;
13A5B : 00;
13A5C : 00;
13A5D : 00;
13A5E : 00;
13A5F : 00;
13A60 : 00;
13A61 : 00;
13A62 : 00;
13A63 : 00;
13A64 : 00;
13A65 : 00;
13A66 : 00;
13A67 : 00;
13A68 : 00;
13A69 : 00;
13A6A : 00;
13A6B : 00;
13A6C : 00;
13A6D : 00;
13A6E : 00;
13A6F : 00;
13A70 : 00;
13A71 : 00;
13A72 : 00;
13A73 : 00;
13A74 : 00;
13A75 : 00;
13A76 : 00;
13A77 : 00;
13A78 : 00;
13A79 : 00;
13A7A : 00;
13A7B : 00;
13A7C : 00;
13A7D : 00;
13A7E : 00;
13A7F : 00;
13A80 : 00;
13A81 : 00;
13A82 : 00;
13A83 : 00;
13A84 : 00;
13A85 : 00;
13A86 : 00;
13A87 : 00;
13A88 : 00;
13A89 : 00;
13A8A : 00;
13A8B : 00;
13A8C : 00;
13A8D : 00;
13A8E : 00;
13A8F : 00;
13A90 : 00;
13A91 : 00;
13A92 : 00;
13A93 : 00;
13A94 : 00;
13A95 : 00;
13A96 : 00;
13A97 : 00;
13A98 : 00;
13A99 : 00;
13A9A : 00;
13A9B : 00;
13A9C : 00;
13A9D : 00;
13A9E : 00;
13A9F : 00;
13AA0 : 00;
13AA1 : 00;
13AA2 : 00;
13AA3 : 00;
13AA4 : 00;
13AA5 : 00;
13AA6 : 00;
13AA7 : 00;
13AA8 : 00;
13AA9 : 00;
13AAA : 00;
13AAB : 00;
13AAC : 00;
13AAD : 00;
13AAE : 00;
13AAF : 00;
13AB0 : 00;
13AB1 : 00;
13AB2 : 00;
13AB3 : 00;
13AB4 : 00;
13AB5 : 00;
13AB6 : 00;
13AB7 : 00;
13AB8 : 00;
13AB9 : 00;
13ABA : 00;
13ABB : 00;
13ABC : 00;
13ABD : 00;
13ABE : 00;
13ABF : 00;
13AC0 : 00;
13AC1 : 00;
13AC2 : 00;
13AC3 : 00;
13AC4 : 00;
13AC5 : 00;
13AC6 : 00;
13AC7 : 00;
13AC8 : 00;
13AC9 : 00;
13ACA : 00;
13ACB : 00;
13ACC : 00;
13ACD : 00;
13ACE : 00;
13ACF : 00;
13AD0 : 00;
13AD1 : 00;
13AD2 : 00;
13AD3 : 00;
13AD4 : 00;
13AD5 : 00;
13AD6 : 00;
13AD7 : 00;
13AD8 : 00;
13AD9 : 00;
13ADA : 00;
13ADB : 00;
13ADC : 00;
13ADD : 00;
13ADE : 00;
13ADF : 00;
13AE0 : 00;
13AE1 : 00;
13AE2 : 00;
13AE3 : 00;
13AE4 : 00;
13AE5 : 00;
13AE6 : 00;
13AE7 : 00;
13AE8 : 00;
13AE9 : 00;
13AEA : 00;
13AEB : 00;
13AEC : 00;
13AED : 00;
13AEE : 00;
13AEF : 00;
13AF0 : 00;
13AF1 : 00;
13AF2 : 00;
13AF3 : 00;
13AF4 : 00;
13AF5 : 00;
13AF6 : 00;
13AF7 : 00;
13AF8 : 00;
13AF9 : 00;
13AFA : 00;
13AFB : 00;
13AFC : 00;
13AFD : 00;
13AFE : 00;
13AFF : 00;
13B00 : 00;
13B01 : 00;
13B02 : 00;
13B03 : 00;
13B04 : 00;
13B05 : 00;
13B06 : 00;
13B07 : 00;
13B08 : 00;
13B09 : 00;
13B0A : 00;
13B0B : 00;
13B0C : 00;
13B0D : 00;
13B0E : 00;
13B0F : 00;
13B10 : 00;
13B11 : 00;
13B12 : 00;
13B13 : 00;
13B14 : 00;
13B15 : 00;
13B16 : 00;
13B17 : 00;
13B18 : 00;
13B19 : 00;
13B1A : 00;
13B1B : 00;
13B1C : 00;
13B1D : 00;
13B1E : 00;
13B1F : 00;
13B20 : 00;
13B21 : 00;
13B22 : 00;
13B23 : 00;
13B24 : 00;
13B25 : 00;
13B26 : 00;
13B27 : 00;
13B28 : 00;
13B29 : 00;
13B2A : 00;
13B2B : 00;
13B2C : 00;
13B2D : 00;
13B2E : 00;
13B2F : 00;
13B30 : 00;
13B31 : 00;
13B32 : 00;
13B33 : 00;
13B34 : 00;
13B35 : 00;
13B36 : 00;
13B37 : 00;
13B38 : 00;
13B39 : 00;
13B3A : 00;
13B3B : 00;
13B3C : 00;
13B3D : 00;
13B3E : 00;
13B3F : 00;
13B40 : 00;
13B41 : 00;
13B42 : 00;
13B43 : 00;
13B44 : 00;
13B45 : 00;
13B46 : 00;
13B47 : 00;
13B48 : 00;
13B49 : 00;
13B4A : 00;
13B4B : 00;
13B4C : 00;
13B4D : 00;
13B4E : 00;
13B4F : 00;
13B50 : 00;
13B51 : 00;
13B52 : 00;
13B53 : 00;
13B54 : 00;
13B55 : 00;
13B56 : 00;
13B57 : 00;
13B58 : 00;
13B59 : 00;
13B5A : 00;
13B5B : 00;
13B5C : 00;
13B5D : 00;
13B5E : 00;
13B5F : 00;
13B60 : 00;
13B61 : 00;
13B62 : 00;
13B63 : 00;
13B64 : 00;
13B65 : 00;
13B66 : 00;
13B67 : 00;
13B68 : 00;
13B69 : 00;
13B6A : 00;
13B6B : 00;
13B6C : 00;
13B6D : 00;
13B6E : 00;
13B6F : 00;
13B70 : 00;
13B71 : 00;
13B72 : 00;
13B73 : 00;
13B74 : 00;
13B75 : 00;
13B76 : 00;
13B77 : 00;
13B78 : 00;
13B79 : 00;
13B7A : 00;
13B7B : 00;
13B7C : 00;
13B7D : 00;
13B7E : 00;
13B7F : 00;
13B80 : 00;
13B81 : 00;
13B82 : 00;
13B83 : 00;
13B84 : 00;
13B85 : 00;
13B86 : 00;
13B87 : 00;
13B88 : 00;
13B89 : 00;
13B8A : 00;
13B8B : 00;
13B8C : 00;
13B8D : 00;
13B8E : 00;
13B8F : 00;
13B90 : 00;
13B91 : 00;
13B92 : 00;
13B93 : 00;
13B94 : 00;
13B95 : 00;
13B96 : 00;
13B97 : 00;
13B98 : 00;
13B99 : 00;
13B9A : 00;
13B9B : 00;
13B9C : 00;
13B9D : 00;
13B9E : 00;
13B9F : 00;
13BA0 : 00;
13BA1 : 00;
13BA2 : 00;
13BA3 : 00;
13BA4 : 00;
13BA5 : 00;
13BA6 : 00;
13BA7 : 00;
13BA8 : 00;
13BA9 : 00;
13BAA : 00;
13BAB : 00;
13BAC : 00;
13BAD : 00;
13BAE : 00;
13BAF : 00;
13BB0 : 00;
13BB1 : 00;
13BB2 : 00;
13BB3 : 00;
13BB4 : 00;
13BB5 : 00;
13BB6 : 00;
13BB7 : 00;
13BB8 : 00;
13BB9 : 00;
13BBA : 00;
13BBB : 00;
13BBC : 00;
13BBD : 00;
13BBE : 00;
13BBF : 00;
13BC0 : 00;
13BC1 : 00;
13BC2 : 00;
13BC3 : 00;
13BC4 : 00;
13BC5 : 00;
13BC6 : 00;
13BC7 : 00;
13BC8 : 00;
13BC9 : 00;
13BCA : 00;
13BCB : 00;
13BCC : 00;
13BCD : 00;
13BCE : 00;
13BCF : 00;
13BD0 : 00;
13BD1 : 00;
13BD2 : 00;
13BD3 : 00;
13BD4 : 00;
13BD5 : 00;
13BD6 : 00;
13BD7 : 00;
13BD8 : 00;
13BD9 : 00;
13BDA : 00;
13BDB : 00;
13BDC : 00;
13BDD : 00;
13BDE : 00;
13BDF : 00;
13BE0 : 00;
13BE1 : 00;
13BE2 : 00;
13BE3 : 00;
13BE4 : 00;
13BE5 : 00;
13BE6 : 00;
13BE7 : 00;
13BE8 : 00;
13BE9 : 00;
13BEA : 00;
13BEB : 00;
13BEC : 00;
13BED : 00;
13BEE : 00;
13BEF : 00;
13BF0 : 00;
13BF1 : 00;
13BF2 : 00;
13BF3 : 00;
13BF4 : 00;
13BF5 : 00;
13BF6 : 00;
13BF7 : 00;
13BF8 : 00;
13BF9 : 00;
13BFA : 00;
13BFB : 00;
13BFC : 00;
13BFD : 00;
13BFE : 00;
13BFF : 00;
13C00 : 00;
13C01 : 00;
13C02 : 00;
13C03 : 00;
13C04 : 00;
13C05 : 00;
13C06 : 00;
13C07 : 00;
13C08 : 00;
13C09 : 00;
13C0A : 00;
13C0B : 00;
13C0C : 00;
13C0D : 00;
13C0E : 00;
13C0F : 00;
13C10 : 00;
13C11 : 00;
13C12 : 00;
13C13 : 00;
13C14 : 00;
13C15 : 00;
13C16 : 00;
13C17 : 00;
13C18 : 00;
13C19 : 00;
13C1A : 00;
13C1B : 00;
13C1C : 00;
13C1D : 00;
13C1E : 00;
13C1F : 00;
13C20 : 00;
13C21 : 00;
13C22 : 00;
13C23 : 00;
13C24 : 00;
13C25 : 00;
13C26 : 00;
13C27 : 00;
13C28 : 00;
13C29 : 00;
13C2A : 00;
13C2B : 00;
13C2C : 00;
13C2D : 00;
13C2E : 00;
13C2F : 00;
13C30 : 00;
13C31 : 00;
13C32 : 00;
13C33 : 00;
13C34 : 00;
13C35 : 00;
13C36 : 00;
13C37 : 00;
13C38 : 00;
13C39 : 00;
13C3A : 00;
13C3B : 00;
13C3C : 00;
13C3D : 00;
13C3E : 00;
13C3F : 00;
13C40 : 00;
13C41 : 00;
13C42 : 00;
13C43 : 00;
13C44 : 00;
13C45 : 00;
13C46 : 00;
13C47 : 00;
13C48 : 00;
13C49 : 00;
13C4A : 00;
13C4B : 00;
13C4C : 00;
13C4D : 00;
13C4E : 00;
13C4F : 00;
13C50 : 00;
13C51 : 00;
13C52 : 00;
13C53 : 00;
13C54 : 00;
13C55 : 00;
13C56 : 00;
13C57 : 00;
13C58 : 00;
13C59 : 00;
13C5A : 00;
13C5B : 00;
13C5C : 00;
13C5D : 00;
13C5E : 00;
13C5F : 00;
13C60 : 00;
13C61 : 00;
13C62 : 00;
13C63 : 00;
13C64 : 00;
13C65 : 00;
13C66 : 00;
13C67 : 00;
13C68 : 00;
13C69 : 00;
13C6A : 00;
13C6B : 00;
13C6C : 00;
13C6D : 00;
13C6E : 00;
13C6F : 00;
13C70 : 00;
13C71 : 00;
13C72 : 00;
13C73 : 00;
13C74 : 00;
13C75 : 00;
13C76 : 00;
13C77 : 00;
13C78 : 00;
13C79 : 00;
13C7A : 00;
13C7B : 00;
13C7C : 00;
13C7D : 00;
13C7E : 00;
13C7F : 00;
13C80 : 00;
13C81 : 00;
13C82 : 00;
13C83 : 00;
13C84 : 00;
13C85 : 00;
13C86 : 00;
13C87 : 00;
13C88 : 00;
13C89 : 00;
13C8A : 00;
13C8B : 00;
13C8C : 00;
13C8D : 00;
13C8E : 00;
13C8F : 00;
13C90 : 00;
13C91 : 00;
13C92 : 00;
13C93 : 00;
13C94 : 00;
13C95 : 00;
13C96 : 00;
13C97 : 00;
13C98 : 00;
13C99 : 00;
13C9A : 00;
13C9B : 00;
13C9C : 00;
13C9D : 00;
13C9E : 00;
13C9F : 00;
13CA0 : 00;
13CA1 : 00;
13CA2 : 00;
13CA3 : 00;
13CA4 : 00;
13CA5 : 00;
13CA6 : 00;
13CA7 : 00;
13CA8 : 00;
13CA9 : 00;
13CAA : 00;
13CAB : 00;
13CAC : 00;
13CAD : 00;
13CAE : 00;
13CAF : 00;
13CB0 : 00;
13CB1 : 00;
13CB2 : 00;
13CB3 : 00;
13CB4 : 00;
13CB5 : 00;
13CB6 : 00;
13CB7 : 00;
13CB8 : 00;
13CB9 : 00;
13CBA : 00;
13CBB : 00;
13CBC : 00;
13CBD : 00;
13CBE : 00;
13CBF : 00;
13CC0 : 00;
13CC1 : 00;
13CC2 : 00;
13CC3 : 00;
13CC4 : 00;
13CC5 : 00;
13CC6 : 00;
13CC7 : 00;
13CC8 : 00;
13CC9 : 00;
13CCA : 00;
13CCB : 00;
13CCC : 00;
13CCD : 00;
13CCE : 00;
13CCF : 00;
13CD0 : 00;
13CD1 : 00;
13CD2 : 00;
13CD3 : 00;
13CD4 : 00;
13CD5 : 00;
13CD6 : 00;
13CD7 : 00;
13CD8 : 00;
13CD9 : 00;
13CDA : 00;
13CDB : 00;
13CDC : 00;
13CDD : 00;
13CDE : 00;
13CDF : 00;
13CE0 : 00;
13CE1 : 00;
13CE2 : 00;
13CE3 : 00;
13CE4 : 00;
13CE5 : 00;
13CE6 : 00;
13CE7 : 00;
13CE8 : 00;
13CE9 : 00;
13CEA : 00;
13CEB : 00;
13CEC : 00;
13CED : 00;
13CEE : 00;
13CEF : 00;
13CF0 : 00;
13CF1 : 00;
13CF2 : 00;
13CF3 : 00;
13CF4 : 00;
13CF5 : 00;
13CF6 : 00;
13CF7 : 00;
13CF8 : 00;
13CF9 : 00;
13CFA : 00;
13CFB : 00;
13CFC : 00;
13CFD : 00;
13CFE : 00;
13CFF : 00;
13D00 : 00;
13D01 : 00;
13D02 : 00;
13D03 : 00;
13D04 : 00;
13D05 : 00;
13D06 : 00;
13D07 : 00;
13D08 : 00;
13D09 : 00;
13D0A : 00;
13D0B : 00;
13D0C : 00;
13D0D : 00;
13D0E : 00;
13D0F : 00;
13D10 : 00;
13D11 : 00;
13D12 : 00;
13D13 : 00;
13D14 : 00;
13D15 : 00;
13D16 : 00;
13D17 : 00;
13D18 : 00;
13D19 : 00;
13D1A : 00;
13D1B : 00;
13D1C : 00;
13D1D : 00;
13D1E : 00;
13D1F : 00;
13D20 : 00;
13D21 : 00;
13D22 : 00;
13D23 : 00;
13D24 : 00;
13D25 : 00;
13D26 : 00;
13D27 : 00;
13D28 : 00;
13D29 : 00;
13D2A : 00;
13D2B : 00;
13D2C : 00;
13D2D : 00;
13D2E : 00;
13D2F : 00;
13D30 : 00;
13D31 : 00;
13D32 : 00;
13D33 : 00;
13D34 : 00;
13D35 : 00;
13D36 : 00;
13D37 : 00;
13D38 : 00;
13D39 : 00;
13D3A : 00;
13D3B : 00;
13D3C : 00;
13D3D : 00;
13D3E : 00;
13D3F : 00;
13D40 : 00;
13D41 : 00;
13D42 : 00;
13D43 : 00;
13D44 : 00;
13D45 : 00;
13D46 : 00;
13D47 : 00;
13D48 : 00;
13D49 : 00;
13D4A : 00;
13D4B : 00;
13D4C : 00;
13D4D : 00;
13D4E : 00;
13D4F : 00;
13D50 : 00;
13D51 : 00;
13D52 : 00;
13D53 : 00;
13D54 : 00;
13D55 : 00;
13D56 : 00;
13D57 : 00;
13D58 : 00;
13D59 : 00;
13D5A : 00;
13D5B : 00;
13D5C : 00;
13D5D : 00;
13D5E : 00;
13D5F : 00;
13D60 : 00;
13D61 : 00;
13D62 : 00;
13D63 : 00;
13D64 : 00;
13D65 : 00;
13D66 : 00;
13D67 : 00;
13D68 : 00;
13D69 : 00;
13D6A : 00;
13D6B : 00;
13D6C : 00;
13D6D : 00;
13D6E : 00;
13D6F : 00;
13D70 : 00;
13D71 : 00;
13D72 : 00;
13D73 : 00;
13D74 : 00;
13D75 : 00;
13D76 : 00;
13D77 : 00;
13D78 : 00;
13D79 : 00;
13D7A : 00;
13D7B : 00;
13D7C : 00;
13D7D : 00;
13D7E : 00;
13D7F : 00;
13D80 : 00;
13D81 : 00;
13D82 : 00;
13D83 : 00;
13D84 : 00;
13D85 : 00;
13D86 : 00;
13D87 : 00;
13D88 : 00;
13D89 : 00;
13D8A : 00;
13D8B : 00;
13D8C : 00;
13D8D : 00;
13D8E : 00;
13D8F : 00;
13D90 : 00;
13D91 : 00;
13D92 : 00;
13D93 : 00;
13D94 : 00;
13D95 : 00;
13D96 : 00;
13D97 : 00;
13D98 : 00;
13D99 : 00;
13D9A : 00;
13D9B : 00;
13D9C : 00;
13D9D : 00;
13D9E : 00;
13D9F : 00;
13DA0 : 00;
13DA1 : 00;
13DA2 : 00;
13DA3 : 00;
13DA4 : 00;
13DA5 : 00;
13DA6 : 00;
13DA7 : 00;
13DA8 : 00;
13DA9 : 00;
13DAA : 00;
13DAB : 00;
13DAC : 00;
13DAD : 00;
13DAE : 00;
13DAF : 00;
13DB0 : 00;
13DB1 : 00;
13DB2 : 00;
13DB3 : 00;
13DB4 : 00;
13DB5 : 00;
13DB6 : 00;
13DB7 : 00;
13DB8 : 00;
13DB9 : 00;
13DBA : 00;
13DBB : 00;
13DBC : 00;
13DBD : 00;
13DBE : 00;
13DBF : 00;
13DC0 : 00;
13DC1 : 00;
13DC2 : 00;
13DC3 : 00;
13DC4 : 00;
13DC5 : 00;
13DC6 : 00;
13DC7 : 00;
13DC8 : 00;
13DC9 : 00;
13DCA : 00;
13DCB : 00;
13DCC : 00;
13DCD : 00;
13DCE : 00;
13DCF : 00;
13DD0 : 00;
13DD1 : 00;
13DD2 : 00;
13DD3 : 00;
13DD4 : 00;
13DD5 : 00;
13DD6 : 00;
13DD7 : 00;
13DD8 : 00;
13DD9 : 00;
13DDA : 00;
13DDB : 00;
13DDC : 00;
13DDD : 00;
13DDE : 00;
13DDF : 00;
13DE0 : 00;
13DE1 : 00;
13DE2 : 00;
13DE3 : 00;
13DE4 : 00;
13DE5 : 00;
13DE6 : 00;
13DE7 : 00;
13DE8 : 00;
13DE9 : 00;
13DEA : 00;
13DEB : 00;
13DEC : 00;
13DED : 00;
13DEE : 00;
13DEF : 00;
13DF0 : 00;
13DF1 : 00;
13DF2 : 00;
13DF3 : 00;
13DF4 : 00;
13DF5 : 00;
13DF6 : 00;
13DF7 : 00;
13DF8 : 00;
13DF9 : 00;
13DFA : 00;
13DFB : 00;
13DFC : 00;
13DFD : 00;
13DFE : 00;
13DFF : 00;
13E00 : 00;
13E01 : 00;
13E02 : 00;
13E03 : 00;
13E04 : 00;
13E05 : 00;
13E06 : 00;
13E07 : 00;
13E08 : 00;
13E09 : 00;
13E0A : 00;
13E0B : 00;
13E0C : 00;
13E0D : 00;
13E0E : 00;
13E0F : 00;
13E10 : 00;
13E11 : 00;
13E12 : 00;
13E13 : 00;
13E14 : 00;
13E15 : 00;
13E16 : 00;
13E17 : 00;
13E18 : 00;
13E19 : 00;
13E1A : 00;
13E1B : 00;
13E1C : 00;
13E1D : 00;
13E1E : 00;
13E1F : 00;
13E20 : 00;
13E21 : 00;
13E22 : 00;
13E23 : 00;
13E24 : 00;
13E25 : 00;
13E26 : 00;
13E27 : 00;
13E28 : 00;
13E29 : 00;
13E2A : 00;
13E2B : 00;
13E2C : 00;
13E2D : 00;
13E2E : 00;
13E2F : 00;
13E30 : 00;
13E31 : 00;
13E32 : 00;
13E33 : 00;
13E34 : 00;
13E35 : 00;
13E36 : 00;
13E37 : 00;
13E38 : 00;
13E39 : 00;
13E3A : 00;
13E3B : 00;
13E3C : 00;
13E3D : 00;
13E3E : 00;
13E3F : 00;
13E40 : 00;
13E41 : 00;
13E42 : 00;
13E43 : 00;
13E44 : 00;
13E45 : 00;
13E46 : 00;
13E47 : 00;
13E48 : 00;
13E49 : 00;
13E4A : 00;
13E4B : 00;
13E4C : 00;
13E4D : 00;
13E4E : 00;
13E4F : 00;
13E50 : 00;
13E51 : 00;
13E52 : 00;
13E53 : 00;
13E54 : 00;
13E55 : 00;
13E56 : 00;
13E57 : 00;
13E58 : 00;
13E59 : 00;
13E5A : 00;
13E5B : 00;
13E5C : 00;
13E5D : 00;
13E5E : 00;
13E5F : 00;
13E60 : 00;
13E61 : 00;
13E62 : 00;
13E63 : 00;
13E64 : 00;
13E65 : 00;
13E66 : 00;
13E67 : 00;
13E68 : 00;
13E69 : 00;
13E6A : 00;
13E6B : 00;
13E6C : 00;
13E6D : 00;
13E6E : 00;
13E6F : 00;
13E70 : 00;
13E71 : 00;
13E72 : 00;
13E73 : 00;
13E74 : 00;
13E75 : 00;
13E76 : 00;
13E77 : 00;
13E78 : 00;
13E79 : 00;
13E7A : 00;
13E7B : 00;
13E7C : 00;
13E7D : 00;
13E7E : 00;
13E7F : 00;
13E80 : 00;
13E81 : 00;
13E82 : 00;
13E83 : 00;
13E84 : 00;
13E85 : 00;
13E86 : 00;
13E87 : 00;
13E88 : 00;
13E89 : 00;
13E8A : 00;
13E8B : 00;
13E8C : 00;
13E8D : 00;
13E8E : 00;
13E8F : 00;
13E90 : 00;
13E91 : 00;
13E92 : 00;
13E93 : 00;
13E94 : 00;
13E95 : 00;
13E96 : 00;
13E97 : 00;
13E98 : 00;
13E99 : 00;
13E9A : 00;
13E9B : 00;
13E9C : 00;
13E9D : 00;
13E9E : 00;
13E9F : 00;
13EA0 : 00;
13EA1 : 00;
13EA2 : 00;
13EA3 : 00;
13EA4 : 00;
13EA5 : 00;
13EA6 : 00;
13EA7 : 00;
13EA8 : 00;
13EA9 : 00;
13EAA : 00;
13EAB : 00;
13EAC : 00;
13EAD : 00;
13EAE : 00;
13EAF : 00;
13EB0 : 00;
13EB1 : 00;
13EB2 : 00;
13EB3 : 00;
13EB4 : 00;
13EB5 : 00;
13EB6 : 00;
13EB7 : 00;
13EB8 : 00;
13EB9 : 00;
13EBA : 00;
13EBB : 00;
13EBC : 00;
13EBD : 00;
13EBE : 00;
13EBF : 00;
13EC0 : 00;
13EC1 : 00;
13EC2 : 00;
13EC3 : 00;
13EC4 : 00;
13EC5 : 00;
13EC6 : 00;
13EC7 : 00;
13EC8 : 00;
13EC9 : 00;
13ECA : 00;
13ECB : 00;
13ECC : 00;
13ECD : 00;
13ECE : 00;
13ECF : 00;
13ED0 : 00;
13ED1 : 00;
13ED2 : 00;
13ED3 : 00;
13ED4 : 00;
13ED5 : 00;
13ED6 : 00;
13ED7 : 00;
13ED8 : 00;
13ED9 : 00;
13EDA : 00;
13EDB : 00;
13EDC : 00;
13EDD : 00;
13EDE : 00;
13EDF : 00;
13EE0 : 00;
13EE1 : 00;
13EE2 : 00;
13EE3 : 00;
13EE4 : 00;
13EE5 : 00;
13EE6 : 00;
13EE7 : 00;
13EE8 : 00;
13EE9 : 00;
13EEA : 00;
13EEB : 00;
13EEC : 00;
13EED : 00;
13EEE : 00;
13EEF : 00;
13EF0 : 00;
13EF1 : 00;
13EF2 : 00;
13EF3 : 00;
13EF4 : 00;
13EF5 : 00;
13EF6 : 00;
13EF7 : 00;
13EF8 : 00;
13EF9 : 00;
13EFA : 00;
13EFB : 00;
13EFC : 00;
13EFD : 00;
13EFE : 00;
13EFF : 00;
13F00 : 00;
13F01 : 00;
13F02 : 00;
13F03 : 00;
13F04 : 00;
13F05 : 00;
13F06 : 00;
13F07 : 00;
13F08 : 00;
13F09 : 00;
13F0A : 00;
13F0B : 00;
13F0C : 00;
13F0D : 00;
13F0E : 00;
13F0F : 00;
13F10 : 00;
13F11 : 00;
13F12 : 00;
13F13 : 00;
13F14 : 00;
13F15 : 00;
13F16 : 00;
13F17 : 00;
13F18 : 00;
13F19 : 00;
13F1A : 00;
13F1B : 00;
13F1C : 00;
13F1D : 00;
13F1E : 00;
13F1F : 00;
13F20 : 00;
13F21 : 00;
13F22 : 00;
13F23 : 00;
13F24 : 00;
13F25 : 00;
13F26 : 00;
13F27 : 00;
13F28 : 00;
13F29 : 00;
13F2A : 00;
13F2B : 00;
13F2C : 00;
13F2D : 00;
13F2E : 00;
13F2F : 00;
13F30 : 00;
13F31 : 00;
13F32 : 00;
13F33 : 00;
13F34 : 00;
13F35 : 00;
13F36 : 00;
13F37 : 00;
13F38 : 00;
13F39 : 00;
13F3A : 00;
13F3B : 00;
13F3C : 00;
13F3D : 00;
13F3E : 00;
13F3F : 00;
13F40 : 00;
13F41 : 00;
13F42 : 00;
13F43 : 00;
13F44 : 00;
13F45 : 00;
13F46 : 00;
13F47 : 00;
13F48 : 00;
13F49 : 00;
13F4A : 00;
13F4B : 00;
13F4C : 00;
13F4D : 00;
13F4E : 00;
13F4F : 00;
13F50 : 00;
13F51 : 00;
13F52 : 00;
13F53 : 00;
13F54 : 00;
13F55 : 00;
13F56 : 00;
13F57 : 00;
13F58 : 00;
13F59 : 00;
13F5A : 00;
13F5B : 00;
13F5C : 00;
13F5D : 00;
13F5E : 00;
13F5F : 00;
13F60 : 00;
13F61 : 00;
13F62 : 00;
13F63 : 00;
13F64 : 00;
13F65 : 00;
13F66 : 00;
13F67 : 00;
13F68 : 00;
13F69 : 00;
13F6A : 00;
13F6B : 00;
13F6C : 00;
13F6D : 00;
13F6E : 00;
13F6F : 00;
13F70 : 00;
13F71 : 00;
13F72 : 00;
13F73 : 00;
13F74 : 00;
13F75 : 00;
13F76 : 00;
13F77 : 00;
13F78 : 00;
13F79 : 00;
13F7A : 00;
13F7B : 00;
13F7C : 00;
13F7D : 00;
13F7E : 00;
13F7F : 00;
13F80 : 00;
13F81 : 00;
13F82 : 00;
13F83 : 00;
13F84 : 00;
13F85 : 00;
13F86 : 00;
13F87 : 00;
13F88 : 00;
13F89 : 00;
13F8A : 00;
13F8B : 00;
13F8C : 00;
13F8D : 00;
13F8E : 00;
13F8F : 00;
13F90 : 00;
13F91 : 00;
13F92 : 00;
13F93 : 00;
13F94 : 00;
13F95 : 00;
13F96 : 00;
13F97 : 00;
13F98 : 00;
13F99 : 00;
13F9A : 00;
13F9B : 00;
13F9C : 00;
13F9D : 00;
13F9E : 00;
13F9F : 00;
13FA0 : 00;
13FA1 : 00;
13FA2 : 00;
13FA3 : 00;
13FA4 : 00;
13FA5 : 00;
13FA6 : 00;
13FA7 : 00;
13FA8 : 00;
13FA9 : 00;
13FAA : 00;
13FAB : 00;
13FAC : 00;
13FAD : 00;
13FAE : 00;
13FAF : 00;
13FB0 : 00;
13FB1 : 00;
13FB2 : 00;
13FB3 : 00;
13FB4 : 00;
13FB5 : 00;
13FB6 : 00;
13FB7 : 00;
13FB8 : 00;
13FB9 : 00;
13FBA : 00;
13FBB : 00;
13FBC : 00;
13FBD : 00;
13FBE : 00;
13FBF : 00;
13FC0 : 00;
13FC1 : 00;
13FC2 : 00;
13FC3 : 00;
13FC4 : 00;
13FC5 : 00;
13FC6 : 00;
13FC7 : 00;
13FC8 : 00;
13FC9 : 00;
13FCA : 00;
13FCB : 00;
13FCC : 00;
13FCD : 00;
13FCE : 00;
13FCF : 00;
13FD0 : 00;
13FD1 : 00;
13FD2 : 00;
13FD3 : 00;
13FD4 : 00;
13FD5 : 00;
13FD6 : 00;
13FD7 : 00;
13FD8 : 00;
13FD9 : 00;
13FDA : 00;
13FDB : 00;
13FDC : 00;
13FDD : 00;
13FDE : 00;
13FDF : 00;
13FE0 : 00;
13FE1 : 00;
13FE2 : 00;
13FE3 : 00;
13FE4 : 00;
13FE5 : 00;
13FE6 : 00;
13FE7 : 00;
13FE8 : 00;
13FE9 : 00;
13FEA : 00;
13FEB : 00;
13FEC : 00;
13FED : 00;
13FEE : 00;
13FEF : 00;
13FF0 : 00;
13FF1 : 00;
13FF2 : 00;
13FF3 : 00;
13FF4 : 00;
13FF5 : 00;
13FF6 : 00;
13FF7 : 00;
13FF8 : 00;
13FF9 : 00;
13FFA : 00;
13FFB : 00;
13FFC : 00;
13FFD : 00;
13FFE : 00;
13FFF : 00;
END;
