// Image: potion0_22_framesTile_0
@0
FF FF FF FF 8C 88 88 88 AC 88 88 88 68 68 FF FF FF FF 
FF FF FF FF FF 68 64 68 64 64 64 64 64 FF FF FF FF FF 
FF FF FF 76 76 9A BA BA 9A 9A 9A 76 9A 76 76 FF FF FF 
FF FF FF 76 76 76 76 76 76 76 7A 7A 7A 76 7A FF FF FF 
FF FF FF FF 9A 6D 91 91 91 91 91 91 71 96 FF FF FF FF 
FF FF FF FF 9A 9A 91 91 91 91 91 91 9A 9A FF FF FF FF 
FF FF FF FF 9A 9A 9A 9A 9A 9A 9A 9A 9A 9A FF FF FF FF 
FF FF FF 7A 9A FF 9A 9A 9A 9A 9A 9A 9A 9A 9A FF FF FF 
FF FF 9A 9A 9A BA 9A B6 9A B6 9A 9A 9A 9A 9A 9A FF FF 
FF 9A 9A 9A 9A FF 9A 9A 9A 9A 9A 9A 96 9A 9A 9A 76 FF 
FF 9A 9A AA AA FF CA AA AA A6 AA AA AA AA AA 9A 76 76 
76 76 AA AA FF AA AA CE CE CA AA AA AA AA AA AA 76 76 
76 A9 A9 AA FF AA CE CE CA A5 AA A5 A5 A5 AA 85 65 76 
76 A5 A5 FF AA A5 CA CE A5 A5 A5 A5 A5 CA CE 85 61 76 
76 85 85 FF A9 A5 AA AA AA A5 AA AA CE CE CE 81 61 76 
76 85 B2 CE A9 A5 A5 A5 A5 A5 A5 A5 CE CE 85 85 65 76 
76 85 FF CA CA CA 85 85 85 A9 A5 A5 AA CE 85 61 65 76 
76 85 FF CE CE CE 85 85 85 85 CE A5 A5 85 65 61 61 76 
76 85 FF CE CA 85 85 85 85 85 CE A5 85 61 61 61 61 76 
76 65 FF 85 85 85 85 85 85 85 85 85 65 61 41 41 61 76 
76 85 FF 85 85 CE CE CA 85 85 85 85 61 61 41 61 61 76 
76 85 85 85 85 CA CE CE 85 85 85 85 61 61 FF 85 61 76 
76 61 85 61 61 CE CE CE 85 85 61 61 61 61 41 89 41 76 
76 61 61 61 65 61 61 61 AA A5 A5 85 61 41 FF 65 41 76 
76 61 FF A5 A9 61 61 61 A9 A5 85 85 85 41 FF 40 41 76 
76 61 FF A9 A5 A5 61 41 A5 85 85 85 61 41 85 85 40 76 
76 41 FF 85 85 85 85 41 61 85 85 41 41 40 85 85 40 76 
7A 40 FF 40 85 85 85 41 41 40 41 41 41 41 41 85 41 76 
76 40 85 FF 41 40 40 40 40 40 41 41 65 65 FF 41 41 76 
76 44 40 85 FF DA 40 85 65 85 41 41 FF FF 41 41 40 76 
FF 76 76 40 41 41 41 65 85 65 41 41 41 41 45 76 76 FF 
FF FF FF 76 76 76 76 76 76 76 76 76 7A 76 76 FF FF FF 
// Image: potion0_22_framesTile_1
@240
FF FF FF FF 8C 88 88 88 AC 88 88 88 68 68 FF FF FF FF 
FF FF FF FF FF 68 64 68 64 64 64 64 64 FF FF FF FF FF 
FF FF FF 76 76 9A BA BA 9A 9A 9A 76 9A 76 76 FF FF FF 
FF FF FF 76 76 76 76 76 76 76 7A 7A 7A 76 7A FF FF FF 
FF FF FF FF 9A 6D 91 91 91 91 91 91 71 96 FF FF FF FF 
FF FF FF FF 9A 9A 91 91 91 91 91 91 9A 9A FF FF FF FF 
FF FF FF FF 9A 9A 9A 9A 9A 9A 9A 9A 9A 9A FF FF FF FF 
FF FF FF 7A 9A FF 9A 9A 9A 9A 9A 9A 9A 9A 9A FF FF FF 
FF FF 9A 9A 9A BA B6 9A 9A 9A 9A 9A 9A 9A 9A 9A FF FF 
FF 9A 9A 9A 9A FF 9A 9A 9A 9A B6 9A 96 9A 9A 9A 76 FF 
FF 9A 9A AA AA FF CA CE CE A5 AA AA AA AA AA 9A 76 76 
76 76 AA AA FF AA CE CE CA CA AA AA AA AA AA AA 76 76 
76 A9 A9 AA FF AA CA CE A5 A5 AA A5 A5 A5 AA 85 65 76 
76 A5 A5 FF AA A5 AA A5 A5 A5 A5 A5 A5 CA CE 85 61 76 
76 85 85 FF A9 A5 AA AA AA A5 AA AA CE CE CE 81 61 76 
76 85 B2 CE A9 A5 A5 A5 A5 A5 A5 A5 CE CE 85 85 65 76 
76 85 FF CA CA CA 85 85 85 A5 CE A5 AA CE 85 61 65 76 
76 85 FF CE CE CE 85 85 85 85 CE A5 A5 85 65 61 61 76 
76 85 FF CE CA 85 85 85 85 85 85 A5 85 61 61 61 61 76 
76 65 FF 85 85 CE CE CA 85 85 85 85 65 61 41 41 61 76 
76 85 FF 85 85 CA CE CE 85 85 85 85 61 61 41 85 61 76 
76 85 85 85 85 CE CE CE 85 85 85 85 61 61 FF 89 61 76 
76 61 85 61 61 61 61 65 85 85 61 61 61 61 41 61 41 76 
76 61 61 A5 A9 61 61 61 AA A5 A5 85 61 41 FF 65 41 76 
76 61 FF A9 A5 A5 61 61 A9 A5 85 85 85 41 FF 85 41 76 
76 61 FF 85 85 85 85 41 A5 85 85 85 61 41 85 85 40 76 
76 41 FF 41 85 85 85 41 61 85 85 41 41 41 41 85 40 76 
7A 40 FF 40 41 41 41 41 41 40 41 41 41 41 41 41 41 76 
76 40 85 FF 41 40 40 85 61 85 41 41 65 65 FF 41 41 76 
76 44 40 85 FF DA 40 65 85 65 41 41 FF FF 41 41 40 76 
FF 76 76 40 41 41 41 41 41 41 41 41 41 41 45 76 76 FF 
FF FF FF 76 76 76 76 76 76 76 76 76 7A 76 76 FF FF FF 
// Image: potion0_22_framesTile_2
@480
FF FF FF FF 8C 88 88 88 AC 88 88 88 68 68 FF FF FF FF 
FF FF FF FF FF 68 64 68 64 64 64 64 64 FF FF FF FF FF 
FF FF FF 76 76 9A BA BA 9A 9A 9A 76 9A 76 76 FF FF FF 
FF FF FF 76 76 76 76 76 76 76 7A 7A 7A 76 7A FF FF FF 
FF FF FF FF 9A 6D 91 91 91 91 91 91 71 96 FF FF FF FF 
FF FF FF FF 9A 9A 91 91 91 91 91 91 9A 9A FF FF FF FF 
FF FF FF FF 9A 9A 9A 9A 9A 9A 9A 9A 9A 9A FF FF FF FF 
FF FF FF 7A 9A FF 9A 9A 9A 9A 9A 9A 9A 9A 9A FF FF FF 
FF FF 9A 9A 9A BA 9A 9A 9A 9A 9A 9A 9A 9A 9A 9A FF FF 
FF 9A 9A 9A 9A FF 9A 9A 9A 9A 9A 9A 96 9A 9A 9A 76 FF 
FF 9A 9A AA AA FF CE CE CA A6 AA AA AA AA AA 9A 76 76 
76 76 AA AA FF AA CA CE AA CA AA AA AA CA CE A9 76 76 
76 A9 A9 AA FF AA AA A5 A5 A5 AA A5 CE CE CE 85 65 76 
76 A5 A5 FF AA A5 AA A5 A5 A5 A5 A5 CE CE 85 85 61 76 
76 85 85 FF A5 A5 AA AA AA A5 AA AA AA CE 85 85 61 76 
76 85 B2 CA CA CA A5 A5 A5 A5 CE A5 A5 85 85 85 65 76 
76 85 FF CE CE CE 85 85 85 A5 CE A5 A5 85 85 61 65 76 
76 85 FF CE CA A5 85 85 85 85 A5 A5 A5 85 65 61 61 76 
76 85 FF 85 85 CE CE CA 85 85 85 A5 85 61 61 61 61 76 
76 65 FF 85 85 CA CE CE 85 85 85 85 65 61 41 85 61 76 
76 85 FF 85 85 CE CE CE 85 85 85 85 61 61 41 A9 61 76 
76 85 85 85 85 65 65 65 85 85 85 85 61 61 FF 41 61 76 
76 61 65 A5 A9 61 65 65 AA A9 A5 A5 61 61 41 61 41 76 
76 61 61 A9 A5 A9 61 61 A9 A5 A5 85 85 41 FF 65 41 76 
76 61 FF 85 A5 85 85 61 A5 A5 85 85 61 41 FF 89 41 76 
76 61 FF 61 A9 85 A9 41 61 A5 85 61 61 41 89 89 40 76 
76 41 FF 61 41 61 41 41 61 61 61 41 41 40 41 89 40 76 
7A 40 FF 85 41 41 41 85 85 85 41 41 65 85 41 41 41 76 
76 44 40 FF 41 40 40 85 85 85 41 41 85 85 FF 41 41 76 
76 44 41 41 FF DA 40 40 40 40 41 41 FF FF 41 41 40 76 
FF 76 76 40 41 41 41 85 85 41 41 41 41 41 45 76 76 FF 
FF FF FF 76 76 76 76 76 76 76 76 76 7A 76 76 FF FF FF 
// Image: potion0_22_framesTile_3
@6C0
FF FF FF FF 8C 88 88 88 AC 88 88 88 68 68 FF FF FF FF 
FF FF FF FF FF 68 64 68 64 64 64 64 64 FF FF FF FF FF 
FF FF FF 76 76 9A BA BA 9A 9A 9A 76 9A 76 76 FF FF FF 
FF FF FF 76 76 76 76 76 76 76 7A 7A 7A 76 7A FF FF FF 
FF FF FF FF 9A 6D 91 91 91 91 91 91 71 96 FF FF FF FF 
FF FF FF FF 9A 9A 91 91 91 91 91 91 9A 9A FF FF FF FF 
FF FF FF FF 9A 9A 9A 9A 9A 9A 9A 9A 9A 9A FF FF FF FF 
FF FF FF 7A 9A FF 9A 9A 9A 9A 9A 9A 9A 9A 9A FF FF FF 
FF FF 9A 9A 9A BA 9A 9A 9A 9A 9A 9A 9A 9A 9A 9A FF FF 
FF 9A 9A 9A 9A FF 9A B6 9A 9A 9A 9A 96 9A 9A 9A 76 FF 
FF 9A 9A AA AA FF CA CE AA A6 AA AA AA CA CE 9A 76 76 
76 76 AA AA FF AA AA AA AA CA AA AA CE CE CA A9 76 76 
76 A9 A9 CE FF AA AA A5 A5 A5 AA A5 CE CE AA 85 65 76 
76 A5 A5 FF CE AA AA A5 A5 A5 A5 A5 AA CE 85 85 61 76 
76 85 85 FF CE CE AA AA AA A5 CE AA A5 A5 85 85 61 76 
76 85 B2 CE CA A5 A5 A5 A5 A5 CE A5 A5 85 85 85 65 76 
76 85 FF A5 A5 A5 85 85 85 A9 A5 A5 A5 85 85 61 65 76 
76 85 FF A5 85 CE CE CA 85 85 A5 A5 A5 85 65 61 61 76 
76 85 FF A5 85 CA CE CE 85 85 85 A5 85 61 61 85 61 76 
76 65 FF 85 85 CE CE CE 85 85 85 85 65 61 41 A9 61 76 
76 85 FF 85 85 85 65 85 85 85 85 85 61 61 41 61 61 76 
76 85 85 A5 A9 65 65 65 AA A9 A5 A5 61 61 FF 41 61 76 
76 61 65 A9 A5 A9 61 65 A9 A5 A5 85 85 61 41 61 41 76 
76 61 61 89 A5 85 85 61 A9 A5 85 85 61 41 FF 89 41 76 
76 61 FF 61 A9 85 A9 61 61 A5 85 61 61 41 FF 89 41 76 
76 61 FF 61 61 61 61 41 61 61 61 61 61 41 41 89 40 76 
76 41 FF 85 41 61 41 85 85 85 61 41 65 85 41 41 40 76 
7A 40 FF 85 41 41 41 85 85 85 41 41 85 85 41 41 41 76 
76 44 41 FF 41 40 40 40 40 40 41 41 41 41 FF 41 41 76 
76 44 41 41 FF DA 40 85 85 40 41 41 FF FF 41 41 40 76 
FF 76 76 40 41 41 85 85 85 41 41 41 41 41 45 76 76 FF 
FF FF FF 76 76 76 76 76 76 76 76 76 7A 76 76 FF FF FF 
// Image: potion0_22_framesTile_4
@900
FF FF FF FF 8C 88 88 88 AC 88 88 88 68 68 FF FF FF FF 
FF FF FF FF FF 68 64 68 64 64 64 64 64 FF FF FF FF FF 
FF FF FF 76 76 9A BA BA 9A 9A 9A 76 9A 76 76 FF FF FF 
FF FF FF 76 76 76 76 76 76 76 7A 7A 7A 76 7A FF FF FF 
FF FF FF FF 9A 6D 91 91 91 91 91 91 71 96 FF FF FF FF 
FF FF FF FF 9A 9A 91 91 91 91 91 91 9A 9A FF FF FF FF 
FF FF FF FF 9A 9A 9A 9A 9A 9A 9A 9A 9A 9A FF FF FF FF 
FF FF FF 7A 9A FF 9A 9A 9A 9A 9A 9A 9A 9A 9A FF FF FF 
FF FF 9A 9A 9A BA 9A 9A 9A 9A 9A 9A 9A 9A 9A 9A FF FF 
FF 9A 9A 9A 9A FF BA BA BA 9A 9A 9A 96 AE 9A 9A 76 FF 
FF 9A 9A AA AA FF CA AA AA A6 AA AA CE CE CA 9A 76 76 
76 76 AA AA FF AA AA AA AA CA AA AA CE CE AA AA 76 76 
76 A9 A9 CE FF AA AA A5 A5 A5 AA A5 AA CE AA 85 65 76 
76 A5 A5 FF CE AA AA A5 A5 A5 CE A5 A5 A5 85 85 61 76 
76 85 85 FF CE CE AA AA AA A5 CE AA A5 A5 85 85 61 76 
76 85 B2 CE CA 85 A5 A5 A5 A5 A5 A5 A5 85 85 85 65 76 
76 85 FF A5 A5 CE CE CA 85 A9 A5 A5 A5 85 85 61 61 76 
76 85 FF A5 85 CA CE CE 85 85 A5 A5 A5 85 65 85 61 76 
76 85 FF A5 85 CE CE CE 85 85 85 A5 85 61 61 A9 61 76 
76 65 FF 85 85 85 85 85 85 85 85 85 65 61 41 41 61 76 
76 85 FF A9 A9 85 85 85 AA A9 A9 A5 61 61 41 61 61 76 
76 85 85 A9 A9 A9 65 65 AA A9 A9 A5 85 61 FF 41 61 76 
76 61 85 A9 A5 A5 A5 65 AA A9 A5 A5 61 41 89 A9 41 76 
76 61 61 61 A9 AA A9 61 61 A5 A5 61 61 41 FF 89 41 76 
76 61 FF 61 61 61 61 85 85 85 61 61 61 41 FF A9 41 76 
76 61 FF 85 61 61 61 85 85 85 61 61 85 85 41 41 41 76 
76 41 FF 89 41 61 41 41 61 61 61 41 85 85 41 41 41 76 
7A 40 FF 40 41 41 41 41 41 41 41 41 41 41 41 41 41 76 
76 44 41 FF 41 40 40 85 85 40 41 41 41 41 FF 41 41 76 
76 44 41 41 FF DA 85 85 85 40 41 41 FF FF 41 41 40 76 
FF 76 76 40 41 41 85 65 41 41 41 41 41 85 65 76 76 FF 
FF FF FF 76 76 76 76 76 76 76 76 76 7A 76 76 FF FF FF 
// Image: potion0_22_framesTile_5
@B40
FF FF FF FF 8C 88 88 88 AC 88 88 88 68 68 FF FF FF FF 
FF FF FF FF FF 68 64 68 64 64 64 64 64 FF FF FF FF FF 
FF FF FF 76 76 9A BA BA 9A 9A 9A 76 9A 76 76 FF FF FF 
FF FF FF 76 76 76 76 76 76 76 7A 7A 7A 76 7A FF FF FF 
FF FF FF FF 9A 6D 91 91 91 91 91 91 71 96 FF FF FF FF 
FF FF FF FF 9A 9A 91 91 91 91 91 91 9A 9A FF FF FF FF 
FF FF FF FF 9A 9A 9A 9A 9A 9A 9A 9A 9A 9A FF FF FF FF 
FF FF FF 7A 9A FF 9A 9A 9A 9A 9A 9A 9A 9A 9A FF FF FF 
FF FF 9A 9A 9A BA 9A 9A 9A 9A 9A 9A 9A 9A 9A 9A FF FF 
FF 9A 9A 9A 9A FF 9A 9A 9A 9A 9A 9A D2 B2 CE 9A 76 FF 
FF 9A 9A AA AA FF CA AA AA A6 AA AA CE CE AA 9A 76 76 
76 76 AA CE FF AA AA AA AA CA AA AA CA CE AA AA 76 76 
76 A9 A9 CE FF CA AA A5 A5 A5 CE A5 A5 A5 AA 85 65 76 
76 A5 A5 FF CE CE AA A5 A5 A5 CE A5 A5 A5 85 85 61 76 
76 85 85 FF CE A5 A5 AA AA A5 AA AA A5 A5 85 85 61 76 
76 85 D2 A5 A9 CE CE CA A5 A5 A5 A5 A5 85 85 85 65 76 
76 85 FF A5 A5 CA CE CE 85 A9 A5 A5 A5 85 85 61 61 76 
76 85 FF A5 85 CE CE CE 85 85 A5 A5 A5 85 65 A9 61 76 
76 85 FF 85 85 85 85 85 85 85 85 A5 85 61 61 AA 61 76 
76 65 FF A9 AA 85 85 85 CA CA AA AA 61 61 41 41 61 76 
76 85 FF AA AA AA 65 85 CA AA A9 A5 A9 61 41 61 61 76 
76 85 85 AA AA AA AA 65 CA AA A5 A9 61 61 FF AA 61 76 
76 61 85 61 AA AA AA 65 85 AA A9 61 61 41 AA AA 41 76 
76 61 61 61 85 61 61 61 65 61 61 61 61 41 FF AA 41 76 
76 61 FF A9 61 61 61 85 85 85 61 61 A9 A9 FF 41 41 76 
76 61 FF AA 61 61 61 85 85 85 61 61 A9 A9 41 41 41 76 
76 41 FF 41 41 61 41 41 61 61 61 41 41 40 41 41 41 76 
7A 40 FF 41 41 41 41 A9 A9 40 41 41 41 41 41 41 41 76 
76 44 41 FF 41 40 85 85 85 40 41 41 41 41 FF 41 41 76 
76 44 41 41 FF DA 85 65 40 40 41 41 FF FF 85 41 40 76 
FF 76 76 40 41 41 41 41 41 41 41 41 85 65 65 76 76 FF 
FF FF FF 76 76 76 76 76 76 76 76 76 7A 76 76 FF FF FF 
// Image: potion0_22_framesTile_6
@D80
FF FF FF FF 8C 88 88 88 AC 88 88 88 68 68 FF FF FF FF 
FF FF FF FF FF 68 64 68 64 64 64 64 64 FF FF FF FF FF 
FF FF FF 76 76 9A BA BA 9A 9A 9A 76 9A 76 76 FF FF FF 
FF FF FF 76 76 76 76 76 76 76 7A 7A 7A 76 7A FF FF FF 
FF FF FF FF 9A 6D 91 91 91 91 91 91 71 96 FF FF FF FF 
FF FF FF FF 9A 9A 91 91 91 91 91 91 9A 9A FF FF FF FF 
FF FF FF FF 9A 9A 9A 9A 9A 9A 9A 9A 9A 9A FF FF FF FF 
FF FF FF 7A 9A FF 9A 9A 9A 9A 9A 9A 9A 9A 9A FF FF FF 
FF FF 9A 9A 9A BA 9A 9A 9A 9A 9A 9A 9A 9A 9A 9A FF FF 
FF 9A 9A B2 9A FF 9A 9A 9A 9A 9A 9A 96 9A 9A 9A 76 FF 
FF 9A 9A CE CE FF CA AA AA A6 AA AA CE CE AA 9A 76 76 
76 76 AA CE FF CE AA AA AA AA CE AA AA AA AA AA 76 76 
76 A9 A9 CE FF AA AA A5 A5 A5 CE A5 A5 A5 AA 85 65 76 
76 A5 A5 FF AA A5 AA A5 A5 A5 A5 A5 A5 A5 85 85 61 76 
76 85 85 FF A5 CE CE CA AA A5 AA AA A5 A5 85 85 61 76 
76 85 D2 A5 A9 CA CE CE A5 A5 A5 A5 A5 85 85 85 65 76 
76 85 FF A5 A5 CE CE CE 85 A9 A5 A5 A5 85 85 AA 61 76 
76 85 FF A5 85 A5 85 85 85 85 A5 A5 A5 85 65 AA 61 76 
76 85 FF AA CA 85 85 85 CE CE CE CA 85 61 61 61 61 76 
76 65 FF CA CA CA 85 85 CE CA CA AA AA 61 41 41 61 76 
76 85 FF AA AA AA AA 65 CA CA AA AA 61 61 CA AA 61 76 
76 85 85 85 AA AA AA 65 A5 AA AA 61 61 61 FF AA 41 76 
76 61 65 61 61 65 65 65 85 85 61 61 61 61 41 AA 41 76 
76 61 AA A9 85 61 61 A9 A5 A9 61 61 61 41 FF 61 41 76 
76 61 FF AA 61 61 61 A9 A9 A9 61 61 A9 A9 FF 41 41 76 
76 61 FF 61 61 61 61 41 61 61 61 61 A9 A9 41 41 41 76 
76 41 FF 41 41 61 41 A9 A9 61 61 41 41 40 41 41 41 76 
7A 40 FF 41 41 41 85 85 85 40 41 41 41 41 41 41 41 76 
76 44 41 FF 41 40 85 65 40 40 41 41 41 85 FF 41 41 76 
76 44 41 41 FF DA 40 40 40 40 41 41 FF FF 65 41 40 76 
FF 76 76 85 41 41 41 41 41 41 41 41 65 85 41 76 76 FF 
FF FF FF 76 76 76 76 76 76 76 76 76 7A 76 76 FF FF FF 
// Image: potion0_22_framesTile_7
@FC0
FF FF FF FF 8C 88 88 88 AC 88 88 88 68 68 FF FF FF FF 
FF FF FF FF FF 68 64 68 64 64 64 64 64 FF FF FF FF FF 
FF FF FF 76 76 9A BA BA 9A 9A 9A 76 9A 76 76 FF FF FF 
FF FF FF 76 76 76 76 76 76 76 7A 7A 7A 76 7A FF FF FF 
FF FF FF FF 9A 6D 91 91 91 91 91 91 71 96 FF FF FF FF 
FF FF FF FF 9A 9A 91 91 91 91 91 91 9A 9A FF FF FF FF 
FF FF FF FF 9A 9A 9A 9A 9A 9A 9A 9A 9A 9A FF FF FF FF 
FF FF FF 7A 9A FF 9A 9A 9A 9A 9A 9A 9A 9A 9A FF FF FF 
FF FF 9A 9A 9A BA 9A 9A 9A 9A 9A 9A 9A 9A 9A 9A FF FF 
FF 9A 9A B6 B6 FF 9A 9A 9A 9A 9A 9A 96 9A 9A 9A 76 FF 
FF 9A 9A CE CE FF CA AA AA A5 CE AA AA AA AA 9A 76 76 
76 76 AA CE FF AA AA AA AA AA CE AA AA AA AA AA 76 76 
76 A9 A9 AA FF AA AA A5 A5 A5 AA A5 A5 A9 AA 85 65 76 
76 A5 A5 FF AA A5 AA A5 A5 A5 A5 A5 A5 A5 85 85 61 76 
76 85 85 FF A5 CE CE CA AA A5 AA AA A5 A5 85 81 61 76 
76 85 D2 A5 A9 CA CE CE A5 A5 A5 A5 A5 85 85 AA 61 76 
76 85 FF A5 A5 CE CE CE 85 A5 A5 A5 A5 85 85 AA 61 76 
76 85 FF A5 85 A5 85 85 CE CE CE CA A5 85 65 61 61 76 
76 85 FF AA CA 85 85 85 CE CA CA AA AA 61 61 61 61 76 
76 65 FF CA CA CA 85 85 CE CA AA AA 61 61 CA AA 61 76 
76 85 FF AA AA AA AA 85 A5 CA AA 61 61 61 AA AA 61 76 
76 85 85 85 AA AA AA 65 85 85 85 85 61 61 FF AA 61 76 
76 61 65 61 61 65 61 A9 A5 A9 61 61 61 61 41 61 41 76 
76 61 AA A9 85 61 61 A9 A9 A9 61 61 89 A9 FF 61 41 76 
76 61 FF AA 61 61 61 61 61 61 61 61 A9 A9 FF 41 41 76 
76 61 FF 61 61 61 61 A9 A9 61 61 61 61 41 41 41 41 76 
76 41 FF 41 41 61 85 85 85 61 61 41 41 40 41 41 41 76 
7A 40 FF 41 41 41 85 65 41 41 41 41 41 85 85 41 41 76 
76 44 41 FF 41 40 40 40 40 40 41 41 85 65 FF 41 41 76 
76 44 41 85 FF DA 41 40 40 40 41 41 FF FF 41 41 40 76 
FF 76 76 85 A9 85 41 41 41 41 41 41 85 85 41 76 76 FF 
FF FF FF 76 76 76 76 76 76 76 76 76 7A 76 76 FF FF FF 
// Image: potion0_22_framesTile_8
@1200
FF FF FF FF 8C 88 88 88 AC 88 88 88 68 68 FF FF FF FF 
FF FF FF FF FF 68 64 68 64 64 64 64 64 FF FF FF FF FF 
FF FF FF 76 76 9A BA BA 9A 9A 9A 76 9A 76 76 FF FF FF 
FF FF FF 76 76 76 76 76 76 76 7A 7A 7A 76 7A FF FF FF 
FF FF FF FF 9A 6D 91 91 91 91 91 91 71 96 FF FF FF FF 
FF FF FF FF 9A 9A 91 91 91 91 91 91 9A 9A FF FF FF FF 
FF FF FF FF 9A 9A 9A 9A 9A 9A 9A 9A 9A 9A FF FF FF FF 
FF FF FF 7A 9A FF 9A 9A 9A 9A 9A 9A 9A 9A 9A FF FF FF 
FF FF 9A 9A 9A BA 9A 9A 9A 9A 9A 9A 9A 9A 9A 9A FF FF 
FF 9A 9A 9A 9A FF 9A 9A 9A 9A B6 9A 96 9A 9A 9A 76 FF 
FF 9A 9A CE CE FF CA AA AA A5 CE AA AA AA AA 9A 76 76 
76 76 AA AA FF AA AA AA AA CA AA AA AA AA AA AA 76 76 
76 A9 A9 AA FF CE CE CA A5 A5 AA A5 A5 A9 AA 85 65 76 
76 A5 A5 FF AA CA CE CE A5 A5 A5 A5 A5 A5 85 85 61 76 
76 85 85 FF A5 CE CE CE AA A5 AA AA A5 A5 85 AA 61 76 
76 85 D2 A5 A9 A5 A5 A5 A5 A5 A5 A5 A5 85 85 AA 61 76 
76 85 FF A5 A5 A5 85 85 CE CE CA CA A5 85 85 61 65 76 
76 85 FF AA CA A5 85 85 CE CE CA AA AA 85 65 41 61 76 
76 85 FF CA CA CA 85 85 CA CE CA AA 85 61 CA AA 61 76 
76 65 FF AA AA AA AA 85 AA AA AA 85 65 61 AA AA 61 76 
76 85 FF 85 AA AA AA 85 85 85 85 85 61 61 41 AA 61 76 
76 85 85 85 85 85 65 A9 AA A9 85 85 61 61 FF 41 61 76 
76 61 AA A9 61 65 65 A9 A9 A9 61 61 89 A9 41 61 41 76 
76 61 61 AA 85 61 61 61 61 61 61 61 A9 A9 FF 65 41 76 
76 61 FF 61 61 61 61 A9 A9 61 61 61 61 41 FF 41 41 76 
76 61 FF 61 61 61 85 85 85 61 61 61 61 41 41 41 41 76 
76 41 FF 41 41 61 85 65 61 61 61 41 41 85 85 41 41 76 
7A 40 FF 40 41 41 41 41 41 41 41 41 85 65 65 41 41 76 
76 44 41 FF 41 40 40 40 40 40 41 41 65 85 FF 41 41 76 
76 44 40 85 FF DA 40 40 40 40 41 41 FF FF 41 41 40 76 
FF 76 76 85 85 85 41 41 41 41 85 41 41 41 45 76 76 FF 
FF FF FF 76 76 76 76 76 76 76 76 76 7A 76 76 FF FF FF 
// Image: potion0_22_framesTile_9
@1440
FF FF FF FF 8C 88 88 88 AC 88 88 88 68 68 FF FF FF FF 
FF FF FF FF FF 68 64 68 64 64 64 64 64 FF FF FF FF FF 
FF FF FF 76 76 9A BA BA 9A 9A 9A 76 9A 76 76 FF FF FF 
FF FF FF 76 76 76 76 76 76 76 7A 7A 7A 76 7A FF FF FF 
FF FF FF FF 9A 6D 91 91 91 91 91 91 71 96 FF FF FF FF 
FF FF FF FF 9A 9A 91 91 91 91 91 91 9A 9A FF FF FF FF 
FF FF FF FF 9A 9A 9A 9A 9A 9A 9A 9A 9A 9A FF FF FF FF 
FF FF FF 7A 9A FF 9A 9A 9A 9A 9A 9A 9A 9A 9A FF FF FF 
FF FF 9A 9A 9A BA 9A 9A 9A 9A 9A 9A 9A 9A 9A 9A FF FF 
FF 9A 9A 9A 9A FF 9A 9A 9A 9A 9A 9A 96 9A 9A 9A 76 FF 
FF 9A 9A AA AA FF CA AA AA A6 AA AA AA AA AA 9A 76 76 
76 76 AA AA FF CE CE CA AA CA AA AA AA AA AA AA 76 76 
76 A9 A9 AA FF CA CE CE A5 A5 AA A5 A5 A9 AA 85 65 76 
76 A5 A5 FF AA CE CE CE A5 A5 A5 A5 A5 A5 85 AA 61 76 
76 85 85 FF A9 A5 A9 AA AA A5 AA AA A5 A5 85 AA 61 76 
76 85 D2 A5 A9 A5 A5 A5 CE CA CA CA A5 85 85 85 65 76 
76 85 FF AA CA A5 85 85 CE CA CA CE AA 85 85 41 61 76 
76 85 FF CA CA CA 85 85 CA CE CE CA A5 85 CA AA 61 76 
76 85 FF AA AA AA AA 85 AA CE CE A5 85 61 AA AA 61 76 
76 65 FF 85 AA AA AA 85 85 85 85 85 65 61 41 AA 61 76 
76 85 FF 85 85 85 65 A9 AA AA 85 85 61 61 41 61 61 76 
76 85 AA A9 85 85 65 A9 AA A9 85 85 89 A9 FF 61 61 76 
76 61 65 A9 61 65 65 65 85 85 65 61 A9 A9 41 65 41 76 
76 61 61 61 85 61 61 89 89 61 61 61 61 41 FF 65 41 76 
76 61 FF 61 61 61 85 85 85 61 61 61 61 41 FF 41 41 76 
76 61 FF 61 61 61 85 65 61 61 61 61 61 85 85 41 41 76 
76 41 FF 41 41 61 41 41 61 61 61 41 85 85 85 41 41 76 
7A 40 FF 85 41 41 41 41 41 41 41 41 85 85 41 41 41 76 
76 44 40 FF 89 89 40 40 40 40 41 41 89 89 FF 41 41 76 
76 44 40 89 FF DA 40 40 40 40 85 41 FF FF 41 41 40 76 
FF 76 76 85 85 41 41 41 41 41 41 41 41 41 45 76 76 FF 
FF FF FF 76 76 76 76 76 76 76 76 76 7A 76 76 FF FF FF 
// Image: potion0_22_framesTile_10
@1680
FF FF FF FF 8C 88 88 88 AC 88 88 88 68 68 FF FF FF FF 
FF FF FF FF FF 68 64 68 64 64 64 64 64 FF FF FF FF FF 
FF FF FF 76 76 9A BA BA 9A 9A 9A 76 9A 76 76 FF FF FF 
FF FF FF 76 76 76 76 76 76 76 7A 7A 7A 76 7A FF FF FF 
FF FF FF FF 9A 6D 91 91 91 91 91 91 71 96 FF FF FF FF 
FF FF FF FF 9A 9A 91 91 91 91 91 91 9A 9A FF FF FF FF 
FF FF FF FF 9A 9A 9A 9A 9A 9A 9A 9A 9A 9A FF FF FF FF 
FF FF FF 7A 9A FF 9A 9A 9A 9A 9A 9A 9A 9A 9A FF FF FF 
FF FF 9A 9A 9A BA 9A 9A 9A 9A 9A 9A 9A 9A 9A 9A FF FF 
FF 9A 9A 9A 9A FF 9A 9A 9A 9A 9A 9A 96 9A 9A 9A 76 FF 
FF 9A 9A AA AA FF CE CA AA A6 AA AA AA AA AA 9A 76 76 
76 76 AA AA FF CA CE CE AA CA AA AA AA AA AA A9 76 76 
76 A9 A9 AA FF CE CE CE A5 A5 AA A5 A5 A5 AA CA 65 76 
76 A5 A5 FF AA A5 AA A5 A5 A5 A5 A5 A5 A5 85 CA 61 76 
76 85 85 FF A9 A5 AA AA CE CE CE CA A5 A5 85 81 61 76 
76 85 B2 CA CA A5 A5 A5 CE CE CE CE AA 85 85 85 65 76 
76 85 FF CA CA CA 85 85 CE CE CE CA A5 85 85 41 61 76 
76 85 FF CA CA CA AA 85 A5 CE CA A5 A5 85 CA CA 61 76 
76 85 FF 85 CA AA CA 85 85 85 85 85 85 61 AA AA 61 76 
76 65 FF 85 85 85 85 AA CA AA 85 85 65 61 41 AA 61 76 
76 85 FF A9 85 85 65 AA CA AA 85 85 A9 A9 41 65 61 76 
76 85 85 AA 85 85 65 65 A5 85 85 85 A9 AA FF 41 61 76 
76 61 85 61 65 65 65 65 85 85 65 61 61 41 41 61 41 76 
76 61 61 61 85 61 61 A9 A9 61 61 61 61 41 FF 65 41 76 
76 61 FF 61 61 61 85 85 85 61 61 61 61 A9 FF 40 41 76 
76 61 FF 61 61 61 85 85 61 61 61 61 85 89 85 41 41 76 
76 41 FF 85 41 61 41 41 61 61 61 41 89 89 41 41 41 76 
7A 40 FF 85 89 89 41 41 41 41 41 41 89 A9 41 41 41 76 
76 44 40 FF 85 85 40 40 40 40 85 41 41 41 FF 41 41 76 
76 44 41 85 FF DA 41 40 40 40 41 41 FF FF 41 41 40 76 
FF 76 76 20 40 41 41 41 41 41 41 41 41 41 45 76 76 FF 
FF FF FF 76 76 76 76 76 76 76 76 76 7A 76 76 FF FF FF 
// Image: potion0_22_framesTile_11
@18C0
FF FF FF FF 8C 88 88 88 AC 88 88 88 68 68 FF FF FF FF 
FF FF FF FF FF 68 64 68 64 64 64 64 64 FF FF FF FF FF 
FF FF FF 76 76 9A BA BA 9A 9A 9A 76 9A 76 76 FF FF FF 
FF FF FF 76 76 76 76 76 76 76 7A 7A 7A 76 7A FF FF FF 
FF FF FF FF 9A 6D 91 91 91 91 91 91 71 96 FF FF FF FF 
FF FF FF FF 9A 9A 91 91 91 91 91 91 9A 9A FF FF FF FF 
FF FF FF FF 9A 9A 9A 9A 9A 9A 9A 9A 9A 9A FF FF FF FF 
FF FF FF 7A 9A FF 9A 9A 9A 9A 9A 9A 9A 9A 9A FF FF FF 
FF FF 9A 9A 9A BA 9A 9A 9A 9A 9A 9A 9A 9A 9A 9A FF FF 
FF 9A 9A 9A 9A FF D2 9A 9A 9A 9A 9A 96 9A 9A 9A 76 FF 
FF 9A 9A AA AA FF CE CE AA A6 AA AA AA AA AA 9A 76 76 
76 76 AA AA FF CE CE CE AA CA AA AA AA AA AA CA 76 76 
76 A9 A9 AA FF AA AA A5 A5 A5 AA A5 A5 A5 AA 85 65 76 
76 A5 A5 FF AA A5 AA A5 CE CE CE CA A5 A5 85 85 61 76 
76 85 85 FF CA A5 AA AA CE CE CE CE CE A5 85 85 61 76 
76 85 B2 CA CA CE AA A5 CE CE CE CE A5 85 85 85 65 76 
76 85 FF CE CA CA CE 85 85 CE CE A5 A5 85 CA CA 61 76 
76 85 FF A5 CE CA CE 85 85 85 A5 A5 A5 85 CA AA 61 76 
76 85 FF 85 85 85 85 85 85 85 85 A5 85 61 61 CA 61 76 
76 65 FF CE 85 85 85 AA CA AA 85 85 61 61 41 41 61 76 
76 85 FF CE 85 85 65 AA CA AA 85 85 AA AA 41 AA 61 76 
76 85 85 85 85 85 65 65 85 85 85 85 AA AA FF 41 61 76 
76 61 85 61 65 65 61 A9 A9 85 65 61 61 41 41 61 41 76 
76 61 61 61 85 61 A9 A9 89 61 61 61 61 A9 FF 65 41 76 
76 61 FF 61 61 61 AA A9 61 61 61 61 AA AA FF 41 41 76 
76 61 FF 89 61 61 61 41 61 61 61 61 AA AA 41 41 41 76 
76 41 FF 89 89 A9 41 41 61 61 61 41 AA AA 41 41 41 76 
7A 40 FF A9 85 89 41 41 41 40 89 41 41 41 41 41 41 76 
76 44 40 FF A9 40 40 40 40 40 85 41 41 41 FF 41 41 76 
76 44 41 40 FF DA 40 40 40 40 41 41 FF FF 41 85 40 76 
FF 76 76 40 40 AA AA AA 41 41 41 41 41 41 45 76 76 FF 
FF FF FF 76 76 76 76 76 76 76 76 76 7A 76 76 FF FF FF 
// Image: potion0_22_framesTile_12
@1B00
FF FF FF FF 8C 88 88 88 AC 88 88 88 68 68 FF FF FF FF 
FF FF FF FF FF 68 64 68 64 64 64 64 64 FF FF FF FF FF 
FF FF FF 76 76 9A BA BA 9A 9A 9A 76 9A 76 76 FF FF FF 
FF FF FF 76 76 76 76 76 76 76 7A 7A 7A 76 7A FF FF FF 
FF FF FF FF 9A 6D 91 91 91 91 91 91 71 96 FF FF FF FF 
FF FF FF FF 9A 9A 91 91 91 91 91 91 9A 9A FF FF FF FF 
FF FF FF FF 9A 9A 9A 9A 9A 9A 9A 9A 9A 9A FF FF FF FF 
FF FF FF 7A 9A FF 9A 9A 9A 9A 9A 9A 9A 9A 9A FF FF FF 
FF FF 9A 9A 9A BA 9A 9A 9A 9A 9A 9A 9A 9A 9A 9A FF FF 
FF 9A 9A 9A 9A FF B6 B6 9A 9A 9A 9A 96 9A 9A 9A 76 FF 
FF 9A 9A AA AA FF CE CE AA A6 AA AA AA AA AA 9A 76 76 
76 76 AA AA FF AA AA AA AA AA AA AA AA AA AA AA 76 76 
76 A9 A9 AA FF AA AA A5 CE CE CA CA A5 A5 AA 85 65 76 
76 A5 A5 FF CE A5 AA A5 CA CA CA CA CE A5 85 85 61 76 
76 85 85 FF CE CE AA A5 CE CE CE CE A5 A5 85 81 61 76 
76 85 B2 CE CE CE CE A5 A5 CE CE A5 A5 85 CA CE 61 76 
76 85 FF A5 CE CE CE 85 85 A5 A5 A5 A5 85 CA AA 61 76 
76 85 FF A5 85 A5 85 85 85 85 A5 A5 A5 85 61 AA 61 76 
76 85 FF CE 85 85 85 CA CE CA 85 A5 85 61 61 41 61 76 
76 65 FF CE 85 85 85 AA AA CA 85 85 AA AA 41 AA 61 76 
76 85 FF 85 85 85 65 85 85 85 85 81 AA AA 41 61 61 76 
76 85 85 85 85 85 65 AA AA 85 85 85 61 41 FF 41 61 76 
76 61 85 61 65 65 AA A9 89 85 65 61 61 CA CE 41 41 76 
76 61 61 61 85 61 AA A9 61 61 61 61 CA CE FF 65 41 76 
76 61 FF AA 61 61 61 61 65 61 61 61 AA CE FF 41 41 76 
76 61 FF AA A9 AA 61 61 61 61 61 61 AA CE 41 41 41 76 
76 41 FF AA A9 AA 41 41 61 61 AA 41 41 40 41 41 41 76 
7A 40 FF AA AA 41 41 41 41 40 A9 41 41 41 41 41 41 76 
76 44 41 FF 41 40 40 40 40 40 41 41 41 41 FF 41 41 76 
76 44 41 41 FF DA AA AA 40 40 41 41 FF FF 41 85 40 76 
FF 76 76 40 40 AA AA AA 41 41 41 41 41 41 45 76 76 FF 
FF FF FF 76 76 76 76 76 76 76 76 76 7A 76 76 FF FF FF 
// Image: potion0_22_framesTile_13
@1D40
FF FF FF FF 8C 88 88 88 AC 88 88 88 68 68 FF FF FF FF 
FF FF FF FF FF 68 64 68 64 64 64 64 64 FF FF FF FF FF 
FF FF FF 76 76 9A BA BA 9A 9A 9A 76 9A 76 76 FF FF FF 
FF FF FF 76 76 76 76 76 76 76 7A 7A 7A 76 7A FF FF FF 
FF FF FF FF 9A 6D 91 91 91 91 91 91 71 96 FF FF FF FF 
FF FF FF FF 9A 9A 91 91 91 91 91 91 9A 9A FF FF FF FF 
FF FF FF FF 9A 9A 9A 9A 9A 9A 9A 9A 9A 9A FF FF FF FF 
FF FF FF 7A 9A FF 9A 9A 9A 9A 9A 9A 9A 9A 9A FF FF FF 
FF FF 9A 9A 9A DA 9A 9A B6 9A 9A 9A 9A 9A 9A 9A FF FF 
FF 9A 9A 9A 9A FF 9A 9A 9A 9A 9A 9A 96 9A 9A 9A 76 FF 
FF 9A 9A AA AA FF CA AA AA A5 AA AA AA AA AA 9A 76 76 
76 76 AA AA FF AA AA AA CE CE CE CE AA AA AA AA 76 76 
76 A9 A9 CE FF AA AA A5 CE CA CE CE CE A5 AA 85 65 76 
76 A5 A5 FF CE CE A9 A9 CE CE CE CE A5 A5 85 85 61 76 
76 85 85 FF CE CE CE AA AA CE CE AA A5 A5 CE CE 61 76 
76 85 D2 A5 CE CE CE A5 A5 A5 A5 A5 A5 85 CA CA 61 76 
76 85 FF A5 A5 A5 85 85 85 A5 A5 A5 A5 85 85 CA 61 76 
76 85 FF CE 85 A5 85 CA CE AA A5 A5 A5 85 65 41 61 76 
76 85 FF CE 85 85 85 CE CE CE 85 A5 AA CA 61 AA 61 76 
76 65 FF 85 85 85 85 85 85 85 85 85 AA CA 41 41 61 76 
76 85 FF 85 85 85 65 AA AA 85 85 85 61 61 41 61 61 76 
76 85 85 85 85 85 AA AA A9 85 85 85 61 CA FF 41 61 76 
76 61 85 61 65 65 AA AA 85 85 65 61 CE CE CE 41 41 76 
76 61 61 AA 65 61 61 61 65 61 61 61 CE CE FF 65 41 76 
76 61 FF AA AA AA 61 65 65 61 61 61 CA CE FF 41 41 76 
76 61 FF AA AA AA 61 61 61 61 CE 61 61 41 41 41 41 76 
76 41 FF AE AA 41 41 41 61 61 AA 41 41 41 41 41 41 76 
7A 40 FF 40 41 41 41 41 41 41 41 41 41 41 41 41 41 76 
76 44 41 FF 41 CE AA CA 40 40 41 41 41 41 FF 85 41 76 
76 44 41 41 FF DA AA AA 40 40 41 41 FF FF 41 85 40 76 
FF 76 76 40 40 AA AA AA 41 41 41 41 41 41 41 AA 76 FF 
FF FF FF 76 76 76 76 76 76 76 76 76 7A 76 76 FF FF FF 
// Image: potion0_22_framesTile_14
@1F80
FF FF FF FF 8C 88 88 88 AC 88 88 88 68 68 FF FF FF FF 
FF FF FF FF FF 68 64 68 64 64 64 64 64 FF FF FF FF FF 
FF FF FF 76 76 9A BA BA 9A 9A 9A 76 9A 76 76 FF FF FF 
FF FF FF 76 76 76 76 76 76 76 7A 7A 7A 76 7A FF FF FF 
FF FF FF FF 9A 6D 91 91 91 91 91 91 71 96 FF FF FF FF 
FF FF FF FF 9A 9A 91 91 91 91 91 91 9A 9A FF FF FF FF 
FF FF FF FF 9A 9A 9A 9A 9A 9A 9A 9A 9A 9A FF FF FF FF 
FF FF FF 7A 9A FF 9A 9A 9A 9A 9A 9A 9A 9A 9A FF FF FF 
FF FF 9A 9A B6 BA 9A 9A 9A B6 9A 9A 9A 9A 9A 9A FF FF 
FF 9A 9A 9A 9A FF 9A 9A 9A 9A 9A 9A 96 9A 9A 9A 76 FF 
FF 9A 9A AA AA FF CA AA CE CE CE CE AA AA AA 9A 76 76 
76 76 AA CE FF AA AA AA CE CE CE CE CE AA AA AA 76 76 
76 A9 A9 CE FF CE CE AA CE CE CE CE A5 A5 AA 85 65 76 
76 A5 A5 FF CE CE CE A5 A5 CE CE A5 A5 A5 CE CE 61 76 
76 85 85 FF CE CE CE AA AA A5 AA AA A5 A5 CE CE 61 76 
76 85 B2 A5 A9 A5 A5 A5 A5 A5 A5 A5 A5 85 85 CE 61 76 
76 85 FF CE A5 A5 85 CE CE CE A5 A5 A5 85 85 41 61 76 
76 85 FF CE 85 A5 85 CE CA CA A5 A5 CE CE 61 61 61 76 
76 85 FF 85 A5 85 85 85 85 85 85 A5 CE CE 41 AE 61 76 
76 65 FF 85 85 85 85 AE AA 85 85 85 61 61 41 41 61 76 
76 85 FF 85 85 85 AE AA AA 85 85 85 61 61 41 61 61 76 
76 85 85 85 85 85 AA AA 85 85 85 85 61 CA FF 41 61 76 
76 61 65 AA 61 61 65 65 85 85 65 61 CE CE CE 41 41 76 
76 61 61 AA AA AA 61 65 65 61 61 61 CE CE FF 65 41 76 
76 61 FF AA AA AA 61 65 65 61 AE 61 CA CE FF 41 41 76 
76 61 FF CE AA 41 61 61 61 61 AA 61 61 41 41 41 41 76 
76 41 FF 41 41 61 41 41 61 61 61 41 41 41 41 41 40 76 
7A 40 FF 41 41 AA AA AA 41 41 41 41 41 41 41 85 41 76 
76 44 41 FF 41 AA AA AA 40 40 41 41 41 41 FF 85 41 76 
76 44 41 41 FF DA AA CA 40 40 41 41 FF FF 41 AA 40 76 
FF 76 76 40 41 41 41 40 41 41 41 41 41 41 45 76 76 FF 
FF FF FF 76 76 76 76 76 76 76 76 76 7A 76 76 FF FF FF 
// Image: potion0_22_framesTile_15
@21C0
FF FF FF FF 8C 88 88 88 AC 88 88 88 68 68 FF FF FF FF 
FF FF FF FF FF 68 64 68 64 64 64 64 64 FF FF FF FF FF 
FF FF FF 76 76 9A BA BA 9A 9A 9A 76 9A 76 76 FF FF FF 
FF FF FF 76 76 76 76 76 76 76 7A 7A 7A 76 7A FF FF FF 
FF FF FF FF 9A 6D 91 91 91 91 91 91 71 96 FF FF FF FF 
FF FF FF FF 9A 9A 91 91 91 91 91 91 9A 9A FF FF FF FF 
FF FF FF FF 9A 9A 9A 9A 9A 9A 9A 9A 9A 9A FF FF FF FF 
FF FF FF 7A 9A FF 9A 9A 9A 9A 9A 9A 9A 9A 9A FF FF FF 
FF FF 9A 9A 9A BA 9A 9A 9A 9A 9A 9A 9A 9A 9A 9A FF FF 
FF 9A 9A B6 9A FF 9A 9A 9A B2 B2 9A 96 9A 9A 9A 76 FF 
FF 9A 9A CE CE FF CA AA CE CE CE CE CE AA AA 9A 76 76 
76 76 AA CE FF CE CE AA CE CE CE CE AA AA AA A9 76 76 
76 A9 A9 CE FF CE CE A5 A5 CE CE A5 A5 A5 CE CE 65 76 
76 A5 A5 FF CE CE CE A5 A5 A5 A5 A5 A5 A5 CE CE 61 76 
76 85 85 FF A5 A5 A5 AA AA A5 AA AA A5 A5 85 CE 61 76 
76 85 D6 CE A9 A5 A5 CE CE CE A5 A5 A5 85 85 85 65 76 
76 85 FF CE A5 A5 85 CE CE CE A5 A5 CE CE 85 41 61 76 
76 85 FF A5 A5 A5 85 85 85 85 A5 A5 CE CE 61 AE 61 76 
76 85 FF A5 A5 85 85 CE CE 85 85 A5 85 61 61 61 61 76 
76 65 FF 85 85 85 CE CE AA 85 85 85 65 61 41 41 61 76 
76 85 FF 85 85 85 AA AA 85 85 85 85 61 CA CE 61 61 76 
76 85 65 CA 85 65 65 65 85 85 85 61 CE CE FF 41 61 76 
76 61 65 CE CE AA 65 65 85 85 61 61 CE CE 41 61 41 76 
76 61 61 AA AA AA 61 65 65 61 CE 61 CA CE FF 41 41 76 
76 61 FF AA AA 61 61 65 65 61 CE 61 61 41 FF 41 41 76 
76 61 FF 61 61 41 61 41 61 61 61 61 61 41 41 41 41 76 
76 41 FF 41 41 CE CE CA 61 61 61 41 41 41 41 41 40 76 
7A 40 FF 41 41 CA CA CA 41 41 41 41 41 41 41 85 41 76 
76 44 41 FF 41 CE AA CE 40 40 41 41 41 41 FF AA 41 76 
76 44 41 41 FF DA 40 40 40 40 41 41 FF FF 41 A9 40 76 
FF 76 76 40 41 41 41 41 AA A9 A5 A5 41 41 45 76 76 FF 
FF FF FF 76 76 76 76 76 76 76 76 76 7A 76 76 FF FF FF 
// Image: potion0_22_framesTile_16
@2400
FF FF FF FF 8C 88 88 88 AC 88 88 88 68 68 FF FF FF FF 
FF FF FF FF FF 68 64 68 64 64 64 64 64 FF FF FF FF FF 
FF FF FF 76 76 9A BA BA 9A 9A 9A 76 9A 76 76 FF FF FF 
FF FF FF 76 76 76 76 76 76 76 7A 7A 7A 76 7A FF FF FF 
FF FF FF FF 9A 6D 91 91 91 91 91 91 71 96 FF FF FF FF 
FF FF FF FF 9A 9A 91 91 91 91 91 91 9A 9A FF FF FF FF 
FF FF FF FF 9A 9A 9A 9A 9A 9A 9A 9A 9A 9A FF FF FF FF 
FF FF FF 7A 9A FF 9A 9A 9A 9A 9A 9A 9A 9A 9A FF FF FF 
FF FF 9A 9A 9A BA 9A 9A 9A B2 B2 9A 9A 9A 9A 9A FF FF 
FF 9A 9A 9A D6 FF 9A 9A B2 B2 B2 B2 96 9A 9A 9A 76 FF 
FF 9A 9A CE CE FF CE AA CE CE CE CE AA AA AA 9A 76 76 
76 76 AA CE FF CE CE AA AA CE CE AA AA AA CE CE 76 76 
76 A9 A9 A9 FF CE CE A5 A5 A5 AA A5 A5 A5 CE CE 65 76 
76 A5 A5 FF AA A5 AA A5 A5 A5 A5 A5 A5 A5 85 CE 61 76 
76 85 CE FF A5 A5 A9 CE CE CE AA AA A5 A5 85 81 61 76 
76 85 B2 CE A9 A5 A5 CE CE CE A5 A5 CE CE 85 AE 61 76 
76 85 FF A5 A5 A5 85 85 85 A5 A5 A5 CE CE 85 61 65 76 
76 85 FF A5 A5 A5 85 CE CE 85 A5 A5 A5 85 65 61 61 76 
76 85 FF A5 A5 85 CE AE AA 85 85 A5 85 61 61 61 61 76 
76 65 FF 85 85 85 CA CE 85 85 85 85 61 CA CE 41 61 76 
76 85 FF CE 85 85 65 85 85 85 85 61 CE CE CE 61 61 76 
76 85 65 CE CA CA 65 65 85 85 85 61 CE CE FF 41 61 76 
76 61 65 CE CA CA 65 65 85 85 CE 61 CA CE 41 61 41 76 
76 61 61 CE CA 61 61 65 65 61 CE 61 61 41 FF 65 41 76 
76 61 FF 61 61 61 61 61 65 61 61 61 61 41 FF 41 41 76 
76 61 FF 61 61 CE CE CA 61 61 61 61 61 41 41 41 41 76 
76 41 FF 41 41 CA CA CA 61 61 61 41 41 41 41 85 40 76 
7A 40 FF 41 41 CE CA CE 41 41 41 41 41 41 41 AA 40 76 
76 44 41 FF 41 40 40 40 40 40 40 41 41 41 FF A9 41 76 
76 44 41 40 FF DA 41 40 AA A9 A5 A5 FF FF 41 41 40 76 
FF 76 76 A5 A9 41 41 41 A9 A5 85 85 85 41 45 76 76 FF 
FF FF FF 76 76 76 76 76 76 76 76 76 7A 76 76 FF FF FF 
// Image: potion0_22_framesTile_17
@2640
FF FF FF FF 8C 88 88 88 AC 88 88 88 68 68 FF FF FF FF 
FF FF FF FF FF 68 64 68 64 64 64 64 64 FF FF FF FF FF 
FF FF FF 76 76 9A BA BA 9A 9A 9A 76 9A 76 76 FF FF FF 
FF FF FF 76 76 76 76 76 76 76 7A 7A 7A 76 7A FF FF FF 
FF FF FF FF 9A 6D 91 91 91 91 91 91 71 96 FF FF FF FF 
FF FF FF FF 9A 9A 91 91 91 91 91 91 9A 9A FF FF FF FF 
FF FF FF FF 9A 9A 9A 9A 9A 9A 9A 9A 9A 9A FF FF FF FF 
FF FF FF 7A 9A FF 9A 9A B2 9A 9A B2 9A 9A 9A FF FF FF 
FF FF 9A 9A 9A BA 9A 9A 9A 9A B6 9A 9A 9A 9A 9A FF FF 
FF 9A 9A 9A B6 FF 9A D2 9A B2 9A 9A B2 9A 9A 9A 76 FF 
FF 9A 9A CE CE FF CE AA AA CE CE AA AA AA CE 9A 76 76 
76 76 AA AA FF CE CE AA AA AA AA AA AA AA CE CE 76 76 
76 A9 A9 A9 FF AA AA A5 A5 A5 AA A5 A5 A5 AA CE 65 76 
76 A5 CE FF AA A5 AA CE CE CE A5 A5 A5 A5 85 85 61 76 
76 85 85 FF A5 A5 A9 CE CE CE AA AA CE CE 85 AE 61 76 
76 85 D2 A5 AA A5 A5 A5 A5 A5 A5 A5 CE CE 85 85 65 76 
76 85 FF A5 A5 A5 85 CE CE A5 A5 A5 A5 85 85 61 65 76 
76 85 FF A5 A5 A5 CE CE CE 85 A5 A5 A5 85 61 61 61 76 
76 85 FF 85 A5 85 AA CE 85 85 85 A5 61 CA CE 61 61 76 
76 65 FF CE 85 85 85 85 85 85 85 85 CE CE CE 41 61 76 
76 85 FF CA CA CA 65 85 85 85 85 61 CE CE 41 61 61 76 
76 85 65 CE CE CE 65 65 85 85 CE 61 CA CE FF 41 61 76 
76 61 65 CE CE 61 65 65 85 85 CE 61 61 41 41 61 41 76 
76 61 61 61 65 61 61 61 65 61 61 61 61 41 FF 65 41 76 
76 61 FF 61 61 CE CE CA 61 61 61 61 61 41 FF 41 41 76 
76 61 FF 61 61 CA CA CE 61 61 61 61 61 41 41 41 41 76 
76 41 FF 41 41 CE CE CE 61 61 61 41 41 41 41 AA 40 76 
7A 40 FF 41 41 41 41 41 41 40 41 41 41 41 41 A9 41 76 
76 44 41 FF 41 40 40 40 AA A9 A5 A5 41 41 FF 41 41 76 
76 44 40 A5 FF DA 41 40 A9 A5 85 85 FF FF 41 41 40 76 
FF 76 76 A5 A5 A5 41 41 A5 85 85 85 41 41 45 76 76 FF 
FF FF FF 76 76 76 76 76 76 76 76 76 7A 76 76 FF FF FF 
// Image: potion0_22_framesTile_18
@2880
FF FF FF FF 8C 88 88 88 AC 88 88 88 68 68 FF FF FF FF 
FF FF FF FF FF 68 64 68 64 64 64 64 64 FF FF FF FF FF 
FF FF FF 76 76 9A BA BA 9A 9A 9A 76 9A 76 76 FF FF FF 
FF FF FF 76 76 76 76 76 76 76 7A 7A 7A 76 7A FF FF FF 
FF FF FF FF 9A 6D 91 91 91 91 91 91 71 96 FF FF FF FF 
FF FF FF FF 9A 9A 91 91 91 91 91 91 9A 9A FF FF FF FF 
FF FF FF FF 9A 9A 9A 9A 9A 9A 9A 9A 9A 9A FF FF FF FF 
FF FF FF 7A 9A FF 9A 9A 9A 9A 9A 9A 9A 9A 9A FF FF FF 
FF FF 9A 9A 9A BA 9A B2 9A 9A 9A 9A B2 9A 9A 9A FF FF 
FF 9A 9A B6 B6 FF B6 9A D2 9A D2 9A 96 9A B2 9A 76 FF 
FF 9A 9A AA CE FF CE AA AA A6 AA AA AA AA CE 9A 76 76 
76 76 AA AA FF AA AA AA AA AA AA AA AA AA AA CE 76 76 
76 A5 CE CE FF AA A9 CE CE CE AA A5 A5 A5 AA 85 65 76 
76 A5 A5 FF AA A5 AA CE CE CE A5 A5 CE CE 85 CE 61 76 
76 85 85 FF A9 A5 AA AA A9 A5 AA AA CE CE 85 81 61 76 
76 85 D2 A5 AA A5 85 CE CE A5 A5 A5 A5 85 85 85 65 76 
76 85 FF A5 A5 A5 CE CE AE A5 A5 A5 A5 85 85 61 65 76 
76 85 FF A5 A5 A5 CA CE 85 85 A5 A5 A5 CA CE 41 61 76 
76 85 FF CE 85 85 85 85 85 85 85 A5 CE CE CE 61 61 76 
76 65 FF CA CA CA 85 85 85 85 85 85 CE CE 41 41 61 76 
76 85 FF CE CE CE 65 85 85 85 CE 61 CA CE 41 61 61 76 
76 85 65 CE CE 65 65 65 85 85 CE 61 61 61 FF 41 61 76 
76 61 85 61 61 61 61 65 85 85 61 61 61 61 41 61 41 76 
76 61 61 61 65 CE CE CA 61 61 61 61 61 41 FF 65 41 76 
76 61 FF 61 61 CA CE CE 61 61 61 61 61 41 FF 40 41 76 
76 61 FF 61 61 CE CE CE 61 61 61 61 61 41 41 AA 40 76 
76 41 FF 41 41 61 41 41 61 61 61 41 41 41 41 A9 40 76 
7A 40 FF 40 41 41 41 41 AA A5 A5 A5 41 41 41 41 41 76 
76 44 40 FF A9 40 40 40 A9 A5 85 85 85 41 FF 41 41 76 
76 44 40 A9 FF DA 40 40 A5 A5 85 85 FF FF 41 41 40 76 
FF 76 76 85 85 85 85 41 40 85 85 41 41 41 85 76 76 FF 
FF FF FF 76 76 76 76 76 76 76 76 76 7A 76 76 FF FF FF 
// Image: potion0_22_framesTile_19
@2AC0
FF FF FF FF 8C 88 88 88 AC 88 88 88 68 68 FF FF FF FF 
FF FF FF FF FF 68 64 68 64 64 64 64 64 FF FF FF FF FF 
FF FF FF 76 76 9A BA BA 9A 9A 9A 76 9A 76 76 FF FF FF 
FF FF FF 76 76 76 76 76 76 76 7A 7A 7A 76 7A FF FF FF 
FF FF FF FF 9A 6D 91 91 91 91 91 91 71 96 FF FF FF FF 
FF FF FF FF 9A 9A 91 91 91 91 91 91 9A 9A FF FF FF FF 
FF FF FF FF 9A 9A 9A 9A 9A 9A 9A 9A 9A 9A FF FF FF FF 
FF FF FF 7A 9A FF 9A 9A 9A 9A 9A 9A 9A 9A 9A FF FF FF 
FF FF 9A 9A 9A BA 9A 9A 9A 9A 9A 9A 9A 9A 9A 9A FF FF 
FF 9A 9A 9A 9A FF 9A 9A 9A 9A 9A 9A 96 B2 B2 9A 76 FF 
FF 9A 9A AA AA FF CA AA AA A5 AA AA AA AA AA 9A 76 76 
76 76 CE CE FF AA AA CE CE CE AA AA AA AA AA A9 76 76 
76 A9 A5 CE FF AA A9 CE CE CE AA A5 CE CE AA CE 65 76 
76 A5 A5 FF AA A5 AA A5 A5 A5 A5 A5 CE CE 85 85 61 76 
76 85 85 FF A9 A5 A5 CE CE A5 AA AA A5 A5 85 85 61 76 
76 85 D2 A5 AA A5 CE CE CE A5 A5 A5 A5 85 85 85 65 76 
76 85 FF A5 A5 A5 CA CE 85 A9 A5 A5 A5 CA CE 41 65 76 
76 85 FF CE 85 A5 85 85 85 85 A5 A5 CE CE CE 41 61 76 
76 85 FF CA CA CA 85 85 85 85 85 A5 CE CE 41 61 61 76 
76 65 FF CE CE CE 85 85 85 85 CE 81 CA CE 41 41 61 76 
76 85 FF CE CE 85 65 85 85 85 CE 61 61 61 41 61 61 76 
76 85 85 85 85 65 65 65 85 85 85 85 61 61 FF 41 61 76 
76 61 85 61 61 CE CE CA 85 85 65 61 61 61 41 61 41 76 
76 61 61 61 65 CA CE CE 61 61 61 61 61 41 FF 65 41 76 
76 61 FF 61 61 CE CE CE 61 61 61 61 61 41 FF AA 41 76 
76 61 FF 61 61 41 61 41 61 61 61 61 61 41 41 A9 40 76 
76 41 FF 41 41 61 41 41 AA A5 A5 A5 40 41 41 41 40 76 
7A 40 FF A5 A9 41 41 41 A9 A5 85 85 85 41 41 41 41 76 
76 44 40 FF A5 A5 40 40 A5 A5 85 85 41 41 FF 41 41 76 
76 44 41 85 FF DA 85 40 40 85 85 41 FF FF 85 89 40 76 
FF 76 76 20 85 85 85 41 41 41 41 41 41 41 85 76 76 FF 
FF FF FF 76 76 76 76 76 76 76 76 76 7A 76 76 FF FF FF 
// Image: potion0_22_framesTile_20
@2D00
FF FF FF FF 8C 88 88 88 AC 88 88 88 68 68 FF FF FF FF 
FF FF FF FF FF 68 64 68 64 64 64 64 64 FF FF FF FF FF 
FF FF FF 76 76 9A BA BA 9A 9A 9A 76 9A 76 76 FF FF FF 
FF FF FF 76 76 76 76 76 76 76 7A 7A 7A 76 7A FF FF FF 
FF FF FF FF 9A 6D 91 91 91 91 91 91 71 96 FF FF FF FF 
FF FF FF FF 9A 9A 91 91 91 91 91 91 9A 9A FF FF FF FF 
FF FF FF FF 9A 9A 9A 9A 9A 9A 9A 9A 9A 9A FF FF FF FF 
FF FF FF 7A 9A FF 9A 9A 9A 9A 9A 9A 9A 9A 9A FF FF FF 
FF FF 9A 9A 9A BA 9A 9A 9A 9A 9A 9A 9A 9A 9A 9A FF FF 
FF 9A 9A 9A 9A FF 9A 9A 9A 9A 9A 9A 96 9A 9A 9A 76 FF 
FF 9A 9A CE AA FF CA CE CE CE AA AA AA AA AA 9A 76 76 
76 76 AA CE FF AA AA CE CE CE AA AA CE CE AA CE 76 76 
76 A9 A9 AA FF AA AA A5 A5 A5 AA A5 CE CE AA 85 65 76 
76 A5 A5 FF AA A5 AA CE CE A5 A5 A5 A5 A5 85 85 61 76 
76 85 85 FF A9 A5 CE CE CE A5 AA AA A5 A5 85 85 61 76 
76 85 D2 A5 A9 A5 CA CE A5 A5 A5 A5 A5 CA CE 85 65 76 
76 85 FF CE A5 A5 85 85 85 A9 A5 A5 CE CE CE 41 65 76 
76 85 FF CA CA CA 85 85 85 85 A5 A5 CE CE 61 61 61 76 
76 85 FF CE CE CE 85 85 85 85 CE A5 AA CE 61 61 61 76 
76 65 FF CE CA 85 85 85 85 85 CE 85 61 61 41 41 61 76 
76 85 FF 85 85 85 65 85 85 85 85 85 61 61 41 61 61 76 
76 85 85 85 85 CE CE CA 85 85 85 85 61 61 FF 41 61 76 
76 61 85 61 61 CA CE CE 85 85 65 61 61 61 41 61 41 76 
76 61 61 61 65 CE CE CE 61 61 61 61 61 41 FF AA 41 76 
76 61 FF 61 61 61 61 61 61 61 61 61 61 41 FF A9 41 76 
76 61 FF 61 61 61 61 41 AA A5 A5 85 61 41 41 41 41 76 
76 41 FF A5 A9 41 41 41 A9 A5 85 85 85 40 41 41 41 76 
7A 40 FF A9 A5 A5 41 41 A5 A5 85 85 41 41 41 41 41 76 
76 44 40 FF 85 85 85 40 40 85 85 41 41 41 FF 89 41 76 
76 44 41 40 FF DA 85 40 40 40 41 41 FF FF 85 85 40 76 
FF 76 76 40 40 41 41 41 41 41 41 41 41 41 41 76 76 FF 
FF FF FF 76 76 76 76 76 76 76 76 76 7A 76 76 FF FF FF 
// Image: potion0_22_framesTile_21
@2F40
FF FF FF FF 8C 88 88 88 AC 88 88 88 68 68 FF FF FF FF 
FF FF FF FF FF 68 64 68 64 64 64 64 64 FF FF FF FF FF 
FF FF FF 76 76 9A BA BA 9A 9A 9A 76 9A 76 76 FF FF FF 
FF FF FF 76 76 76 76 76 76 76 7A 7A 7A 76 7A FF FF FF 
FF FF FF FF 9A 6D 91 91 91 91 91 91 71 96 FF FF FF FF 
FF FF FF FF 9A 9A 91 91 91 91 91 91 9A 9A FF FF FF FF 
FF FF FF FF 9A 9A 9A 9A 9A 9A 9A 9A 9A 9A FF FF FF FF 
FF FF FF 7A 9A FF 9A 9A 9A 9A 9A 9A 9A 9A 9A FF FF FF 
FF FF 9A 9A 9A BA 9A 9A 9A 9A 9A 9A 9A 9A 9A 9A FF FF 
FF 9A 9A 9A 9A FF 9A 9A B6 9A 9A 9A 96 9A 9A 9A 76 FF 
FF 9A 9A CE AA FF CA CE CE CE AA AA CE CE AA 9A 76 76 
76 76 AA AA FF AA AA AA AA AA AA AA CE CE AA AA 76 76 
76 A9 A9 AA FF AA A9 CE CE A5 AA A5 A5 A5 AA 85 65 76 
76 A5 A5 FF AA A5 CE CE CA A5 A5 A5 A5 A5 85 85 61 76 
76 85 85 FF A9 A5 CA CE AA A5 AA AA 85 CA CE 81 61 76 
76 85 B2 CE A9 A5 A5 A5 A5 A5 A5 A5 CE CE CE 85 65 76 
76 85 FF CA CA CA 85 85 85 A9 A5 A5 CE CE 85 61 65 76 
76 85 FF CE CE CE 85 85 85 85 CE A5 AA CE 65 61 61 76 
76 85 FF CE CA 85 85 85 85 85 CE A5 85 61 61 61 61 76 
76 65 FF 85 85 85 85 85 85 85 85 85 65 61 41 41 61 76 
76 85 FF 85 85 CE CE CA 85 85 85 85 61 61 41 61 61 76 
76 85 85 85 85 CA CE CE 85 85 85 85 61 61 FF 41 61 76 
76 61 85 61 61 CE CE CE 85 85 65 61 61 61 41 AA 41 76 
76 61 61 61 85 61 61 61 61 61 61 61 61 41 FF A9 41 76 
76 61 FF 61 61 61 61 61 AA A5 A5 85 61 41 FF 41 41 76 
76 61 FF A5 A9 41 61 41 A9 A5 85 85 85 41 41 41 41 76 
76 41 FF A9 A5 A5 41 41 A5 A5 85 85 41 41 41 41 40 76 
7A 40 FF 85 85 85 85 41 41 85 85 41 41 41 85 89 41 76 
76 44 41 FF 85 85 85 40 40 40 41 41 41 41 FF 85 41 76 
76 44 41 41 FF DA 40 40 40 40 41 41 FF FF 41 85 40 76 
FF 76 76 85 40 41 41 85 65 85 41 41 41 41 45 76 76 FF 
FF FF FF 76 76 76 76 76 76 76 76 76 7A 76 76 FF FF FF 
// Image: potion1_14_framesTile_0
@3180
FF FF FF FF FF FF DA DA B9 FF FF FF FF FF FF FF FF FF 
FF FF FF 94 B5 B5 6C FF FF FF FF FF FF FF FF FF FF FF 
FF FF FF B9 70 70 6C FF FF FF FF FF FF FF FF FF FF FF 
FF FF FF 70 70 70 4C 70 FF FF FF FF FF FF FF 61 FF FF 
FF FF FF 70 4C 4C 61 82 61 FF FF FF 41 86 86 61 FF FF 
FF FF FF FF 4C 4C 61 AA 61 41 41 61 8A 61 61 41 FF FF 
FF FF FF FF FF FF 41 41 41 41 41 41 41 FF FF FF FF FF 
FF FF 4A 92 92 92 4A 92 92 4A 01 4A 01 01 01 01 FF FF 
FF FF 01 01 01 01 01 01 01 01 01 01 01 01 01 01 FF FF 
FF FF FF 7A 76 76 76 76 56 56 56 56 76 56 56 FF FF FF 
FF FF FF FF 7A 7A 2A 2E 2E 2E 2E 2E 56 FF FF FF FF FF 
FF FF FF FF 7A 7A 76 7A 7A 7A 7A 7A 56 FF FF FF FF FF 
FF FF FF 96 9A 9A 7A 7A 7A 7A 7A 7A 7A 56 56 FF FF FF 
FF FF 7A 7A DA DA 7A 7A 7A 7A 7A 7A 7A 7A 7A 56 FF FF 
FF 7A 7A DA 7A 7A 7A 7A 7A 7A 7A 7A 7A 7A 7A 7A 7A FF 
7A 7A DA 7A 5A 5A 7A 7A 7A 7A 7A 7A 7A 5A 5A 5A 56 5A 
7A 7A 5A 7A 7A 7A 7A 7A 7A 7A 7A 7A 7A D6 D6 AE AE 5A 
5A 21 21 7A 7A 7A 7A 7A 7A 5A 7A B2 D2 AE AE AE AE 5A 
5A 41 DA 41 21 21 21 AE AE AE AE AE AE B2 B2 DA 21 5A 
5A 41 DA 66 41 41 41 41 41 41 21 41 41 41 41 41 41 56 
5A 41 DA 6A 41 41 41 66 46 41 41 41 41 21 21 DA 21 56 
5A 41 DA 41 41 41 41 66 6A 21 41 66 46 21 21 41 21 56 
5A 41 DA 41 41 41 41 41 41 41 41 46 21 21 21 41 41 56 
5A 08 DA 41 41 41 30 78 66 41 41 41 66 6A 6A 66 41 56 
5A 10 0C 45 2C 2C 41 41 54 6A 41 41 66 66 66 0C 21 56 
5A 34 10 66 54 54 41 54 41 41 0C 41 21 41 41 34 21 56 
5A 21 21 66 29 29 21 21 41 41 21 78 2C 21 21 21 00 56 
5A 21 21 21 54 54 21 21 30 21 21 10 66 21 21 20 20 56 
5A 00 DA 0C 0C 0C 21 21 34 21 66 6A 66 00 00 00 20 56 
5A 00 20 DA 00 00 00 21 21 20 00 00 00 00 00 20 54 5A 
5A 34 04 00 DA DA DA 20 00 30 58 30 00 00 00 54 30 56 
FF 5A 5A 56 56 56 56 56 56 56 56 56 56 56 56 5A 56 FF 
// Image: potion1_14_framesTile_1
@33C0
FF FF FF FF FF FF DA DA B9 FF FF FF FF FF FF FF FF FF 
FF FF FF 94 B5 B5 6C FF FF FF FF FF FF FF FF FF FF FF 
FF FF FF B9 70 70 6C FF FF FF FF FF FF FF FF FF FF FF 
FF FF FF 70 70 70 4C 70 FF FF FF FF FF FF FF 61 FF FF 
FF FF FF 70 4C 4C 61 82 61 FF FF FF 41 86 86 61 FF FF 
FF FF FF FF 4C 4C 61 AA 61 41 41 61 8A 61 61 41 FF FF 
FF FF FF FF FF FF 41 41 41 41 41 41 41 FF FF FF FF FF 
FF FF 4A 92 92 92 4A 92 92 4A 01 4A 01 01 01 01 FF FF 
FF FF 01 01 01 01 01 01 01 01 01 01 01 01 01 01 FF FF 
FF FF FF 7A 76 76 76 76 56 56 56 56 76 56 56 FF FF FF 
FF FF FF FF 7A 7A 2A 2E 2E 2E 2E 2E 56 FF FF FF FF FF 
FF FF FF FF 7A 7A 76 7A 7A 7A 7A 7A 56 FF FF FF FF FF 
FF FF FF 96 9A 9A 7A 7A 7A 7A 7A 7A 7A 56 56 FF FF FF 
FF FF 7A 7A DA DA 7A 7A 7A 7A 7A 7A 7A 7A 7A 56 FF FF 
FF 7A 7A DA 7A 7A 7A 7A 7A 7A 7A 7A 7A 7A 7A 7A 7A FF 
7A 7A DA 7A 5A 5A 7A 7A 7A 7A 7A 7A 7A 5A 5A 5A 56 5A 
7A 7A 5A 7A 7A 7A 7A 7A 7A 7A 7A 7A 7A 7A 7A 7A 7A 5A 
5A 7A 7A 7A 7A 7A 7A 7A 7A 5A B2 B2 D2 AE AE AE AE 5A 
5A 41 DA 41 21 21 21 21 AE AE AE AE AE 21 21 DA 41 5A 
5A 41 DA 41 41 41 41 41 41 41 41 41 41 41 41 41 41 56 
5A 41 DA 66 41 41 41 66 46 41 41 41 41 21 21 DA 21 56 
5A 41 DA 66 41 41 41 66 6A 21 41 66 46 21 21 41 21 56 
5A 41 DA 41 41 41 41 41 41 41 41 46 21 66 66 41 41 56 
5A 08 DA 41 41 41 30 78 41 41 41 41 66 6A 6A 66 41 56 
5A 10 0C 41 2C 2C 41 6A 54 6A 41 41 41 41 41 0C 21 56 
5A 34 10 46 54 54 41 54 66 6A 0C 41 21 41 41 34 21 56 
5A 21 46 66 29 29 45 21 41 41 21 78 2C 21 21 21 00 56 
5A 21 21 66 54 54 21 21 30 21 66 10 6A 66 66 20 20 56 
5A 00 DA 0C 0C 0C 21 21 34 25 21 66 21 00 00 00 20 56 
5A 00 20 DA 00 00 00 21 21 20 00 0C 00 00 00 20 54 5A 
5A 34 08 00 DA DA DA 20 00 30 58 30 00 00 00 54 30 56 
FF 5A 5A 56 56 56 56 56 56 56 56 56 56 56 56 5A 56 FF 
// Image: potion1_14_framesTile_2
@3600
FF FF FF FF FF FF DA DA B9 FF FF FF FF FF FF FF FF FF 
FF FF FF 94 B5 B5 6C FF FF FF FF FF FF FF FF FF FF FF 
FF FF FF B9 70 70 6C FF FF FF FF FF FF FF FF FF FF FF 
FF FF FF 70 70 70 4C 70 FF FF FF FF FF FF FF 61 FF FF 
FF FF FF 70 4C 4C 61 82 61 FF FF FF 41 86 86 61 FF FF 
FF FF FF FF 4C 4C 61 AA 61 41 41 61 8A 61 61 41 FF FF 
FF FF FF FF FF FF 41 41 41 41 41 41 41 FF FF FF FF FF 
FF FF 4A 92 92 92 4A 92 92 4A 01 4A 01 01 01 01 FF FF 
FF FF 01 01 01 01 01 01 01 01 01 01 01 01 01 01 FF FF 
FF FF FF 7A 76 76 76 76 56 56 56 56 76 56 56 FF FF FF 
FF FF FF FF 7A 7A 2A 2E 2E 2E 2E 2E 56 FF FF FF FF FF 
FF FF FF FF 7A 7A 76 7A 7A 7A 7A 7A 56 FF FF FF FF FF 
FF FF FF 96 9A 9A 7A 7A 7A 7A 7A 7A 7A 56 56 FF FF FF 
FF FF 7A 7A DA DA 7A 7A 7A 7A 7A 7A 7A 7A 7A 56 FF FF 
FF 7A 7A DA 7A 7A 7A 7A 7A 7A 7A 7A 7A 7A 7A 7A 7A FF 
7A 7A DA 7A 5A 5A 7A 7A 7A 7A 7A 7A 7A 5A 5A 5A 56 5A 
7A 7A 5A 7A 7A 7A 7A 7A 7A 7A 7A 7A 7A 7A 7A 7A 7A 5A 
5A 7A 7A 7A 7A 7A 7A 7A B2 B2 B2 B2 B2 B2 B2 7A 7A 5A 
5A 41 DA 41 21 21 21 21 21 AE AE AE 21 21 21 DA 41 5A 
5A 41 DA 41 41 41 41 66 66 41 41 46 66 45 45 41 41 56 
5A 41 DA 41 41 41 66 6A 6A 66 41 66 46 21 21 DA 21 56 
5A 41 DA 6A 41 41 41 41 41 21 41 21 21 66 66 41 21 56 
5A 41 DA 66 41 41 41 41 41 41 41 41 66 6A 6A 66 21 56 
5A 08 DA 41 41 41 30 78 66 41 41 41 66 66 66 21 41 56 
5A 10 0C 41 2C 2C 41 41 54 6A 41 41 41 41 41 0C 21 56 
5A 34 10 21 54 54 41 54 41 41 0C 41 21 41 41 34 21 56 
5A 21 66 66 29 29 21 21 41 21 66 78 2C 66 66 0C 00 56 
5A 21 46 66 54 54 66 21 30 21 66 10 66 21 21 20 20 56 
5A 00 DA 0C 0C 0C 21 21 34 25 21 21 21 00 00 00 20 56 
5A 00 20 DA 00 00 00 21 21 20 00 00 00 00 00 20 54 5A 
5A 30 00 00 DA DA DA 20 00 30 58 30 00 00 00 54 30 56 
FF 5A 5A 56 56 56 56 56 56 56 56 56 56 56 56 5A 56 FF 
// Image: potion1_14_framesTile_3
@3840
FF FF FF FF FF FF DA DA B9 FF FF FF FF FF FF FF FF FF 
FF FF FF 94 B5 B5 6C FF FF FF FF FF FF FF FF FF FF FF 
FF FF FF B9 70 70 6C FF FF FF FF FF FF FF FF FF FF FF 
FF FF FF 70 70 70 4C 70 FF FF FF FF FF FF FF 61 FF FF 
FF FF FF 70 4C 4C 61 82 61 FF FF FF 41 86 86 61 FF FF 
FF FF FF FF 4C 4C 61 AA 61 41 41 61 8A 61 61 41 FF FF 
FF FF FF FF FF FF 41 41 41 41 41 41 41 FF FF FF FF FF 
FF FF 4A 92 92 92 4A 92 92 4A 01 4A 01 01 01 01 FF FF 
FF FF 01 01 01 01 01 01 01 01 01 01 01 01 01 01 FF FF 
FF FF FF 7A 76 76 76 76 56 56 56 56 76 56 56 FF FF FF 
FF FF FF FF 7A 7A 2A 2E 2E 2E 2E 2E 56 FF FF FF FF FF 
FF FF FF FF 7A 7A 76 7A 7A 7A 7A 7A 56 FF FF FF FF FF 
FF FF FF 96 9A 9A 7A 7A 7A 7A 7A 7A 7A 56 56 FF FF FF 
FF FF 7A 7A DA DA 7A 7A 7A 7A 7A 7A 7A 7A 7A 56 FF FF 
FF 7A 7A DA 7A 7A 7A 7A 7A 7A 7A 7A 7A 7A 7A 7A 7A FF 
7A 7A DA 7A 5A 5A 7A 7A 7A 7A 7A 7A 7A 5A 5A 5A 56 5A 
7A 7A 5A 7A 7A 7A 7A 7A 7A 7A 7A 7A 7A 7A 7A 7A 7A 5A 
5A 7A 7A 7A B2 B2 B2 B2 B2 B2 B2 7A 7A 7A 7A 7A 7A 5A 
5A 41 DA 41 21 21 21 21 21 21 21 21 21 21 21 DA 21 5A 
5A 41 DA 41 41 41 41 66 66 41 21 66 46 41 41 41 41 56 
5A 41 DA 41 41 41 66 6A 6A 66 41 46 41 21 21 DA 21 56 
5A 41 DA 66 41 41 41 41 41 21 41 21 66 6A 6A 66 21 56 
5A 41 DA 6A 41 41 41 41 41 41 41 41 66 6A 6A 66 21 56 
5A 08 DA 41 41 41 30 78 6A 6A 41 45 41 41 41 41 41 56 
5A 10 0C 41 2C 2C 41 41 54 41 41 41 41 41 41 0C 21 56 
5A 34 10 21 54 54 41 54 41 41 0C 66 66 41 41 34 21 56 
5A 21 66 46 24 24 25 21 41 21 66 78 2C 21 21 34 00 56 
5A 21 66 66 54 54 21 21 30 21 21 10 21 21 21 20 20 56 
5A 00 DA 0C 0C 0C 21 21 34 25 21 21 21 00 00 00 20 56 
5A 00 20 DA 00 00 00 21 34 20 00 00 00 00 00 20 54 5A 
5A 30 00 00 DA DA DA 20 00 30 58 30 00 00 00 54 30 56 
FF 5A 5A 56 56 56 56 56 56 56 56 56 56 56 56 5A 56 FF 
// Image: potion1_14_framesTile_4
@3A80
FF FF FF FF FF FF DA DA B9 FF FF FF FF FF FF FF FF FF 
FF FF FF 94 B5 B5 6C FF FF FF FF FF FF FF FF FF FF FF 
FF FF FF B9 70 70 6C FF FF FF FF FF FF FF FF FF FF FF 
FF FF FF 70 70 70 4C 70 FF FF FF FF FF FF FF 61 FF FF 
FF FF FF 70 4C 4C 61 82 61 FF FF FF 41 86 86 61 FF FF 
FF FF FF FF 4C 4C 61 AA 61 41 41 61 8A 61 61 41 FF FF 
FF FF FF FF FF FF 41 41 41 41 41 41 41 FF FF FF FF FF 
FF FF 4A 92 92 92 4A 92 92 4A 01 4A 01 01 01 01 FF FF 
FF FF 01 01 01 01 01 01 01 01 01 01 01 01 01 01 FF FF 
FF FF FF 7A 76 76 76 76 56 56 56 56 76 56 56 FF FF FF 
FF FF FF FF 7A 7A 2A 2E 2E 2E 2E 2E 56 FF FF FF FF FF 
FF FF FF FF 7A 7A 76 7A 7A 7A 7A 7A 56 FF FF FF FF FF 
FF FF FF 96 9A 9A 7A 7A 7A 7A 7A 7A 7A 56 56 FF FF FF 
FF FF 7A 7A DA DA 7A 7A 7A 7A 7A 7A 7A 7A 7A 56 FF FF 
FF 7A 7A DA 7A 7A 7A 7A 7A 7A 7A 7A 7A 7A 7A 7A 7A FF 
7A 7A DA 7A 5A 5A 7A 7A 7A 7A 7A 7A 7A 5A 5A 5A 56 5A 
7A 7A 5A 7A 7A 7A 7A 7A 7A 7A 7A 7A 7A 7A 7A 7A 7A 5A 
5A B2 B2 B2 B2 B2 B2 D2 21 21 7A 7A 7A 7A 7A 7A 7A 5A 
5A 41 DA 41 21 21 21 21 21 21 21 21 21 21 21 DA 21 5A 
5A 41 DA 41 41 41 66 6A 6A 66 21 46 66 45 45 41 41 56 
5A 41 DA 41 41 41 41 66 6A 41 41 66 46 21 21 DA 21 56 
5A 41 DA 41 41 41 41 41 41 21 41 21 21 66 66 41 21 56 
5A 41 DA 66 41 41 41 66 66 21 41 41 66 6A 6A 66 21 56 
5A 08 DA 66 41 41 30 78 66 6A 41 41 66 66 66 21 41 56 
5A 10 0C 41 2C 2C 41 41 54 41 41 41 41 41 41 0C 21 56 
5A 34 10 21 54 54 41 54 50 41 0C 66 66 41 41 34 21 56 
5A 21 66 46 24 24 25 21 41 21 66 78 2C 21 21 34 00 56 
5A 21 66 66 54 54 21 21 30 21 21 10 21 21 21 20 20 56 
5A 00 DA 0C 0C 0C 21 21 34 25 21 21 21 00 00 00 20 56 
5A 00 20 DA 00 00 00 21 21 20 00 00 00 00 00 20 54 5A 
5A 2C 00 00 DA DA DA 20 34 30 58 30 00 00 00 54 30 56 
FF 5A 5A 56 56 56 56 56 56 56 56 56 56 56 56 5A 56 FF 
// Image: potion1_14_framesTile_5
@3CC0
FF FF FF FF FF FF DA DA B9 FF FF FF FF FF FF FF FF FF 
FF FF FF 94 B5 B5 6C FF FF FF FF FF FF FF FF FF FF FF 
FF FF FF B9 70 70 6C FF FF FF FF FF FF FF FF FF FF FF 
FF FF FF 70 70 70 4C 70 FF FF FF FF FF FF FF 61 FF FF 
FF FF FF 70 4C 4C 61 82 61 FF FF FF 41 86 86 61 FF FF 
FF FF FF FF 4C 4C 61 AA 61 41 41 61 8A 61 61 41 FF FF 
FF FF FF FF FF FF 41 41 41 41 41 41 41 FF FF FF FF FF 
FF FF 4A 92 92 92 4A 92 92 4A 01 4A 01 01 01 01 FF FF 
FF FF 01 01 01 01 01 01 01 01 01 01 01 01 01 01 FF FF 
FF FF FF 7A 76 76 76 76 56 56 56 56 76 56 56 FF FF FF 
FF FF FF FF 7A 7A 2A 2E 2E 2E 2E 2E 56 FF FF FF FF FF 
FF FF FF FF 7A 7A 76 7A 7A 7A 7A 7A 56 FF FF FF FF FF 
FF FF FF 96 9A 9A 7A 7A 7A 7A 7A 7A 7A 56 56 FF FF FF 
FF FF 7A 7A DA DA 7A 7A 7A 7A 7A 7A 7A 7A 7A 56 FF FF 
FF 7A 7A DA 7A 7A 7A 7A 7A 7A 7A 7A 7A 7A 7A 7A 7A FF 
7A 7A DA 7A 5A 5A 7A 7A 7A 7A 7A 7A 7A 5A 5A 5A 56 5A 
7A B2 B2 B2 B2 B2 7A 7A 7A 7A 7A 7A 7A 7A 7A 7A 7A 5A 
5A B2 B2 B2 B2 B2 B2 B2 B2 5A 7A 7A 7A 7A 7A 7A 7A 5A 
5A 41 DA 41 21 21 21 21 21 21 21 21 41 41 41 DA 41 5A 
5A 41 DA 41 41 41 41 66 66 41 41 46 66 45 45 41 41 56 
5A 41 DA 41 41 41 66 6A 6A 66 41 66 46 21 21 DA 21 56 
5A 41 DA 41 41 41 41 41 41 21 41 21 21 21 21 41 21 56 
5A 41 DA 66 41 41 41 66 66 21 41 41 21 21 21 41 41 56 
5A 08 DA 66 41 41 30 78 66 6A 41 41 66 6A 6A 66 41 56 
5A 10 0C 41 2C 2C 41 41 54 41 41 41 66 66 66 0C 21 56 
5A 34 10 21 54 54 41 54 50 41 0C 21 21 41 41 34 21 56 
5A 14 66 66 29 29 21 21 41 21 66 78 2C 66 66 34 00 56 
5A 21 46 66 54 54 66 21 30 21 66 10 66 21 21 20 20 56 
5A 00 DA 0C 0C 0C 21 21 34 25 21 21 21 00 00 00 20 56 
5A 00 20 DA 00 00 00 21 21 20 00 00 00 00 00 20 54 5A 
5A 2C 00 00 DA DA DA 20 00 30 58 30 00 00 00 54 30 56 
FF 5A 5A 56 56 56 56 56 56 56 56 56 56 56 56 5A 56 FF 
// Image: potion1_14_framesTile_6
@3F00
FF FF FF FF FF FF DA DA B9 FF FF FF FF FF FF FF FF FF 
FF FF FF 94 B5 B5 6C FF FF FF FF FF FF FF FF FF FF FF 
FF FF FF B9 70 70 6C FF FF FF FF FF FF FF FF FF FF FF 
FF FF FF 70 70 70 4C 70 FF FF FF FF FF FF FF 61 FF FF 
FF FF FF 70 4C 4C 61 82 61 FF FF FF 41 86 86 61 FF FF 
FF FF FF FF 4C 4C 61 AA 61 41 41 61 8A 61 61 41 FF FF 
FF FF FF FF FF FF 41 41 41 41 41 41 41 FF FF FF FF FF 
FF FF 4A 92 92 92 4A 92 92 4A 01 4A 01 01 01 01 FF FF 
FF FF 01 01 01 01 01 01 01 01 01 01 01 01 01 01 FF FF 
FF FF FF 7A 76 76 76 76 56 56 56 56 76 56 56 FF FF FF 
FF FF FF FF 7A 7A 2A 2E 2E 2E 2E 2E 56 FF FF FF FF FF 
FF FF FF FF 7A 7A 76 7A 7A 7A 7A 7A 56 FF FF FF FF FF 
FF FF FF 96 9A 9A 7A 7A 7A 7A 7A 7A 7A 56 56 FF FF FF 
FF FF 7A 7A DA DA 7A 7A 7A 7A 7A 7A 7A 7A 7A 56 FF FF 
FF 7A 7A DA 7A 7A 7A 7A 7A 7A 7A 7A 7A 7A 7A 7A 7A FF 
7A 7A DA 7A 5A 5A 7A 7A 7A 7A 7A 7A 7A 5A 5A 5A 56 5A 
7A AE B2 B2 B2 B2 7A 7A 7A 7A 7A 7A 7A 7A 7A 7A 7A 5A 
5A 41 41 41 AE AE B2 B2 7A 5A 7A 7A 7A 7A 7A 41 41 5A 
5A 41 DA 41 21 21 21 21 21 21 21 21 41 41 41 DA 41 5A 
5A 41 DA 41 41 41 41 66 66 41 41 41 41 41 41 41 41 56 
5A 41 DA 41 41 41 66 6A 6A 66 41 46 66 45 45 DA 21 56 
5A 41 DA 66 41 41 41 41 41 21 41 46 21 21 21 41 21 56 
5A 41 DA 6A 41 41 41 41 41 41 41 41 21 21 21 41 41 56 
5A 08 DA 41 41 41 30 78 6A 6A 41 41 66 6A 6A 66 41 56 
5A 10 0C 41 2C 2C 41 41 50 41 41 41 66 66 66 0C 21 56 
5A 34 10 46 54 54 41 54 50 41 0C 21 21 41 41 34 21 56 
5A 14 46 66 29 29 45 21 41 21 66 78 2C 66 66 21 00 56 
5A 21 21 66 54 54 21 21 30 21 66 10 66 21 21 34 20 56 
5A 00 DA 0C 0C 0C 21 21 34 25 21 21 21 00 00 00 20 56 
5A 00 20 DA 00 00 00 21 21 20 00 00 00 00 00 20 54 5A 
5A 2C 00 00 DA DA DA 20 00 30 58 30 00 00 00 54 30 56 
FF 5A 5A 56 56 56 56 56 56 56 56 56 56 56 56 5A 56 FF 
// Image: potion1_14_framesTile_7
@4140
FF FF FF FF FF FF DA DA B9 FF FF FF FF FF FF FF FF FF 
FF FF FF 94 B5 B5 6C FF FF FF FF FF FF FF FF FF FF FF 
FF FF FF B9 70 70 6C FF FF FF FF FF FF FF FF FF FF FF 
FF FF FF 70 70 70 4C 70 FF FF FF FF FF FF FF 61 FF FF 
FF FF FF 70 4C 4C 61 82 61 FF FF FF 41 86 86 61 FF FF 
FF FF FF FF 4C 4C 61 AA 61 41 41 61 8A 61 61 41 FF FF 
FF FF FF FF FF FF 41 41 41 41 41 41 41 FF FF FF FF FF 
FF FF 4A 92 92 92 4A 92 92 4A 01 4A 01 01 01 01 FF FF 
FF FF 01 01 01 01 01 01 01 01 01 01 01 01 01 01 FF FF 
FF FF FF 7A 76 76 76 76 56 56 56 56 76 56 56 FF FF FF 
FF FF FF FF 7A 7A 2A 2E 2E 2E 2E 2E 56 FF FF FF FF FF 
FF FF FF FF 7A 7A 76 7A 7A 7A 7A 7A 56 FF FF FF FF FF 
FF FF FF 96 9A 9A 7A 7A 7A 7A 7A 7A 7A 56 56 FF FF FF 
FF FF 7A 7A DA DA 7A 7A 7A 7A 7A 7A 7A 7A 7A 56 FF FF 
FF 7A 7A DA 7A 7A 7A 7A 7A 7A 7A 7A 7A 7A 7A 7A 7A FF 
7A 7A DA 7A 5A 5A 7A 7A 7A 7A 7A 7A 7A 5A 5A 5A 56 5A 
7A AE AE B2 7A 7A 7A 7A 7A 7A 7A 7A 7A 7A 7A 7A 41 5A 
5A 41 41 AE B2 B2 B2 7A 7A 5A 7A 7A 7A 7A 7A 41 41 5A 
5A 41 DA 41 21 21 21 AE AE AE AE 21 21 41 41 DA 41 5A 
5A 41 DA 41 41 41 41 41 41 41 41 41 41 41 41 41 41 56 
5A 41 DA 41 41 41 41 66 46 41 41 46 66 45 45 DA 21 56 
5A 41 DA 6A 41 41 41 66 6A 21 41 46 21 21 21 41 21 56 
5A 41 DA 66 41 41 41 41 41 41 41 41 21 21 21 41 41 56 
5A 08 DA 41 41 41 30 78 66 41 41 41 66 6A 6A 66 41 56 
5A 10 0C 45 2C 2C 41 41 54 6A 41 41 66 66 66 0C 21 56 
5A 34 10 66 54 54 41 54 41 41 0C 41 21 41 41 34 21 56 
5A 14 21 66 29 29 21 21 41 41 21 78 2C 21 21 21 00 56 
5A 21 21 21 54 54 21 21 30 21 66 10 6A 66 66 20 20 56 
5A 00 DA 0C 0C 0C 21 21 34 25 21 66 21 00 00 00 20 56 
5A 00 20 DA 00 00 00 21 21 20 00 00 00 00 00 20 54 5A 
5A 2C 00 00 DA DA DA 20 00 30 58 30 00 00 00 54 30 56 
FF 5A 5A 56 56 56 56 56 56 56 56 56 56 56 56 5A 56 FF 
// Image: potion1_14_framesTile_8
@4380
FF FF FF FF FF FF DA DA B9 FF FF FF FF FF FF FF FF FF 
FF FF FF 94 B5 B5 6C FF FF FF FF FF FF FF FF FF FF FF 
FF FF FF B9 70 70 6C FF FF FF FF FF FF FF FF FF FF FF 
FF FF FF 70 70 70 4C 70 FF FF FF FF FF FF FF 61 FF FF 
FF FF FF 70 4C 4C 61 82 61 FF FF FF 41 86 86 61 FF FF 
FF FF FF FF 4C 4C 61 AA 61 41 41 61 8A 61 61 41 FF FF 
FF FF FF FF FF FF 41 41 41 41 41 41 41 FF FF FF FF FF 
FF FF 4A 92 92 92 4A 92 92 4A 01 4A 01 01 01 01 FF FF 
FF FF 01 01 01 01 01 01 01 01 01 01 01 01 01 01 FF FF 
FF FF FF 7A 76 76 76 76 56 56 56 56 76 56 56 FF FF FF 
FF FF FF FF 7A 7A 2A 2E 2E 2E 2E 2E 56 FF FF FF FF FF 
FF FF FF FF 7A 7A 76 7A 7A 7A 7A 7A 56 FF FF FF FF FF 
FF FF FF 96 9A 9A 7A 7A 7A 7A 7A 7A 7A 56 56 FF FF FF 
FF FF 7A 7A DA DA 7A 7A 7A 7A 7A 7A 7A 7A 7A 56 FF FF 
FF 7A 7A DA 7A 7A 7A 7A 7A 7A 7A 7A 7A 7A 7A 7A 7A FF 
7A 7A DA 7A 5A 5A 7A 7A 7A 7A 7A 7A 7A 5A 5A 5A 56 5A 
7A AE AE D2 B2 B2 7A 7A 7A 7A 7A 7A 7A 7A 7A 7A 7A 5A 
5A 41 41 41 AE AE D2 B2 7A 5A 7A 7A 7A 7A 7A 41 41 5A 
5A 41 DA 41 21 21 21 21 21 21 21 21 41 41 41 DA 41 5A 
5A 41 DA 41 41 41 41 41 41 41 41 41 41 41 41 41 41 56 
5A 41 DA 66 41 41 41 66 46 41 41 46 66 45 45 DA 21 56 
5A 41 DA 66 41 41 41 66 6A 21 41 46 21 21 21 41 21 56 
5A 41 DA 41 41 41 41 41 41 41 41 41 21 66 66 41 41 56 
5A 08 DA 41 41 41 30 78 41 41 41 41 66 6A 6A 66 41 56 
5A 10 0C 45 2C 2C 41 6A 54 6A 41 41 41 41 41 0C 21 56 
5A 34 10 66 54 54 41 54 66 6A 0C 41 21 41 41 34 21 56 
5A 21 21 66 29 29 21 21 50 41 21 78 2C 21 21 21 00 56 
5A 14 21 21 54 54 21 21 30 21 66 10 6A 66 66 20 20 56 
5A 00 DA 0C 0C 0C 21 21 34 25 21 66 21 00 00 34 20 56 
5A 00 20 DA 00 00 00 21 21 20 00 00 00 00 00 20 54 5A 
5A 2C 00 00 DA DA DA 20 00 30 58 30 00 00 00 54 30 56 
FF 5A 5A 56 56 56 56 56 56 56 56 56 56 56 56 5A 56 FF 
// Image: potion1_14_framesTile_9
@45C0
FF FF FF FF FF FF DA DA B9 FF FF FF FF FF FF FF FF FF 
FF FF FF 94 B5 B5 6C FF FF FF FF FF FF FF FF FF FF FF 
FF FF FF B9 70 70 6C FF FF FF FF FF FF FF FF FF FF FF 
FF FF FF 70 70 70 4C 70 FF FF FF FF FF FF FF 61 FF FF 
FF FF FF 70 4C 4C 61 82 61 FF FF FF 41 86 86 61 FF FF 
FF FF FF FF 4C 4C 61 AA 61 41 41 61 8A 61 61 41 FF FF 
FF FF FF FF FF FF 41 41 41 41 41 41 41 FF FF FF FF FF 
FF FF 4A 92 92 92 4A 92 92 4A 01 4A 01 01 01 01 FF FF 
FF FF 01 01 01 01 01 01 01 01 01 01 01 01 01 01 FF FF 
FF FF FF 7A 76 76 76 76 56 56 56 56 76 56 56 FF FF FF 
FF FF FF FF 7A 7A 2A 2E 2E 2E 2E 2E 56 FF FF FF FF FF 
FF FF FF FF 7A 7A 76 7A 7A 7A 7A 7A 56 FF FF FF FF FF 
FF FF FF 96 9A 9A 7A 7A 7A 7A 7A 7A 7A 56 56 FF FF FF 
FF FF 7A 7A DA DA 7A 7A 7A 7A 7A 7A 7A 7A 7A 56 FF FF 
FF 7A 7A DA 7A 7A 7A 7A 7A 7A 7A 7A 7A 7A 7A 7A 7A FF 
7A 7A DA 7A 5A 5A 7A 7A 7A 7A 7A 7A 7A 5A 5A 5A 56 5A 
7A 7A 5A 7A 7A 7A 7A 7A 7A 7A 7A 7A 7A 7A 7A 7A 7A 5A 
5A AE AE D2 B2 B2 B2 B2 B2 5A 7A 7A 7A 7A 7A 7A 7A 5A 
5A 41 DA 41 21 21 21 21 21 21 21 41 41 41 41 DA 41 5A 
5A 41 DA 41 41 41 41 66 66 41 41 46 66 45 45 41 41 56 
5A 41 DA 41 41 41 66 6A 6A 66 41 66 46 21 21 DA 21 56 
5A 41 DA 6A 41 41 41 41 41 21 41 21 21 21 21 41 21 56 
5A 41 DA 66 41 41 41 41 41 41 41 41 21 66 66 41 41 56 
5A 08 DA 41 41 41 30 78 66 41 41 41 66 6A 6A 66 41 56 
5A 10 0C 41 2C 2C 41 41 54 6A 41 41 41 41 41 0C 21 56 
5A 34 10 46 54 54 41 54 41 41 0C 41 21 41 41 34 21 56 
5A 21 46 66 29 29 45 21 50 41 21 78 2C 21 21 21 00 56 
5A 21 21 66 54 54 21 21 30 21 66 10 6A 66 66 20 20 56 
5A 00 DA 0C 0C 0C 21 21 34 25 21 66 21 00 00 00 20 56 
5A 00 20 DA 00 00 00 21 21 20 00 00 00 00 00 00 54 5A 
5A 2C 00 00 DA DA DA 20 00 30 58 30 00 00 00 54 30 56 
FF 5A 5A 56 56 56 56 56 56 56 56 56 56 56 56 5A 56 FF 
// Image: potion1_14_framesTile_10
@4800
FF FF FF FF FF FF DA DA B9 FF FF FF FF FF FF FF FF FF 
FF FF FF 94 B5 B5 6C FF FF FF FF FF FF FF FF FF FF FF 
FF FF FF B9 70 70 6C FF FF FF FF FF FF FF FF FF FF FF 
FF FF FF 70 70 70 4C 70 FF FF FF FF FF FF FF 61 FF FF 
FF FF FF 70 4C 4C 61 82 61 FF FF FF 41 86 86 61 FF FF 
FF FF FF FF 4C 4C 61 AA 61 41 41 61 8A 61 61 41 FF FF 
FF FF FF FF FF FF 41 41 41 41 41 41 41 FF FF FF FF FF 
FF FF 4A 92 92 92 4A 92 92 4A 01 4A 01 01 01 01 FF FF 
FF FF 01 01 01 01 01 01 01 01 01 01 01 01 01 01 FF FF 
FF FF FF 7A 76 76 76 76 56 56 56 56 76 56 56 FF FF FF 
FF FF FF FF 7A 7A 2A 2E 2E 2E 2E 2E 56 FF FF FF FF FF 
FF FF FF FF 7A 7A 76 7A 7A 7A 7A 7A 56 FF FF FF FF FF 
FF FF FF 96 9A 9A 7A 7A 7A 7A 7A 7A 7A 56 56 FF FF FF 
FF FF 7A 7A DA DA 7A 7A 7A 7A 7A 7A 7A 7A 7A 56 FF FF 
FF 7A 7A DA 7A 7A 7A 7A 7A 7A 7A 7A 7A 7A 7A 7A 7A FF 
7A 7A DA 7A 5A 5A 7A 7A 7A 7A 7A 7A 7A 5A 5A 5A 56 5A 
7A 7A 5A 7A 7A 7A 7A 7A 7A 7A 7A 7A 7A 7A 7A 7A 7A 5A 
5A 7A 7A B2 B2 B2 B2 B2 B2 D2 7A 7A 7A 7A 7A 7A 7A 5A 
5A 41 DA 41 21 21 21 21 21 21 21 41 21 21 21 DA 21 5A 
5A 41 DA 41 41 41 41 66 66 41 21 66 46 41 41 41 41 56 
5A 41 DA 41 41 41 66 6A 6A 66 41 46 41 21 21 DA 21 56 
5A 41 DA 6A 41 41 41 41 41 21 41 21 21 66 66 41 21 56 
5A 41 DA 66 41 41 41 41 41 41 41 41 66 6A 6A 66 21 56 
5A 08 DA 41 41 41 30 78 66 41 41 41 66 66 66 21 41 56 
5A 10 0C 41 2C 2C 41 41 54 6A 41 41 41 41 41 0C 21 56 
5A 34 10 21 54 54 41 54 41 41 0C 41 21 41 41 34 21 56 
5A 21 66 66 29 29 21 21 41 21 66 78 2C 66 66 21 00 56 
5A 21 46 66 54 54 66 21 30 21 66 10 2C 21 21 20 20 56 
5A 14 DA 0C 0C 0C 21 21 34 25 21 21 21 00 00 00 20 56 
5A 00 20 DA 00 00 00 21 21 20 00 00 00 00 00 34 54 5A 
5A 2C 00 00 DA DA DA 20 00 30 58 30 00 00 00 54 30 56 
FF 5A 5A 56 56 56 56 56 56 56 56 56 56 56 56 5A 56 FF 
// Image: potion1_14_framesTile_11
@4A40
FF FF FF FF FF FF DA DA B9 FF FF FF FF FF FF FF FF FF 
FF FF FF 94 B5 B5 6C FF FF FF FF FF FF FF FF FF FF FF 
FF FF FF B9 70 70 6C FF FF FF FF FF FF FF FF FF FF FF 
FF FF FF 70 70 70 4C 70 FF FF FF FF FF FF FF 61 FF FF 
FF FF FF 70 4C 4C 61 82 61 FF FF FF 41 86 86 61 FF FF 
FF FF FF FF 4C 4C 61 AA 61 41 41 61 8A 61 61 41 FF FF 
FF FF FF FF FF FF 41 41 41 41 41 41 41 FF FF FF FF FF 
FF FF 4A 92 92 92 4A 92 92 4A 01 4A 01 01 01 01 FF FF 
FF FF 01 01 01 01 01 01 01 01 01 01 01 01 01 01 FF FF 
FF FF FF 7A 76 76 76 76 56 56 56 56 76 56 56 FF FF FF 
FF FF FF FF 7A 7A 2A 2E 2E 2E 2E 2E 56 FF FF FF FF FF 
FF FF FF FF 7A 7A 76 7A 7A 7A 7A 7A 56 FF FF FF FF FF 
FF FF FF 96 9A 9A 7A 7A 7A 7A 7A 7A 7A 56 56 FF FF FF 
FF FF 7A 7A DA DA 7A 7A 7A 7A 7A 7A 7A 7A 7A 56 FF FF 
FF 7A 7A DA 7A 7A 7A 7A 7A 7A 7A 7A 7A 7A 7A 7A 7A FF 
7A 7A DA 7A 5A 5A 7A 7A 7A 7A 7A 7A 7A 5A 5A 5A 56 5A 
7A 7A 5A 7A 7A 7A 7A 7A 7A 7A 7A 7A 7A 7A 7A 7A 7A 5A 
5A 7A 7A 7A 7A 7A B2 AE D2 D2 AE AE 7A 7A 7A 7A 7A 5A 
5A 41 DA 41 21 21 21 21 21 21 21 41 21 21 21 DA 21 5A 
5A 41 DA 41 41 41 66 6A 6A 66 21 66 46 41 41 41 41 56 
5A 41 DA 41 41 41 41 66 6A 41 41 46 41 21 21 DA 21 56 
5A 41 DA 66 41 41 41 41 41 41 41 21 21 21 21 41 21 56 
5A 41 DA 6A 41 41 41 41 41 41 41 41 21 66 66 41 41 56 
5A 08 DA 41 41 41 30 78 6A 6A 41 41 66 6A 6A 66 41 56 
5A 10 0C 41 2C 2C 41 41 54 41 41 41 41 41 41 0C 21 56 
5A 34 10 21 54 54 41 54 41 41 0C 41 21 41 41 34 21 56 
5A 21 66 46 24 24 25 21 41 21 66 78 2C 66 66 21 00 56 
5A 21 66 66 54 54 21 21 30 21 66 10 2C 21 21 20 20 56 
5A 00 DA 0C 0C 0C 21 21 34 25 21 21 21 00 00 00 20 56 
5A 00 20 DA 00 00 00 21 21 20 00 00 00 00 00 30 54 5A 
5A 2C 00 00 DA DA DA 20 00 30 58 30 00 00 00 54 30 56 
FF 5A 5A 56 56 56 56 56 56 56 56 56 56 56 56 5A 56 FF 
// Image: potion1_14_framesTile_12
@4C80
FF FF FF FF FF FF DA DA B9 FF FF FF FF FF FF FF FF FF 
FF FF FF 94 B5 B5 6C FF FF FF FF FF FF FF FF FF FF FF 
FF FF FF B9 70 70 6C FF FF FF FF FF FF FF FF FF FF FF 
FF FF FF 70 70 70 4C 70 FF FF FF FF FF FF FF 61 FF FF 
FF FF FF 70 4C 4C 61 82 61 FF FF FF 41 86 86 61 FF FF 
FF FF FF FF 4C 4C 61 AA 61 41 41 61 8A 61 61 41 FF FF 
FF FF FF FF FF FF 41 41 41 41 41 41 41 FF FF FF FF FF 
FF FF 4A 92 92 92 4A 92 92 4A 01 4A 01 01 01 01 FF FF 
FF FF 01 01 01 01 01 01 01 01 01 01 01 01 01 01 FF FF 
FF FF FF 7A 76 76 76 76 56 56 56 56 76 56 56 FF FF FF 
FF FF FF FF 7A 7A 2A 2E 2E 2E 2E 2E 56 FF FF FF FF FF 
FF FF FF FF 7A 7A 76 7A 7A 7A 7A 7A 56 FF FF FF FF FF 
FF FF FF 96 9A 9A 7A 7A 7A 7A 7A 7A 7A 56 56 FF FF FF 
FF FF 7A 7A DA DA 7A 7A 7A 7A 7A 7A 7A 7A 7A 56 FF FF 
FF 7A 7A DA 7A 7A 7A 7A 7A 7A 7A 7A 7A 7A 7A 7A 7A FF 
7A 7A DA 7A 5A 5A 7A 7A 7A 7A 7A 7A 7A 5A 5A 5A 56 5A 
7A 7A 5A 7A 7A 7A 7A 7A 7A 7A 7A 7A 7A 7A 7A 7A 7A 5A 
5A 7A 7A 7A 7A 7A 7A 7A B2 AE D2 B2 AE AE AE 7A 7A 5A 
5A 41 DA 41 21 21 21 21 21 21 21 21 21 21 21 DA 21 5A 
5A 41 DA 41 41 41 66 6A 6A 66 21 46 66 45 45 41 41 56 
5A 41 DA 41 41 41 41 66 6A 41 41 66 46 21 21 DA 21 56 
5A 41 DA 6A 41 41 41 41 41 21 41 21 21 21 21 41 21 56 
5A 41 DA 66 41 41 41 66 66 21 41 41 21 21 21 41 41 56 
5A 08 DA 41 41 41 30 78 66 6A 41 41 66 6A 6A 66 41 56 
5A 10 0C 41 2C 2C 41 41 54 41 41 41 66 66 66 0C 21 56 
5A 34 10 21 54 54 41 54 41 41 0C 21 21 41 41 34 21 56 
5A 21 66 66 29 29 21 21 41 21 66 78 2C 66 66 21 00 56 
5A 21 46 66 54 54 66 21 30 21 66 10 2C 21 21 20 20 56 
5A 00 DA 0C 0C 0C 21 21 34 25 21 21 21 00 00 00 20 56 
5A 34 20 DA 00 00 00 21 21 20 00 00 00 00 00 2C 54 5A 
5A 0C 00 00 DA DA DA 20 00 30 58 30 00 00 00 54 30 56 
FF 5A 5A 56 56 56 56 56 56 56 56 56 56 56 56 5A 56 FF 
// Image: potion1_14_framesTile_13
@4EC0
FF FF FF FF FF FF DA DA B9 FF FF FF FF FF FF FF FF FF 
FF FF FF 94 B5 B5 6C FF FF FF FF FF FF FF FF FF FF FF 
FF FF FF B9 70 70 6C FF FF FF FF FF FF FF FF FF FF FF 
FF FF FF 70 70 70 4C 70 FF FF FF FF FF FF FF 61 FF FF 
FF FF FF 70 4C 4C 61 82 61 FF FF FF 41 86 86 61 FF FF 
FF FF FF FF 4C 4C 61 AA 61 41 41 61 8A 61 61 41 FF FF 
FF FF FF FF FF FF 41 41 41 41 41 41 41 FF FF FF FF FF 
FF FF 4A 92 92 92 4A 92 92 4A 01 4A 01 01 01 01 FF FF 
FF FF 01 01 01 01 01 01 01 01 01 01 01 01 01 01 FF FF 
FF FF FF 7A 76 76 76 76 56 56 56 56 76 56 56 FF FF FF 
FF FF FF FF 7A 7A 2A 2E 2E 2E 2E 2E 56 FF FF FF FF FF 
FF FF FF FF 7A 7A 76 7A 7A 7A 7A 7A 56 FF FF FF FF FF 
FF FF FF 96 9A 9A 7A 7A 7A 7A 7A 7A 7A 56 56 FF FF FF 
FF FF 7A 7A DA DA 7A 7A 7A 7A 7A 7A 7A 7A 7A 56 FF FF 
FF 7A 7A DA 7A 7A 7A 7A 7A 7A 7A 7A 7A 7A 7A 7A 7A FF 
7A 7A DA 7A 5A 5A 7A 7A 7A 7A 7A 7A 7A 5A 5A 5A 56 5A 
7A 7A 5A 7A 7A 7A 7A 7A 7A 7A 7A 7A 7A 7A 7A 7A 7A 5A 
5A 7A 7A 7A 7A 7A 7A 7A 7A 5A B2 D2 AE AE AE AE AE 5A 
5A 41 DA 41 21 21 21 21 AE AE AE AE 21 21 21 DA 41 5A 
5A 41 DA 41 41 41 41 66 66 41 41 41 41 41 41 41 41 56 
5A 41 DA 41 41 41 66 6A 6A 66 41 46 66 45 45 DA 21 56 
5A 41 DA 6A 41 41 41 41 41 21 41 46 21 21 21 41 21 56 
5A 41 DA 66 41 41 41 41 41 41 41 41 21 21 21 41 41 56 
5A 08 DA 41 41 41 30 78 6A 6A 41 41 66 6A 6A 66 41 56 
5A 10 0C 41 2C 2C 41 41 54 41 41 41 66 66 66 0C 21 56 
5A 34 10 46 54 54 41 54 41 41 0C 41 21 41 41 34 21 56 
5A 21 46 66 29 29 45 21 41 41 21 78 2C 21 21 21 00 56 
5A 21 21 66 54 54 21 21 30 21 66 10 6A 66 66 20 20 56 
5A 00 DA 0C 0C 0C 21 21 34 25 21 30 21 00 00 00 20 56 
5A 00 20 DA 00 00 00 21 21 20 00 00 00 00 00 20 54 5A 
5A 34 00 00 DA DA DA 20 00 30 58 30 00 00 00 54 30 56 
FF 5A 5A 56 56 56 56 56 56 56 56 56 56 56 56 5A 56 FF 
// Image: potion2_15_framesTile_0
@5100
FF FF FF FF FF FF FF FF FF FF FF FF FF FF FF FF FF FF 
FF FF FF FF FF FF FF FF 8E 25 FF FF FF FF FF FF FF FF 
FF FF FF FF FF FF FF 8E 8E 46 25 FF FF FF FF FF FF FF 
FF FF FF FF FF 8E 8E 6A 46 46 46 45 21 FF FF FF FF FF 
FF FF FF FF 8E 8E 6A 46 46 46 46 25 25 25 FF FF FF FF 
FF FF FF FF FF 46 46 6A 46 46 46 25 25 FF FF FF FF FF 
FF FF FF FF FF FF 46 46 46 46 25 25 FF FF FF FF FF FF 
FF FF FF FF FF FF FF 46 46 25 25 FF FF FF FF FF FF FF 
FF FF FF FF FF FF 88 88 88 88 88 88 FF FF FF FF FF FF 
FF FF FF FF FF FF 88 88 88 88 88 88 FF FF FF FF FF FF 
FF FF FF FF FF FF 88 88 88 88 88 A8 FF FF FF FF FF FF 
FF FF FF FF FF FF FF 91 8D 8D 8D FF FF FF FF FF FF FF 
FF FF FF FF FF FF FF 7A 91 91 7A FF FF FF FF FF FF FF 
FF FF FF FF FF FF FF 7A 7A 7A 76 FF FF FF FF FF FF FF 
FF FF FF FF FF FF FF 7A 7A 76 7A FF FF FF FF FF FF FF 
FF FF FF FF FF FF 9A 9A 7A 7A 7A 76 FF FF FF FF FF FF 
FF FF FF FF FF 96 96 9A 7A 7A 7A 76 76 FF FF FF FF FF 
FF FF FF FF 96 9A FF 9A 9A 7A 7A 76 7A 76 FF FF FF FF 
FF FF FF 9A 9A 9A FF 9A 9A 7A 7A 2E 0E 76 76 FF FF FF 
FF 7A 9A 05 05 05 05 2E 2E 0E 0E 0E 2E 2E 09 7A 76 FF 
FF 7A 05 FF 0A 09 05 05 05 2E 2E 2E 09 09 09 09 76 FF 
76 09 09 FF 0A 0A 09 05 09 05 09 09 09 09 09 09 09 9A 
76 09 05 FF 05 09 09 09 09 09 09 05 09 05 05 09 05 9A 
76 05 05 FF 09 05 05 2E 0A 05 05 05 05 05 05 05 05 7A 
7A 05 09 FF 0A 0E 0A 05 09 0E 0E 0E 0E 0A 05 05 04 7A 
76 05 05 FF 0E 0E 0E 0A 05 2E 05 05 0A FF 0E 04 04 7A 
7A 05 05 05 0E 0E 0A 0E 05 05 09 0A 09 FF 05 04 04 76 
FF 7A 05 05 05 0A 0A 0E 05 05 05 09 05 00 04 04 9A FF 
FF 7A 04 00 FF 05 0A 05 05 04 05 05 00 FF 00 04 7A FF 
FF FF FF 7A 7A 00 FF FF 00 00 FF FF 00 04 7A FF FF FF 
FF FF FF FF 7A 04 00 00 04 04 04 00 04 9A FF FF FF FF 
FF FF FF FF FF 76 76 76 76 7A 7A 7A 76 FF FF FF FF FF 
// Image: potion2_15_framesTile_1
@5340
FF FF FF FF FF FF FF FF FF FF FF FF FF FF FF FF FF FF 
FF FF FF FF FF FF FF FF 8E 25 FF FF FF FF FF FF FF FF 
FF FF FF FF FF FF FF 8E 8E 46 25 FF FF FF FF FF FF FF 
FF FF FF FF FF 8E 8E 6A 46 46 46 45 21 FF FF FF FF FF 
FF FF FF FF 8E 8E 6A 46 46 46 46 25 25 25 FF FF FF FF 
FF FF FF FF FF 46 46 6A 46 46 46 25 25 FF FF FF FF FF 
FF FF FF FF FF FF 46 46 46 46 25 25 FF FF FF FF FF FF 
FF FF FF FF FF FF FF 46 46 25 25 FF FF FF FF FF FF FF 
FF FF FF FF FF FF 88 88 88 88 88 88 FF FF FF FF FF FF 
FF FF FF FF FF FF 88 88 88 88 88 88 FF FF FF FF FF FF 
FF FF FF FF FF FF 88 88 88 88 88 A8 FF FF FF FF FF FF 
FF FF FF FF FF FF FF 91 8D 8D 8D FF FF FF FF FF FF FF 
FF FF FF FF FF FF FF 7A 91 91 7A FF FF FF FF FF FF FF 
FF FF FF FF FF FF FF 7A 7A 7A 76 FF FF FF FF FF FF FF 
FF FF FF FF FF FF FF 7A 7A 76 7A FF FF FF FF FF FF FF 
FF FF FF FF FF FF 9A 9A 7A 7A 7A 76 FF FF FF FF FF FF 
FF FF FF FF FF 96 96 9A 7A 7A 7A 76 76 FF FF FF FF FF 
FF FF FF FF 96 9A FF 9A 9A 7A 7A 76 7A 76 FF FF FF FF 
FF FF FF 9A 9A 9A FF 9A 9A 7A 2E 2E 7A 76 76 FF FF FF 
FF 7A 9A 05 05 05 05 05 2E 0E 0E 0E 0E 0E 0E 7A 76 FF 
FF 7A 05 FF 05 09 09 05 05 2E 2E 2E 2E 09 09 09 76 FF 
76 09 09 FF 0A 05 09 05 09 05 09 09 09 09 09 09 09 9A 
76 09 05 FF 0A 0A 09 09 09 05 09 05 09 05 05 09 09 9A 
76 05 05 FF 09 05 05 2E 0A 0E 05 05 05 05 05 05 05 7A 
7A 05 09 FF 0A 0E 0A 05 09 0E 05 0E 0E 0A 05 05 04 7A 
76 05 05 FF 0E 0E 0E 0A 05 09 05 05 0A FF 0E 04 04 7A 
7A 05 05 05 0E 0E 0A 0E 05 05 09 0A 09 FF 05 04 04 76 
FF 7A 05 05 05 0A 0A 0E 05 05 05 09 05 05 04 04 9A FF 
FF 7A 04 00 FF 05 0A 05 05 04 05 05 05 FF 00 04 7A FF 
FF FF FF 7A 7A 00 FF FF 00 00 FF FF 00 04 7A FF FF FF 
FF FF FF FF 7A 04 00 00 04 04 04 00 04 9A FF FF FF FF 
FF FF FF FF FF 76 76 76 76 7A 7A 7A 76 FF FF FF FF FF 
// Image: potion2_15_framesTile_2
@5580
FF FF FF FF FF FF FF FF FF FF FF FF FF FF FF FF FF FF 
FF FF FF FF FF FF FF FF 8E 25 FF FF FF FF FF FF FF FF 
FF FF FF FF FF FF FF 8E 8E 46 25 FF FF FF FF FF FF FF 
FF FF FF FF FF 8E 8E 6A 46 46 46 45 21 FF FF FF FF FF 
FF FF FF FF 8E 8E 6A 46 46 46 46 25 25 25 FF FF FF FF 
FF FF FF FF FF 46 46 6A 46 46 46 25 25 FF FF FF FF FF 
FF FF FF FF FF FF 46 46 46 46 25 25 FF FF FF FF FF FF 
FF FF FF FF FF FF FF 46 46 25 25 FF FF FF FF FF FF FF 
FF FF FF FF FF FF 88 88 88 88 88 88 FF FF FF FF FF FF 
FF FF FF FF FF FF 88 88 88 88 88 88 FF FF FF FF FF FF 
FF FF FF FF FF FF 88 88 88 88 88 A8 FF FF FF FF FF FF 
FF FF FF FF FF FF FF 91 8D 8D 8D FF FF FF FF FF FF FF 
FF FF FF FF FF FF FF 7A 91 91 7A FF FF FF FF FF FF FF 
FF FF FF FF FF FF FF 7A 7A 7A 76 FF FF FF FF FF FF FF 
FF FF FF FF FF FF FF 7A 7A 76 7A FF FF FF FF FF FF FF 
FF FF FF FF FF FF 9A 9A 7A 7A 7A 76 FF FF FF FF FF FF 
FF FF FF FF FF 96 96 9A 7A 7A 7A 76 76 FF FF FF FF FF 
FF FF FF FF 96 9A FF 9A 9A 7A 7A 76 7A 76 FF FF FF FF 
FF FF FF 9A 9A 9A FF 9A 9A 2E 7A 7A 7A 76 76 FF FF FF 
FF 7A 9A 05 05 05 05 05 05 0E 0E 0E 0E 0E 7A 7A 76 FF 
FF 7A 05 FF 05 09 09 09 05 05 09 2E 2E 2E 09 09 76 FF 
76 09 09 FF 0A 05 09 05 09 05 09 09 09 09 09 09 09 9A 
76 09 05 FF 0A 0A 09 09 09 0E 09 05 09 05 05 09 09 9A 
76 05 05 FF 09 05 05 2E 0A 0E 0E 05 05 05 05 05 05 7A 
7A 05 09 FF 05 0A 05 05 09 05 05 0E 0E 0A 05 05 04 7A 
76 05 05 FF 0A 0E 0A 09 05 05 05 05 0A FF 0E 05 04 7A 
7A 05 05 05 0E 0E 0E 0A 05 05 09 0A 09 FF 05 05 04 76 
FF 7A 05 05 0A 0E 0A 0E 05 05 05 05 05 05 05 04 9A FF 
FF 7A 04 00 FF 0A 0A 0E 04 04 05 04 00 FF 00 04 7A FF 
FF FF FF 7A 7A 00 FF FF 00 00 FF FF 00 04 7A FF FF FF 
FF FF FF FF 7A 04 00 00 04 04 04 00 04 9A FF FF FF FF 
FF FF FF FF FF 76 76 76 76 7A 7A 7A 76 FF FF FF FF FF 
// Image: potion2_15_framesTile_3
@57C0
FF FF FF FF FF FF FF FF FF FF FF FF FF FF FF FF FF FF 
FF FF FF FF FF FF FF FF 8E 25 FF FF FF FF FF FF FF FF 
FF FF FF FF FF FF FF 8E 8E 46 25 FF FF FF FF FF FF FF 
FF FF FF FF FF 8E 8E 6A 46 46 46 45 21 FF FF FF FF FF 
FF FF FF FF 8E 8E 6A 46 46 46 46 25 25 25 FF FF FF FF 
FF FF FF FF FF 46 46 6A 46 46 46 25 25 FF FF FF FF FF 
FF FF FF FF FF FF 46 46 46 46 25 25 FF FF FF FF FF FF 
FF FF FF FF FF FF FF 46 46 25 25 FF FF FF FF FF FF FF 
FF FF FF FF FF FF 88 88 88 88 88 88 FF FF FF FF FF FF 
FF FF FF FF FF FF 88 88 88 88 88 88 FF FF FF FF FF FF 
FF FF FF FF FF FF 88 88 88 88 88 A8 FF FF FF FF FF FF 
FF FF FF FF FF FF FF 91 8D 8D 8D FF FF FF FF FF FF FF 
FF FF FF FF FF FF FF 7A 91 91 7A FF FF FF FF FF FF FF 
FF FF FF FF FF FF FF 7A 7A 7A 76 FF FF FF FF FF FF FF 
FF FF FF FF FF FF FF 7A 7A 76 7A FF FF FF FF FF FF FF 
FF FF FF FF FF FF 9A 9A 7A 7A 7A 76 FF FF FF FF FF FF 
FF FF FF FF FF 96 96 9A 7A 7A 7A 76 76 FF FF FF FF FF 
FF FF FF FF 96 9A FF 9A 9A 7A 7A 76 7A 76 FF FF FF FF 
FF FF FF 9A 9A 9A FF 9A 9A 7A 7A 7A 7A 76 76 FF FF FF 
FF 7A 9A 05 05 05 05 05 05 2E 0E 0E 0E 7A 7A 7A 76 FF 
FF 7A 05 FF 05 09 09 09 09 05 05 09 2E 2E 2E 09 76 FF 
76 09 09 FF 05 09 09 09 05 05 09 09 09 09 09 09 09 9A 
76 09 05 FF 0A 09 05 2E 0A 0E 09 05 09 05 05 09 09 9A 
76 09 05 FF 0A 0A 05 05 05 0E 0E 0A 09 05 05 05 05 7A 
7A 09 09 FF 05 0A 05 05 05 05 05 05 05 0A 0E 05 05 7A 
76 05 05 FF 0A 0E 0A 05 05 05 09 05 05 FF 05 05 05 7A 
7A 05 05 05 0E 0E 0E 0A 05 05 05 09 09 FF 05 05 04 76 
FF 7A 05 05 0A 0E 0A 0E 05 05 05 05 05 05 05 04 9A FF 
FF 7A 04 00 FF 0A 0A 0E 04 04 05 04 00 FF 00 04 7A FF 
FF FF FF 7A 7A 00 FF FF 00 00 FF FF 00 04 7A FF FF FF 
FF FF FF FF 7A 04 00 00 04 04 04 00 04 9A FF FF FF FF 
FF FF FF FF FF 76 76 76 76 7A 7A 7A 76 FF FF FF FF FF 
// Image: potion2_15_framesTile_4
@5A00
FF FF FF FF FF FF FF FF FF FF FF FF FF FF FF FF FF FF 
FF FF FF FF FF FF FF FF 8E 25 FF FF FF FF FF FF FF FF 
FF FF FF FF FF FF FF 8E 8E 46 25 FF FF FF FF FF FF FF 
FF FF FF FF FF 8E 8E 6A 46 46 46 45 21 FF FF FF FF FF 
FF FF FF FF 8E 8E 6A 46 46 46 46 25 25 25 FF FF FF FF 
FF FF FF FF FF 46 46 6A 46 46 46 25 25 FF FF FF FF FF 
FF FF FF FF FF FF 46 46 46 46 25 25 FF FF FF FF FF FF 
FF FF FF FF FF FF FF 46 46 25 25 FF FF FF FF FF FF FF 
FF FF FF FF FF FF 88 88 88 88 88 88 FF FF FF FF FF FF 
FF FF FF FF FF FF 88 88 88 88 88 88 FF FF FF FF FF FF 
FF FF FF FF FF FF 88 88 88 88 88 A8 FF FF FF FF FF FF 
FF FF FF FF FF FF FF 91 8D 8D 8D FF FF FF FF FF FF FF 
FF FF FF FF FF FF FF 7A 91 91 7A FF FF FF FF FF FF FF 
FF FF FF FF FF FF FF 7A 7A 7A 76 FF FF FF FF FF FF FF 
FF FF FF FF FF FF FF 7A 7A 76 7A FF FF FF FF FF FF FF 
FF FF FF FF FF FF 9A 9A 7A 7A 7A 76 FF FF FF FF FF FF 
FF FF FF FF FF 96 96 9A 7A 7A 7A 76 76 FF FF FF FF FF 
FF FF FF FF 96 9A FF 9A 9A 7A 7A 76 7A 76 FF FF FF FF 
FF FF FF 9A 9A 9A FF 9A 9A 7A 7A 7A 7A 76 76 FF FF FF 
FF 7A 9A 7A 05 05 05 05 05 05 0E 0E 7A 7A 7A 7A 76 FF 
FF 7A 05 FF 05 09 09 09 09 05 05 05 09 2E 2E 2E 76 FF 
76 09 09 FF 05 09 09 09 05 0E 09 09 09 09 09 09 09 9A 
76 09 05 FF 0A 09 05 2E 0A 0E 0E 05 09 05 05 09 09 9A 
76 05 05 FF 0A 0A 05 05 05 0E 05 0A 0A 05 05 05 05 7A 
7A 09 09 FF 05 05 05 05 09 05 05 05 05 0A 0E 05 05 7A 
76 05 05 FF 05 0A 05 09 05 05 09 05 05 FF 05 05 05 7A 
7A 05 05 05 0A 0E 0A 05 05 05 05 09 09 FF 05 05 04 76 
FF 7A 05 05 0E 0E 0E 0A 05 05 05 05 05 05 05 04 9A FF 
FF 7A 04 00 FF 0A 0A 0E 05 05 04 04 00 FF 00 04 7A FF 
FF FF FF 7A 7A 00 FF FF 00 00 FF FF 00 04 7A FF FF FF 
FF FF FF FF 7A 04 00 00 04 04 04 00 04 9A FF FF FF FF 
FF FF FF FF FF 76 76 76 76 7A 7A 7A 76 FF FF FF FF FF 
// Image: potion2_15_framesTile_5
@5C40
FF FF FF FF FF FF FF FF FF FF FF FF FF FF FF FF FF FF 
FF FF FF FF FF FF FF FF 8E 25 FF FF FF FF FF FF FF FF 
FF FF FF FF FF FF FF 8E 8E 46 25 FF FF FF FF FF FF FF 
FF FF FF FF FF 8E 8E 6A 46 46 46 45 21 FF FF FF FF FF 
FF FF FF FF 8E 8E 6A 46 46 46 46 25 25 25 FF FF FF FF 
FF FF FF FF FF 46 46 6A 46 46 46 25 25 FF FF FF FF FF 
FF FF FF FF FF FF 46 46 46 46 25 25 FF FF FF FF FF FF 
FF FF FF FF FF FF FF 46 46 25 25 FF FF FF FF FF FF FF 
FF FF FF FF FF FF 88 88 88 88 88 88 FF FF FF FF FF FF 
FF FF FF FF FF FF 88 88 88 88 88 88 FF FF FF FF FF FF 
FF FF FF FF FF FF 88 88 88 88 88 A8 FF FF FF FF FF FF 
FF FF FF FF FF FF FF 91 8D 8D 8D FF FF FF FF FF FF FF 
FF FF FF FF FF FF FF 7A 91 91 7A FF FF FF FF FF FF FF 
FF FF FF FF FF FF FF 7A 7A 7A 76 FF FF FF FF FF FF FF 
FF FF FF FF FF FF FF 7A 7A 76 7A FF FF FF FF FF FF FF 
FF FF FF FF FF FF 9A 9A 7A 7A 7A 76 FF FF FF FF FF FF 
FF FF FF FF FF 96 96 9A 7A 7A 7A 76 76 FF FF FF FF FF 
FF FF FF FF 96 9A FF 9A 9A 7A 7A 76 7A 76 FF FF FF FF 
FF FF FF 9A 9A 9A FF 9A 9A 7A 7A 7A 7A 76 76 FF FF FF 
FF 7A 9A 7A 0E 05 05 05 05 05 05 7A 7A 7A 7A 7A 76 FF 
FF 7A 0E FF 05 09 09 09 09 09 05 05 05 09 09 2E 76 FF 
76 09 05 FF 05 09 09 05 09 0E 09 09 09 09 09 09 09 9A 
76 09 05 FF 05 09 09 09 05 0E 0E 0A 0A 05 05 09 09 9A 
76 05 05 FF 0A 05 05 2E 0A 0E 05 0E 0E 0A 05 05 05 7A 
7A 05 09 FF 05 05 05 05 09 05 05 05 05 05 05 05 05 7A 
76 05 05 FF 05 0A 05 05 05 05 09 05 05 FF 05 05 05 7A 
7A 05 05 05 0A 0E 0A 05 05 05 05 05 09 FF 05 05 04 76 
FF 7A 05 05 0E 0E 0E 0A 05 05 05 05 05 05 05 04 9A FF 
FF 7A 04 00 FF 0A 0A 0E 05 05 04 04 00 FF 00 04 7A FF 
FF FF FF 7A 7A 00 FF FF 00 00 FF FF 00 04 7A FF FF FF 
FF FF FF FF 7A 04 00 00 04 04 04 00 04 9A FF FF FF FF 
FF FF FF FF FF 76 76 76 76 7A 7A 7A 76 FF FF FF FF FF 
// Image: potion2_15_framesTile_6
@5E80
FF FF FF FF FF FF FF FF FF FF FF FF FF FF FF FF FF FF 
FF FF FF FF FF FF FF FF 8E 25 FF FF FF FF FF FF FF FF 
FF FF FF FF FF FF FF 8E 8E 46 25 FF FF FF FF FF FF FF 
FF FF FF FF FF 8E 8E 6A 46 46 46 45 21 FF FF FF FF FF 
FF FF FF FF 8E 8E 6A 46 46 46 46 25 25 25 FF FF FF FF 
FF FF FF FF FF 46 46 6A 46 46 46 25 25 FF FF FF FF FF 
FF FF FF FF FF FF 46 46 46 46 25 25 FF FF FF FF FF FF 
FF FF FF FF FF FF FF 46 46 25 25 FF FF FF FF FF FF FF 
FF FF FF FF FF FF 88 88 88 88 88 88 FF FF FF FF FF FF 
FF FF FF FF FF FF 88 88 88 88 88 88 FF FF FF FF FF FF 
FF FF FF FF FF FF 88 88 88 88 88 A8 FF FF FF FF FF FF 
FF FF FF FF FF FF FF 91 8D 8D 8D FF FF FF FF FF FF FF 
FF FF FF FF FF FF FF 7A 91 91 7A FF FF FF FF FF FF FF 
FF FF FF FF FF FF FF 7A 7A 7A 76 FF FF FF FF FF FF FF 
FF FF FF FF FF FF FF 7A 7A 76 7A FF FF FF FF FF FF FF 
FF FF FF FF FF FF 9A 9A 7A 7A 7A 76 FF FF FF FF FF FF 
FF FF FF FF FF 96 96 9A 7A 7A 7A 76 76 FF FF FF FF FF 
FF FF FF FF 96 9A FF 9A 9A 7A 7A 76 7A 76 FF FF FF FF 
FF FF FF 9A 9A 9A FF 0E 9A 7A 7A 7A 7A 76 76 FF FF FF 
FF 7A 9A 0E 0E 2E 05 05 05 05 05 05 7A 7A 7A 7A 76 FF 
FF 7A 0E FF 05 09 09 09 09 09 09 05 05 05 09 09 76 FF 
76 09 05 FF 05 09 09 05 09 0E 09 09 09 09 09 09 09 9A 
76 09 05 FF 05 09 09 09 05 0E 0E 0A 0A 05 05 09 09 9A 
76 09 05 FF 0A 05 05 2E 0A 0E 05 0E 0E 0A 05 05 05 7A 
7A 09 09 FF 05 05 05 05 09 05 05 05 05 05 05 05 05 7A 
76 05 05 FF 05 05 05 09 05 05 09 05 05 FF 05 05 04 7A 
7A 05 05 05 05 0A 05 05 05 05 05 05 05 FF 05 04 04 76 
FF 7A 05 05 0A 0E 0A 05 05 05 05 05 05 04 04 04 9A FF 
FF 7A 04 00 FF 0A 0E 0A 05 05 04 04 00 FF 00 04 7A FF 
FF FF FF 7A 7A 0A FF FF 00 00 FF FF 00 04 7A FF FF FF 
FF FF FF FF 7A 00 0A 00 04 04 04 00 04 9A FF FF FF FF 
FF FF FF FF FF 76 76 76 76 7A 7A 7A 76 FF FF FF FF FF 
// Image: potion2_15_framesTile_7
@60C0
FF FF FF FF FF FF FF FF FF FF FF FF FF FF FF FF FF FF 
FF FF FF FF FF FF FF FF 8E 25 FF FF FF FF FF FF FF FF 
FF FF FF FF FF FF FF 8E 8E 46 25 FF FF FF FF FF FF FF 
FF FF FF FF FF 8E 8E 6A 46 46 46 45 21 FF FF FF FF FF 
FF FF FF FF 8E 8E 6A 46 46 46 46 25 25 25 FF FF FF FF 
FF FF FF FF FF 46 46 6A 46 46 46 25 25 FF FF FF FF FF 
FF FF FF FF FF FF 46 46 46 46 25 25 FF FF FF FF FF FF 
FF FF FF FF FF FF FF 46 46 25 25 FF FF FF FF FF FF FF 
FF FF FF FF FF FF 88 88 88 88 88 88 FF FF FF FF FF FF 
FF FF FF FF FF FF 88 88 88 88 88 88 FF FF FF FF FF FF 
FF FF FF FF FF FF 88 88 88 88 88 A8 FF FF FF FF FF FF 
FF FF FF FF FF FF FF 91 8D 8D 8D FF FF FF FF FF FF FF 
FF FF FF FF FF FF FF 7A 91 91 7A FF FF FF FF FF FF FF 
FF FF FF FF FF FF FF 7A 7A 7A 76 FF FF FF FF FF FF FF 
FF FF FF FF FF FF FF 7A 7A 76 7A FF FF FF FF FF FF FF 
FF FF FF FF FF FF 9A 9A 7A 7A 7A 76 FF FF FF FF FF FF 
FF FF FF FF FF 96 96 9A 7A 7A 7A 76 76 FF FF FF FF FF 
FF FF FF FF 96 9A FF 9A 9A 7A 7A 76 7A 76 FF FF FF FF 
FF FF FF 9A 9A 0E FF 9A 9A 7A 7A 7A 7A 76 76 FF FF FF 
FF 7A 9A 0E 0E 2E 2E 05 05 05 05 05 05 7A 7A 7A 76 FF 
FF 7A 0E FF 0E 05 09 09 09 09 09 09 05 05 05 09 76 FF 
76 09 05 FF 05 09 09 05 09 05 09 0A 0A 09 09 09 09 9A 
76 09 05 FF 05 09 09 05 09 0E 09 0E 0E 0A 05 09 09 9A 
76 09 05 FF 09 05 09 09 05 0E 0E 05 09 2E 0E 05 05 7A 
7A 09 09 FF 0A 0A 05 05 09 05 05 05 05 05 05 05 05 7A 
76 05 05 FF 05 05 05 09 05 05 09 05 05 FF 05 05 04 7A 
7A 05 05 05 05 0A 05 05 05 05 05 05 05 FF 05 04 04 76 
FF 7A 05 05 0A 0E 0A 05 05 05 05 05 05 04 04 04 9A FF 
FF 7A 04 05 FF 0A 0E 0A 05 05 04 04 00 FF 00 04 7A FF 
FF FF FF 7A 7A 0A FF FF 00 00 FF FF 00 04 7A FF FF FF 
FF FF FF FF 7A 00 0A 00 04 04 04 00 04 9A FF FF FF FF 
FF FF FF FF FF 76 76 76 76 7A 7A 7A 76 FF FF FF FF FF 
// Image: potion2_15_framesTile_8
@6300
FF FF FF FF FF FF FF FF FF FF FF FF FF FF FF FF FF FF 
FF FF FF FF FF FF FF FF 8E 25 FF FF FF FF FF FF FF FF 
FF FF FF FF FF FF FF 8E 8E 46 25 FF FF FF FF FF FF FF 
FF FF FF FF FF 8E 8E 6A 46 46 46 45 21 FF FF FF FF FF 
FF FF FF FF 8E 8E 6A 46 46 46 46 25 25 25 FF FF FF FF 
FF FF FF FF FF 46 46 6A 46 46 46 25 25 FF FF FF FF FF 
FF FF FF FF FF FF 46 46 46 46 25 25 FF FF FF FF FF FF 
FF FF FF FF FF FF FF 46 46 25 25 FF FF FF FF FF FF FF 
FF FF FF FF FF FF 88 88 88 88 88 88 FF FF FF FF FF FF 
FF FF FF FF FF FF 88 88 88 88 88 88 FF FF FF FF FF FF 
FF FF FF FF FF FF 88 88 88 88 88 A8 FF FF FF FF FF FF 
FF FF FF FF FF FF FF 91 8D 8D 8D FF FF FF FF FF FF FF 
FF FF FF FF FF FF FF 7A 91 91 7A FF FF FF FF FF FF FF 
FF FF FF FF FF FF FF 7A 7A 7A 76 FF FF FF FF FF FF FF 
FF FF FF FF FF FF FF 7A 7A 76 7A FF FF FF FF FF FF FF 
FF FF FF FF FF FF 9A 9A 7A 7A 7A 76 FF FF FF FF FF FF 
FF FF FF FF FF 96 96 9A 7A 7A 7A 76 76 FF FF FF FF FF 
FF FF FF FF 96 9A FF 9A 9A 7A 7A 76 7A 76 FF FF FF FF 
FF FF FF 9A 9A 0E FF 9A 9A 7A 7A 7A 7A 76 76 FF FF FF 
FF 7A 9A 0E 0E 0E 2E 2E 05 09 09 05 05 05 7A 7A 76 FF 
FF 7A 0E FF 0E 2E 05 09 09 09 09 09 09 05 09 05 76 FF 
76 09 05 FF 05 05 09 05 09 05 09 0A 0A 09 09 09 09 9A 
76 09 05 FF 05 09 09 05 09 0E 09 0E 0E 0A 05 05 09 9A 
76 09 05 FF 09 05 09 09 05 0E 0E 05 09 2E 0E 05 05 7A 
7A 09 09 FF 0A 0A 05 05 09 05 05 05 05 05 05 05 05 7A 
76 05 05 FF 05 05 05 09 05 05 05 05 05 FF 05 05 04 7A 
7A 05 05 05 05 0A 05 09 05 04 05 05 05 FF 04 04 04 76 
FF 7A 05 09 09 0E 09 05 05 05 04 05 04 00 04 04 9A FF 
FF 7A 05 05 FF 0A 0E 0A 05 04 04 04 00 FF 00 04 7A FF 
FF FF FF 7A 7A 0A FF FF 00 00 FF FF 00 04 7A FF FF FF 
FF FF FF FF 7A 0A 0A 0A 04 04 04 00 04 9A FF FF FF FF 
FF FF FF FF FF 76 76 76 76 7A 7A 7A 76 FF FF FF FF FF 
// Image: potion2_15_framesTile_9
@6540
FF FF FF FF FF FF FF FF FF FF FF FF FF FF FF FF FF FF 
FF FF FF FF FF FF FF FF 8E 25 FF FF FF FF FF FF FF FF 
FF FF FF FF FF FF FF 8E 8E 46 25 FF FF FF FF FF FF FF 
FF FF FF FF FF 8E 8E 6A 46 46 46 45 21 FF FF FF FF FF 
FF FF FF FF 8E 8E 6A 46 46 46 46 25 25 25 FF FF FF FF 
FF FF FF FF FF 46 46 6A 46 46 46 25 25 FF FF FF FF FF 
FF FF FF FF FF FF 46 46 46 46 25 25 FF FF FF FF FF FF 
FF FF FF FF FF FF FF 46 46 25 25 FF FF FF FF FF FF FF 
FF FF FF FF FF FF 88 88 88 88 88 88 FF FF FF FF FF FF 
FF FF FF FF FF FF 88 88 88 88 88 88 FF FF FF FF FF FF 
FF FF FF FF FF FF 88 88 88 88 88 A8 FF FF FF FF FF FF 
FF FF FF FF FF FF FF 91 8D 8D 8D FF FF FF FF FF FF FF 
FF FF FF FF FF FF FF 7A 91 91 7A FF FF FF FF FF FF FF 
FF FF FF FF FF FF FF 7A 7A 7A 76 FF FF FF FF FF FF FF 
FF FF FF FF FF FF FF 7A 7A 76 7A FF FF FF FF FF FF FF 
FF FF FF FF FF FF 9A 9A 7A 7A 7A 76 FF FF FF FF FF FF 
FF FF FF FF FF 96 96 9A 7A 7A 7A 76 76 FF FF FF FF FF 
FF FF FF FF 96 9A FF 9A 9A 7A 7A 76 7A 76 FF FF FF FF 
FF FF FF 9A 0E 9A FF 9A 9A 7A 7A 7A 7A 76 76 FF FF FF 
FF 7A 9A 0E 0E 0E 0E 2E 2E 09 09 09 09 09 09 7A 76 FF 
FF 7A 0E FF 0E 2E 2E 05 09 09 09 0A 09 09 09 09 76 FF 
76 09 05 FF 05 05 09 05 09 05 09 0E 0E 0A 09 09 09 9A 
76 09 05 FF 05 09 09 05 09 0E 09 05 0A 2E 0E 05 05 9A 
76 09 05 FF 0A 05 09 09 05 0E 0E 05 05 05 05 05 05 7A 
7A 09 09 FF 05 05 05 05 09 05 05 05 05 05 05 05 05 7A 
76 05 05 FF 05 09 05 09 05 09 05 05 05 FF 05 05 04 7A 
7A 05 05 05 05 09 05 05 05 04 05 05 05 FF 04 04 04 76 
FF 7A 05 05 05 0E 09 05 05 05 05 05 05 00 04 04 9A FF 
FF 7A 05 05 FF 0A 0E 0A 05 04 04 04 00 FF 00 04 7A FF 
FF FF FF 7A 7A 0A FF FF 00 00 FF FF 00 04 7A FF FF FF 
FF FF FF FF 7A 0A 0A 0A 04 04 04 00 04 9A FF FF FF FF 
FF FF FF FF FF 76 76 76 76 7A 7A 7A 76 FF FF FF FF FF 
// Image: potion2_15_framesTile_10
@6780
FF FF FF FF FF FF FF FF FF FF FF FF FF FF FF FF FF FF 
FF FF FF FF FF FF FF FF 8E 25 FF FF FF FF FF FF FF FF 
FF FF FF FF FF FF FF 8E 8E 46 25 FF FF FF FF FF FF FF 
FF FF FF FF FF 8E 8E 6A 46 46 46 45 21 FF FF FF FF FF 
FF FF FF FF 8E 8E 6A 46 46 46 46 25 25 25 FF FF FF FF 
FF FF FF FF FF 46 46 6A 46 46 46 25 25 FF FF FF FF FF 
FF FF FF FF FF FF 46 46 46 46 25 25 FF FF FF FF FF FF 
FF FF FF FF FF FF FF 46 46 25 25 FF FF FF FF FF FF FF 
FF FF FF FF FF FF 88 88 88 88 88 88 FF FF FF FF FF FF 
FF FF FF FF FF FF 88 88 88 88 88 88 FF FF FF FF FF FF 
FF FF FF FF FF FF 88 88 88 88 88 A8 FF FF FF FF FF FF 
FF FF FF FF FF FF FF 91 8D 8D 8D FF FF FF FF FF FF FF 
FF FF FF FF FF FF FF 7A 91 91 7A FF FF FF FF FF FF FF 
FF FF FF FF FF FF FF 7A 7A 7A 76 FF FF FF FF FF FF FF 
FF FF FF FF FF FF FF 7A 7A 76 7A FF FF FF FF FF FF FF 
FF FF FF FF FF FF 9A 9A 7A 7A 7A 76 FF FF FF FF FF FF 
FF FF FF FF FF 96 96 9A 7A 7A 7A 76 76 FF FF FF FF FF 
FF FF FF FF 96 9A FF 9A 9A 7A 7A 76 7A 76 FF FF FF FF 
FF FF FF 9A 9A 9A FF 9A 9A 7A 7A 7A 7A 76 76 FF FF FF 
FF 7A 9A 0E 0E 0E 0E 0E 0E 09 09 09 09 09 09 7A 76 FF 
FF 7A 09 FF 0E 2E 2E 2E 05 09 09 09 09 05 05 05 76 FF 
76 09 09 FF 05 05 09 05 09 05 09 0A 0A 09 09 09 09 9A 
76 09 05 FF 0A 09 09 05 09 05 09 0E 0E 0A 05 05 05 9A 
76 05 05 FF 0A 0A 05 09 05 0E 05 05 09 2E 0E 05 05 7A 
7A 05 09 FF 05 09 05 2E 0A 0E 05 05 05 05 05 05 05 7A 
76 05 05 FF 05 09 05 09 05 09 09 05 05 FF 05 05 04 7A 
7A 05 05 05 05 0A 05 05 05 05 05 05 05 FF 04 04 04 76 
FF 7A 05 09 09 0E 0A 05 05 05 05 05 05 00 04 04 9A FF 
FF 7A 04 05 FF 0A 0E 09 05 04 04 04 00 FF 00 04 7A FF 
FF FF FF 7A 7A 0A FF FF 00 00 FF FF 00 04 7A FF FF FF 
FF FF FF FF 7A 0A 0A 0A 04 04 04 00 04 9A FF FF FF FF 
FF FF FF FF FF 76 76 76 76 7A 7A 7A 76 FF FF FF FF FF 
// Image: potion2_15_framesTile_11
@69C0
FF FF FF FF FF FF FF FF FF FF FF FF FF FF FF FF FF FF 
FF FF FF FF FF FF FF FF 8E 25 FF FF FF FF FF FF FF FF 
FF FF FF FF FF FF FF 8E 8E 46 25 FF FF FF FF FF FF FF 
FF FF FF FF FF 8E 8E 6A 46 46 46 45 21 FF FF FF FF FF 
FF FF FF FF 8E 8E 6A 46 46 46 46 25 25 25 FF FF FF FF 
FF FF FF FF FF 46 46 6A 46 46 46 25 25 FF FF FF FF FF 
FF FF FF FF FF FF 46 46 46 46 25 25 FF FF FF FF FF FF 
FF FF FF FF FF FF FF 46 46 25 25 FF FF FF FF FF FF FF 
FF FF FF FF FF FF 88 88 88 88 88 88 FF FF FF FF FF FF 
FF FF FF FF FF FF 88 88 88 88 88 88 FF FF FF FF FF FF 
FF FF FF FF FF FF 88 88 88 88 88 A8 FF FF FF FF FF FF 
FF FF FF FF FF FF FF 91 8D 8D 8D FF FF FF FF FF FF FF 
FF FF FF FF FF FF FF 7A 91 91 7A FF FF FF FF FF FF FF 
FF FF FF FF FF FF FF 7A 7A 7A 76 FF FF FF FF FF FF FF 
FF FF FF FF FF FF FF 7A 7A 76 7A FF FF FF FF FF FF FF 
FF FF FF FF FF FF 9A 9A 7A 7A 7A 76 FF FF FF FF FF FF 
FF FF FF FF FF 96 96 9A 7A 7A 7A 76 76 FF FF FF FF FF 
FF FF FF FF 96 9A FF 9A 9A 7A 7A 76 7A 76 FF FF FF FF 
FF FF FF 9A 9A 9A FF 9A 9A 7A 7A 7A 7A 76 76 FF FF FF 
FF 7A 9A 05 0E 0E 0E 0E 0E 2E 05 09 05 09 05 7A 76 FF 
FF 7A 05 FF 05 2E 2E 2E 2E 05 05 05 09 09 05 05 76 FF 
76 09 09 FF 05 05 09 05 05 05 09 0A 0A 09 09 09 09 9A 
76 09 05 FF 0A 09 09 05 09 05 09 0E 0E 0A 05 05 09 9A 
76 05 05 FF 0A 0A 05 09 05 0E 05 05 09 2E 0E 05 05 7A 
7A 05 09 FF 05 09 05 2E 0A 0E 05 05 05 05 05 05 04 7A 
76 05 05 FF 05 09 05 09 05 09 09 05 05 FF 04 04 04 7A 
7A 05 05 05 05 0A 05 05 05 05 09 05 05 FF 04 04 04 76 
FF 7A 05 05 09 0E 0A 05 05 05 05 05 05 00 04 04 9A FF 
FF 7A 04 05 FF 0A 0E 09 05 04 04 04 00 FF 00 04 7A FF 
FF FF FF 7A 7A 0A FF FF 00 00 FF FF 00 04 7A FF FF FF 
FF FF FF FF 7A 0A 0A 0A 04 04 04 00 04 9A FF FF FF FF 
FF FF FF FF FF 76 76 76 76 7A 7A 7A 76 FF FF FF FF FF 
// Image: potion2_15_framesTile_12
@6C00
FF FF FF FF FF FF FF FF FF FF FF FF FF FF FF FF FF FF 
FF FF FF FF FF FF FF FF 8E 25 FF FF FF FF FF FF FF FF 
FF FF FF FF FF FF FF 8E 8E 46 25 FF FF FF FF FF FF FF 
FF FF FF FF FF 8E 8E 6A 46 46 46 45 21 FF FF FF FF FF 
FF FF FF FF 8E 8E 6A 46 46 46 46 25 25 25 FF FF FF FF 
FF FF FF FF FF 46 46 6A 46 46 46 25 25 FF FF FF FF FF 
FF FF FF FF FF FF 46 46 46 46 25 25 FF FF FF FF FF FF 
FF FF FF FF FF FF FF 46 46 25 25 FF FF FF FF FF FF FF 
FF FF FF FF FF FF 88 88 88 88 88 88 FF FF FF FF FF FF 
FF FF FF FF FF FF 88 88 88 88 88 88 FF FF FF FF FF FF 
FF FF FF FF FF FF 88 88 88 88 88 A8 FF FF FF FF FF FF 
FF FF FF FF FF FF FF 91 8D 8D 8D FF FF FF FF FF FF FF 
FF FF FF FF FF FF FF 7A 91 91 7A FF FF FF FF FF FF FF 
FF FF FF FF FF FF FF 7A 7A 7A 76 FF FF FF FF FF FF FF 
FF FF FF FF FF FF FF 7A 7A 76 7A FF FF FF FF FF FF FF 
FF FF FF FF FF FF 9A 9A 7A 7A 7A 76 FF FF FF FF FF FF 
FF FF FF FF FF 96 96 9A 7A 7A 7A 76 76 FF FF FF FF FF 
FF FF FF FF 96 9A FF 9A 9A 7A 7A 76 7A 76 FF FF FF FF 
FF FF FF 9A 9A 9A FF 9A 9A 7A 7A 7A 7A 76 76 FF FF FF 
FF 7A 9A 05 05 2E 0E 0E 0E 2E 2E 09 05 05 05 7A 76 FF 
FF 7A 05 FF 05 05 2E 2E 2E 05 05 05 09 09 09 09 76 FF 
76 09 09 FF 0A 05 09 05 05 05 09 09 09 09 09 09 09 9A 
76 09 05 FF 0A 0A 09 05 09 09 09 0A 0A 05 09 09 05 9A 
76 05 05 FF 09 05 09 09 05 05 05 0E 0E 0A 05 05 05 7A 
7A 05 09 FF 05 09 05 05 09 0E 0E 05 05 05 05 04 04 7A 
76 05 05 FF 05 05 05 09 05 0E 09 05 05 FF 04 04 04 7A 
7A 05 05 05 05 0A 05 05 05 05 09 09 05 FF 04 04 04 76 
FF 7A 05 05 0A 0E 0A 05 05 04 05 05 05 00 04 04 9A FF 
FF 7A 04 00 FF 0A 0E 0A 05 04 04 04 00 FF 00 04 7A FF 
FF FF FF 7A 7A 0A FF FF 00 00 FF FF 00 04 7A FF FF FF 
FF FF FF FF 7A 00 0A 00 04 04 04 00 04 9A FF FF FF FF 
FF FF FF FF FF 76 76 76 76 7A 7A 7A 76 FF FF FF FF FF 
// Image: potion2_15_framesTile_13
@6E40
FF FF FF FF FF FF FF FF FF FF FF FF FF FF FF FF FF FF 
FF FF FF FF FF FF FF FF 8E 25 FF FF FF FF FF FF FF FF 
FF FF FF FF FF FF FF 8E 8E 46 25 FF FF FF FF FF FF FF 
FF FF FF FF FF 8E 8E 6A 46 46 46 45 21 FF FF FF FF FF 
FF FF FF FF 8E 8E 6A 46 46 46 46 25 25 25 FF FF FF FF 
FF FF FF FF FF 46 46 6A 46 46 46 25 25 FF FF FF FF FF 
FF FF FF FF FF FF 46 46 46 46 25 25 FF FF FF FF FF FF 
FF FF FF FF FF FF FF 46 46 25 25 FF FF FF FF FF FF FF 
FF FF FF FF FF FF 88 88 88 88 88 88 FF FF FF FF FF FF 
FF FF FF FF FF FF 88 88 88 88 88 88 FF FF FF FF FF FF 
FF FF FF FF FF FF 88 88 88 88 88 A8 FF FF FF FF FF FF 
FF FF FF FF FF FF FF 91 8D 8D 8D FF FF FF FF FF FF FF 
FF FF FF FF FF FF FF 7A 91 91 7A FF FF FF FF FF FF FF 
FF FF FF FF FF FF FF 7A 7A 7A 76 FF FF FF FF FF FF FF 
FF FF FF FF FF FF FF 7A 7A 76 7A FF FF FF FF FF FF FF 
FF FF FF FF FF FF 9A 9A 7A 7A 7A 76 FF FF FF FF FF FF 
FF FF FF FF FF 96 96 9A 7A 7A 7A 76 76 FF FF FF FF FF 
FF FF FF FF 96 9A FF 9A 9A 7A 7A 76 7A 76 FF FF FF FF 
FF FF FF 9A 9A 9A FF 9A 9A 7A 7A 7A 7A 0E 76 FF FF FF 
FF 7A 9A 05 05 0E 0E 0E 0E 2E 2E 2E 05 05 05 7A 76 FF 
FF 7A 05 FF 05 05 05 2E 2E 2E 05 05 05 05 09 09 76 FF 
76 09 09 FF 0A 05 09 05 05 05 09 09 09 09 09 09 05 9A 
76 09 05 FF 0A 0A 09 05 09 09 09 05 09 05 05 05 05 9A 
76 05 05 FF 09 05 09 09 05 05 05 0A 0A 05 05 05 05 7A 
7A 05 09 FF 05 05 05 05 09 0E 0E 05 05 0A 0E 05 04 7A 
76 05 05 FF 05 0A 05 09 05 0E 05 05 05 FF 05 04 04 7A 
7A 05 05 05 0A 0E 0A 05 05 05 09 0A 05 FF 00 04 04 76 
FF 7A 05 05 0E 0E 0E 0A 05 04 05 05 05 00 04 04 9A FF 
FF 7A 04 00 FF 0A 0A 0E 05 04 04 04 00 FF 00 04 7A FF 
FF FF FF 7A 7A 00 FF FF 00 00 FF FF 00 04 7A FF FF FF 
FF FF FF FF 7A 04 00 00 04 04 04 00 04 9A FF FF FF FF 
FF FF FF FF FF 76 76 76 76 7A 7A 7A 76 FF FF FF FF FF 
// Image: potion2_15_framesTile_14
@7080
FF FF FF FF FF FF FF FF FF FF FF FF FF FF FF FF FF FF 
FF FF FF FF FF FF FF FF 8E 25 FF FF FF FF FF FF FF FF 
FF FF FF FF FF FF FF 8E 8E 46 25 FF FF FF FF FF FF FF 
FF FF FF FF FF 8E 8E 6A 46 46 46 45 21 FF FF FF FF FF 
FF FF FF FF 8E 8E 6A 46 46 46 46 25 25 25 FF FF FF FF 
FF FF FF FF FF 46 46 6A 46 46 46 25 25 FF FF FF FF FF 
FF FF FF FF FF FF 46 46 46 46 25 25 FF FF FF FF FF FF 
FF FF FF FF FF FF FF 46 46 25 25 FF FF FF FF FF FF FF 
FF FF FF FF FF FF 88 88 88 88 88 88 FF FF FF FF FF FF 
FF FF FF FF FF FF 88 88 88 88 88 88 FF FF FF FF FF FF 
FF FF FF FF FF FF 88 88 88 88 88 A8 FF FF FF FF FF FF 
FF FF FF FF FF FF FF 91 8D 8D 8D FF FF FF FF FF FF FF 
FF FF FF FF FF FF FF 7A 91 91 7A FF FF FF FF FF FF FF 
FF FF FF FF FF FF FF 7A 7A 7A 76 FF FF FF FF FF FF FF 
FF FF FF FF FF FF FF 7A 7A 76 7A FF FF FF FF FF FF FF 
FF FF FF FF FF FF 9A 9A 7A 7A 7A 76 FF FF FF FF FF FF 
FF FF FF FF FF 96 96 9A 7A 7A 7A 76 76 FF FF FF FF FF 
FF FF FF FF 96 9A FF 9A 9A 7A 7A 76 7A 76 FF FF FF FF 
FF FF FF 9A 9A 9A FF 9A 9A 7A 7A 7A 2E 0E 76 FF FF FF 
FF 7A 9A 05 05 05 0E 0E 0E 0E 0E 2E 2E 09 05 7A 76 FF 
FF 7A 05 FF 0A 05 05 05 2E 2E 2E 05 09 09 09 09 76 FF 
76 09 09 FF 0A 0A 09 05 05 05 09 09 09 09 09 09 09 9A 
76 09 05 FF 05 09 09 09 09 09 09 05 09 05 05 05 05 9A 
76 05 05 FF 09 05 05 2E 0A 05 05 0A 0A 05 05 05 05 7A 
7A 05 09 FF 05 0A 05 05 09 0E 0E 05 05 0A 0E 05 04 7A 
76 05 05 FF 0A 0E 0A 05 05 0E 05 05 05 FF 05 04 04 7A 
7A 05 05 05 0E 0E 0E 0A 05 05 09 0A 05 FF 04 04 04 76 
FF 7A 05 05 0A 0E 0A 0E 05 05 05 05 05 00 04 04 9A FF 
FF 7A 04 00 FF 0A 0A 0E 05 04 05 05 00 FF 00 04 7A FF 
FF FF FF 7A 7A 00 FF FF 00 00 FF FF 00 04 7A FF FF FF 
FF FF FF FF 7A 04 00 00 04 04 04 00 04 9A FF FF FF FF 
FF FF FF FF FF 76 76 76 76 7A 7A 7A 76 FF FF FF FF FF 
// Image: potion3_24_framesTile_0
@72C0
FF FF FF FF DA D6 D6 D1 D6 AD 8D 68 44 20 FF FF FF FF 
FF FF FF FF D1 D1 B1 AD AD 88 64 64 40 20 FF FF FF FF 
FF FF FF FF FF 20 20 20 40 40 40 40 20 FF FF FF FF FF 
FF FF FF FF FF FF 88 88 88 64 64 64 FF FF FF FF FF FF 
FF FF FF FF FF FF D1 AD AD 64 64 64 FF FF FF FF FF FF 
FF FF FF FF FF FF 64 44 40 40 20 20 FF FF FF FF FF FF 
FF FF DA D6 DA D5 D5 B1 AD AD AD AD 8D 44 40 40 FF FF 
FF FF D6 D6 D6 DA D5 B1 AD AD AD AD 89 64 40 40 FF FF 
FF FF FF FF 40 40 20 20 20 20 20 20 20 20 FF FF FF FF 
FF 32 56 FF 2E 52 52 2E 52 2E 32 9A 2E 2E 32 2E 2E FF 
FF FF 52 52 52 4D 4D 4D 4D 4D 4D 4D 4D 52 52 52 FF FF 
FF 96 72 96 72 52 52 52 52 52 52 52 52 52 52 52 52 FF 
96 76 96 96 96 96 96 96 96 96 96 96 96 96 96 96 96 76 
96 76 76 96 96 96 96 96 76 96 96 96 96 96 96 76 76 76 
96 76 FF 96 96 96 96 96 96 96 96 96 96 96 76 76 76 76 
96 76 FF 76 96 76 96 96 96 96 96 76 76 96 96 96 7A 76 
96 08 FF 76 76 76 96 96 96 96 96 96 96 96 7A FF 5A 72 
92 08 FF 08 76 76 76 76 96 76 76 96 7A 5A 5A 5A 3A 76 
92 08 FF 08 09 08 08 76 76 96 76 7A 5A 3A 3A FF 3A 76 
92 08 FF 08 0D 0D 0D 08 08 08 3A 3A 3A 3A 3A FF 08 76 
92 08 FF 08 0D 35 0D 0D 0D 0D 08 08 08 08 08 08 08 72 
92 08 08 0D 2D 5A 2D 0D 0D 0D 2D 0D 08 08 08 08 08 72 
92 08 08 0D 35 2D 2D 2D 35 0D 0D 09 0D 08 08 FF 08 76 
92 08 FF 0D 2D 35 2D 2D 2D 5A 0D 08 08 08 09 FF 08 76 
92 08 08 08 2D 35 35 2D 5A 35 0D 0C 2D 35 35 FF 08 76 
92 08 08 08 0D 2D 36 2D 2D 2D 2D 2D 35 35 08 08 08 76 
96 08 FF 08 08 08 2D 5A 2D 2D 0C 0C 0C 08 08 08 08 76 
96 08 FF 04 08 08 08 0C 35 35 08 31 56 08 08 08 08 76 
96 08 08 FF 04 08 08 08 08 08 08 08 08 08 08 08 08 76 
96 08 04 08 FF FF FF 08 FF FF 08 08 08 04 08 04 08 76 
FF 96 08 08 08 08 04 04 08 08 08 08 08 08 08 08 76 FF 
FF FF 96 76 72 76 76 76 76 76 72 76 72 72 72 72 FF FF 
// Image: potion3_24_framesTile_1
@7500
FF FF FF FF DA D6 D6 D1 D6 AD 8D 68 44 20 FF FF FF FF 
FF FF FF FF D1 D1 B1 AD AD 88 64 64 40 20 FF FF FF FF 
FF FF FF FF FF 20 20 20 40 40 40 40 20 FF FF FF FF FF 
FF FF FF FF FF FF 88 88 88 64 64 64 FF FF FF FF FF FF 
FF FF FF FF FF FF D1 AD AD 64 64 64 FF FF FF FF FF FF 
FF FF FF FF FF FF 64 44 40 40 20 20 FF FF FF FF FF FF 
FF FF DA D6 DA D5 D5 B1 AD AD AD AD 8D 44 40 40 FF FF 
FF FF D6 D6 D6 DA D5 B1 AD AD AD AD 89 64 40 40 FF FF 
FF FF FF FF 40 40 20 20 20 20 20 20 20 20 FF FF FF FF 
FF 32 56 FF 2E 52 52 2E 52 2E 32 9A 2E 2E 32 2E 2E FF 
FF FF 52 52 52 4D 4D 4D 4D 4D 4D 4D 4D 52 52 52 FF FF 
FF 96 72 96 72 52 52 52 52 52 52 52 52 52 52 52 52 FF 
96 76 96 96 96 96 96 96 96 96 96 96 96 96 96 96 96 76 
96 76 76 96 96 96 96 96 76 96 96 96 96 96 96 76 76 76 
96 76 FF 96 96 96 96 96 96 96 96 96 96 96 76 76 76 76 
96 76 FF 76 96 76 96 96 96 96 96 76 76 96 96 7A 7A 76 
96 08 FF 76 76 76 96 96 96 96 96 96 96 7A 7A FF 5A 72 
92 08 FF 08 08 76 76 76 96 76 76 7A 7A 5A 5A 3A 3A 76 
92 08 FF 08 0D 0D 0D 08 76 96 7A 7A 3A 3A 3A FF 3A 76 
92 08 FF 08 0D 35 0D 0C 08 08 08 3A 3A 3A 3A FF 36 76 
92 08 FF 0D 2D 5A 0D 0D 0D 0D 09 08 08 08 08 08 08 72 
92 08 08 0D 35 2D 2D 0D 35 0D 2D 0D 08 08 08 08 08 76 
92 08 08 0D 2D 35 2D 2D 0D 0D 0D 0D 0D 08 08 FF 08 76 
92 08 FF 08 0D 2D 2D 2D 2D 5A 0D 0D 0C 0D 0D FF 08 76 
92 08 08 08 0D 2D 35 2D 2D 35 0D 2D 35 35 0D FF 08 76 
92 08 08 08 0D 2D 36 5A 2D 2D 2D 2D 0D 0C 08 08 08 76 
96 08 FF 08 08 08 2D 2D 35 2D 0C 0C 08 08 08 08 08 76 
96 08 FF 04 08 08 08 08 0C 35 08 31 56 08 08 08 08 76 
96 08 08 FF 04 08 08 08 08 08 08 08 08 08 08 08 04 76 
96 08 04 08 FF FF FF 04 FF FF 08 08 08 04 04 04 08 76 
FF 96 08 08 08 08 04 04 04 08 08 08 08 08 08 08 76 FF 
FF FF 96 76 72 76 76 76 76 76 72 76 72 72 72 72 FF FF 
// Image: potion3_24_framesTile_2
@7740
FF FF FF FF DA D6 D6 D1 D6 AD 8D 68 44 20 FF FF FF FF 
FF FF FF FF D1 D1 B1 AD AD 88 64 64 40 20 FF FF FF FF 
FF FF FF FF FF 20 20 20 40 40 40 40 20 FF FF FF FF FF 
FF FF FF FF FF FF 88 88 88 64 64 64 FF FF FF FF FF FF 
FF FF FF FF FF FF D1 AD AD 64 64 64 FF FF FF FF FF FF 
FF FF FF FF FF FF 64 44 40 40 20 20 FF FF FF FF FF FF 
FF FF DA D6 DA D5 D5 B1 AD AD AD AD 8D 44 40 40 FF FF 
FF FF D6 D6 D6 DA D5 B1 AD AD AD AD 89 64 40 40 FF FF 
FF FF FF FF 40 40 20 20 20 20 20 20 20 20 FF FF FF FF 
FF 32 56 FF 2E 52 52 2E 52 2E 32 9A 2E 2E 32 2E 2E FF 
FF FF 52 52 52 4D 4D 4D 4D 4D 4D 4D 4D 52 52 52 FF FF 
FF 96 72 96 72 52 52 52 52 52 52 52 52 52 52 52 52 FF 
96 76 96 96 96 96 96 96 96 96 96 96 96 96 96 96 96 76 
96 76 76 96 96 96 96 96 76 96 96 96 96 96 96 76 76 76 
96 76 FF 96 96 96 96 96 96 96 96 96 96 96 76 76 76 76 
96 76 FF 76 96 76 96 96 96 96 96 76 76 96 7A 7A 96 76 
96 96 FF 08 76 76 96 96 96 96 96 96 7A 7A 7A FF 5A 72 
92 08 FF 08 08 08 76 76 96 76 7A 7A 7A 5A 3A 3A 5A 76 
92 08 FF 08 0D 0D 0D 08 08 7A 7A 7A 3A 3A 3A FF 3A 76 
92 08 FF 08 0D 35 0D 0C 08 08 08 08 3A 3A 36 FF 36 76 
92 08 FF 0D 2D 5A 0D 0D 0D 0D 0D 08 08 08 08 08 08 72 
92 08 08 0D 35 2D 2D 2D 35 0D 2D 0D 08 08 08 08 08 76 
92 08 08 0D 2D 35 2D 2D 2D 5A 0D 0D 0D 0D 08 FF 08 76 
92 08 FF 0C 2D 2D 2D 2D 2D 0D 0D 0D 0D 0D 0D FF 08 76 
92 08 08 08 0D 2D 36 2D 2D 2D 0D 2D 35 35 0D FF 08 76 
92 08 08 08 0D 0D 2D 5A 2D 2D 2D 2D 2D 0D 08 08 08 76 
96 08 FF 08 08 08 0D 2D 35 35 0C 31 56 08 08 08 08 76 
96 08 FF 04 08 08 08 08 08 0C 08 08 08 08 08 08 08 76 
96 08 08 FF 04 08 08 08 08 08 08 08 08 08 08 08 04 76 
96 08 04 08 FF FF FF 04 FF FF 04 08 08 04 04 04 08 76 
FF 96 08 08 08 08 04 04 04 08 04 04 08 08 08 08 76 FF 
FF FF 96 76 72 76 76 76 76 76 72 76 72 72 72 72 FF FF 
// Image: potion3_24_framesTile_3
@7980
FF FF FF FF DA D6 D6 D1 D6 AD 8D 68 44 20 FF FF FF FF 
FF FF FF FF D1 D1 B1 AD AD 88 64 64 40 20 FF FF FF FF 
FF FF FF FF FF 20 20 20 40 40 40 40 20 FF FF FF FF FF 
FF FF FF FF FF FF 88 88 88 64 64 64 FF FF FF FF FF FF 
FF FF FF FF FF FF D1 AD AD 64 64 64 FF FF FF FF FF FF 
FF FF FF FF FF FF 64 44 40 40 20 20 FF FF FF FF FF FF 
FF FF DA D6 DA D5 D5 B1 AD AD AD AD 8D 44 40 40 FF FF 
FF FF D6 D6 D6 DA D5 B1 AD AD AD AD 89 64 40 40 FF FF 
FF FF FF FF 40 40 20 20 20 20 20 20 20 20 FF FF FF FF 
FF 32 56 FF 2E 52 52 2E 52 2E 32 9A 2E 2E 32 2E 2E FF 
FF FF 52 52 52 4D 4D 4D 4D 4D 4D 4D 4D 52 52 52 FF FF 
FF 96 72 96 72 52 52 52 52 52 52 52 52 52 52 52 52 FF 
96 76 96 96 96 96 96 96 96 96 96 96 96 96 96 96 96 76 
96 76 76 96 96 96 96 96 76 96 96 96 96 96 96 76 76 76 
96 76 FF 96 96 96 96 96 96 96 96 96 96 96 76 76 76 76 
96 76 FF 76 96 76 96 96 96 96 96 76 76 7A 7A 96 96 76 
96 96 FF 08 08 76 96 96 96 96 96 7A 7A 7A 5A FF 96 72 
92 08 FF 08 08 08 08 76 96 7A 7A 7A 5A 3A 3A 3A 3A 76 
92 08 FF 08 0D 35 0D 09 08 08 7A 5A 3A 3A 3A FF 3A 76 
92 08 FF 0D 2D 5A 0D 0D 08 08 08 08 08 3A 36 FF 36 76 
92 08 FF 0D 35 2D 0D 0D 0D 0D 0D 08 08 08 08 08 08 72 
92 08 08 0D 2D 35 2D 2D 35 0D 2D 0D 08 09 08 08 08 76 
92 08 08 08 0D 2D 2D 2D 2D 5A 0D 0D 0D 0D 0C FF 08 76 
92 08 FF 08 0D 35 2D 2D 2D 0D 0D 0D 2D 35 35 FF 08 76 
92 08 08 08 0D 0D 36 2D 2D 2D 0D 2D 0D 2D 0C FF 08 76 
92 08 08 08 0D 0D 2D 5A 2D 2D 2D 2D 0D 0C 08 08 08 76 
96 08 FF 08 08 08 0D 2D 35 35 08 31 56 08 08 08 08 76 
96 08 FF 04 08 08 08 08 08 0C 08 08 08 08 08 08 08 76 
96 08 08 FF 04 08 08 08 08 08 08 08 08 08 08 08 04 76 
96 08 04 08 FF FF FF 04 FF FF 04 08 08 04 04 04 08 76 
FF 96 08 08 08 08 04 04 04 08 04 04 08 08 08 08 76 FF 
FF FF 96 76 72 76 76 76 76 76 72 76 72 72 72 72 FF FF 
// Image: potion3_24_framesTile_4
@7BC0
FF FF FF FF DA D6 D6 D1 D6 AD 8D 68 44 20 FF FF FF FF 
FF FF FF FF D1 D1 B1 AD AD 88 64 64 40 20 FF FF FF FF 
FF FF FF FF FF 20 20 20 40 40 40 40 20 FF FF FF FF FF 
FF FF FF FF FF FF 88 88 88 64 64 64 FF FF FF FF FF FF 
FF FF FF FF FF FF D1 AD AD 64 64 64 FF FF FF FF FF FF 
FF FF FF FF FF FF 64 44 40 40 20 20 FF FF FF FF FF FF 
FF FF DA D6 DA D5 D5 B1 AD AD AD AD 8D 44 40 40 FF FF 
FF FF D6 D6 D6 DA D5 B1 AD AD AD AD 89 64 40 40 FF FF 
FF FF FF FF 40 40 20 20 20 20 20 20 20 20 FF FF FF FF 
FF 32 56 FF 2E 52 52 2E 52 2E 32 9A 2E 2E 32 2E 2E FF 
FF FF 52 52 52 4D 4D 4D 4D 4D 4D 4D 4D 52 52 52 FF FF 
FF 96 72 96 72 52 52 52 52 52 52 52 52 52 52 52 52 FF 
96 76 96 96 96 96 96 96 96 96 96 96 96 96 96 96 96 76 
96 76 76 96 96 96 96 96 76 96 96 96 96 96 96 76 76 76 
96 76 FF 96 96 96 96 96 96 96 96 96 96 96 76 76 76 76 
96 76 FF 76 96 76 96 96 96 96 96 76 7A 7A 96 96 96 76 
96 96 FF 76 08 08 96 96 96 96 7A 7A 5A 5A 5A FF 96 72 
92 96 FF 08 08 08 08 08 7A 7A 7A 5A 3A 3A 3A 3A 3A 76 
92 08 FF 08 0D 35 0D 08 08 08 08 5A 3A 3A 3A FF 3A 76 
92 08 FF 0D 2D 5A 0D 0D 08 08 08 08 08 08 3A FF 36 76 
92 08 FF 0D 35 2D 2D 0D 0D 0D 0D 08 08 08 08 08 08 72 
92 08 08 0D 2D 35 2D 2D 35 5A 2D 0D 08 0D 08 08 08 76 
92 08 08 0C 2D 2D 2D 2D 2D 0D 0D 0D 0D 0D 0C FF 08 76 
92 08 FF 08 0D 35 35 2D 2D 35 0D 0D 2D 35 35 FF 08 76 
92 08 08 08 0D 0C 2D 2D 2D 2D 0D 2D 2D 2D 0C FF 08 76 
92 08 08 08 09 08 0D 5A 2D 35 2D 35 56 0C 08 08 08 76 
96 08 FF 08 08 08 0D 2D 35 2D 08 08 08 08 08 08 08 76 
96 08 FF 04 08 08 08 08 08 08 08 08 08 08 08 08 08 76 
96 08 08 FF 04 08 08 08 08 08 08 08 08 08 08 08 04 76 
96 08 04 08 FF FF FF 04 FF FF 04 08 08 04 04 04 08 76 
FF 96 08 08 08 08 04 04 04 08 04 04 08 08 08 08 76 FF 
FF FF 96 76 72 76 76 76 76 76 72 76 72 72 72 72 FF FF 
// Image: potion3_24_framesTile_5
@7E00
FF FF FF FF DA D6 D6 D1 D6 AD 8D 68 44 20 FF FF FF FF 
FF FF FF FF D1 D1 B1 AD AD 88 64 64 40 20 FF FF FF FF 
FF FF FF FF FF 20 20 20 40 40 40 40 20 FF FF FF FF FF 
FF FF FF FF FF FF 88 88 88 64 64 64 FF FF FF FF FF FF 
FF FF FF FF FF FF D1 AD AD 64 64 64 FF FF FF FF FF FF 
FF FF FF FF FF FF 64 44 40 40 20 20 FF FF FF FF FF FF 
FF FF DA D6 DA D5 D5 B1 AD AD AD AD 8D 44 40 40 FF FF 
FF FF D6 D6 D6 DA D5 B1 AD AD AD AD 89 64 40 40 FF FF 
FF FF FF FF 40 40 20 20 20 20 20 20 20 20 FF FF FF FF 
FF 32 56 FF 2E 52 52 2E 52 2E 32 9A 2E 2E 32 2E 2E FF 
FF FF 52 52 52 4D 4D 4D 4D 4D 4D 4D 4D 52 52 52 FF FF 
FF 96 72 96 72 52 52 52 52 52 52 52 52 52 52 52 52 FF 
96 76 96 96 96 96 96 96 96 96 96 96 96 96 96 96 96 76 
96 76 76 96 96 96 96 96 76 96 96 96 96 96 96 76 76 76 
96 76 FF 96 96 96 96 96 96 96 96 96 96 96 76 76 76 76 
96 76 FF 76 96 76 96 96 96 96 96 7A 7A 96 96 96 96 76 
96 96 FF 76 76 08 08 96 96 7A 7A 5A 5A 5A 76 FF 96 72 
92 96 FF 08 08 08 08 08 08 7A 5A 5A 3A 3A 3A 3A 96 76 
92 08 FF 08 0D 0D 0C 08 08 08 08 08 3A 3A 3A FF 3A 76 
92 08 FF 0D 0D 35 0D 0D 0D 0D 08 08 08 08 08 FF 36 76 
92 08 FF 0D 2D 5A 2D 0D 35 0D 0D 08 0D 08 08 08 08 72 
92 08 08 0D 35 2D 2D 2D 0D 5A 31 0D 0C 0D 0C 08 08 72 
92 08 08 0D 2D 35 2D 2D 2D 0D 0D 2D 0D 35 35 FF 08 76 
92 08 FF 0D 2D 2D 35 2D 5A 35 0D 2D 35 35 2D FF 08 76 
92 08 08 08 0D 0D 2D 5A 2D 2D 0D 2D 0C 0C 08 FF 08 76 
92 08 08 08 09 0D 0D 0D 35 35 2D 35 56 08 08 08 08 76 
96 08 FF 08 08 08 0D 0D 0C 0D 08 08 08 08 08 08 08 76 
96 08 FF 04 08 08 08 08 08 08 08 08 08 08 08 08 08 76 
96 08 08 FF 04 08 08 08 08 08 08 08 08 08 08 08 04 76 
96 08 04 08 FF FF FF 04 FF FF 04 08 08 04 04 04 08 76 
FF 96 08 08 08 08 04 04 04 08 04 04 08 08 08 08 76 FF 
FF FF 96 76 72 76 76 76 76 76 72 76 72 72 72 72 FF FF 
// Image: potion3_24_framesTile_6
@8040
FF FF FF FF DA D6 D6 D1 D6 AD 8D 68 44 20 FF FF FF FF 
FF FF FF FF D1 D1 B1 AD AD 88 64 64 40 20 FF FF FF FF 
FF FF FF FF FF 20 20 20 40 40 40 40 20 FF FF FF FF FF 
FF FF FF FF FF FF 88 88 88 64 64 64 FF FF FF FF FF FF 
FF FF FF FF FF FF D1 AD AD 64 64 64 FF FF FF FF FF FF 
FF FF FF FF FF FF 64 44 40 40 20 20 FF FF FF FF FF FF 
FF FF DA D6 DA D5 D5 B1 AD AD AD AD 8D 44 40 40 FF FF 
FF FF D6 D6 D6 DA D5 B1 AD AD AD AD 89 64 40 40 FF FF 
FF FF FF FF 40 40 20 20 20 20 20 20 20 20 FF FF FF FF 
FF 32 56 FF 2E 52 52 2E 52 2E 32 9A 2E 2E 32 2E 2E FF 
FF FF 52 52 52 4D 4D 4D 4D 4D 4D 4D 4D 52 52 52 FF FF 
FF 96 72 96 72 52 52 52 52 52 52 52 52 52 52 52 52 FF 
96 76 96 96 96 96 96 96 96 96 96 96 96 96 96 96 96 76 
96 76 76 96 96 96 96 96 76 96 96 96 96 96 96 76 76 76 
96 76 FF 96 96 96 96 96 96 96 96 96 96 96 76 76 76 76 
96 76 FF 76 96 76 96 96 96 96 7A 7A 76 96 96 96 96 76 
96 96 FF 76 76 76 08 08 9A 7A 5A 5A 5A 96 76 FF 96 72 
92 96 FF 96 08 08 08 08 08 08 5A 3A 3A 3A 3A 76 96 76 
92 96 FF 08 0D 0D 0D 08 08 08 08 08 08 3A 3A FF 3A 76 
92 08 FF 08 0D 35 0D 0D 0D 0D 0D 08 08 08 08 FF 3A 76 
92 08 FF 0D 2D 5A 2D 0D 35 5A 2D 08 0D 08 08 08 08 72 
92 08 08 0D 35 2D 2D 2D 0D 0D 31 0D 0C 2D 0C 08 08 72 
92 08 08 0D 2D 35 2D 2D 2D 35 0D 2D 2D 35 35 FF 08 76 
92 08 FF 0C 2D 2D 2D 2D 5A 2D 0D 2D 35 35 2D FF 08 76 
92 08 08 08 0D 2D 36 5A 2D 35 2D 31 56 0D 08 FF 08 76 
92 08 08 08 0D 0D 2D 2D 35 2D 0D 0D 0C 08 08 08 08 76 
96 08 FF 08 08 08 0D 0D 0C 0D 08 08 08 08 08 08 08 76 
96 08 FF 04 08 08 08 08 08 08 08 08 08 08 08 08 08 76 
96 08 08 FF 04 08 08 08 08 08 08 08 08 08 08 08 04 76 
96 08 04 08 FF FF FF 04 FF FF 04 08 08 04 04 04 08 76 
FF 96 08 08 08 08 04 04 04 04 04 04 08 08 08 08 76 FF 
FF FF 96 76 72 76 76 76 76 76 72 76 72 72 72 72 FF FF 
// Image: potion3_24_framesTile_7
@8280
FF FF FF FF DA D6 D6 D1 D6 AD 8D 68 44 20 FF FF FF FF 
FF FF FF FF D1 D1 B1 AD AD 88 64 64 40 20 FF FF FF FF 
FF FF FF FF FF 20 20 20 40 40 40 40 20 FF FF FF FF FF 
FF FF FF FF FF FF 88 88 88 64 64 64 FF FF FF FF FF FF 
FF FF FF FF FF FF D1 AD AD 64 64 64 FF FF FF FF FF FF 
FF FF FF FF FF FF 64 44 40 40 20 20 FF FF FF FF FF FF 
FF FF DA D6 DA D5 D5 B1 AD AD AD AD 8D 44 40 40 FF FF 
FF FF D6 D6 D6 DA D5 B1 AD AD AD AD 89 64 40 40 FF FF 
FF FF FF FF 40 40 20 20 20 20 20 20 20 20 FF FF FF FF 
FF 32 56 FF 2E 52 52 2E 52 2E 32 9A 2E 2E 32 2E 2E FF 
FF FF 52 52 52 4D 4D 4D 4D 4D 4D 4D 4D 52 52 52 FF FF 
FF 96 72 96 72 52 52 52 52 52 52 52 52 52 52 52 52 FF 
96 76 96 96 96 96 96 96 96 96 96 96 96 96 96 96 96 76 
96 76 76 96 96 96 96 96 76 96 96 96 96 96 96 76 76 76 
96 76 FF 96 96 96 96 96 96 96 96 96 96 96 76 76 76 76 
96 76 FF 76 96 76 96 96 96 7A 7A 76 76 96 96 96 96 76 
96 96 FF 76 76 76 96 08 08 7A 7A 5A 96 96 76 FF 96 72 
92 96 FF 96 76 08 08 08 08 08 08 5A 3A 3A 76 76 96 76 
92 96 FF 08 08 09 08 08 0C 08 08 08 08 08 3A FF 96 76 
92 08 FF 08 0D 0D 0D 0D 35 0D 0D 08 08 08 08 FF 08 76 
92 08 FF 08 0D 35 0D 0D 2D 5A 2D 0D 0D 2D 0D 0D 08 72 
92 08 08 0D 2D 5A 2D 2D 0D 0D 31 2D 0D 35 35 08 09 72 
92 08 08 0D 35 2D 2D 2D 5A 35 0D 2D 35 35 2D FF 08 76 
92 08 FF 0D 2D 35 2D 2D 2D 0D 0D 2D 2D 2D 0D FF 08 76 
92 08 08 08 2D 35 36 2D 35 35 0D 31 56 08 08 FF 08 76 
92 08 08 08 0D 0D 2D 0D 2D 0C 0C 0D 08 08 08 08 08 76 
96 08 FF 08 08 08 0D 0D 08 08 08 08 08 08 08 08 08 76 
96 08 FF 04 08 08 08 08 08 08 08 08 08 08 08 08 08 76 
96 08 08 FF 04 08 08 08 08 08 08 08 08 08 08 08 04 76 
96 08 04 08 FF FF FF 04 FF FF 04 08 08 04 04 04 08 76 
FF 96 08 08 08 08 04 04 04 04 04 04 08 08 08 08 76 FF 
FF FF 96 76 72 76 76 76 76 76 72 76 72 72 72 72 FF FF 
// Image: potion3_24_framesTile_8
@84C0
FF FF FF FF DA D6 D6 D1 D6 AD 8D 68 44 20 FF FF FF FF 
FF FF FF FF D1 D1 B1 AD AD 88 64 64 40 20 FF FF FF FF 
FF FF FF FF FF 20 20 20 40 40 40 40 20 FF FF FF FF FF 
FF FF FF FF FF FF 88 88 88 64 64 64 FF FF FF FF FF FF 
FF FF FF FF FF FF D1 AD AD 64 64 64 FF FF FF FF FF FF 
FF FF FF FF FF FF 64 44 40 40 20 20 FF FF FF FF FF FF 
FF FF DA D6 DA D5 D5 B1 AD AD AD AD 8D 44 40 40 FF FF 
FF FF D6 D6 D6 DA D5 B1 AD AD AD AD 89 64 40 40 FF FF 
FF FF FF FF 40 40 20 20 20 20 20 20 20 20 FF FF FF FF 
FF 32 56 FF 2E 52 52 2E 52 2E 32 9A 2E 2E 32 2E 2E FF 
FF FF 52 52 52 4D 4D 4D 4D 4D 4D 4D 4D 52 52 52 FF FF 
FF 96 72 96 72 52 52 52 52 52 52 52 52 52 52 52 52 FF 
96 76 96 96 96 96 96 96 96 96 96 96 96 96 96 96 96 76 
96 76 76 96 96 96 96 96 76 96 96 96 96 96 96 76 76 76 
96 76 FF 96 96 96 96 96 96 96 96 96 96 96 76 76 76 76 
96 76 FF 76 96 76 96 96 7A 7A 96 76 76 96 96 96 96 76 
96 96 FF 76 76 76 7A 7A 08 08 7A 96 96 96 76 FF 96 72 
92 96 FF 96 7A 5A 08 08 08 08 08 08 5A 76 76 76 96 76 
92 96 FF 5A 08 08 0D 0D 0D 0D 08 08 08 08 08 FF 96 76 
92 08 FF 08 08 0D 0D 0D 35 5A 0D 08 08 08 08 FF 08 76 
92 08 FF 08 0D 35 0D 0D 2D 0D 2D 0D 2D 0D 0D 0D 08 72 
92 08 08 0D 2D 5A 2D 2D 0D 35 31 2D 0D 35 35 08 09 72 
92 08 08 0D 35 2D 2D 2D 5A 0D 0D 2D 35 35 2D FF 08 76 
92 08 FF 0D 2D 35 2D 2D 2D 0D 0D 2D 2D 2D 0D FF 08 76 
92 08 08 08 2D 35 35 2D 35 2D 0D 31 56 08 08 FF 08 76 
92 08 08 08 0D 2D 36 0D 2D 0C 0C 0D 08 08 08 08 08 76 
96 08 FF 08 08 08 0D 0D 0C 08 08 08 08 08 08 08 08 76 
96 08 FF 04 08 08 08 08 08 08 08 08 08 08 08 08 08 76 
96 08 08 FF 04 08 08 08 08 08 08 08 08 08 08 08 04 76 
96 08 04 08 FF FF FF 04 FF FF 04 08 08 04 04 04 08 76 
FF 96 08 08 08 08 04 04 04 04 04 04 08 08 08 08 76 FF 
FF FF 96 76 72 76 76 76 76 76 72 76 72 72 72 72 FF FF 
// Image: potion3_24_framesTile_9
@8700
FF FF FF FF DA D6 D6 D1 D6 AD 8D 68 44 20 FF FF FF FF 
FF FF FF FF D1 D1 B1 AD AD 88 64 64 40 20 FF FF FF FF 
FF FF FF FF FF 20 20 20 40 40 40 40 20 FF FF FF FF FF 
FF FF FF FF FF FF 88 88 88 64 64 64 FF FF FF FF FF FF 
FF FF FF FF FF FF D1 AD AD 64 64 64 FF FF FF FF FF FF 
FF FF FF FF FF FF 64 44 40 40 20 20 FF FF FF FF FF FF 
FF FF DA D6 DA D5 D5 B1 AD AD AD AD 8D 44 40 40 FF FF 
FF FF D6 D6 D6 DA D5 B1 AD AD AD AD 89 64 40 40 FF FF 
FF FF FF FF 40 40 20 20 20 20 20 20 20 20 FF FF FF FF 
FF 32 56 FF 2E 52 52 2E 52 2E 32 9A 2E 2E 32 2E 2E FF 
FF FF 52 52 52 4D 4D 4D 4D 4D 4D 4D 4D 52 52 52 FF FF 
FF 96 72 96 72 52 52 52 52 52 52 52 52 52 52 52 52 FF 
96 76 96 96 96 96 96 96 96 96 96 96 96 96 96 96 96 76 
96 76 76 96 96 96 96 96 76 96 96 96 96 96 96 76 76 76 
96 76 FF 96 96 96 96 96 96 96 96 96 96 96 76 76 76 76 
96 76 FF 76 96 76 96 7A 7A 96 96 76 76 96 96 96 96 76 
96 96 FF 76 76 7A 5A 7A 5A 08 08 96 96 96 76 FF 96 72 
92 96 FF 7A 5A 3A 3A 08 08 08 08 08 08 76 76 76 96 76 
92 96 FF 3A 3A 08 08 08 0D 0D 08 08 08 08 08 FF 96 76 
92 08 FF 08 08 08 08 0C 0D 5A 0D 0D 0D 0D 0D FF 08 76 
92 08 FF 08 0D 0C 0D 0D 35 0D 2D 0D 2D 35 35 0D 08 72 
92 08 08 08 0D 35 2D 2D 0D 35 31 2D 35 35 2D 08 09 72 
92 08 08 0D 2D 5A 2D 2D 2D 0D 0D 0D 0D 0D 0C FF 08 76 
92 08 FF 0D 35 2D 2D 2D 5A 0D 0D 0D 0C 0C 0D FF 08 76 
92 08 08 08 2D 2D 35 5A 2D 2D 0D 31 56 08 08 FF 08 76 
92 08 08 08 0D 35 36 2D 35 0C 0C 0D 08 08 08 08 08 76 
96 08 FF 08 08 08 2D 2D 0D 0D 08 08 08 08 08 08 08 76 
96 08 FF 04 08 08 08 08 08 08 08 08 08 08 08 08 08 76 
96 08 08 FF 04 08 08 08 08 08 08 08 08 08 08 08 04 76 
96 08 04 08 FF FF FF 04 FF FF 04 08 08 04 04 04 08 76 
FF 96 08 08 08 08 04 04 04 08 04 04 08 08 08 08 76 FF 
FF FF 96 76 72 76 76 76 76 76 72 76 72 72 72 72 FF FF 
// Image: potion3_24_framesTile_10
@8940
FF FF FF FF DA D6 D6 D1 D6 AD 8D 68 44 20 FF FF FF FF 
FF FF FF FF D1 D1 B1 AD AD 88 64 64 40 20 FF FF FF FF 
FF FF FF FF FF 20 20 20 40 40 40 40 20 FF FF FF FF FF 
FF FF FF FF FF FF 88 88 88 64 64 64 FF FF FF FF FF FF 
FF FF FF FF FF FF D1 AD AD 64 64 64 FF FF FF FF FF FF 
FF FF FF FF FF FF 64 44 40 40 20 20 FF FF FF FF FF FF 
FF FF DA D6 DA D5 D5 B1 AD AD AD AD 8D 44 40 40 FF FF 
FF FF D6 D6 D6 DA D5 B1 AD AD AD AD 89 64 40 40 FF FF 
FF FF FF FF 40 40 20 20 20 20 20 20 20 20 FF FF FF FF 
FF 32 56 FF 2E 52 52 2E 52 2E 32 9A 2E 2E 32 2E 2E FF 
FF FF 52 52 52 4D 4D 4D 4D 4D 4D 4D 4D 52 52 52 FF FF 
FF 96 72 96 72 52 52 52 52 52 52 52 52 52 52 52 52 FF 
96 76 96 96 96 96 96 96 96 96 96 96 96 96 96 96 96 76 
96 76 76 96 96 96 96 96 76 96 96 96 96 96 96 76 76 76 
96 76 FF 96 96 96 96 96 96 96 96 96 96 96 76 76 76 76 
96 76 FF 76 96 76 7A 7A 96 96 96 76 76 96 96 96 96 76 
96 96 FF 76 7A 7A 5A 3A 5A 96 08 08 96 96 76 FF 96 72 
92 96 FF 3A 3A 3A 3A 3A 08 08 08 08 08 08 76 76 96 76 
92 3A FF 3A 3A 3A 08 08 08 08 08 08 08 08 08 FF 08 76 
92 3A FF 08 08 08 08 08 0D 0D 0D 0D 0D 0D 0D FF 08 76 
92 08 FF 08 0D 0C 0D 0D 35 5A 0D 0D 2D 35 35 0D 08 72 
92 08 08 08 0D 35 2D 2D 0D 0D 31 2D 35 35 2D 08 09 72 
92 08 08 0D 2D 5A 2D 2D 2D 35 2D 2D 0D 2D 0C FF 08 76 
92 08 FF 0D 35 2D 2D 2D 5A 0D 0D 2D 2D 0C 0D FF 08 76 
92 08 08 08 2D 2D 2D 5A 2D 35 0D 0C 08 08 08 FF 08 76 
92 08 08 08 0D 35 35 2D 35 2D 0C 08 08 08 08 08 08 76 
96 08 FF 08 08 08 36 2D 2D 0D 08 08 08 08 08 08 08 76 
96 08 FF 04 08 08 08 08 08 08 08 08 08 08 08 08 08 76 
96 08 08 FF 04 08 08 08 08 08 08 08 08 08 08 08 04 76 
96 08 04 08 FF FF FF 04 FF FF 04 08 08 04 04 04 08 76 
FF 96 08 08 08 08 04 04 04 08 04 04 08 08 08 08 76 FF 
FF FF 96 76 72 76 76 76 76 76 72 76 72 72 72 72 FF FF 
// Image: potion3_24_framesTile_11
@8B80
FF FF FF FF DA D6 D6 D1 D6 AD 8D 68 44 20 FF FF FF FF 
FF FF FF FF D1 D1 B1 AD AD 88 64 64 40 20 FF FF FF FF 
FF FF FF FF FF 20 20 20 40 40 40 40 20 FF FF FF FF FF 
FF FF FF FF FF FF 88 88 88 64 64 64 FF FF FF FF FF FF 
FF FF FF FF FF FF D1 AD AD 64 64 64 FF FF FF FF FF FF 
FF FF FF FF FF FF 64 44 40 40 20 20 FF FF FF FF FF FF 
FF FF DA D6 DA D5 D5 B1 AD AD AD AD 8D 44 40 40 FF FF 
FF FF D6 D6 D6 DA D5 B1 AD AD AD AD 89 64 40 40 FF FF 
FF FF FF FF 40 40 20 20 20 20 20 20 20 20 FF FF FF FF 
FF 32 56 FF 2E 52 52 2E 52 2E 32 9A 2E 2E 32 2E 2E FF 
FF FF 52 52 52 4D 4D 4D 4D 4D 4D 4D 4D 52 52 52 FF FF 
FF 96 72 96 72 52 52 52 52 52 52 52 52 52 52 52 52 FF 
96 76 96 96 96 96 96 96 96 96 96 96 96 96 96 96 96 76 
96 76 76 96 96 96 96 96 76 96 96 96 96 96 96 76 76 76 
96 76 FF 96 96 96 96 96 96 96 96 96 96 96 76 76 76 76 
96 76 FF 76 96 7A 7A 96 96 96 96 76 76 96 96 96 96 76 
96 96 FF 7A 7A 5A 3A 3A 96 96 96 08 08 96 76 FF 96 72 
92 7A FF 3A 3A 3A 3A 3A 3A 08 08 08 08 08 08 76 96 76 
92 3A FF 3A 3A 3A 3A 08 08 08 08 08 0C 0D 0C FF 08 76 
92 3A FF 08 08 08 08 08 08 0C 0D 0D 2D 35 35 FF 08 76 
92 08 FF 08 0D 08 0D 0D 0D 5A 0D 0D 35 35 2D 0D 08 72 
92 08 08 08 08 0C 0D 0D 35 0D 31 0D 0D 2D 0C 08 09 72 
92 08 08 08 0D 35 0D 2D 2D 35 0D 0D 0D 0D 08 FF 08 76 
92 08 FF 0D 2D 5A 2D 2D 2D 0D 0D 0D 0C 08 08 FF 08 76 
92 08 08 08 2D 35 2D 2D 2D 35 0D 0C 08 08 08 FF 08 76 
92 08 08 08 2D 2D 35 5A 2D 2D 0C 08 08 08 08 08 08 76 
96 08 FF 08 08 35 36 2D 35 0D 08 08 08 08 08 08 08 76 
96 08 FF 08 08 0C 0C 08 08 08 08 08 08 08 08 08 08 76 
96 08 08 FF 08 08 08 08 08 08 08 08 08 08 08 08 04 76 
96 08 04 08 FF FF FF 04 FF FF 04 08 08 04 04 04 08 76 
FF 96 08 08 08 08 04 04 04 08 04 04 08 08 08 08 76 FF 
FF FF 96 76 72 76 76 76 76 76 72 76 72 72 72 72 FF FF 
// Image: potion3_24_framesTile_12
@8DC0
FF FF FF FF DA D6 D6 D1 D6 AD 8D 68 44 20 FF FF FF FF 
FF FF FF FF D1 D1 B1 AD AD 88 64 64 40 20 FF FF FF FF 
FF FF FF FF FF 20 20 20 40 40 40 40 20 FF FF FF FF FF 
FF FF FF FF FF FF 88 88 88 64 64 64 FF FF FF FF FF FF 
FF FF FF FF FF FF D1 AD AD 64 64 64 FF FF FF FF FF FF 
FF FF FF FF FF FF 64 44 40 40 20 20 FF FF FF FF FF FF 
FF FF DA D6 DA D5 D5 B1 AD AD AD AD 8D 44 40 40 FF FF 
FF FF D6 D6 D6 DA D5 B1 AD AD AD AD 89 64 40 40 FF FF 
FF FF FF FF 40 40 20 20 20 20 20 20 20 20 FF FF FF FF 
FF 32 56 FF 2E 52 52 2E 52 2E 32 9A 2E 2E 32 2E 2E FF 
FF FF 52 52 52 4D 4D 4D 4D 4D 4D 4D 4D 52 52 52 FF FF 
FF 96 72 96 72 52 52 52 52 52 52 52 52 52 52 52 52 FF 
96 76 96 96 96 96 96 96 96 96 96 96 96 96 96 96 96 76 
96 76 76 96 96 96 96 96 76 96 96 96 96 96 96 76 76 76 
96 76 FF 96 96 96 96 96 96 96 96 96 96 96 76 76 76 76 
96 76 FF 76 7A 7A 96 96 96 96 96 76 76 96 96 96 96 76 
96 96 FF 7A 5A 3A 3A 96 96 96 96 96 08 08 76 FF 96 72 
92 3A FF 3A 3A 3A 3A 3A 3A 76 08 08 08 08 08 08 96 76 
92 3A FF 3A 3A 3A 3A 3A 08 0D 08 08 0C 0D 0C FF 08 76 
92 3A FF 3A 08 08 08 08 08 08 08 0D 2D 35 35 FF 08 76 
92 08 FF 08 09 08 0D 0D 0D 0D 0D 0D 35 35 2D 0D 08 72 
92 08 08 08 08 0C 0D 0D 35 5A 31 2D 0D 2D 0C 08 09 72 
92 08 08 08 0D 35 0D 2D 2D 2D 2D 2D 0D 0D 08 FF 08 76 
92 08 FF 0D 2D 5A 2D 2D 2D 35 2D 35 56 0C 09 FF 08 76 
92 08 08 08 2D 35 2D 2D 2D 2D 0D 08 08 08 08 FF 08 76 
92 08 08 08 2D 2D 2D 5A 2D 35 0C 08 08 08 08 08 08 76 
96 08 FF 08 08 35 35 2D 35 0D 08 08 08 08 08 08 08 76 
96 08 FF 08 08 0C 36 0C 08 08 08 08 08 08 08 08 08 76 
96 08 08 FF 08 08 08 08 08 08 08 08 08 08 08 08 04 76 
96 08 04 08 FF FF FF 08 FF FF 04 08 08 04 04 04 08 76 
FF 96 08 08 08 08 04 04 04 08 04 04 08 08 08 08 76 FF 
FF FF 96 76 72 76 76 76 76 76 72 76 72 72 72 72 FF FF 
// Image: potion3_24_framesTile_13
@9000
FF FF FF FF DA D6 D6 D1 D6 AD 8D 68 44 20 FF FF FF FF 
FF FF FF FF D1 D1 B1 AD AD 88 64 64 40 20 FF FF FF FF 
FF FF FF FF FF 20 20 20 40 40 40 40 20 FF FF FF FF FF 
FF FF FF FF FF FF 88 88 88 64 64 64 FF FF FF FF FF FF 
FF FF FF FF FF FF D1 AD AD 64 64 64 FF FF FF FF FF FF 
FF FF FF FF FF FF 64 44 40 40 20 20 FF FF FF FF FF FF 
FF FF DA D6 DA D5 D5 B1 AD AD AD AD 8D 44 40 40 FF FF 
FF FF D6 D6 D6 DA D5 B1 AD AD AD AD 89 64 40 40 FF FF 
FF FF FF FF 40 40 20 20 20 20 20 20 20 20 FF FF FF FF 
FF 32 56 FF 2E 52 52 2E 52 2E 32 9A 2E 2E 32 2E 2E FF 
FF FF 52 52 52 4D 4D 4D 4D 4D 4D 4D 4D 52 52 52 FF FF 
FF 96 72 96 72 52 52 52 52 52 52 52 52 52 52 52 52 FF 
96 76 96 96 96 96 96 96 96 96 96 96 96 96 96 96 96 76 
96 76 76 96 96 96 96 96 76 96 96 96 96 96 96 76 76 76 
96 76 FF 96 96 96 96 96 96 96 96 96 96 96 76 76 76 76 
96 76 FF 7A 7A 76 96 96 96 96 96 76 76 96 96 96 96 76 
96 96 FF 5A 3A 3A 96 96 96 96 96 96 96 08 08 FF 96 72 
92 3A FF 3A 3A 3A 3A 3A 96 76 76 08 08 08 08 08 08 76 
92 3A FF 3A 3A 3A 3A 3A 3A 08 0D 08 08 08 08 FF 08 76 
92 3A FF 3A 3A 08 08 08 08 08 08 08 0D 0D 0D FF 08 76 
92 08 FF 08 08 08 09 0D 0D 0D 0D 0D 2D 35 35 0D 08 72 
92 08 08 08 08 08 0D 0D 0D 5A 31 2D 35 35 2D 08 08 72 
92 08 08 08 0C 0D 0D 0D 35 2D 2D 2D 2D 2D 0D FF 08 76 
92 08 FF 08 0D 35 2D 2D 2D 35 2D 35 56 0D 0D FF 08 76 
92 08 08 08 35 2D 2D 2D 5A 2D 0D 08 08 08 08 FF 08 76 
92 08 08 08 2D 35 2D 2D 2D 35 0C 08 08 08 08 08 08 76 
96 08 FF 08 0C 0D 35 5A 2D 2D 08 08 08 08 08 08 08 76 
96 08 FF 08 08 35 36 0D 35 0C 08 08 08 08 08 08 08 76 
96 08 08 FF 08 08 08 08 08 08 08 08 08 08 08 08 04 76 
96 08 04 08 FF FF FF 08 FF FF 04 08 08 04 04 04 08 76 
FF 96 08 08 08 08 08 08 04 08 04 04 08 08 08 08 76 FF 
FF FF 96 76 72 76 76 76 76 76 72 76 72 72 72 72 FF FF 
// Image: potion3_24_framesTile_14
@9240
FF FF FF FF DA D6 D6 D1 D6 AD 8D 68 44 20 FF FF FF FF 
FF FF FF FF D1 D1 B1 AD AD 88 64 64 40 20 FF FF FF FF 
FF FF FF FF FF 20 20 20 40 40 40 40 20 FF FF FF FF FF 
FF FF FF FF FF FF 88 88 88 64 64 64 FF FF FF FF FF FF 
FF FF FF FF FF FF D1 AD AD 64 64 64 FF FF FF FF FF FF 
FF FF FF FF FF FF 64 44 40 40 20 20 FF FF FF FF FF FF 
FF FF DA D6 DA D5 D5 B1 AD AD AD AD 8D 44 40 40 FF FF 
FF FF D6 D6 D6 DA D5 B1 AD AD AD AD 89 64 40 40 FF FF 
FF FF FF FF 40 40 20 20 20 20 20 20 20 20 FF FF FF FF 
FF 32 56 FF 2E 52 52 2E 52 2E 32 9A 2E 2E 32 2E 2E FF 
FF FF 52 52 52 4D 4D 4D 4D 4D 4D 4D 4D 52 52 52 FF FF 
FF 96 72 96 72 52 52 52 52 52 52 52 52 52 52 52 52 FF 
96 76 96 96 96 96 96 96 96 96 96 96 96 96 96 96 96 76 
96 76 76 96 96 96 96 96 76 96 96 96 96 96 96 76 76 76 
96 76 FF 96 96 96 96 96 96 96 96 96 96 96 76 76 76 76 
96 76 FF 7A 96 76 96 96 96 96 96 76 76 96 96 96 96 76 
96 7A FF 3A 3A 76 96 96 96 96 96 96 96 96 08 FF 96 72 
92 3A FF 3A 3A 3A 3A 76 96 76 76 96 08 08 08 08 08 76 
92 3A FF 3A 3A 3A 3A 3A 3A 96 0D 0D 0D 08 08 FF 08 76 
92 3A FF 3A 3A 3A 08 08 08 08 08 08 0C 0D 0C FF 08 76 
92 08 FF 08 08 08 08 09 0D 0D 0D 0D 2D 35 35 0D 08 72 
92 08 08 08 08 08 0D 0D 0D 0D 2D 2D 35 35 2D 08 08 72 
92 08 08 08 08 08 0D 0D 35 5A 0D 2D 0D 2D 0C FF 08 76 
92 08 FF 08 08 0D 0D 0D 2D 2D 2D 2D 2D 0C 0D FF 08 76 
92 08 08 08 2D 5A 2D 2D 5A 2D 0D 0C 08 08 08 FF 08 76 
92 08 08 08 35 2D 2D 2D 2D 2D 0D 0C 08 08 08 08 08 76 
96 08 FF 08 0C 35 2D 5A 2D 35 08 08 08 08 08 08 08 76 
96 08 FF 08 08 2D 35 2D 35 0C 08 08 08 08 08 08 08 76 
96 08 08 FF 08 35 36 0C 08 08 08 08 08 08 08 08 04 76 
96 08 04 08 FF FF FF 08 FF FF 04 08 08 04 04 04 08 76 
FF 96 08 08 08 08 08 08 08 08 04 04 08 08 08 08 76 FF 
FF FF 96 76 72 76 76 76 76 76 72 76 72 72 72 72 FF FF 
// Image: potion3_24_framesTile_15
@9480
FF FF FF FF DA D6 D6 D1 D6 AD 8D 68 44 20 FF FF FF FF 
FF FF FF FF D1 D1 B1 AD AD 88 64 64 40 20 FF FF FF FF 
FF FF FF FF FF 20 20 20 40 40 40 40 20 FF FF FF FF FF 
FF FF FF FF FF FF 88 88 88 64 64 64 FF FF FF FF FF FF 
FF FF FF FF FF FF D1 AD AD 64 64 64 FF FF FF FF FF FF 
FF FF FF FF FF FF 64 44 40 40 20 20 FF FF FF FF FF FF 
FF FF DA D6 DA D5 D5 B1 AD AD AD AD 8D 44 40 40 FF FF 
FF FF D6 D6 D6 DA D5 B1 AD AD AD AD 89 64 40 40 FF FF 
FF FF FF FF 40 40 20 20 20 20 20 20 20 20 FF FF FF FF 
FF 32 56 FF 2E 52 52 2E 52 2E 32 9A 2E 2E 32 2E 2E FF 
FF FF 52 52 52 4D 4D 4D 4D 4D 4D 4D 4D 52 52 52 FF FF 
FF 96 72 96 72 52 52 52 52 52 52 52 52 52 52 52 52 FF 
96 76 96 96 96 96 96 96 96 96 96 96 96 96 96 96 96 76 
96 76 76 96 96 96 96 96 76 96 96 96 96 96 96 76 76 76 
96 76 FF 96 96 96 96 96 96 96 96 96 96 96 76 76 76 76 
96 7A FF 76 96 76 96 96 96 96 96 76 76 96 96 96 96 76 
96 5A FF 3A 76 76 96 96 96 96 96 96 96 96 76 FF 08 72 
92 3A FF 3A 3A 3A 76 76 96 76 76 96 96 08 08 08 08 76 
92 3A FF 3A 3A 3A 3A 3A 76 96 76 08 09 08 08 FF 08 76 
92 3A FF 3A 3A 3A 3A 08 08 08 08 08 08 08 08 FF 08 76 
92 08 FF 08 08 08 08 08 09 0D 0D 0D 0D 0D 0C 0C 08 72 
92 08 08 08 08 08 09 0D 0D 0D 2D 0D 2D 35 35 08 08 72 
92 08 08 08 08 08 0D 0D 0D 5A 0D 2D 35 35 2D FF 08 76 
92 08 FF 08 08 0D 0D 0D 35 2D 2D 2D 2D 2D 2D FF 08 76 
92 08 08 08 2D 5A 2D 0D 2D 2D 0D 0C 0C 08 08 FF 08 76 
92 08 08 08 35 2D 2D 2D 5A 2D 0C 0C 08 08 08 08 08 76 
96 08 FF 08 0C 35 2D 2D 2D 35 08 08 08 08 08 08 08 76 
96 08 FF 08 08 2D 35 5A 0D 0D 08 08 08 08 08 08 08 76 
96 08 08 FF 08 35 36 0C 35 08 08 08 08 08 08 08 04 76 
96 08 04 08 FF FF FF 08 FF FF 04 08 08 04 04 04 08 76 
FF 96 08 08 08 08 08 08 08 08 04 04 08 08 08 08 76 FF 
FF FF 96 76 72 76 76 76 76 76 72 76 72 72 72 72 FF FF 
// Image: potion3_24_framesTile_16
@96C0
FF FF FF FF DA D6 D6 D1 D6 AD 8D 68 44 20 FF FF FF FF 
FF FF FF FF D1 D1 B1 AD AD 88 64 64 40 20 FF FF FF FF 
FF FF FF FF FF 20 20 20 40 40 40 40 20 FF FF FF FF FF 
FF FF FF FF FF FF 88 88 88 64 64 64 FF FF FF FF FF FF 
FF FF FF FF FF FF D1 AD AD 64 64 64 FF FF FF FF FF FF 
FF FF FF FF FF FF 64 44 40 40 20 20 FF FF FF FF FF FF 
FF FF DA D6 DA D5 D5 B1 AD AD AD AD 8D 44 40 40 FF FF 
FF FF D6 D6 D6 DA D5 B1 AD AD AD AD 89 64 40 40 FF FF 
FF FF FF FF 40 40 20 20 20 20 20 20 20 20 FF FF FF FF 
FF 32 56 FF 2E 52 52 2E 52 2E 32 9A 2E 2E 32 2E 2E FF 
FF FF 52 52 52 4D 4D 4D 4D 4D 4D 4D 4D 52 52 52 FF FF 
FF 96 72 96 72 52 52 52 52 52 52 52 52 52 52 52 52 FF 
96 76 96 96 96 96 96 96 96 96 96 96 96 96 96 96 96 76 
96 76 76 96 96 96 96 96 76 96 96 96 96 96 96 76 76 76 
96 76 FF 96 96 96 96 96 96 96 96 96 96 96 76 76 76 76 
96 7A FF 76 96 76 96 96 96 96 96 76 76 96 96 96 96 76 
96 3A FF 76 76 76 96 96 96 96 96 96 96 96 76 FF 08 72 
92 3A FF 3A 3A 76 76 76 96 76 76 96 96 76 08 08 08 76 
92 3A FF 3A 3A 3A 3A 76 76 96 76 96 08 08 09 FF 08 76 
92 08 FF 3A 3A 3A 3A 3A 08 08 08 08 08 08 08 FF 08 76 
92 08 FF 08 08 08 08 08 08 0D 0D 08 0D 0D 0D 0C 08 72 
92 08 08 08 08 08 0D 0D 0D 0D 2D 0D 0D 35 35 08 08 72 
92 08 08 08 08 0D 0D 0D 0D 0D 0D 0D 35 35 2D FF 08 76 
92 08 FF 08 0D 35 2D 2D 35 5A 0D 2D 2D 2D 0D FF 08 76 
92 08 08 08 35 2D 2D 2D 2D 35 0D 31 56 08 08 FF 08 76 
92 08 08 08 2D 35 2D 2D 5A 2D 2D 0D 0C 08 08 08 08 76 
96 08 FF 08 0C 0D 35 2D 2D 2D 08 08 08 08 08 08 08 76 
96 08 FF 08 08 35 36 5A 0D 35 08 08 08 08 08 08 08 76 
96 08 08 FF 08 08 0C 0C 35 08 08 08 08 08 08 08 04 76 
96 08 04 08 FF FF FF 08 FF FF 08 08 08 04 04 04 08 76 
FF 96 08 08 08 08 08 08 08 08 08 04 08 08 08 08 76 FF 
FF FF 96 76 72 76 76 76 76 76 72 76 72 72 72 72 FF FF 
// Image: potion3_24_framesTile_17
@9900
FF FF FF FF DA D6 D6 D1 D6 AD 8D 68 44 20 FF FF FF FF 
FF FF FF FF D1 D1 B1 AD AD 88 64 64 40 20 FF FF FF FF 
FF FF FF FF FF 20 20 20 40 40 40 40 20 FF FF FF FF FF 
FF FF FF FF FF FF 88 88 88 64 64 64 FF FF FF FF FF FF 
FF FF FF FF FF FF D1 AD AD 64 64 64 FF FF FF FF FF FF 
FF FF FF FF FF FF 64 44 40 40 20 20 FF FF FF FF FF FF 
FF FF DA D6 DA D5 D5 B1 AD AD AD AD 8D 44 40 40 FF FF 
FF FF D6 D6 D6 DA D5 B1 AD AD AD AD 89 64 40 40 FF FF 
FF FF FF FF 40 40 20 20 20 20 20 20 20 20 FF FF FF FF 
FF 32 56 FF 2E 52 52 2E 52 2E 32 9A 2E 2E 32 2E 2E FF 
FF FF 52 52 52 4D 4D 4D 4D 4D 4D 4D 4D 52 52 52 FF FF 
FF 96 72 96 72 52 52 52 52 52 52 52 52 52 52 52 52 FF 
96 76 96 96 96 96 96 96 96 96 96 96 96 96 96 96 96 76 
96 76 76 96 96 96 96 96 76 96 96 96 96 96 96 76 76 76 
96 76 FF 96 96 96 96 96 96 96 96 96 96 96 76 76 76 76 
96 76 FF 76 96 76 96 96 96 96 96 76 76 96 96 96 96 76 
96 3A FF 76 76 76 96 96 96 96 96 96 96 96 76 FF 96 72 
92 3A FF 3A 76 76 76 76 96 76 76 96 96 76 76 08 08 76 
92 3A FF 3A 3A 3A 96 76 76 96 76 96 76 0D 0D FF 08 76 
92 08 FF 3A 3A 3A 3A 3A 3A 08 08 08 08 08 08 FF 08 76 
92 08 FF 08 08 08 08 08 08 0D 0D 0D 08 08 08 09 08 72 
92 08 08 08 08 08 09 09 0D 0D 0D 0D 0C 0D 0C 08 08 72 
92 08 08 08 08 0D 0D 0D 0D 0D 0D 0D 0D 35 35 FF 08 76 
92 08 FF 08 0D 35 0D 0D 2D 5A 0D 0D 35 35 2D FF 08 76 
92 08 08 08 35 2D 2D 2D 2D 35 0D 2D 0C 0C 08 FF 08 76 
92 08 08 08 2D 35 2D 2D 2D 2D 2D 35 56 08 08 08 08 76 
96 08 FF 08 0C 0D 35 2D 5A 2D 08 08 08 08 08 08 08 76 
96 08 FF 08 08 35 36 5A 0D 35 08 08 08 08 08 08 08 76 
96 08 08 FF 08 08 0C 0C 08 08 08 08 08 08 08 08 04 76 
96 08 04 08 FF FF FF 08 FF FF 08 08 08 04 04 04 08 76 
FF 96 08 08 08 08 08 08 08 08 08 04 08 08 08 08 76 FF 
FF FF 96 76 72 76 76 76 76 76 72 76 72 72 72 72 FF FF 
// Image: potion3_24_framesTile_18
@9B40
FF FF FF FF DA D6 D6 D1 D6 AD 8D 68 44 20 FF FF FF FF 
FF FF FF FF D1 D1 B1 AD AD 88 64 64 40 20 FF FF FF FF 
FF FF FF FF FF 20 20 20 40 40 40 40 20 FF FF FF FF FF 
FF FF FF FF FF FF 88 88 88 64 64 64 FF FF FF FF FF FF 
FF FF FF FF FF FF D1 AD AD 64 64 64 FF FF FF FF FF FF 
FF FF FF FF FF FF 64 44 40 40 20 20 FF FF FF FF FF FF 
FF FF DA D6 DA D5 D5 B1 AD AD AD AD 8D 44 40 40 FF FF 
FF FF D6 D6 D6 DA D5 B1 AD AD AD AD 89 64 40 40 FF FF 
FF FF FF FF 40 40 20 20 20 20 20 20 20 20 FF FF FF FF 
FF 32 56 FF 2E 52 52 2E 52 2E 32 9A 2E 2E 32 2E 2E FF 
FF FF 52 52 52 4D 4D 4D 4D 4D 4D 4D 4D 52 52 52 FF FF 
FF 96 72 96 72 52 52 52 52 52 52 52 52 52 52 52 52 FF 
96 76 96 96 96 96 96 96 96 96 96 96 96 96 96 96 96 76 
96 76 76 96 96 96 96 96 76 96 96 96 96 96 96 76 76 76 
96 76 FF 96 96 96 96 96 96 96 96 96 96 96 76 76 76 76 
96 76 FF 76 96 76 96 96 96 96 96 76 76 96 96 96 96 76 
96 96 FF 76 76 76 96 96 96 96 96 96 96 96 76 FF 96 72 
92 3A FF 96 76 76 76 76 96 76 76 96 96 76 76 76 08 76 
92 3A FF 3A 3A 96 96 76 76 96 76 96 76 96 08 FF 08 76 
92 08 FF 08 3A 3A 3A 3A 3A 76 08 08 08 08 08 FF 08 76 
92 08 FF 08 08 08 08 08 08 08 0D 09 0D 08 08 08 08 72 
92 08 08 08 08 08 09 09 0D 0D 2D 0D 0C 0D 0C 08 08 72 
92 08 08 08 08 0D 0D 0D 0D 0D 0D 0D 0D 35 35 FF 08 76 
92 08 FF 08 0D 35 0D 0D 0D 0D 0D 0D 35 35 2D FF 08 76 
92 08 08 08 35 2D 2D 2D 2D 2D 0D 0C 08 08 08 FF 08 76 
92 08 08 08 2D 35 2D 2D 2D 35 2D 2D 0C 08 08 08 08 76 
96 08 FF 08 0C 0D 35 2D 5A 2D 0C 31 56 08 08 08 08 76 
96 08 FF 08 08 35 36 5A 2D 2D 08 08 08 08 08 08 08 76 
96 08 08 FF 08 08 0C 0C 0C 35 08 08 08 08 08 08 04 76 
96 08 04 08 FF FF FF 08 FF FF 08 08 08 04 04 04 08 76 
FF 96 08 08 08 08 08 08 08 08 08 08 08 08 08 08 76 FF 
FF FF 96 76 72 76 76 76 76 76 72 76 72 72 72 72 FF FF 
// Image: potion3_24_framesTile_19
@9D80
FF FF FF FF DA D6 D6 D1 D6 AD 8D 68 44 20 FF FF FF FF 
FF FF FF FF D1 D1 B1 AD AD 88 64 64 40 20 FF FF FF FF 
FF FF FF FF FF 20 20 20 40 40 40 40 20 FF FF FF FF FF 
FF FF FF FF FF FF 88 88 88 64 64 64 FF FF FF FF FF FF 
FF FF FF FF FF FF D1 AD AD 64 64 64 FF FF FF FF FF FF 
FF FF FF FF FF FF 64 44 40 40 20 20 FF FF FF FF FF FF 
FF FF DA D6 DA D5 D5 B1 AD AD AD AD 8D 44 40 40 FF FF 
FF FF D6 D6 D6 DA D5 B1 AD AD AD AD 89 64 40 40 FF FF 
FF FF FF FF 40 40 20 20 20 20 20 20 20 20 FF FF FF FF 
FF 32 56 FF 2E 52 52 2E 52 2E 32 9A 2E 2E 32 2E 2E FF 
FF FF 52 52 52 4D 4D 4D 4D 4D 4D 4D 4D 52 52 52 FF FF 
FF 96 72 96 72 52 52 52 52 52 52 52 52 52 52 52 52 FF 
96 76 96 96 96 96 96 96 96 96 96 96 96 96 96 96 96 76 
96 76 76 96 96 96 96 96 76 96 96 96 96 96 96 76 76 76 
96 76 FF 96 96 96 96 96 96 96 96 96 96 96 76 76 76 76 
96 76 FF 76 96 76 96 96 96 96 96 76 76 96 96 96 96 76 
96 96 FF 76 76 76 96 96 96 96 96 96 96 96 76 FF 96 72 
92 3A FF 96 76 76 76 76 96 76 76 96 96 76 76 76 96 76 
92 08 FF 3A 96 96 96 76 76 96 76 96 76 96 76 FF 08 76 
92 08 FF 08 08 3A 3A 3A 76 76 96 08 08 08 08 FF 08 76 
92 08 FF 08 09 08 08 08 08 08 0D 08 09 09 08 08 08 72 
92 08 08 08 08 08 0D 0D 0D 0D 0D 0D 08 09 08 08 08 76 
92 08 08 08 0D 35 0D 0D 0D 0D 0D 0D 0D 0D 0C FF 08 76 
92 08 FF 0D 2D 5A 2D 0D 35 0D 0D 0D 2D 35 35 FF 08 76 
92 08 08 08 2D 35 2D 2D 2D 2D 0D 2D 0D 2D 0C FF 08 76 
92 08 08 08 2D 2D 2D 2D 5A 35 2D 2D 0D 0C 08 08 08 76 
96 08 FF 08 08 35 35 5A 2D 2D 0C 31 56 08 08 08 08 76 
96 08 FF 08 08 0C 36 0D 0D 2D 08 08 08 08 08 08 08 76 
96 08 08 FF 08 08 08 08 35 35 08 08 08 08 08 08 04 76 
96 08 04 08 FF FF FF 08 FF FF 08 08 08 04 04 04 08 76 
FF 96 08 08 08 08 08 08 08 08 08 08 08 08 08 08 76 FF 
FF FF 96 76 72 76 76 76 76 76 72 76 72 72 72 72 FF FF 
// Image: potion3_24_framesTile_20
@9FC0
FF FF FF FF DA D6 D6 D1 D6 AD 8D 68 44 20 FF FF FF FF 
FF FF FF FF D1 D1 B1 AD AD 88 64 64 40 20 FF FF FF FF 
FF FF FF FF FF 20 20 20 40 40 40 40 20 FF FF FF FF FF 
FF FF FF FF FF FF 88 88 88 64 64 64 FF FF FF FF FF FF 
FF FF FF FF FF FF D1 AD AD 64 64 64 FF FF FF FF FF FF 
FF FF FF FF FF FF 64 44 40 40 20 20 FF FF FF FF FF FF 
FF FF DA D6 DA D5 D5 B1 AD AD AD AD 8D 44 40 40 FF FF 
FF FF D6 D6 D6 DA D5 B1 AD AD AD AD 89 64 40 40 FF FF 
FF FF FF FF 40 40 20 20 20 20 20 20 20 20 FF FF FF FF 
FF 32 56 FF 2E 52 52 2E 52 2E 32 9A 2E 2E 32 2E 2E FF 
FF FF 52 52 52 4D 4D 4D 4D 4D 4D 4D 4D 52 52 52 FF FF 
FF 96 72 96 72 52 52 52 52 52 52 52 52 52 52 52 52 FF 
96 76 96 96 96 96 96 96 96 96 96 96 96 96 96 96 96 76 
96 76 76 96 96 96 96 96 76 96 96 96 96 96 96 76 76 76 
96 76 FF 96 96 96 96 96 96 96 96 96 96 96 76 76 76 76 
96 76 FF 76 96 76 96 96 96 96 96 76 76 96 96 96 96 76 
96 96 FF 76 76 76 96 96 96 96 96 96 96 96 76 FF 96 72 
92 96 FF 96 76 76 76 76 96 76 76 96 96 76 76 76 5A 76 
92 08 FF 96 96 96 96 76 76 96 76 96 76 96 76 FF 08 76 
92 08 FF 08 08 08 76 76 76 76 96 96 08 08 08 FF 08 76 
92 08 FF 08 0D 08 08 09 08 08 0D 08 09 09 09 08 08 72 
92 08 08 08 08 08 0D 0D 0D 0D 0D 0D 08 09 08 08 08 76 
92 08 08 08 0D 35 0D 0D 0D 0D 0D 0D 0D 0D 0C FF 08 76 
92 08 FF 0D 2D 5A 2D 0D 35 0D 0D 0D 2D 35 35 FF 08 76 
92 08 08 08 2D 35 2D 2D 2D 2D 0D 0C 0C 0D 0C FF 08 76 
92 08 08 08 2D 2D 2D 2D 5A 2D 2D 0D 0C 08 08 08 08 76 
96 08 FF 08 08 35 35 5A 2D 35 08 08 08 08 08 08 08 76 
96 08 FF 08 08 0C 36 0D 0D 2D 08 31 56 08 08 08 08 76 
96 08 08 FF 08 08 08 08 35 0C 08 08 08 08 08 08 04 76 
96 08 04 08 FF FF FF 08 FF FF 08 08 08 04 04 04 08 76 
FF 96 08 08 08 08 08 08 08 08 08 08 08 08 08 08 76 FF 
FF FF 96 76 72 76 76 76 76 76 72 76 72 72 72 72 FF FF 
// Image: potion3_24_framesTile_21
@A200
FF FF FF FF DA D6 D6 D1 D6 AD 8D 68 44 20 FF FF FF FF 
FF FF FF FF D1 D1 B1 AD AD 88 64 64 40 20 FF FF FF FF 
FF FF FF FF FF 20 20 20 40 40 40 40 20 FF FF FF FF FF 
FF FF FF FF FF FF 88 88 88 64 64 64 FF FF FF FF FF FF 
FF FF FF FF FF FF D1 AD AD 64 64 64 FF FF FF FF FF FF 
FF FF FF FF FF FF 64 44 40 40 20 20 FF FF FF FF FF FF 
FF FF DA D6 DA D5 D5 B1 AD AD AD AD 8D 44 40 40 FF FF 
FF FF D6 D6 D6 DA D5 B1 AD AD AD AD 89 64 40 40 FF FF 
FF FF FF FF 40 40 20 20 20 20 20 20 20 20 FF FF FF FF 
FF 32 56 FF 2E 52 52 2E 52 2E 32 9A 2E 2E 32 2E 2E FF 
FF FF 52 52 52 4D 4D 4D 4D 4D 4D 4D 4D 52 52 52 FF FF 
FF 96 72 96 72 52 52 52 52 52 52 52 52 52 52 52 52 FF 
96 76 96 96 96 96 96 96 96 96 96 96 96 96 96 96 96 76 
96 76 76 96 96 96 96 96 76 96 96 96 96 96 96 76 76 76 
96 76 FF 96 96 96 96 96 96 96 96 96 96 96 76 76 76 76 
96 76 FF 76 96 76 96 96 96 96 96 76 76 96 96 96 96 76 
96 96 FF 76 76 76 96 96 96 96 96 96 96 96 76 FF 96 72 
92 96 FF 96 76 76 76 76 96 76 76 96 96 76 76 5A 5A 76 
92 08 FF 08 96 96 96 76 76 96 76 96 76 96 5A FF 3A 76 
92 08 FF 08 08 08 08 76 76 76 96 3A 5A 08 08 FF 08 76 
92 08 FF 08 0D 0C 0D 0D 09 09 08 08 08 09 0D 0D 08 72 
92 08 08 08 0D 35 0D 0D 0D 0D 2D 0D 08 08 08 08 08 76 
92 08 08 0D 2D 5A 2D 2D 35 0D 0D 0D 0D 08 08 FF 08 76 
92 08 FF 0D 35 2D 2D 2D 2D 0D 0D 0C 0C 0D 0D FF 08 76 
92 08 08 08 2D 2D 2D 2D 5A 2D 0D 2D 35 35 0D FF 08 76 
92 08 08 08 0D 35 35 2D 2D 35 2D 2D 0D 0C 08 08 08 76 
96 08 FF 08 08 0C 36 5A 2D 2D 0C 0C 08 08 08 08 08 76 
96 08 FF 04 08 08 0C 0C 35 35 08 31 56 08 08 08 08 76 
96 08 08 FF 04 08 08 08 08 08 08 08 08 08 08 08 04 76 
96 08 04 08 FF FF FF 08 FF FF 08 08 08 04 04 04 08 76 
FF 96 08 08 08 08 04 04 08 08 08 08 08 08 08 08 76 FF 
FF FF 96 76 72 76 76 76 76 76 72 76 72 72 72 72 FF FF 
// Image: potion3_24_framesTile_22
@A440
FF FF FF FF DA D6 D6 D1 D6 AD 8D 68 44 20 FF FF FF FF 
FF FF FF FF D1 D1 B1 AD AD 88 64 64 40 20 FF FF FF FF 
FF FF FF FF FF 20 20 20 40 40 40 40 20 FF FF FF FF FF 
FF FF FF FF FF FF 88 88 88 64 64 64 FF FF FF FF FF FF 
FF FF FF FF FF FF D1 AD AD 64 64 64 FF FF FF FF FF FF 
FF FF FF FF FF FF 64 44 40 40 20 20 FF FF FF FF FF FF 
FF FF DA D6 DA D5 D5 B1 AD AD AD AD 8D 44 40 40 FF FF 
FF FF D6 D6 D6 DA D5 B1 AD AD AD AD 89 64 40 40 FF FF 
FF FF FF FF 40 40 20 20 20 20 20 20 20 20 FF FF FF FF 
FF 32 56 FF 2E 52 52 2E 52 2E 32 9A 2E 2E 32 2E 2E FF 
FF FF 52 52 52 4D 4D 4D 4D 4D 4D 4D 4D 52 52 52 FF FF 
FF 96 72 96 72 52 52 52 52 52 52 52 52 52 52 52 52 FF 
96 76 96 96 96 96 96 96 96 96 96 96 96 96 96 96 96 76 
96 76 76 96 96 96 96 96 76 96 96 96 96 96 96 76 76 76 
96 76 FF 96 96 96 96 96 96 96 96 96 96 96 76 76 76 76 
96 76 FF 76 96 76 96 96 96 96 96 76 76 96 96 96 96 76 
96 96 FF 76 76 76 96 96 96 96 96 96 96 96 76 FF 5A 72 
92 08 FF 96 76 76 76 76 96 76 76 96 96 76 5A 5A 5A 76 
92 08 FF 08 0D 96 96 76 76 96 76 96 76 5A 3A FF 3A 76 
92 08 FF 08 08 08 08 08 76 76 3A 3A 3A 3A 08 FF 08 76 
92 08 FF 08 0D 0C 0D 0D 09 08 08 08 08 08 09 0D 0D 72 
92 08 08 08 0D 35 0D 0D 0D 0D 0D 0D 08 08 08 08 08 76 
92 08 08 0D 2D 5A 2D 2D 35 0D 0D 0D 0D 08 08 FF 08 76 
92 08 FF 0D 35 2D 2D 2D 2D 5A 0D 0D 0C 0D 0D FF 08 76 
92 08 08 08 2D 2D 2D 2D 5A 35 0D 0C 35 35 0D FF 08 76 
92 08 08 08 0D 35 35 2D 2D 2D 2D 0D 0D 0C 08 08 08 76 
96 08 FF 08 08 0C 36 5A 2D 2D 08 08 08 08 08 08 08 76 
96 08 FF 04 08 08 0C 0C 35 35 08 08 08 08 08 08 08 76 
96 08 08 FF 04 08 08 08 08 08 08 31 56 08 08 08 04 76 
96 08 04 08 FF FF FF 08 FF FF 08 08 08 08 08 04 08 76 
FF 96 08 08 08 08 04 04 08 08 08 08 08 08 08 08 76 FF 
FF FF 96 76 72 76 76 76 76 76 72 76 72 72 72 72 FF FF 
// Image: potion3_24_framesTile_23
@A680
FF FF FF FF DA D6 D6 D1 D6 AD 8D 68 44 20 FF FF FF FF 
FF FF FF FF D1 D1 B1 AD AD 88 64 64 40 20 FF FF FF FF 
FF FF FF FF FF 20 20 20 40 40 40 40 20 FF FF FF FF FF 
FF FF FF FF FF FF 88 88 88 64 64 64 FF FF FF FF FF FF 
FF FF FF FF FF FF D1 AD AD 64 64 64 FF FF FF FF FF FF 
FF FF FF FF FF FF 64 44 40 40 20 20 FF FF FF FF FF FF 
FF FF DA D6 DA D5 D5 B1 AD AD AD AD 8D 44 40 40 FF FF 
FF FF D6 D6 D6 DA D5 B1 AD AD AD AD 89 64 40 40 FF FF 
FF FF FF FF 40 40 20 20 20 20 20 20 20 20 FF FF FF FF 
FF 32 56 FF 2E 52 52 2E 52 2E 32 9A 2E 2E 32 2E 2E FF 
FF FF 52 52 52 4D 4D 4D 4D 4D 4D 4D 4D 52 52 52 FF FF 
FF 96 72 96 72 52 52 52 52 52 52 52 52 52 52 52 52 FF 
96 76 96 96 96 96 96 96 96 96 96 96 96 96 96 96 96 76 
96 76 76 96 96 96 96 96 76 96 96 96 96 96 96 76 76 76 
96 76 FF 96 96 96 96 96 96 96 96 96 96 96 76 76 76 76 
96 76 FF 76 96 76 96 96 96 96 96 76 76 96 96 96 96 76 
96 96 FF 76 76 76 96 96 96 96 96 96 96 96 76 FF 5A 72 
92 08 FF 96 76 76 76 76 96 76 76 96 96 5A 5A 5A 5A 76 
92 08 FF 08 0D 0D 96 76 76 96 76 96 5A 5A 3A FF 3A 76 
92 08 FF 08 0D 0D 0D 08 08 3A 3A 3A 3A 3A 3A FF 08 76 
92 08 FF 08 0D 35 0D 0D 0D 08 08 08 08 08 08 08 08 72 
92 08 08 0D 2D 5A 2D 0D 0D 0D 2D 0D 08 08 08 08 08 72 
92 08 08 0D 35 2D 2D 2D 35 0D 0D 09 0D 08 08 FF 08 76 
92 08 FF 0D 2D 35 2D 2D 2D 5A 0D 08 08 08 09 FF 08 76 
92 08 08 08 2D 35 35 2D 5A 35 0D 0C 0D 35 35 FF 08 76 
92 08 08 08 0D 2D 36 2D 2D 2D 2D 2D 35 35 08 08 08 76 
96 08 FF 08 08 08 2D 5A 2D 2D 08 0C 0C 08 08 08 08 76 
96 08 FF 04 08 08 08 0C 35 35 08 08 0C 08 08 08 08 76 
96 08 08 FF 04 08 08 08 08 08 08 31 56 08 08 08 08 76 
96 08 04 08 FF FF FF 08 FF FF 08 08 08 08 08 04 08 76 
FF 96 08 08 08 08 04 04 08 08 08 08 08 08 08 08 76 FF 
FF FF 96 76 72 76 76 76 76 76 72 76 72 72 72 72 FF FF 
// Padding:
FF FF FF FF FF FF FF FF FF FF FF FF FF FF FF FF FF FF FF FF FF FF FF FF FF FF FF FF FF FF FF FF FF FF FF FF FF FF FF FF FF FF FF FF FF FF FF FF FF FF FF FF FF FF FF FF FF FF FF FF FF FF FF FF FF FF FF FF FF FF FF FF FF FF FF FF FF FF FF FF FF FF FF FF FF FF FF FF FF FF FF FF FF FF FF FF FF FF FF FF FF FF FF FF FF FF FF FF FF FF FF FF FF FF FF FF FF FF FF FF FF FF FF FF FF FF FF FF FF FF FF FF FF FF FF FF FF FF FF FF FF FF FF FF FF FF FF FF FF FF FF FF FF FF FF FF FF FF FF FF FF FF FF FF FF FF FF FF FF FF FF FF FF FF FF FF FF FF FF FF FF FF FF FF FF FF FF FF FF FF FF FF FF FF FF FF FF FF FF FF FF FF FF FF FF FF FF FF FF FF FF FF FF FF FF FF FF FF FF FF FF FF FF FF FF FF FF FF FF FF FF FF FF FF FF FF FF FF FF FF FF FF FF FF FF FF FF FF FF FF FF FF FF FF FF FF FF FF FF FF FF FF FF FF FF FF FF FF FF FF FF FF FF FF FF FF FF FF FF FF FF FF FF FF FF FF FF FF FF FF FF FF FF FF FF FF FF FF FF FF FF FF FF FF FF FF FF FF FF FF FF FF FF FF FF FF FF FF FF FF FF FF FF FF FF FF FF FF FF FF FF FF FF FF FF FF FF FF FF FF FF FF FF FF FF FF FF FF FF FF FF FF FF FF FF FF FF FF FF FF FF FF FF FF FF FF FF FF FF FF FF FF FF FF FF FF FF FF FF FF FF FF FF FF FF FF FF FF FF FF FF FF FF FF FF FF FF FF FF FF FF FF FF FF FF FF FF FF FF FF FF FF FF FF FF FF FF FF FF FF FF FF FF FF FF FF FF FF FF FF FF FF FF FF FF FF FF FF FF FF FF FF FF FF FF FF FF FF FF FF FF FF FF FF FF FF FF FF FF FF FF FF FF FF FF FF FF FF FF FF FF FF FF FF FF FF FF FF FF FF FF FF FF FF FF FF FF FF FF FF FF FF FF FF FF FF FF FF FF FF FF FF FF FF FF FF FF FF FF FF FF FF FF FF FF FF FF FF FF FF FF FF FF FF FF FF FF FF FF FF FF FF FF FF FF FF FF FF FF FF FF FF FF FF FF FF FF FF FF FF FF FF FF FF FF FF FF FF FF FF FF FF FF FF FF FF FF FF FF FF FF FF FF FF FF FF FF FF FF FF FF FF FF FF FF FF FF FF FF FF FF FF FF FF FF FF FF FF FF FF FF FF FF FF FF FF FF FF FF FF FF FF FF FF FF FF FF FF FF FF FF FF FF FF FF FF FF FF FF FF FF FF FF FF FF FF FF FF FF FF FF FF FF FF FF FF FF FF FF FF FF FF FF FF FF FF FF FF FF FF FF FF FF FF FF FF FF FF FF FF FF FF FF FF FF FF FF FF FF FF FF FF FF FF FF FF FF FF FF FF FF FF FF FF FF FF FF FF FF FF FF FF FF FF FF FF FF FF FF FF FF FF FF FF FF FF FF FF FF FF FF FF FF FF FF FF FF FF FF FF FF FF FF FF FF FF FF FF FF FF FF FF FF FF FF FF FF FF FF FF FF FF FF FF FF FF FF FF FF FF FF FF FF FF FF FF FF FF FF FF FF FF FF FF FF FF FF FF FF FF FF FF FF FF FF FF FF FF FF FF FF FF FF FF FF FF FF FF FF FF FF FF FF FF FF FF FF FF FF FF FF FF FF FF FF FF FF FF FF FF FF FF FF FF FF FF FF FF FF FF FF FF FF FF FF FF FF FF FF FF FF FF FF FF FF FF FF FF FF FF FF FF FF FF FF FF FF FF FF FF FF FF FF FF FF FF FF FF FF FF FF FF FF FF FF FF FF FF FF FF FF FF FF FF FF FF FF FF FF FF FF FF FF FF FF FF FF FF FF FF FF FF FF FF FF FF FF FF FF FF FF FF FF FF FF FF FF FF FF FF FF FF FF FF FF FF FF FF FF FF FF FF FF FF FF FF FF FF FF FF FF FF FF FF FF FF FF FF FF FF FF FF FF FF FF FF FF FF FF FF FF FF FF FF FF FF FF FF FF FF FF FF FF FF FF FF FF FF FF FF FF FF FF FF FF FF FF FF FF FF FF FF FF FF FF FF FF FF FF FF FF FF FF FF FF FF FF FF FF FF FF FF FF FF FF FF FF FF FF FF FF FF FF FF FF FF FF FF FF FF FF FF FF FF FF FF FF FF FF FF FF FF FF FF FF FF FF FF FF FF FF FF FF FF FF FF FF FF FF FF FF FF FF FF FF FF FF FF FF FF FF FF FF FF FF FF FF FF FF FF FF FF FF FF FF FF FF FF FF FF FF FF FF FF FF FF FF FF FF FF FF FF FF FF FF FF FF FF FF FF FF FF FF FF FF FF FF FF FF FF FF FF FF FF FF FF FF FF FF FF FF FF FF FF FF FF FF FF FF FF FF FF FF FF FF FF FF FF FF FF FF FF FF FF FF FF FF FF FF FF FF FF FF FF FF FF FF FF FF FF FF FF FF FF FF FF FF FF FF FF FF FF FF FF FF FF FF FF FF FF FF FF FF FF FF FF FF FF FF FF FF FF FF FF FF FF FF FF FF FF FF FF FF FF FF FF FF FF FF FF FF FF FF FF FF FF FF FF FF FF FF FF FF FF FF FF FF FF FF FF FF FF FF FF FF FF FF FF FF FF FF FF FF FF FF FF FF FF FF FF FF FF FF FF FF FF FF FF FF FF FF FF FF FF FF FF FF FF FF FF FF FF FF FF FF FF FF FF FF FF FF FF FF FF FF FF FF FF FF FF FF FF FF FF FF FF FF FF FF FF FF FF FF FF FF FF FF FF FF FF FF FF FF FF FF FF FF FF FF FF FF FF FF FF FF FF FF FF FF FF FF FF FF FF FF FF FF FF FF FF FF FF FF FF FF FF FF FF FF FF FF FF FF FF FF FF FF FF FF FF FF FF FF FF FF FF FF FF FF FF FF FF FF FF FF FF FF FF FF FF FF FF FF FF FF FF FF FF FF FF FF FF FF FF FF FF FF FF FF FF FF FF FF FF FF FF FF FF FF FF FF FF FF FF FF FF FF FF FF FF FF FF FF FF FF FF FF FF FF FF FF FF FF FF FF FF FF FF FF FF FF FF FF FF FF FF FF FF FF FF FF FF FF FF FF FF FF FF FF FF FF FF FF FF FF FF FF FF FF FF FF FF FF FF FF FF FF FF FF FF FF FF FF FF FF FF FF FF FF FF FF FF FF FF FF FF FF FF FF FF FF FF FF FF FF FF FF FF FF FF FF FF FF FF FF FF FF FF FF FF FF FF FF FF FF FF FF FF FF FF FF FF FF FF FF FF FF FF FF FF FF FF FF FF FF FF FF FF FF FF FF FF FF FF FF FF FF FF FF FF FF FF FF FF FF FF FF FF FF FF FF FF FF FF FF FF FF FF FF FF FF FF FF FF FF FF FF FF FF FF FF FF FF FF FF FF FF FF FF FF FF FF FF FF FF FF FF FF FF FF FF FF FF FF FF FF FF FF FF FF FF FF FF FF FF FF FF FF FF FF FF FF FF FF FF FF FF FF FF FF FF FF FF FF FF FF FF FF FF FF FF FF FF FF FF FF FF FF FF FF FF FF FF FF FF FF FF FF FF FF FF FF FF FF FF FF FF FF FF FF FF FF FF FF FF FF FF FF FF FF FF FF FF FF FF FF FF FF FF FF FF FF FF FF FF FF FF FF FF FF FF FF FF FF FF FF FF FF FF FF FF FF FF FF FF FF FF FF FF FF FF FF FF FF FF FF FF FF FF FF FF FF FF FF FF FF FF FF FF FF FF FF FF FF FF FF FF FF FF FF FF FF FF FF FF FF FF FF FF FF FF FF FF FF FF FF FF FF FF FF FF FF FF FF FF FF FF FF FF FF FF FF FF FF FF FF FF FF FF FF FF FF FF FF FF FF FF FF FF FF FF FF FF FF FF FF FF FF FF FF FF FF FF FF FF FF FF FF FF FF FF FF FF FF FF FF FF FF FF FF FF FF FF FF FF FF FF FF FF FF FF FF FF FF FF FF FF FF FF FF FF FF FF FF FF FF FF FF FF FF FF FF FF FF FF FF FF FF FF FF FF FF FF FF FF FF FF FF FF FF FF FF FF FF FF FF FF FF FF FF FF FF FF FF FF FF FF FF FF FF FF FF FF FF FF FF FF FF FF FF FF FF FF FF FF FF FF FF FF FF FF FF FF FF FF FF FF FF FF FF FF FF FF FF FF FF FF FF FF FF FF FF FF FF FF FF FF FF FF FF FF FF FF FF FF FF FF FF FF FF FF FF FF FF FF FF FF FF FF FF FF FF FF FF FF FF FF FF FF FF FF FF FF FF FF FF FF FF FF FF FF FF FF FF FF FF FF FF FF FF FF FF FF FF FF FF FF FF FF FF FF FF FF FF FF FF FF FF FF FF FF FF FF FF FF FF FF FF FF FF FF FF FF FF FF FF FF FF FF FF FF FF FF FF FF FF FF FF FF FF FF FF FF FF FF FF FF FF FF FF FF FF FF FF FF FF FF FF FF FF FF FF FF FF FF FF FF FF FF FF FF FF FF FF FF FF FF FF FF FF FF FF FF FF FF FF FF FF FF FF FF FF FF FF FF FF FF FF FF FF FF FF FF FF FF FF FF FF FF FF FF FF FF FF FF FF FF FF FF FF FF FF FF FF FF FF FF FF FF FF FF FF FF FF FF FF FF FF FF FF FF FF FF FF FF FF FF FF FF FF FF FF FF FF FF FF FF FF FF FF FF FF FF FF FF FF FF FF FF FF FF FF FF FF FF FF FF FF FF FF FF FF FF FF FF FF FF FF FF FF FF FF FF FF FF FF FF FF FF FF FF FF FF FF FF FF FF FF FF FF FF FF FF FF FF FF FF FF FF FF FF FF FF FF FF FF FF FF FF FF FF FF FF FF FF FF FF FF FF FF FF FF FF FF FF FF FF FF FF FF FF FF FF FF FF FF FF FF FF FF FF FF FF FF FF FF FF FF FF FF FF FF FF FF FF FF FF FF FF FF FF FF FF FF FF FF FF FF FF FF FF FF FF FF FF FF FF FF FF FF FF FF FF FF FF FF FF FF FF FF FF FF FF FF FF FF FF FF FF FF FF FF FF FF FF FF FF FF FF FF FF FF FF FF FF FF FF FF FF FF FF FF FF FF FF FF FF FF FF FF FF FF FF FF FF FF FF FF FF FF FF FF FF FF FF FF FF FF FF FF FF FF FF FF FF FF FF FF FF FF FF FF FF FF FF FF FF FF FF FF FF FF FF FF FF FF FF FF FF FF FF FF FF FF FF FF FF FF FF FF FF FF FF FF FF FF FF FF FF FF FF FF FF FF FF FF FF FF FF FF FF FF FF FF FF FF FF FF FF FF FF FF FF FF FF FF FF FF FF FF FF FF FF FF FF FF FF FF FF FF FF FF FF FF FF FF FF FF FF FF FF FF FF FF FF FF FF FF FF FF FF FF FF FF FF FF FF FF FF FF FF FF FF FF FF FF FF FF FF FF FF FF FF FF FF FF FF FF FF FF FF FF FF FF FF FF FF FF FF FF FF FF FF FF FF FF FF FF FF FF FF FF FF FF FF FF FF FF FF FF FF FF FF FF FF FF FF FF FF FF FF FF FF FF FF FF FF FF FF FF FF FF FF FF FF FF FF FF FF FF FF FF FF FF FF FF FF FF FF FF FF FF FF FF FF FF FF FF FF FF FF FF FF FF FF FF FF FF FF FF FF FF FF FF FF FF FF FF FF FF FF FF FF FF FF FF FF FF FF FF FF FF FF FF FF FF FF FF FF FF FF FF FF FF FF FF FF FF FF FF FF FF FF FF FF FF FF FF FF FF FF FF FF FF FF FF FF FF FF FF FF FF FF FF FF FF FF FF FF FF FF FF FF FF FF FF FF FF FF FF FF FF FF FF FF FF FF FF FF FF FF FF FF FF FF FF FF FF FF FF FF FF FF FF FF FF FF FF FF FF FF FF FF FF FF FF FF FF FF FF FF FF FF FF FF FF FF FF FF FF FF FF FF FF FF FF FF FF FF FF FF FF FF FF FF FF FF FF FF FF FF FF FF FF FF FF FF FF FF FF FF FF FF FF FF FF FF FF FF FF FF FF FF FF FF FF FF FF FF FF FF FF FF FF FF FF FF FF FF FF FF FF FF FF FF FF FF FF FF FF FF FF FF FF FF FF FF FF FF FF FF FF FF FF FF FF FF FF FF FF FF FF FF FF FF FF FF FF FF FF FF FF FF FF FF FF FF FF FF FF FF FF FF FF FF FF FF FF FF FF FF FF FF FF FF FF FF FF FF FF FF FF FF FF FF FF FF FF FF FF FF FF FF FF FF FF FF FF FF FF FF FF FF FF FF FF FF FF FF FF FF FF FF FF FF FF FF FF FF FF FF FF FF FF FF FF FF FF FF FF FF FF FF FF FF FF FF FF FF FF FF FF FF FF FF FF FF FF FF FF FF FF FF FF FF FF FF FF FF FF FF FF FF FF FF FF FF FF FF FF FF FF FF FF FF FF FF FF FF FF FF FF FF FF FF FF FF FF FF FF FF FF FF FF FF FF FF FF FF FF FF FF FF FF FF FF FF FF FF FF FF FF FF FF FF FF FF FF FF FF FF FF FF FF FF FF FF FF FF FF FF FF FF FF FF FF FF FF FF FF FF FF FF FF FF FF FF FF FF FF FF FF FF FF FF FF FF FF FF FF FF FF FF FF FF FF FF FF FF FF FF FF FF FF FF FF FF FF FF FF FF FF FF FF FF FF FF FF FF FF FF FF FF FF FF FF FF FF FF FF FF FF FF FF FF FF FF FF FF FF FF FF FF FF FF FF FF FF FF FF FF FF FF FF FF FF FF FF FF FF FF FF FF FF FF FF FF FF FF FF FF FF FF FF FF FF FF FF FF FF FF FF FF FF FF FF FF FF FF FF FF FF FF FF FF FF FF FF FF FF FF FF FF FF FF FF FF FF FF FF FF FF FF FF FF FF FF FF FF FF FF FF FF FF FF FF FF FF FF FF FF FF FF FF FF FF FF FF FF FF FF FF FF FF FF FF FF FF FF FF FF FF FF FF FF FF FF FF FF FF FF FF FF FF FF FF FF FF FF FF FF FF FF FF FF FF FF FF FF FF FF FF FF FF FF FF FF FF FF FF FF FF FF FF FF FF FF FF FF FF FF FF FF FF FF FF FF FF FF FF FF FF FF FF FF FF FF FF FF FF FF FF FF FF FF FF FF FF FF FF FF FF FF FF FF FF FF FF FF FF FF FF FF FF FF FF FF FF FF FF FF FF FF FF FF FF FF FF FF FF FF FF FF FF FF FF FF FF FF FF FF FF FF FF FF FF FF FF FF FF FF FF FF FF FF FF FF FF FF FF FF FF FF FF FF FF FF FF FF FF FF FF FF FF FF FF FF FF FF FF FF FF FF FF FF FF FF FF FF FF FF FF FF FF FF FF FF FF FF FF FF FF FF FF FF FF FF FF FF FF FF FF FF FF FF FF FF FF FF FF FF FF FF FF FF FF FF FF FF FF FF FF FF FF FF FF FF FF FF FF FF FF FF FF FF FF FF FF FF FF FF FF FF FF FF FF FF FF FF FF FF FF FF FF FF FF FF FF FF FF FF FF FF FF FF FF FF FF FF FF FF FF FF FF FF FF FF FF FF FF FF FF FF FF FF FF FF FF FF FF FF FF FF FF FF FF FF FF FF FF FF FF FF FF FF FF FF FF FF FF FF FF FF FF FF FF FF FF FF FF FF FF FF FF FF FF FF FF FF FF FF FF FF FF FF FF FF FF FF FF FF FF FF FF FF FF FF FF FF FF FF FF FF FF FF FF FF FF FF FF FF FF FF FF FF FF FF FF FF FF FF FF FF FF FF FF FF FF FF FF FF FF FF FF FF FF FF FF FF FF FF FF FF FF FF FF FF FF FF FF FF FF FF FF FF FF FF FF FF FF FF FF FF FF FF FF FF FF FF FF FF FF FF FF FF FF FF FF FF FF FF FF FF FF FF FF FF FF FF FF FF FF FF FF FF FF FF FF FF FF FF FF FF FF FF FF FF FF FF FF FF FF FF FF FF FF FF FF FF FF FF FF FF FF FF FF FF FF FF FF FF FF FF FF FF FF FF FF FF FF FF FF FF FF FF FF FF FF FF FF FF FF FF FF FF FF FF FF FF FF FF FF FF FF FF FF FF FF FF FF FF FF FF FF FF FF FF FF FF FF FF FF FF FF FF FF FF FF FF FF FF FF FF FF FF FF FF FF FF FF FF FF FF FF FF FF FF FF FF FF FF FF FF FF FF FF FF FF FF FF FF FF FF FF FF FF FF FF FF FF FF FF FF FF FF FF FF FF FF FF FF FF FF FF FF FF FF FF FF FF FF FF FF FF FF FF FF FF FF FF FF FF FF FF FF FF FF FF FF FF FF FF FF FF FF FF FF FF FF FF FF FF FF FF FF FF FF FF FF FF FF FF FF FF FF FF FF FF FF FF FF FF FF FF FF FF FF FF FF FF FF FF FF FF FF FF FF FF FF FF FF FF FF FF FF FF FF FF FF FF FF FF FF FF FF FF FF FF FF FF FF FF FF FF FF FF FF FF FF FF FF FF FF FF FF FF FF FF FF FF FF FF FF FF FF FF FF FF FF FF FF FF FF FF FF FF FF FF FF FF FF FF FF FF FF FF FF FF FF FF FF FF FF FF FF FF FF FF FF FF FF FF FF FF FF FF FF FF FF FF FF FF FF FF FF FF FF FF FF FF FF FF FF FF FF FF FF FF FF FF FF FF FF FF FF FF FF FF FF FF FF FF FF FF FF FF FF FF FF FF FF FF FF FF FF FF FF FF FF FF FF FF FF FF FF FF FF FF FF FF FF FF FF FF FF FF FF FF FF FF FF FF FF FF FF FF FF FF FF FF FF FF FF FF FF FF FF FF FF FF FF FF FF FF FF FF FF FF FF FF FF FF FF FF FF FF FF FF FF FF FF FF FF FF FF FF FF FF FF FF FF FF FF FF FF FF FF FF FF FF FF FF FF FF FF FF FF FF FF FF FF FF FF FF FF FF FF FF FF FF FF FF FF FF FF FF FF FF FF FF FF FF FF FF FF FF FF FF FF FF FF FF FF FF FF FF FF FF FF FF FF FF FF FF FF FF FF FF FF FF FF FF FF FF FF FF FF FF FF FF FF FF FF FF FF FF FF FF FF FF FF FF FF FF FF FF FF FF FF FF FF FF FF FF FF FF FF FF FF FF FF FF FF FF FF FF FF FF FF FF FF FF FF FF FF FF FF FF FF FF FF FF FF FF FF FF FF FF FF FF FF FF FF FF FF FF FF FF FF FF FF FF FF FF FF FF FF FF FF FF FF FF FF FF FF FF FF FF FF FF FF FF FF FF FF FF FF FF FF FF FF FF FF FF FF FF FF FF FF FF FF FF FF FF FF FF FF FF FF FF FF FF FF FF FF FF FF FF FF FF FF FF FF FF FF FF FF FF FF FF FF FF FF FF FF FF FF FF FF FF FF FF FF FF FF FF FF FF FF FF FF FF FF FF FF FF FF FF FF FF FF FF FF FF FF FF FF FF FF FF FF FF FF FF FF FF FF FF FF FF FF FF FF FF FF FF FF FF FF FF FF FF FF FF FF FF FF FF FF FF FF FF FF FF FF FF FF FF FF FF FF FF FF FF FF FF FF FF FF FF FF FF FF FF FF FF FF FF FF FF FF FF FF FF FF FF FF FF FF FF FF FF FF FF FF FF FF FF FF FF FF FF FF FF FF FF FF FF FF FF FF FF FF FF FF FF FF FF FF FF FF FF FF FF FF FF FF FF FF FF FF FF FF FF FF FF FF FF FF FF FF FF FF FF FF FF FF FF FF FF FF FF FF FF FF FF FF FF FF FF FF FF FF FF FF FF FF FF FF FF FF FF FF FF FF FF FF FF FF FF FF FF FF FF FF FF FF FF FF FF FF FF FF FF FF FF FF FF FF FF FF FF FF FF FF FF FF FF FF FF FF FF FF FF FF FF FF FF FF FF FF FF FF FF FF FF FF FF FF FF FF FF FF FF FF FF FF FF FF FF FF FF FF FF FF FF FF FF FF FF FF FF FF FF FF FF FF FF FF FF FF FF FF FF FF FF FF FF FF FF FF FF FF FF FF FF FF FF FF FF FF FF FF FF FF FF FF FF FF FF FF FF FF FF FF FF FF FF FF FF FF FF FF FF FF FF FF FF FF FF FF FF FF FF FF FF FF FF FF FF FF FF FF FF FF FF FF FF FF FF FF FF FF FF FF FF FF FF FF FF FF FF FF FF FF FF FF FF FF FF FF FF FF FF FF FF FF FF FF FF FF FF FF FF FF FF FF FF FF FF FF FF FF FF FF FF FF FF FF FF FF FF FF FF FF FF FF FF FF FF FF FF FF FF FF FF FF FF FF FF FF FF FF FF FF FF FF FF FF FF FF FF FF FF FF FF FF FF FF FF FF FF FF FF FF FF FF FF FF FF FF FF FF FF FF FF FF FF FF FF FF FF FF FF FF FF FF FF FF FF FF FF FF FF FF FF FF FF FF FF FF FF FF FF FF FF FF FF FF FF FF FF FF FF FF FF FF FF FF FF FF FF FF FF FF FF FF FF FF FF FF FF FF FF FF FF FF FF FF FF FF FF FF FF FF FF FF FF FF FF FF FF FF FF FF FF FF FF FF FF FF FF FF FF FF FF FF FF FF FF FF FF FF FF FF FF FF FF FF FF FF FF FF FF FF FF FF FF FF FF FF FF FF FF FF FF FF FF FF FF FF FF FF FF FF FF FF FF FF FF FF FF FF FF FF FF FF FF FF FF FF FF FF FF FF FF FF FF FF FF FF FF FF FF FF FF FF FF FF FF FF FF FF FF FF FF FF FF FF FF FF FF FF FF FF FF FF FF FF FF FF FF FF FF FF FF FF FF FF FF FF FF FF FF FF FF FF FF FF FF FF FF FF FF FF FF FF FF FF FF FF FF FF FF FF FF FF FF FF FF FF FF FF FF FF FF FF FF FF FF FF FF FF FF FF FF FF FF FF FF FF FF FF FF FF FF FF FF FF FF FF FF FF FF FF FF FF FF FF FF FF FF FF FF FF FF FF FF FF FF FF FF FF FF FF FF FF FF FF FF FF FF FF FF FF FF FF FF FF FF FF FF FF FF FF FF FF FF FF FF FF FF FF FF FF FF FF FF FF FF FF FF FF FF FF FF FF FF FF FF FF FF FF FF FF FF FF FF FF FF FF FF FF FF FF FF FF FF FF FF FF FF FF FF FF FF FF FF FF FF FF FF FF FF FF FF FF FF FF FF FF FF FF FF FF FF FF FF FF FF FF FF FF FF FF FF FF FF FF FF FF FF FF FF FF FF FF FF FF FF FF FF FF FF FF FF FF FF FF FF FF FF FF FF FF FF FF FF FF FF FF FF FF FF FF FF FF FF FF FF FF FF FF FF FF FF FF FF FF FF FF FF FF FF FF FF FF FF FF FF FF FF FF FF FF FF FF FF FF FF FF FF FF FF FF FF FF FF FF FF FF FF FF FF FF FF FF FF FF FF FF FF FF FF FF FF FF FF FF FF FF FF FF FF FF FF FF FF FF FF FF FF FF FF FF FF FF FF FF FF FF FF FF FF FF FF FF FF FF FF FF FF FF FF FF FF FF FF FF FF FF FF FF FF FF FF FF FF FF FF FF FF FF FF FF FF FF FF FF FF FF FF FF FF FF FF FF FF FF FF FF FF FF FF FF FF FF FF FF FF FF FF FF FF FF FF FF FF FF FF FF FF FF FF FF FF FF FF FF FF FF FF FF FF FF FF FF FF FF FF FF FF FF FF FF FF FF FF FF FF FF FF FF FF FF FF FF FF FF FF FF FF FF FF FF FF FF FF FF FF FF FF FF FF FF FF FF FF FF FF FF FF FF FF FF FF FF FF FF FF FF FF FF FF FF FF FF FF FF FF FF FF FF FF FF FF FF FF FF FF FF FF FF FF FF FF FF FF FF FF FF FF FF FF FF FF FF FF FF FF FF FF FF FF FF FF FF FF FF FF FF FF FF FF FF FF FF FF FF FF FF FF FF FF FF FF FF FF FF FF FF FF FF FF FF FF FF FF FF FF FF FF FF FF FF FF FF FF FF FF FF FF FF FF FF FF FF FF FF FF FF FF FF FF FF FF FF FF FF FF FF FF FF FF FF FF FF FF FF FF FF FF FF FF FF FF FF FF FF FF FF FF FF FF FF FF FF FF FF FF FF FF FF FF FF FF FF FF FF FF FF FF FF FF FF FF FF FF FF FF FF FF FF FF FF FF FF FF FF FF FF FF FF FF FF FF FF FF FF FF FF FF FF FF FF FF FF FF FF FF FF FF FF FF FF FF FF FF FF FF FF FF FF FF FF FF FF FF FF FF FF FF FF FF FF FF FF FF FF FF FF FF FF FF FF FF FF FF FF FF FF FF FF FF FF FF FF FF FF FF FF FF FF FF FF FF FF FF FF FF FF FF FF FF FF FF FF FF FF FF FF FF FF FF FF FF FF FF FF FF FF FF FF FF FF FF FF FF FF FF FF FF FF FF FF FF FF FF FF FF FF FF FF FF FF FF FF FF FF FF FF FF FF FF FF FF FF FF FF FF FF FF FF FF FF FF FF FF FF FF FF FF FF FF FF FF FF FF FF FF FF FF FF FF FF FF FF FF FF FF FF FF FF FF FF FF FF FF FF FF FF FF FF FF FF FF FF FF FF FF FF FF FF FF FF FF FF FF FF FF FF FF FF FF FF FF FF FF FF FF FF FF FF FF FF FF FF FF FF FF FF FF FF FF FF FF FF FF FF FF FF FF FF FF FF FF FF FF FF FF FF FF FF FF FF FF FF FF FF FF FF FF FF FF FF FF FF FF FF FF FF FF FF FF FF FF FF FF FF FF FF FF FF FF FF FF FF FF FF FF FF FF FF FF FF FF FF FF FF FF FF FF FF FF FF FF FF FF FF FF FF FF FF FF FF FF FF FF FF FF FF FF FF FF FF FF FF FF FF FF FF FF FF FF FF FF FF FF FF FF FF FF FF FF FF FF FF FF FF FF FF FF FF FF FF FF FF FF FF FF FF FF FF FF FF FF FF FF FF FF FF FF FF FF FF FF FF FF FF FF FF FF FF FF FF FF FF FF FF FF FF FF FF FF FF FF FF FF FF FF FF FF FF FF FF FF FF FF FF FF FF FF FF FF FF FF FF FF FF FF FF FF FF FF FF FF FF FF FF FF FF FF FF FF FF FF FF FF FF FF FF FF FF FF FF FF FF FF FF FF FF FF FF FF FF FF FF FF FF FF FF FF FF FF FF FF FF FF FF FF FF FF FF FF FF FF FF FF FF FF FF FF FF FF FF FF FF FF FF FF FF FF FF FF FF FF FF FF FF FF FF FF FF FF FF FF FF FF FF FF FF FF FF FF FF FF FF FF FF FF FF FF FF FF FF FF FF FF FF FF FF FF FF FF FF FF FF FF FF FF FF FF FF FF FF FF FF FF FF FF FF FF FF FF FF FF FF FF FF FF FF FF FF FF FF FF FF FF FF FF FF FF FF FF FF FF FF FF FF FF FF FF FF FF FF FF FF FF FF FF FF FF FF FF FF FF FF FF FF FF FF FF FF FF FF FF FF FF FF FF FF FF FF FF FF FF FF FF FF FF FF FF FF FF FF FF FF FF FF FF FF FF FF FF FF FF FF FF FF FF FF FF FF FF FF FF FF FF FF FF FF FF FF FF FF FF FF FF FF FF FF FF FF FF FF FF FF FF FF FF FF FF FF FF FF FF FF FF FF FF FF FF FF FF FF FF FF FF FF FF FF FF FF FF FF FF FF FF FF FF FF FF FF FF FF FF FF FF FF FF FF FF FF FF FF FF FF FF FF FF FF FF FF FF FF FF FF FF FF FF FF FF FF FF FF FF FF FF FF FF FF FF FF FF FF FF FF FF FF FF FF FF FF FF FF FF FF FF FF FF FF FF FF FF FF FF FF FF FF FF FF FF FF FF FF FF FF FF FF FF FF FF FF FF FF FF FF FF FF FF FF FF FF FF FF FF FF FF FF FF FF FF FF FF FF FF FF FF FF FF FF FF FF FF FF FF FF FF FF FF FF FF FF FF FF FF FF FF FF FF FF FF FF FF FF FF FF FF FF FF FF FF FF FF FF FF FF FF FF FF FF FF FF FF FF FF FF FF FF FF FF FF FF FF FF FF FF FF FF FF FF FF FF FF FF FF FF FF FF FF FF FF FF FF FF FF FF FF FF FF FF FF FF FF FF FF FF FF FF FF FF FF FF FF FF FF FF FF FF FF FF FF FF FF FF FF FF FF FF FF FF FF FF FF FF FF FF FF FF FF FF FF FF FF FF FF FF FF FF FF FF FF FF FF FF FF FF FF FF FF FF FF FF FF FF FF FF FF FF FF FF FF FF FF FF FF FF FF FF FF FF FF FF FF FF FF FF FF FF FF FF FF FF FF FF FF FF FF FF FF FF FF FF FF FF FF FF FF FF FF FF FF FF FF FF FF FF FF FF FF FF FF FF FF FF FF FF FF FF FF FF FF FF FF FF FF FF FF FF FF FF FF FF FF FF FF FF FF FF FF FF FF FF FF FF FF FF FF FF FF FF FF FF FF FF FF FF FF FF FF FF FF FF FF FF FF FF FF FF FF FF FF FF FF FF FF FF FF FF FF FF FF FF FF FF FF FF FF FF FF FF FF FF FF FF FF FF FF FF FF FF FF FF FF FF FF FF FF FF FF FF FF FF FF FF FF FF FF FF FF FF FF FF FF FF FF FF FF FF FF FF FF FF FF FF FF FF FF FF FF FF FF FF FF FF FF FF FF FF FF FF FF FF FF FF FF FF FF FF FF FF FF FF FF FF FF FF FF FF FF FF FF FF FF FF FF FF FF FF FF FF FF FF FF FF FF FF FF FF FF FF FF FF FF FF FF FF FF FF FF FF FF FF FF FF FF FF FF FF FF FF FF FF FF FF FF FF FF FF FF FF FF FF FF FF FF FF FF FF FF FF FF FF FF FF FF FF FF FF FF FF FF FF FF FF FF FF FF FF FF FF FF FF FF FF FF FF FF FF FF FF FF FF FF FF FF FF FF FF FF FF FF FF FF FF FF FF FF FF FF FF FF FF FF FF FF FF FF FF FF FF FF FF FF FF FF FF FF FF FF FF FF FF FF FF FF FF FF FF FF FF FF FF FF FF FF FF FF FF FF FF FF FF FF FF FF FF FF FF FF FF FF FF FF FF FF FF FF FF FF FF FF FF FF FF FF FF FF FF FF FF FF FF FF FF FF FF FF FF FF FF FF FF FF FF FF FF FF FF FF FF FF FF FF FF FF FF FF FF FF FF FF FF FF FF FF FF FF FF FF FF FF FF FF FF FF FF FF FF FF FF FF FF FF FF FF FF FF FF FF FF FF FF FF FF FF FF FF FF FF FF FF FF FF FF FF FF FF FF FF FF FF FF FF FF FF FF FF FF FF FF FF FF FF FF FF FF FF FF FF FF FF FF FF FF FF FF FF FF FF FF FF FF FF FF FF FF FF FF FF FF FF FF FF FF FF FF FF FF FF FF FF FF FF FF FF FF FF FF FF FF FF FF FF FF FF FF FF FF FF FF FF FF FF FF FF FF FF FF FF FF FF FF FF FF FF FF FF FF FF FF FF FF FF FF FF FF FF FF FF FF FF FF FF FF FF FF FF FF FF FF FF FF FF FF FF FF FF FF FF FF FF FF FF FF FF FF FF FF FF FF FF FF FF FF FF FF FF FF FF FF FF FF FF FF FF FF FF FF FF FF FF FF FF FF FF FF FF FF FF FF FF FF FF FF FF FF FF FF FF FF FF FF FF FF FF FF FF FF FF FF FF FF FF FF FF FF FF FF FF FF FF FF FF FF FF FF FF FF FF FF FF FF FF FF FF FF FF FF FF FF FF FF FF FF FF FF FF FF FF FF FF FF FF FF FF FF FF FF FF FF FF FF FF FF FF FF FF FF FF FF FF FF FF FF FF FF FF FF FF FF FF FF FF FF FF FF FF FF FF FF FF FF FF FF FF FF FF FF FF FF FF FF FF FF FF FF FF FF FF FF FF FF FF FF FF FF FF FF FF FF FF FF FF FF FF FF FF FF FF FF FF FF FF FF FF FF FF FF FF FF FF FF FF FF FF FF FF FF FF FF FF FF FF FF FF FF FF FF FF FF FF FF FF FF FF FF FF FF FF FF FF FF FF FF FF FF FF FF FF FF FF FF FF FF FF FF FF FF FF FF FF FF FF FF FF FF FF FF FF FF FF FF FF FF FF FF FF FF FF FF FF FF FF FF FF FF FF FF FF FF FF FF FF FF FF FF FF FF FF FF FF FF FF FF FF FF FF FF FF FF FF FF FF FF FF FF FF FF FF FF FF FF FF FF FF FF FF FF FF FF FF FF FF FF FF FF FF FF FF FF FF FF FF FF FF FF FF FF FF FF FF FF FF FF FF FF FF FF FF FF FF FF FF FF FF FF FF FF FF FF FF FF FF FF FF FF FF FF FF FF FF FF FF FF FF FF FF FF FF FF FF FF FF FF FF FF FF FF FF FF FF FF FF FF FF FF FF FF FF FF FF FF FF FF FF FF FF FF FF FF FF FF FF FF FF FF FF FF FF FF FF FF FF FF FF FF FF FF FF FF FF FF FF FF FF FF FF FF FF FF FF FF FF FF FF FF FF FF FF FF FF FF FF FF FF FF FF FF FF FF FF FF FF FF FF FF FF FF FF FF FF FF FF FF FF FF FF FF FF FF FF FF FF FF FF FF FF FF FF FF FF FF FF FF FF FF FF FF FF FF FF FF FF FF FF FF FF FF FF FF FF FF FF FF FF FF FF FF FF FF FF FF FF FF FF FF FF FF FF FF FF FF FF FF FF FF FF FF FF FF FF FF FF FF FF FF FF FF FF FF FF FF FF FF FF FF FF FF FF FF FF FF FF FF FF FF FF FF FF FF FF FF FF FF FF FF FF FF FF FF FF FF FF FF FF FF FF FF FF FF FF FF FF FF FF FF FF FF FF FF FF FF FF FF FF FF FF FF FF FF FF FF FF FF FF FF FF FF FF FF FF FF FF FF FF FF FF FF FF FF FF FF FF FF FF FF FF FF FF FF FF FF FF FF FF FF FF FF FF FF FF FF FF FF FF FF FF FF FF FF FF FF FF FF FF FF FF FF FF FF FF FF FF FF FF FF FF FF FF FF FF FF FF FF FF FF FF FF FF FF FF FF FF FF FF FF FF FF FF FF FF FF FF FF FF FF FF FF FF FF FF FF FF FF FF FF FF FF FF FF FF FF FF FF FF FF FF FF FF FF FF FF FF FF FF FF FF FF FF FF FF FF FF FF FF FF FF FF FF FF FF FF FF FF FF FF FF FF FF FF FF FF FF FF FF FF FF FF FF FF FF FF FF FF FF FF FF FF FF FF FF FF FF FF FF FF FF FF FF FF FF FF FF FF FF FF FF FF FF FF FF FF FF FF FF FF FF FF FF FF FF FF FF FF FF FF FF FF FF FF FF FF FF FF FF FF FF FF FF FF FF FF FF FF FF FF FF FF FF FF FF FF FF FF FF FF FF FF FF FF FF FF FF FF FF FF FF FF FF FF FF FF FF FF FF FF FF FF FF FF FF FF FF FF FF FF FF FF FF FF FF FF FF FF FF FF FF FF FF FF FF FF FF FF FF FF FF FF FF FF FF FF FF FF FF FF FF FF FF FF FF FF FF FF FF FF FF FF FF FF FF FF FF FF FF FF FF FF FF FF FF FF FF FF FF FF FF FF FF FF FF FF FF FF FF FF FF FF FF FF FF FF FF FF FF FF FF FF FF FF FF FF FF FF FF FF FF FF FF FF FF FF FF FF FF FF FF FF FF FF FF FF FF FF FF FF FF FF FF FF FF FF FF FF FF FF FF FF FF FF FF FF FF FF FF FF FF FF FF FF FF FF FF FF FF FF FF FF FF FF FF FF FF FF FF FF FF FF FF FF FF FF FF FF FF FF FF FF FF FF FF FF FF FF FF FF FF FF FF FF FF FF FF FF FF FF FF FF FF FF FF FF FF FF FF FF FF FF FF FF FF FF FF FF FF FF FF FF FF FF FF FF FF FF FF FF FF FF FF FF FF FF FF FF FF FF FF FF FF FF FF FF FF FF FF FF FF FF FF FF FF FF FF FF FF FF FF FF FF FF FF FF FF FF FF FF FF FF FF FF FF FF FF FF FF FF FF FF FF FF FF FF FF FF FF FF FF FF FF FF FF FF FF FF FF FF FF FF FF FF FF FF FF FF FF FF FF FF FF FF FF FF FF FF FF FF FF FF FF FF FF FF FF FF FF FF FF FF FF FF FF FF FF FF FF FF FF FF FF FF FF FF FF FF FF FF FF FF FF FF FF FF FF FF FF FF FF FF FF FF FF FF FF FF FF FF FF FF FF FF FF FF FF FF FF FF FF FF FF FF FF FF FF FF FF FF FF FF FF FF FF FF FF FF FF FF FF FF FF FF FF FF FF FF FF FF FF FF FF FF FF FF FF FF FF FF FF FF FF FF FF FF FF FF FF FF FF FF FF FF FF FF FF FF FF FF FF FF FF FF FF FF FF FF FF FF FF FF FF FF FF FF FF FF FF FF FF FF FF FF FF FF FF FF FF FF FF FF FF FF FF FF FF FF FF FF FF FF FF FF FF FF FF FF FF FF FF FF FF FF FF FF FF FF FF FF FF FF FF FF FF FF FF FF FF FF FF FF FF FF FF FF FF FF FF FF FF FF FF FF FF FF FF FF FF FF FF FF FF FF FF FF FF FF FF FF FF FF FF FF FF FF FF FF FF FF FF FF FF FF FF FF FF FF FF FF FF FF FF FF FF FF FF FF FF FF FF FF FF FF FF FF FF FF FF FF FF FF FF FF FF FF FF FF FF FF FF FF FF FF FF FF FF FF FF FF FF FF FF FF FF FF FF FF FF FF FF FF FF FF FF FF FF FF FF FF FF FF FF FF FF FF FF FF FF FF FF FF FF FF FF FF FF FF FF FF FF FF FF FF FF FF FF FF FF FF FF FF FF FF FF FF FF FF FF FF FF FF FF FF FF FF FF FF FF FF FF FF FF FF FF FF FF FF FF FF FF FF FF FF FF FF FF FF FF FF FF FF FF FF FF FF FF FF FF FF FF FF FF FF FF FF FF FF FF FF FF FF FF FF FF FF FF FF FF FF FF FF FF FF FF FF FF FF FF FF FF FF FF FF FF FF FF FF FF FF FF FF FF FF FF FF FF FF FF FF FF FF FF FF FF FF FF FF FF FF FF FF FF FF FF FF FF FF FF FF FF FF FF FF FF FF FF FF FF FF FF FF FF FF FF FF FF FF FF FF FF FF FF FF FF FF FF FF FF FF FF FF FF FF FF FF FF FF FF FF FF FF FF FF FF FF FF FF FF FF FF FF FF FF FF FF FF FF FF FF FF FF FF FF FF FF FF FF FF FF FF FF FF FF FF FF FF FF FF FF FF FF FF FF FF FF FF FF FF FF FF FF FF FF FF FF FF FF FF FF FF FF FF FF FF FF FF FF FF FF FF FF FF FF FF FF FF FF FF FF FF FF FF FF FF FF FF FF FF FF FF FF FF FF FF FF FF FF FF FF FF FF FF FF FF FF FF FF FF FF FF FF FF FF FF FF FF FF FF FF FF FF FF FF FF FF FF FF FF FF FF FF FF FF FF FF FF FF FF FF FF FF FF FF FF FF FF FF FF FF FF FF FF FF FF FF FF FF FF FF FF FF FF FF FF FF FF FF FF FF FF FF FF FF FF FF FF FF FF FF FF FF FF FF FF FF FF FF FF FF FF FF FF FF FF FF FF FF FF FF FF FF FF FF FF FF FF FF FF FF FF FF FF FF FF FF FF FF FF FF FF FF FF FF FF FF FF FF FF FF FF FF FF FF FF FF FF FF FF FF FF FF FF FF FF FF FF FF FF FF FF FF FF FF FF FF FF FF FF FF FF FF FF FF FF FF FF FF FF FF FF FF FF FF FF FF FF FF FF FF FF FF FF FF FF FF FF FF FF FF FF FF FF FF FF FF FF FF FF FF FF FF FF FF FF FF FF FF FF FF FF FF FF FF FF FF FF FF FF FF FF FF FF FF FF FF FF FF FF FF FF FF FF FF FF FF FF FF FF FF FF FF FF FF FF FF FF FF FF FF FF FF FF FF FF FF FF FF FF FF FF FF FF FF FF FF FF FF FF FF FF FF FF FF FF FF FF FF FF FF FF FF FF FF FF FF FF FF FF FF FF FF FF FF FF FF FF FF FF FF FF FF FF FF FF FF FF FF FF FF FF FF FF FF FF FF FF FF FF FF FF FF FF FF FF FF FF FF FF FF FF FF FF FF FF FF FF FF FF FF FF FF FF FF FF FF FF FF FF FF FF FF FF FF FF FF FF FF FF FF FF FF FF FF FF FF FF FF FF FF FF FF FF FF FF FF FF FF FF FF FF FF FF FF FF FF FF FF FF FF FF FF FF FF FF FF FF FF FF FF FF FF FF FF FF FF FF FF FF FF FF FF FF FF FF FF FF FF FF FF FF FF FF FF FF FF FF FF FF FF FF FF FF FF FF FF FF FF FF FF FF FF FF FF FF FF FF FF FF FF FF FF FF FF FF FF FF FF FF FF FF FF FF FF FF FF FF FF FF FF FF FF FF FF FF FF FF FF FF FF FF FF FF FF FF FF FF FF FF FF FF FF FF FF FF FF FF FF FF FF FF FF FF FF FF FF FF FF FF FF FF FF FF FF FF FF FF FF FF FF FF FF FF FF FF FF FF FF FF FF FF FF FF FF FF FF FF FF FF FF FF FF FF FF FF FF FF FF FF FF FF FF FF FF FF FF FF FF FF FF FF FF FF FF FF FF FF FF FF FF FF FF FF FF FF FF FF FF FF FF FF FF FF FF FF FF FF FF FF FF FF FF FF FF FF FF FF FF FF FF FF FF FF FF FF FF FF FF FF FF FF FF FF FF FF FF FF FF FF FF FF FF FF FF FF FF FF FF FF FF FF FF FF FF FF FF FF FF FF FF FF FF FF FF FF FF FF FF FF FF FF FF FF FF FF FF FF FF FF FF FF FF FF FF FF FF FF FF FF FF FF FF FF FF FF FF FF FF FF FF FF FF FF FF FF FF FF FF FF FF FF FF FF FF FF FF FF FF FF FF FF FF FF FF FF FF FF FF FF FF FF FF FF FF FF FF FF FF FF FF FF FF FF FF FF FF FF FF FF FF FF FF FF FF FF FF FF FF FF FF FF FF FF FF FF FF FF FF FF FF FF FF FF FF FF FF FF FF FF FF FF FF FF FF FF FF FF FF FF FF FF FF FF FF FF FF FF FF FF FF FF FF FF FF FF FF FF FF FF FF FF FF FF FF FF FF FF FF FF FF FF FF FF FF FF FF FF FF FF FF FF FF FF FF FF FF FF FF FF FF FF FF FF FF FF FF FF FF FF FF FF FF FF FF FF FF FF FF FF FF FF FF FF FF FF FF FF FF FF FF FF FF FF FF FF FF FF FF FF FF FF FF FF FF FF FF FF FF FF FF FF FF FF FF FF FF FF FF FF FF FF FF FF FF FF FF FF FF FF FF FF FF FF FF FF FF FF FF FF FF FF FF FF FF FF FF FF FF FF FF FF FF FF FF FF FF FF FF FF FF FF FF FF FF FF FF FF FF FF FF FF FF FF FF FF FF FF FF FF FF FF FF FF FF FF FF FF FF FF FF FF FF FF FF FF FF FF FF FF FF FF FF FF FF FF FF FF FF FF FF FF FF FF FF FF FF FF FF FF FF FF FF FF FF FF FF FF FF FF FF FF FF FF FF FF FF FF FF FF FF FF FF FF FF FF FF FF FF FF FF FF FF FF FF FF FF FF FF FF FF FF FF FF FF FF FF FF FF FF FF FF FF FF FF FF FF FF FF FF FF FF FF FF FF FF FF FF FF FF FF FF FF FF FF FF FF FF FF FF FF FF FF FF FF FF FF FF FF FF FF FF FF FF FF FF FF FF FF FF FF FF FF FF FF FF FF FF FF FF FF FF FF FF FF FF FF FF FF FF FF FF FF FF FF FF FF FF FF FF FF FF FF FF FF FF FF FF FF FF FF FF FF FF FF FF FF FF FF FF FF FF FF FF FF FF FF FF FF FF FF FF FF FF FF FF FF FF FF FF FF FF FF FF FF FF FF FF FF FF FF FF FF FF FF FF FF FF FF FF FF FF FF FF FF FF FF FF FF FF FF FF FF FF FF FF FF FF FF FF FF FF FF FF FF FF FF FF FF FF FF FF FF FF FF FF FF FF FF FF FF FF FF FF FF FF FF FF FF FF FF FF FF FF FF FF FF FF FF FF FF FF FF FF FF FF FF FF FF FF FF FF FF FF FF FF FF FF FF FF FF FF FF FF FF FF FF FF FF FF FF FF FF FF FF FF FF FF FF FF FF FF FF FF FF FF FF FF FF FF FF FF FF FF FF FF FF FF FF FF FF FF FF FF FF FF FF FF FF FF FF FF FF FF FF FF FF FF FF FF FF FF FF FF FF FF FF FF FF FF FF FF FF FF FF FF FF FF FF FF FF FF FF FF FF FF FF FF FF FF FF FF FF FF FF FF FF FF FF FF FF FF FF FF FF FF FF FF FF FF FF FF FF FF FF FF FF FF FF FF FF FF FF FF FF FF FF FF FF FF FF FF FF FF FF FF FF FF FF FF FF FF FF FF FF FF FF FF FF FF FF FF FF FF FF FF FF FF FF FF FF FF FF FF FF FF FF FF FF FF FF FF FF FF FF FF FF FF FF FF FF FF FF FF FF FF FF FF FF FF FF FF FF FF FF FF FF FF FF FF FF FF FF FF FF FF FF FF FF FF FF FF FF FF FF FF FF FF FF FF FF FF FF FF FF FF FF FF FF FF FF FF FF FF FF FF FF FF FF FF FF FF FF FF FF FF FF FF FF FF FF FF FF FF FF FF FF FF FF FF FF FF FF FF FF FF FF FF FF FF FF FF FF FF FF FF FF FF FF FF FF FF FF FF FF FF FF FF FF FF FF FF FF FF FF FF FF FF FF FF FF FF FF FF FF FF FF FF FF FF FF FF FF FF FF FF FF FF FF FF FF FF FF FF FF FF FF FF FF FF FF FF FF FF FF FF FF FF FF FF FF FF FF FF FF FF FF FF FF FF FF FF FF FF FF FF FF FF FF FF FF FF FF FF FF FF FF FF FF FF FF FF FF FF FF FF FF FF FF FF FF FF FF FF FF FF FF FF FF FF FF FF FF FF FF FF FF FF FF FF FF FF FF FF FF FF FF FF FF FF FF FF FF FF FF FF FF FF FF FF FF FF FF FF FF FF FF FF FF FF FF FF FF FF FF FF FF FF FF FF FF FF FF FF FF FF FF FF FF FF FF FF FF FF FF FF FF FF FF FF FF FF FF FF FF FF FF FF FF FF FF FF FF FF FF FF FF FF FF FF FF FF FF FF FF FF FF FF FF FF FF FF FF FF FF FF FF FF FF FF FF FF FF FF FF FF FF FF FF FF FF FF FF FF FF FF FF FF FF FF FF FF FF FF FF FF FF FF FF FF FF FF FF FF FF FF FF FF FF FF FF FF FF FF FF FF FF FF FF FF FF FF FF FF FF FF FF FF FF FF FF FF FF FF FF FF FF FF FF FF FF FF FF FF FF FF FF FF FF FF FF FF FF FF FF FF FF FF FF FF FF FF FF FF FF FF FF FF FF FF FF FF FF FF FF FF FF FF FF FF FF FF FF FF FF FF FF FF FF FF FF FF FF FF FF FF FF FF FF FF FF FF FF FF FF FF FF FF FF FF FF FF FF FF FF FF FF FF FF FF FF FF FF FF FF FF FF FF FF FF FF FF FF FF FF FF FF FF FF FF FF FF FF FF FF FF FF FF FF FF FF FF FF FF FF FF FF FF FF FF FF FF FF FF FF FF FF FF FF FF FF FF FF FF FF FF FF FF FF FF FF FF FF FF FF FF FF FF FF FF FF FF FF FF FF FF FF FF FF FF FF FF FF FF FF FF FF FF FF FF FF FF FF FF FF FF FF FF FF FF FF FF FF FF FF FF FF FF FF FF FF FF FF FF FF FF FF FF FF FF FF FF FF FF FF FF FF FF FF FF FF FF FF FF FF FF FF FF FF FF FF FF FF FF FF FF FF FF FF FF FF FF FF FF FF FF FF FF FF FF FF FF FF FF FF FF FF FF FF FF FF FF FF FF FF FF FF FF FF FF FF FF FF FF FF FF FF FF FF FF FF FF FF FF FF FF FF FF FF FF FF FF FF FF FF FF FF FF FF FF FF FF FF FF FF FF FF FF FF FF FF FF FF FF FF FF FF FF FF FF FF FF FF FF FF FF FF FF FF FF FF FF FF FF FF FF FF FF FF FF FF FF FF FF FF FF FF FF FF FF FF FF FF FF FF FF FF FF FF FF FF FF FF FF FF FF FF FF FF FF FF FF FF FF FF FF FF FF FF FF FF FF FF FF FF FF FF FF FF FF FF FF FF FF FF FF FF FF FF FF FF FF FF FF FF FF FF FF FF FF FF FF FF FF FF FF FF FF FF FF FF FF FF FF FF FF FF FF FF FF FF FF FF FF FF FF FF FF FF FF FF FF FF FF FF FF FF FF FF FF FF FF FF FF FF FF FF FF FF FF FF FF FF FF FF FF FF FF FF FF FF FF FF FF FF FF FF FF FF FF FF FF FF FF FF FF FF FF FF FF FF FF FF FF FF FF FF FF FF FF FF FF FF FF FF FF FF FF FF FF FF FF FF FF FF FF FF FF FF FF FF FF FF FF FF FF FF FF FF FF FF FF FF FF FF FF FF FF FF FF FF FF FF FF FF FF FF FF FF FF FF FF FF FF FF FF FF FF FF FF FF FF FF FF FF FF FF FF FF FF FF FF FF FF FF FF FF FF FF FF FF FF FF FF FF FF FF FF FF FF FF FF FF FF FF FF FF FF FF FF FF FF FF FF FF FF FF FF FF FF FF FF FF FF FF FF FF FF FF FF FF FF FF FF FF FF FF FF FF FF FF FF FF FF FF FF FF FF FF FF FF FF FF FF FF FF FF FF FF FF FF FF FF FF FF FF FF FF FF FF FF FF FF FF FF FF FF FF FF FF FF FF FF FF FF FF FF FF FF FF FF FF FF FF FF FF FF FF FF FF FF FF FF FF FF FF FF FF FF FF FF FF FF FF FF FF FF FF FF FF FF FF FF FF FF FF FF FF FF FF FF FF FF FF FF FF FF FF FF FF FF FF FF FF FF FF FF FF FF FF FF FF FF FF FF FF FF FF FF FF FF FF FF FF FF FF FF FF FF FF FF FF FF FF FF FF FF FF FF FF FF FF FF FF FF FF FF FF FF FF FF FF FF FF FF FF FF FF FF FF FF FF FF FF FF FF FF FF FF FF FF FF FF FF FF FF FF FF FF FF FF FF FF FF FF FF FF FF FF FF FF FF FF FF FF FF FF FF FF FF FF FF FF FF FF FF FF FF FF FF FF FF FF FF FF FF FF FF FF FF FF FF FF FF FF FF FF FF FF FF FF FF FF FF FF FF FF FF FF FF FF FF FF FF FF FF FF FF FF FF FF FF FF FF FF FF FF FF FF FF FF FF FF FF FF FF FF FF FF FF FF FF FF FF FF FF FF FF FF FF FF FF FF FF FF FF FF FF FF FF FF FF FF FF FF FF FF FF FF FF FF FF FF FF FF FF FF FF FF FF FF FF FF FF FF FF FF FF FF FF FF FF FF FF FF FF FF FF FF FF FF FF FF FF FF FF FF FF FF FF FF FF FF FF FF FF FF FF FF FF FF FF FF FF FF FF FF FF FF FF FF FF FF FF FF FF FF FF FF FF FF FF FF FF FF FF FF FF FF FF FF FF FF FF FF FF FF FF FF FF FF FF FF FF FF FF FF FF FF FF FF FF FF FF FF FF FF FF FF FF FF FF FF FF FF FF FF FF FF FF FF FF FF FF FF FF FF FF FF FF FF FF FF FF FF FF FF FF FF FF FF FF FF FF FF FF FF FF FF FF FF FF FF FF FF FF FF FF FF FF FF FF FF FF FF FF FF FF FF FF FF FF FF FF FF FF FF FF FF FF FF FF FF FF FF FF FF FF FF FF FF FF FF FF FF FF FF FF FF FF FF FF FF FF FF FF FF FF FF FF FF FF FF FF FF FF FF FF FF FF FF FF FF FF FF FF FF FF FF FF FF FF FF FF FF FF FF FF FF FF FF FF FF FF FF FF FF FF FF FF FF FF FF FF FF FF FF FF FF FF FF FF FF FF FF FF FF FF FF FF FF FF FF FF FF FF FF FF FF FF FF FF FF FF FF FF FF FF FF FF FF FF FF FF FF FF FF FF FF FF FF FF FF FF FF FF FF FF FF FF FF FF FF FF FF FF FF FF FF FF FF FF FF FF FF FF FF FF FF FF FF FF FF FF FF FF FF FF FF FF FF FF FF FF FF FF FF FF FF FF FF FF FF FF FF FF FF FF FF FF FF FF FF FF FF FF FF FF FF FF FF FF FF FF FF FF FF FF FF FF FF FF FF FF FF FF FF FF FF FF FF FF FF FF FF FF FF FF FF FF FF FF FF FF FF FF FF FF FF FF FF FF FF FF FF FF FF FF FF FF FF FF FF FF FF FF FF FF FF FF FF FF FF FF FF FF FF FF FF FF FF FF FF FF FF FF FF FF FF FF FF FF FF FF FF FF FF FF FF FF FF FF FF FF FF FF FF FF FF FF FF FF FF FF FF FF FF FF FF FF FF FF FF FF FF FF FF FF FF FF FF FF FF FF FF FF FF FF FF FF FF FF FF FF FF FF FF FF FF FF FF FF FF FF FF FF FF FF FF FF FF FF FF FF FF FF FF FF FF FF FF FF FF FF FF FF FF FF FF FF FF FF FF FF FF FF FF FF FF FF FF FF FF FF FF FF FF FF FF FF FF FF FF FF FF FF FF FF FF FF FF FF FF FF FF FF FF FF FF FF FF FF FF FF FF FF FF FF FF FF FF FF FF FF FF FF FF FF FF FF FF FF FF FF FF FF FF FF FF FF FF FF FF FF FF FF FF FF FF FF FF FF FF FF FF FF FF FF FF FF FF FF FF FF FF FF FF FF FF FF FF FF FF FF FF FF FF FF FF FF FF FF FF FF FF FF FF FF FF FF FF FF FF FF FF FF FF FF FF FF FF FF FF FF FF FF FF FF FF FF FF FF FF FF FF FF FF FF FF FF FF FF FF FF FF FF FF FF FF FF FF FF FF FF FF FF FF FF FF FF FF FF FF FF FF FF FF FF FF FF FF FF FF FF FF FF FF FF FF FF FF FF FF FF FF FF FF FF FF FF FF FF FF FF FF FF FF FF FF FF FF FF FF FF FF FF FF FF FF FF FF FF FF FF FF FF FF FF FF FF FF FF FF FF FF FF FF FF FF FF FF FF FF FF FF FF FF FF FF FF FF FF FF FF FF FF FF FF FF FF FF FF FF FF FF FF FF FF FF FF FF FF FF FF FF FF FF FF FF FF FF FF FF FF FF FF FF FF FF FF FF FF FF FF FF FF FF FF FF FF FF FF FF FF FF FF FF FF FF FF FF FF FF FF FF FF FF FF FF FF FF FF FF FF FF FF FF FF FF FF FF FF FF FF FF FF FF FF FF FF FF FF FF FF FF FF FF FF FF FF FF FF FF FF FF FF FF FF FF FF FF FF FF FF FF FF FF FF FF FF FF FF FF FF FF FF FF FF FF FF FF FF FF FF FF FF FF FF FF FF FF FF FF FF FF FF FF FF FF FF FF FF FF FF FF FF FF FF FF FF FF FF FF FF FF FF FF FF FF FF FF FF FF FF FF FF FF FF FF FF FF FF FF FF FF FF FF FF FF FF FF FF FF FF FF FF FF FF FF FF FF FF FF FF FF FF FF FF FF FF FF FF FF FF FF FF FF FF FF FF FF FF FF FF FF FF FF FF FF FF FF FF FF FF FF FF FF FF FF FF FF FF FF FF FF FF FF FF FF FF FF FF FF FF FF FF FF FF FF FF FF FF FF FF FF FF FF FF FF FF FF FF FF FF FF FF FF FF FF FF FF FF FF FF FF FF FF FF FF FF FF FF FF FF FF FF FF FF FF FF FF FF FF FF FF FF FF FF FF FF FF FF FF FF FF FF FF FF FF FF FF FF FF FF FF FF FF FF FF FF FF FF FF FF FF FF FF FF FF FF FF FF FF FF FF FF FF FF FF FF FF FF FF FF FF FF FF FF FF FF FF FF FF FF FF FF FF FF FF FF FF FF FF FF FF FF FF FF FF FF FF FF FF FF FF FF FF FF FF FF FF FF FF FF FF FF FF FF FF FF FF FF FF FF FF FF FF FF FF FF FF FF FF FF FF FF FF FF FF FF FF FF FF FF FF FF FF FF FF FF FF FF FF FF FF FF FF FF FF FF FF FF FF FF FF FF FF FF FF FF FF FF FF FF FF FF FF FF FF FF FF FF FF FF FF FF FF FF FF FF FF FF FF FF FF FF FF FF FF FF FF FF FF FF FF FF FF FF FF FF FF FF FF FF FF FF FF FF FF FF FF FF FF FF FF FF FF FF FF FF FF FF FF FF FF FF FF FF FF FF FF FF FF FF FF FF FF FF FF FF FF FF FF FF FF FF FF FF FF FF FF FF FF FF FF FF FF FF FF FF FF FF FF FF FF FF FF FF FF FF FF FF FF FF FF FF FF FF FF FF FF FF FF FF FF FF FF FF FF FF FF FF FF FF FF FF FF FF FF FF FF FF FF FF FF FF FF FF FF FF FF FF FF FF FF FF FF FF FF FF FF FF FF FF FF FF FF FF FF FF FF FF FF FF FF FF FF FF FF FF FF FF FF FF FF FF FF FF FF FF FF FF FF FF FF FF FF FF FF FF FF FF FF FF FF FF FF FF FF FF FF FF FF FF FF FF FF FF FF FF FF FF FF FF FF FF FF FF FF FF FF FF FF FF FF FF FF FF FF FF FF FF FF FF FF FF FF FF FF FF FF FF FF FF FF FF FF FF FF FF FF FF FF FF FF FF FF FF FF FF FF FF FF FF FF FF FF FF FF FF FF FF FF FF FF FF FF FF FF FF FF FF FF FF FF FF FF FF FF FF FF FF FF FF FF FF FF FF FF FF FF FF FF FF FF FF FF FF FF FF FF FF FF FF FF FF FF FF FF FF FF FF FF FF FF FF FF FF FF FF FF FF FF FF FF FF FF FF FF FF FF FF FF FF FF FF FF FF FF FF FF FF FF FF FF FF FF FF FF FF FF FF FF FF FF FF FF FF FF FF FF FF FF FF FF FF FF FF FF FF FF FF FF FF FF FF FF FF FF FF FF FF FF FF FF FF FF FF FF FF FF FF FF FF FF FF FF FF FF FF FF FF FF FF FF FF FF FF FF FF FF FF FF FF FF FF FF FF FF FF FF FF FF FF FF FF FF FF FF FF FF FF FF FF FF FF FF FF FF FF FF FF FF FF FF FF FF FF FF FF FF FF FF FF FF FF FF FF FF FF FF FF FF FF FF FF FF FF FF FF FF FF FF FF FF FF FF FF FF FF FF FF FF FF FF FF FF FF FF FF FF FF FF FF FF FF FF FF FF FF FF FF FF FF FF FF FF FF FF FF FF FF FF FF FF FF FF FF FF FF FF FF FF FF FF FF FF FF FF FF FF FF FF FF FF FF FF FF FF FF FF FF FF FF FF FF FF FF FF FF FF FF FF FF FF FF FF FF FF FF FF FF FF FF FF FF FF FF FF FF FF FF FF FF FF FF FF FF FF FF FF FF FF FF FF FF FF FF FF FF FF FF FF FF FF FF FF FF FF FF FF FF FF FF FF FF FF FF FF FF FF FF FF FF FF FF FF FF FF FF FF FF FF FF FF FF FF FF FF FF FF FF FF FF FF FF FF FF FF FF FF FF FF FF FF FF FF FF FF FF FF FF FF FF FF FF FF FF FF FF FF FF FF FF FF FF FF FF FF FF FF FF FF FF FF FF FF FF FF FF FF FF FF FF FF FF FF FF FF FF FF FF FF FF FF FF FF FF FF FF FF FF FF FF FF FF FF FF FF FF FF FF FF FF FF FF FF FF FF FF FF FF FF FF FF FF FF FF FF FF FF FF FF FF FF FF FF FF FF FF FF FF FF FF FF FF FF FF FF FF FF FF FF FF FF FF FF FF FF FF FF FF FF FF FF FF FF FF FF FF FF FF FF FF FF FF FF FF FF FF FF FF FF FF FF FF FF FF FF FF FF FF FF FF FF FF FF FF FF FF FF FF FF FF FF FF FF FF FF FF FF FF FF FF FF FF FF FF FF FF FF FF FF FF FF FF FF FF FF FF FF FF FF FF FF FF FF FF FF FF FF FF FF FF FF FF FF FF FF FF FF FF FF FF FF FF FF FF FF FF FF FF FF FF FF FF FF FF FF FF FF FF FF FF FF FF FF FF FF FF FF FF FF FF FF FF FF FF FF FF FF FF FF FF FF FF FF FF FF FF FF FF FF FF FF FF FF FF FF FF FF FF FF FF FF FF FF FF FF FF FF FF FF FF FF FF FF FF FF FF FF FF FF FF FF FF FF FF FF FF FF FF FF FF FF FF FF FF FF FF FF FF FF FF FF FF FF FF FF FF FF FF FF FF FF FF FF FF FF FF FF FF FF FF FF FF FF FF FF FF FF FF FF FF FF FF FF FF FF FF FF FF FF FF FF FF FF FF FF FF FF FF FF FF FF FF FF FF FF FF FF FF FF FF FF FF FF FF FF FF FF FF FF FF FF FF FF FF FF FF FF FF FF FF FF FF FF FF FF FF FF FF FF FF FF FF FF FF FF FF FF FF FF FF FF FF FF FF FF FF FF FF FF FF FF FF FF FF FF FF FF FF FF FF FF FF FF FF FF FF FF FF FF FF FF FF FF FF FF FF FF FF FF FF FF FF FF FF FF FF FF FF FF FF FF FF FF FF FF FF FF FF FF FF FF FF FF FF FF FF FF FF FF FF FF FF FF FF FF FF FF FF FF FF FF FF FF FF FF FF FF FF FF FF FF FF FF FF FF FF FF FF FF FF FF FF FF FF FF FF FF FF FF FF FF FF FF FF FF FF FF FF FF FF FF FF FF FF FF FF FF FF FF FF FF FF FF FF FF FF FF FF FF FF FF FF FF FF FF FF FF FF FF FF FF FF FF FF FF FF FF FF FF FF FF FF FF FF FF FF FF FF FF FF FF FF FF FF FF FF FF FF FF FF FF FF FF FF FF FF FF FF FF FF FF FF FF FF FF FF FF FF FF FF FF FF FF FF FF FF FF FF FF FF FF FF FF FF FF FF FF FF FF FF FF FF FF FF FF FF FF FF FF FF FF FF FF FF FF FF FF FF FF FF FF FF FF FF FF FF FF FF FF FF FF FF FF FF FF FF FF FF FF FF FF FF FF FF FF FF FF FF FF FF FF FF FF FF FF FF FF FF FF FF FF FF FF FF FF FF FF FF FF FF FF FF FF FF FF FF FF FF FF FF FF FF FF FF FF FF FF FF FF FF FF FF FF FF FF FF FF FF FF FF FF FF FF FF FF FF FF FF FF FF FF FF FF FF FF FF FF FF FF FF FF FF FF FF FF FF FF FF FF FF FF FF FF FF FF FF FF FF FF FF FF FF FF FF FF FF FF FF FF FF FF FF FF FF FF FF FF FF FF FF FF FF FF FF FF FF FF FF FF FF FF FF FF FF FF FF FF FF FF FF FF FF FF FF FF FF FF FF FF FF FF FF FF FF FF FF FF FF FF FF FF FF FF FF FF FF FF FF FF FF FF FF FF FF FF FF FF FF FF FF FF FF FF FF FF FF FF FF FF FF FF FF FF FF FF FF FF FF FF FF FF FF FF FF FF FF FF FF FF FF FF FF FF FF FF FF FF FF FF FF FF FF FF FF FF FF FF FF FF FF FF FF FF FF FF FF FF FF FF FF FF FF FF FF FF FF FF FF FF FF FF FF FF FF FF FF FF FF FF FF FF FF FF FF FF FF FF FF FF FF FF FF FF FF FF FF FF FF FF FF FF FF FF FF FF FF FF FF FF FF FF FF FF FF FF FF FF FF FF FF FF FF FF FF FF FF FF FF FF FF FF FF FF FF FF FF FF FF FF FF FF FF FF FF FF FF FF FF FF FF FF FF FF FF FF FF FF FF FF FF FF FF FF FF FF FF FF FF FF FF FF FF FF FF FF FF FF FF FF FF FF FF FF FF FF FF FF FF FF FF FF FF FF FF FF FF FF FF FF FF FF FF FF FF FF FF FF FF FF FF FF FF FF FF FF FF FF FF FF FF FF FF FF FF FF FF FF FF FF FF FF FF FF FF FF FF FF FF FF FF FF FF FF FF FF FF FF FF FF FF FF FF FF FF FF FF FF FF FF FF FF FF FF FF FF FF FF FF FF FF FF FF FF FF FF FF FF FF FF FF FF FF FF FF FF FF FF FF FF FF FF FF FF FF FF FF FF FF FF FF FF FF FF FF FF FF FF FF FF FF FF FF FF FF FF FF FF FF FF FF FF FF FF FF FF FF FF FF FF FF FF FF FF FF FF FF FF FF FF FF FF FF FF FF FF FF FF FF FF FF FF FF FF FF FF FF FF FF FF FF FF FF FF FF FF FF FF FF FF FF FF FF FF FF FF FF FF FF FF FF FF FF FF FF FF FF FF FF FF FF FF FF FF FF FF FF FF FF FF FF FF FF FF FF FF FF FF FF FF FF FF FF FF FF FF FF FF FF FF FF FF FF FF FF FF FF FF FF FF FF FF FF FF FF FF FF FF FF FF FF FF FF FF FF FF FF FF FF FF FF FF FF FF FF FF FF FF FF FF FF FF FF FF FF FF FF FF FF FF FF FF FF FF FF FF FF FF FF FF FF FF FF FF FF FF FF FF FF FF FF FF FF FF FF FF FF FF FF FF FF FF FF FF FF FF FF FF FF FF FF FF FF FF FF FF FF FF FF FF FF FF FF FF FF FF FF FF FF FF FF FF FF FF FF FF FF FF FF FF FF FF FF FF FF FF FF FF FF FF FF FF FF FF FF FF FF FF FF FF FF FF FF FF FF FF FF FF FF FF FF FF FF FF FF FF FF FF FF FF FF FF FF FF FF FF FF FF FF FF FF FF FF FF FF FF FF FF FF FF FF FF FF FF FF FF FF FF FF FF FF FF FF FF FF FF FF FF FF FF FF FF FF FF FF FF FF FF FF FF FF FF FF FF FF FF FF FF FF FF FF FF FF FF FF FF FF FF FF FF FF FF FF FF FF FF FF FF FF FF FF FF FF FF FF FF FF FF FF FF FF FF FF FF FF FF FF FF FF FF FF FF FF FF FF FF FF FF FF FF FF FF FF FF FF FF FF FF FF FF FF FF FF FF FF FF FF FF FF FF FF FF FF FF FF FF FF FF FF FF FF FF FF FF FF FF FF FF FF FF FF FF FF FF FF FF FF FF FF FF FF FF FF FF FF FF FF FF FF FF FF FF FF FF FF FF FF FF FF FF FF FF FF FF FF FF FF FF FF FF FF FF FF FF FF FF FF FF FF FF FF FF FF FF FF FF FF FF FF FF FF FF FF FF FF FF FF FF FF FF FF FF FF FF FF FF FF FF FF FF FF FF FF FF FF FF FF FF FF FF FF FF FF FF FF FF FF FF FF FF FF FF FF FF FF FF FF FF FF FF FF FF FF FF FF FF FF FF FF FF FF FF FF FF FF FF FF FF FF FF FF FF FF FF FF FF FF FF FF FF FF FF FF FF FF FF FF FF FF FF FF FF FF FF FF FF FF FF FF FF FF FF FF FF FF FF FF FF FF FF FF FF FF FF FF FF FF FF FF FF FF FF FF FF FF FF FF FF FF FF FF FF FF FF FF FF FF FF FF FF FF FF FF FF FF FF FF FF FF FF FF FF FF FF FF FF FF FF FF FF FF FF FF FF FF FF FF FF FF FF FF FF FF FF FF FF FF FF FF FF FF FF FF FF FF FF FF FF FF FF FF FF FF FF FF FF FF FF FF FF FF FF FF FF FF FF FF FF FF FF FF FF FF FF FF FF FF FF FF FF FF FF FF FF FF FF FF FF FF FF FF FF FF FF FF FF FF FF FF FF FF FF FF FF FF FF FF FF FF FF FF FF FF FF FF FF FF FF FF FF FF FF FF FF FF FF FF FF FF FF FF FF FF FF FF FF FF FF FF FF FF FF FF FF FF FF FF FF FF FF FF FF FF FF FF FF FF FF FF FF FF FF FF FF FF FF FF FF FF FF FF FF FF FF FF FF FF FF FF FF FF FF FF FF FF FF FF FF FF FF FF FF FF FF FF FF FF FF FF FF FF FF FF FF FF FF FF FF FF FF FF FF FF FF FF FF FF FF FF FF FF FF FF FF FF FF FF FF FF FF FF FF FF FF FF FF FF FF FF FF FF FF FF FF FF FF FF FF FF FF FF FF FF FF FF FF FF FF FF FF FF FF FF FF FF FF FF FF FF FF FF FF FF FF FF FF FF FF FF FF FF FF FF FF FF FF FF FF FF FF FF FF FF FF FF FF FF FF FF FF FF FF FF FF FF FF FF FF FF FF FF FF FF FF FF FF FF FF FF FF FF FF FF FF FF FF FF FF FF FF FF FF FF FF FF FF FF FF FF FF FF FF FF FF FF FF FF FF FF FF FF FF FF FF FF FF FF FF FF FF FF FF FF FF FF FF FF FF FF FF FF FF FF FF FF FF FF FF FF FF FF FF FF FF FF FF FF FF FF FF FF FF FF FF FF FF FF FF FF FF FF FF FF FF FF FF FF FF FF FF FF FF FF FF FF FF FF FF FF FF FF FF FF FF FF FF FF FF FF FF FF FF FF FF FF FF FF FF FF FF FF FF FF FF FF FF FF FF FF FF FF FF FF FF FF FF FF FF FF FF FF FF FF FF FF FF FF FF FF FF FF FF FF FF FF FF FF FF FF FF FF FF FF FF FF FF FF FF FF FF FF FF FF FF FF FF FF FF FF FF FF FF FF FF FF FF FF FF FF FF FF FF FF FF FF FF FF FF FF FF FF FF FF FF FF FF FF FF FF FF FF FF FF FF FF FF FF FF FF FF FF FF FF FF FF FF FF FF FF FF FF FF FF FF FF FF FF FF FF FF FF FF FF FF FF FF FF FF FF FF FF FF FF FF FF FF FF FF FF FF FF FF FF FF FF FF FF FF FF FF FF FF FF FF FF FF FF FF FF FF FF FF FF FF FF FF FF FF FF FF FF FF FF FF FF FF FF FF FF FF FF FF FF FF FF FF FF FF FF FF FF FF FF FF FF FF FF FF FF FF FF FF FF FF FF FF FF FF FF FF FF FF FF FF FF FF FF FF FF FF FF FF FF FF FF FF FF FF FF FF FF FF FF FF FF FF FF FF FF FF FF FF FF FF FF FF FF FF FF FF FF FF FF FF FF FF FF FF FF FF FF FF FF FF FF FF FF FF FF FF FF FF FF FF FF FF FF FF FF FF FF FF FF FF FF FF FF FF FF FF FF FF FF FF FF FF FF FF FF FF FF FF FF FF FF FF FF FF FF FF FF FF FF FF FF FF FF FF FF FF FF FF FF FF FF FF FF FF FF FF FF FF FF FF FF FF FF FF FF FF FF FF FF FF FF FF FF FF FF FF FF FF FF FF FF FF FF FF FF FF FF FF FF FF FF FF FF FF FF FF FF FF FF FF FF FF FF FF FF FF FF FF FF FF FF FF FF FF FF FF FF FF FF FF FF FF FF FF FF FF FF FF FF FF FF FF FF FF FF FF FF FF FF FF FF FF FF FF FF FF FF FF FF FF FF FF FF FF FF FF FF FF FF FF FF FF FF FF FF FF FF FF FF FF FF FF FF FF FF FF FF FF FF FF FF FF FF FF FF FF FF FF FF FF FF FF FF FF FF FF FF FF FF FF FF FF FF FF FF FF FF FF FF FF FF FF FF FF FF FF FF FF FF FF FF FF FF FF FF FF FF FF FF FF FF FF FF FF FF FF FF FF FF FF FF FF FF FF FF FF FF FF FF FF FF FF FF FF FF FF FF FF FF FF FF FF FF FF FF FF FF FF FF FF FF FF FF FF FF FF FF FF FF FF FF FF FF FF FF FF FF FF FF FF FF FF FF FF FF FF FF FF FF FF FF FF FF FF FF FF FF FF FF FF FF FF FF FF FF FF FF FF FF FF FF FF FF FF FF FF FF FF FF FF FF FF FF FF FF FF FF FF FF FF FF FF FF FF FF FF FF FF FF FF FF FF FF FF FF FF FF FF FF FF FF FF FF FF FF FF FF FF FF FF FF FF FF FF FF FF FF FF FF FF FF FF FF FF FF FF FF FF FF FF FF FF FF FF FF FF FF FF FF FF FF FF FF FF FF FF FF FF FF FF FF FF FF FF FF FF FF FF FF FF FF FF FF FF FF FF FF FF FF FF FF FF FF FF FF FF FF FF FF FF FF FF FF FF FF FF FF FF FF FF FF FF FF FF FF FF FF FF FF FF FF FF FF FF FF FF FF FF FF FF FF FF FF FF FF FF FF FF FF FF FF FF FF FF FF FF FF FF FF FF FF FF FF FF FF FF FF FF FF FF FF FF FF FF FF FF FF FF FF FF FF FF FF FF FF FF FF FF FF FF FF FF FF FF FF FF FF FF FF FF FF FF FF FF FF FF FF FF FF FF FF FF FF FF FF FF FF FF FF FF FF FF FF FF FF FF FF FF FF FF FF FF FF FF FF FF FF FF FF FF FF FF FF FF FF FF FF FF FF FF FF FF FF FF FF FF FF FF FF FF FF FF FF FF FF FF FF FF FF FF FF FF FF FF FF FF FF FF FF FF FF FF FF FF FF FF FF FF FF FF FF FF FF FF FF FF FF FF FF FF FF FF FF FF FF FF FF FF FF FF FF FF FF FF FF FF FF FF FF FF FF FF FF FF FF FF FF FF FF FF FF FF FF FF FF FF FF FF FF FF FF FF FF FF FF FF FF FF FF FF FF FF FF FF FF FF FF FF FF FF FF FF FF FF FF FF FF FF FF FF FF FF FF FF FF FF FF FF FF FF FF FF FF FF FF FF FF FF FF FF FF FF FF FF FF FF FF FF FF FF FF FF FF FF FF FF FF FF FF FF FF FF FF FF FF FF FF FF FF FF FF FF FF FF FF FF FF FF FF FF FF FF FF FF FF FF FF FF FF FF FF FF FF FF FF FF FF FF FF FF FF FF FF FF FF FF FF FF FF FF FF FF FF FF FF FF FF FF FF FF FF FF FF FF FF FF FF FF FF FF FF FF FF FF FF FF FF FF FF FF FF FF FF FF FF FF FF FF FF FF FF FF FF FF FF FF FF FF FF FF FF FF FF FF FF FF FF FF FF FF FF FF FF FF FF FF FF FF FF FF FF FF FF FF FF FF FF FF FF FF FF FF FF FF FF FF FF FF FF FF FF FF FF FF FF FF FF FF FF FF FF FF FF FF FF FF FF FF FF FF FF FF FF FF FF FF FF FF FF FF FF FF FF FF FF FF FF FF FF FF FF FF FF FF FF FF FF FF FF FF FF FF FF FF FF FF FF FF FF FF FF FF FF FF FF FF FF FF FF FF FF FF FF FF FF FF FF FF FF FF FF FF FF FF FF FF FF FF FF FF FF FF FF FF FF FF FF FF FF FF FF FF FF FF FF FF FF FF FF FF FF FF FF FF FF FF FF FF FF FF FF FF FF FF FF FF FF FF FF FF FF FF FF FF FF FF FF FF FF FF FF FF FF FF FF FF FF FF FF FF FF FF FF FF FF FF FF FF FF FF FF FF FF FF FF FF FF FF FF FF FF FF FF FF FF FF FF FF FF FF FF FF FF FF FF FF FF FF FF FF FF FF FF FF FF FF FF FF FF FF FF FF FF FF FF FF FF FF FF FF FF FF FF FF FF FF FF FF FF FF FF FF FF FF FF FF FF FF FF FF FF FF FF FF FF FF FF FF FF FF FF FF FF FF FF FF FF FF FF FF FF FF FF FF FF FF FF FF FF FF FF FF FF FF FF FF FF FF FF FF FF FF FF FF FF FF FF FF FF FF FF FF FF FF FF FF FF FF FF FF FF FF FF FF FF FF FF FF FF FF FF FF FF FF FF FF FF FF FF FF FF FF FF FF FF FF FF FF FF FF FF FF FF FF FF FF FF FF FF FF FF FF FF FF FF FF FF FF FF FF FF FF FF FF FF FF FF FF FF FF FF FF FF FF FF FF FF FF FF FF FF FF FF FF FF FF FF FF FF FF FF FF FF FF FF FF FF FF FF FF FF FF FF FF FF FF FF FF FF FF FF FF FF FF FF FF FF FF FF FF FF FF FF FF FF FF FF FF FF FF FF FF FF FF FF FF FF FF FF FF FF FF FF FF FF FF FF FF FF FF FF FF FF FF FF FF FF FF FF FF FF FF FF FF FF FF FF FF FF FF FF FF FF FF FF FF FF FF FF FF FF FF FF FF FF FF FF FF FF FF FF FF FF FF FF FF FF FF FF FF FF FF FF FF FF FF FF FF FF FF FF FF FF FF FF FF FF FF FF FF FF FF FF FF FF FF FF FF FF FF FF FF FF FF FF FF FF FF FF FF FF FF FF FF FF FF FF FF FF FF FF FF FF FF FF FF FF FF FF FF FF FF FF FF FF FF FF FF FF FF FF FF FF FF FF FF FF FF FF FF FF FF FF FF FF FF FF FF FF FF FF FF FF FF FF FF FF FF FF FF FF FF FF FF FF FF FF FF FF FF FF FF FF FF FF FF FF FF FF FF FF FF FF FF FF FF FF FF FF FF FF FF FF FF FF FF FF FF FF FF FF FF FF FF FF FF FF FF FF FF FF FF FF FF FF FF FF FF FF FF FF FF FF FF FF FF FF FF FF FF FF FF FF FF FF FF FF FF FF FF FF FF FF FF FF FF FF FF FF FF FF FF FF FF FF FF FF FF FF FF FF FF FF FF FF FF FF FF FF FF FF FF FF FF FF FF FF FF FF FF FF FF FF FF FF FF FF FF FF FF FF FF FF FF FF FF FF FF FF FF FF FF FF FF FF FF FF FF FF FF FF FF FF FF FF FF FF FF FF FF FF FF FF FF FF FF FF FF FF FF FF FF FF FF FF FF FF FF FF FF FF FF FF FF FF FF FF FF FF FF FF FF FF FF FF FF FF FF FF FF FF FF FF FF FF FF FF FF FF FF FF FF FF FF FF FF FF FF FF FF FF FF FF FF FF FF FF FF FF FF FF FF FF FF FF FF FF FF FF FF FF FF FF FF FF FF FF FF FF FF FF FF FF FF FF FF FF FF FF FF FF FF FF FF FF FF FF FF FF FF FF FF FF FF FF FF FF FF FF FF FF FF FF FF FF FF FF FF FF FF FF FF FF FF FF FF FF FF FF FF FF FF FF FF FF FF FF FF FF FF FF FF FF FF FF FF FF FF FF FF FF FF FF FF FF FF FF FF FF FF FF FF FF FF FF FF FF FF FF FF FF FF FF FF FF FF FF FF FF FF FF FF FF FF FF FF FF FF FF FF FF FF FF FF FF FF FF FF FF FF FF FF FF FF FF FF FF FF FF FF FF FF FF FF FF FF FF FF FF FF FF FF FF FF FF FF FF FF FF FF FF FF FF FF FF FF FF FF FF FF FF FF FF FF FF FF FF FF FF FF FF FF FF FF FF FF FF FF FF FF FF FF FF FF FF FF FF FF FF FF FF FF FF FF FF FF FF FF FF FF FF FF FF FF FF FF FF FF FF FF FF FF FF FF FF FF FF FF FF FF FF FF FF FF FF FF FF FF FF FF FF FF FF FF FF FF FF FF FF FF FF FF FF FF FF FF FF FF FF FF FF FF FF FF FF FF FF FF FF FF FF FF FF FF FF FF FF FF FF FF FF FF FF FF FF FF FF FF FF FF FF FF FF FF FF FF FF FF FF FF FF FF FF FF FF FF FF FF FF FF FF FF FF FF FF FF FF FF FF FF FF FF FF FF FF FF FF FF FF FF FF FF FF FF FF FF FF FF FF FF FF FF FF FF FF FF FF FF FF FF FF FF FF FF FF FF FF FF FF FF FF FF FF FF FF FF FF FF FF FF FF FF FF FF FF FF FF FF FF FF FF FF FF FF FF FF FF FF FF FF FF FF FF FF FF FF FF FF FF FF FF FF FF FF FF FF FF FF FF FF FF FF FF FF FF FF FF FF FF FF FF FF FF FF FF FF FF FF FF FF FF FF FF FF FF FF FF FF FF FF FF FF FF FF FF FF FF FF FF FF FF FF FF FF FF FF FF FF FF FF FF FF FF FF FF FF FF FF FF FF FF FF FF FF FF FF FF FF FF FF FF FF FF FF FF FF FF FF FF FF FF FF FF FF FF FF FF FF FF FF FF FF FF FF FF FF FF FF FF FF FF FF FF FF FF FF FF FF FF FF FF FF FF FF FF FF FF FF FF FF FF FF FF FF FF FF FF FF FF FF FF FF FF FF FF FF FF FF FF FF FF FF FF FF FF FF FF FF FF FF FF FF FF FF FF FF FF FF FF FF FF FF FF FF FF FF FF FF FF FF FF FF FF FF FF FF FF FF FF FF FF FF FF FF FF FF FF FF FF FF FF FF FF FF FF FF FF FF FF FF FF FF FF FF FF FF FF FF FF FF FF FF FF FF FF FF FF FF FF FF FF FF FF FF FF FF FF FF FF FF FF FF FF FF FF FF FF FF FF FF FF FF FF FF FF FF FF FF FF FF FF FF FF FF FF FF FF FF FF FF FF FF FF FF FF FF FF FF FF FF FF FF FF FF FF FF FF FF FF FF FF FF FF FF FF FF FF FF FF FF FF FF FF FF FF FF FF FF FF FF FF FF FF FF FF FF FF FF FF FF FF FF FF FF FF FF FF FF FF FF FF FF FF FF FF FF FF FF FF FF FF FF FF FF FF FF FF FF FF FF FF FF FF FF FF FF FF FF FF FF FF FF FF FF FF FF FF FF FF FF FF FF FF FF FF FF FF FF FF FF FF FF FF FF FF FF FF FF FF FF FF FF FF FF FF FF FF FF FF FF FF FF FF FF FF FF FF FF FF FF FF FF FF FF FF FF FF FF FF FF FF FF FF FF FF FF FF FF FF FF FF FF FF FF FF FF FF FF FF FF FF FF FF FF FF FF FF FF FF FF FF FF FF FF FF FF FF FF FF FF FF FF FF FF FF FF FF FF FF FF FF FF FF FF FF FF FF FF FF FF FF FF FF FF FF FF FF FF FF FF FF FF FF FF FF FF FF FF FF FF FF FF FF FF FF FF FF FF FF FF FF FF FF FF FF FF FF FF FF FF FF FF FF FF FF FF FF FF FF FF FF FF FF FF FF FF FF FF FF FF FF FF FF FF FF FF FF FF FF FF FF FF FF FF FF FF FF FF FF FF FF FF FF FF FF FF FF FF FF FF FF FF FF FF FF FF FF FF FF FF FF FF FF FF FF FF FF FF FF FF FF FF FF FF FF FF FF FF FF FF FF FF FF FF FF FF FF FF FF FF FF FF FF FF FF FF FF FF FF FF FF FF FF FF FF FF FF FF FF FF FF FF FF FF FF FF FF FF FF FF FF FF FF FF FF FF FF FF FF FF FF FF FF FF FF FF FF FF FF FF FF FF FF FF FF FF FF FF FF FF FF FF FF FF FF FF FF FF FF FF FF FF FF FF FF FF FF FF FF FF FF FF FF FF FF FF FF FF FF FF FF FF FF FF FF FF FF FF FF FF FF FF FF FF FF FF FF FF FF FF FF FF FF FF FF FF FF FF FF FF FF FF FF FF FF FF FF FF FF FF FF FF FF FF FF FF FF FF FF FF FF FF FF FF FF FF FF FF FF FF FF FF FF FF FF FF FF FF FF FF FF FF FF FF FF FF FF FF FF FF FF FF FF FF FF FF FF FF FF FF FF FF FF FF FF FF FF FF FF FF FF FF FF FF FF FF FF FF FF FF FF FF FF FF FF FF FF FF FF FF FF FF FF FF FF FF FF FF FF FF FF FF FF FF FF FF FF FF FF FF FF FF FF FF FF FF FF FF FF FF FF FF FF FF FF FF FF FF FF FF FF FF FF FF FF FF FF FF FF FF FF FF FF FF FF FF FF FF FF FF FF FF FF FF FF FF FF FF FF FF FF FF FF FF FF FF FF FF FF FF FF FF FF FF FF FF FF FF FF FF FF FF FF FF FF FF FF FF FF FF FF FF FF FF FF FF FF FF FF FF FF FF FF FF FF FF FF FF FF FF FF FF FF FF FF FF FF FF FF FF FF FF FF FF FF FF FF FF FF FF FF FF FF FF FF FF FF FF FF FF FF FF FF FF FF FF FF FF FF FF FF FF FF FF FF FF FF FF FF FF FF FF FF FF FF FF FF FF FF FF FF FF FF FF FF FF FF FF FF FF FF FF FF FF FF FF FF FF FF FF FF FF FF FF FF FF FF FF FF FF FF FF FF FF FF FF FF FF FF FF FF FF FF FF FF FF FF FF FF FF FF FF FF FF FF FF FF FF FF FF FF FF FF FF FF FF FF FF FF FF FF FF FF FF FF FF FF FF FF FF FF FF FF FF FF FF FF FF FF FF FF FF FF FF FF FF FF FF FF FF FF FF FF FF FF FF FF FF FF FF FF FF FF FF FF FF FF FF FF FF FF FF FF FF FF FF FF FF FF FF FF FF FF FF FF FF FF FF FF FF FF FF FF FF FF FF FF FF FF FF FF FF FF FF FF FF FF FF FF FF FF FF FF FF FF FF FF FF FF FF FF FF FF FF FF FF FF FF FF FF FF FF FF FF FF FF FF FF FF FF FF FF FF FF FF FF FF FF FF FF FF FF FF FF FF FF FF FF FF FF FF FF FF FF FF FF FF FF FF FF FF FF FF FF FF FF FF FF FF FF FF FF FF FF FF FF FF FF FF FF FF FF FF FF FF FF FF FF FF FF FF FF FF FF FF FF FF FF FF FF FF FF FF FF FF FF FF FF FF FF FF FF FF FF FF FF FF FF FF FF FF FF FF FF FF FF FF FF FF FF FF FF FF FF FF FF FF FF FF FF FF FF FF FF FF FF FF FF FF FF FF FF FF FF FF FF FF FF FF FF FF FF FF FF FF FF FF FF FF FF FF FF FF FF FF FF FF FF FF FF FF FF FF FF FF FF FF FF FF FF FF FF FF FF FF FF FF FF FF FF FF FF FF FF FF FF FF FF FF FF FF FF FF FF FF FF FF FF FF FF FF FF FF FF FF FF FF FF FF FF FF FF FF FF FF FF FF FF FF FF FF FF FF FF FF FF FF FF FF FF FF FF FF FF FF FF FF FF FF FF FF FF FF FF FF FF FF FF FF FF FF FF FF FF FF FF FF FF FF FF FF FF FF FF FF FF FF FF FF FF FF FF FF FF FF FF FF FF FF FF FF FF FF FF FF FF FF FF FF FF FF FF FF FF FF FF FF FF FF FF FF FF FF FF FF FF FF FF FF FF FF FF FF FF FF FF FF FF FF FF FF FF FF FF FF FF FF FF FF FF FF FF FF FF FF FF FF FF FF FF FF FF FF FF FF FF FF FF FF FF FF FF FF FF FF FF FF FF FF FF FF FF FF FF FF FF FF FF FF FF FF FF FF FF FF FF FF FF FF FF FF FF FF FF FF FF FF FF FF FF FF FF FF FF FF FF FF FF FF FF FF FF FF FF FF FF FF FF FF FF FF FF FF FF FF FF FF FF FF FF FF FF FF FF FF FF FF FF FF FF FF FF FF FF FF FF FF FF FF FF FF FF FF FF FF FF FF FF FF FF FF FF FF FF FF FF FF FF FF FF FF FF FF FF FF FF FF FF FF FF FF FF FF FF FF FF FF FF FF FF FF FF FF FF FF FF FF FF FF FF FF FF FF FF FF FF FF FF FF FF FF FF FF FF FF FF FF FF FF FF FF FF FF FF FF FF FF FF FF FF FF FF FF FF FF FF FF FF FF FF FF FF FF FF FF FF FF FF FF FF FF FF FF FF FF FF FF FF FF FF FF FF FF FF FF FF FF FF FF FF FF FF FF FF FF FF FF FF FF FF FF FF FF FF FF FF FF FF FF FF FF FF FF FF FF FF FF FF FF FF FF FF FF FF FF FF FF FF FF FF FF FF FF FF FF FF FF FF FF FF FF FF FF FF FF FF FF FF FF FF FF FF FF FF FF FF FF FF FF FF FF FF FF FF FF FF FF FF FF FF FF FF FF FF FF FF FF FF FF FF FF FF FF FF FF FF FF FF FF FF FF FF FF FF FF FF FF FF FF FF FF FF FF FF FF FF FF FF FF FF FF FF FF FF FF FF FF FF FF FF FF FF FF FF FF FF FF FF FF FF FF FF FF FF FF FF FF FF FF FF FF FF FF FF FF FF FF FF FF FF FF FF FF FF FF FF FF FF FF FF FF FF FF FF FF FF FF FF FF FF FF FF FF FF FF FF FF FF FF FF FF FF FF FF FF FF FF FF FF FF FF FF FF FF FF FF FF FF FF FF FF FF FF FF FF FF FF FF FF FF FF FF FF FF FF FF FF FF FF FF FF FF FF FF FF FF FF FF FF FF FF FF FF FF FF FF FF FF FF FF FF FF FF FF FF FF FF FF FF FF FF FF FF FF FF FF FF FF FF FF FF FF FF FF FF FF FF FF FF FF FF FF FF FF FF FF FF FF FF FF FF FF FF FF FF FF FF FF FF FF FF FF FF FF FF FF FF FF FF FF FF FF FF FF FF FF FF FF FF FF FF FF FF FF FF FF FF FF FF FF FF FF FF FF FF FF FF FF FF FF FF FF FF FF FF FF FF FF FF FF FF FF FF FF FF FF FF FF FF FF FF FF FF FF FF FF FF FF FF FF FF FF FF FF FF FF FF FF FF FF FF FF FF FF FF FF FF FF FF FF FF FF FF FF FF FF FF FF FF FF FF FF FF FF FF FF FF FF FF FF FF FF FF FF FF FF FF FF FF FF FF FF FF FF FF FF FF FF FF FF FF FF FF FF FF FF FF FF FF FF FF FF FF FF FF FF FF FF FF FF FF FF FF FF FF FF FF FF FF FF FF FF FF FF FF FF FF FF FF FF FF FF FF FF FF FF FF FF FF FF FF FF FF FF FF FF FF FF FF FF FF FF FF FF FF FF FF FF FF FF FF FF FF FF FF FF FF FF FF FF FF FF FF FF FF FF FF FF FF FF FF FF FF FF FF FF FF FF FF FF FF FF FF FF FF FF FF FF FF FF FF FF FF FF FF FF FF FF FF FF FF FF FF FF FF FF FF FF FF FF FF FF FF FF FF FF FF FF FF FF FF FF FF FF FF FF FF FF FF FF FF FF FF FF FF FF FF FF FF FF FF FF FF FF FF FF FF FF FF FF FF FF FF FF FF FF FF FF FF FF FF FF FF FF FF FF FF FF FF FF FF FF FF FF FF FF FF FF FF FF FF FF FF FF FF FF FF FF FF FF FF FF FF FF FF FF FF FF FF FF FF FF FF FF FF FF FF FF FF FF FF FF FF FF FF FF FF FF FF FF FF FF FF FF FF FF FF FF FF FF FF FF FF FF FF FF FF FF FF FF FF FF FF FF FF FF FF FF FF FF FF FF FF FF FF FF FF FF FF FF FF FF FF FF FF FF FF FF FF FF FF FF FF FF FF FF FF FF FF FF FF FF FF FF FF FF FF FF FF FF FF FF FF FF FF FF FF FF FF FF FF FF FF FF FF FF FF FF FF FF FF FF FF FF FF FF FF FF FF FF FF FF FF FF FF FF FF FF FF FF FF FF FF FF FF FF FF FF FF FF FF FF FF FF FF FF FF FF FF FF FF FF FF FF FF FF FF FF FF FF FF FF FF FF FF FF FF FF FF FF FF FF FF FF FF FF FF FF FF FF FF FF FF FF FF FF FF FF FF FF FF FF FF FF FF FF FF FF FF FF FF FF FF FF FF FF FF FF FF FF FF FF FF FF FF FF FF FF FF FF FF FF FF FF FF FF FF FF FF FF FF FF FF FF FF FF FF FF FF FF FF FF FF FF FF FF FF FF FF FF FF FF FF FF FF FF FF FF FF FF FF FF FF FF FF FF FF FF FF FF FF FF FF FF FF FF FF FF FF FF FF FF FF FF FF FF FF FF FF FF FF FF FF FF FF FF FF FF FF FF FF FF FF FF FF FF FF FF FF FF FF FF FF FF FF FF FF FF FF FF FF FF FF FF FF FF FF FF FF FF FF FF FF FF FF FF FF FF FF FF FF FF FF FF FF FF FF FF FF FF FF FF FF FF FF FF FF FF FF FF FF FF FF FF FF FF FF FF FF FF FF FF FF FF FF FF FF FF FF FF FF FF FF FF FF FF FF FF FF FF FF FF FF FF FF FF FF FF FF FF FF FF FF FF FF FF FF FF FF FF FF FF FF FF FF FF FF FF FF FF FF FF FF FF FF FF FF FF FF FF FF FF FF FF FF FF FF FF FF FF FF FF FF FF FF FF FF FF FF FF FF FF FF FF FF FF FF FF FF FF FF FF FF FF FF FF FF FF FF FF FF FF FF FF FF FF FF FF FF FF FF FF FF FF FF FF FF FF FF FF FF FF FF FF FF FF FF FF FF FF FF FF FF FF FF FF FF FF FF FF FF FF FF FF FF FF FF FF FF FF FF FF FF FF FF FF FF FF FF FF FF FF FF FF FF FF FF FF FF FF FF FF FF FF FF FF FF FF FF FF FF FF FF FF FF FF FF FF FF FF FF FF FF FF FF FF FF FF FF FF FF FF FF FF FF FF FF FF FF FF FF FF FF FF FF FF FF FF FF FF FF FF FF FF FF FF FF FF FF FF FF FF FF FF FF FF FF FF FF FF FF FF FF FF FF FF FF FF FF FF FF FF FF FF FF FF FF FF FF FF FF FF FF FF FF FF FF FF FF FF FF FF FF FF FF FF FF FF FF FF FF FF FF FF FF FF FF FF FF FF FF FF FF FF FF FF FF FF FF FF FF FF FF FF FF FF FF FF FF FF FF FF FF FF FF FF FF FF FF FF FF FF FF FF FF FF FF FF FF FF FF FF FF FF FF FF FF FF FF FF FF FF FF FF FF FF FF FF FF FF FF FF FF FF FF FF FF FF FF FF FF FF FF FF FF FF FF FF FF FF FF FF FF FF FF FF FF FF FF FF FF FF FF FF FF FF FF FF FF FF FF FF FF FF FF FF FF FF FF FF FF FF FF FF FF FF FF FF FF FF FF FF FF FF FF FF FF FF FF FF FF FF FF FF FF FF FF FF FF FF FF FF FF FF FF FF FF FF FF FF FF FF FF FF FF FF FF FF FF FF FF FF FF FF FF FF FF FF FF FF FF FF FF FF FF FF FF FF FF FF FF FF FF FF FF FF FF FF FF FF FF FF FF FF FF FF FF FF FF FF FF FF FF FF FF FF FF FF FF FF FF FF FF FF FF FF FF FF FF FF FF FF FF FF FF FF FF FF FF FF FF FF FF FF FF FF FF FF FF FF FF FF FF FF FF FF FF FF FF FF FF FF FF FF FF FF FF FF FF FF FF FF FF FF FF FF FF FF FF FF FF FF FF FF FF FF FF FF FF FF FF FF FF FF FF FF FF FF FF FF FF FF FF FF FF FF FF FF FF FF FF FF FF FF FF FF FF FF FF FF FF FF FF FF FF FF FF FF FF FF FF FF FF FF FF FF FF FF FF FF FF FF FF FF FF FF FF FF FF FF FF FF FF FF FF FF FF FF FF FF FF FF FF FF FF FF FF FF FF FF FF FF FF FF FF FF FF FF FF FF FF FF FF FF FF FF FF FF FF FF FF FF FF FF FF FF FF FF FF FF FF FF FF FF FF FF FF FF FF FF FF FF FF FF FF FF FF FF FF FF FF FF FF FF FF FF FF FF FF FF FF FF FF FF FF FF FF FF FF FF FF FF FF FF FF FF FF FF FF FF FF FF FF FF FF FF FF FF FF FF FF FF FF FF FF FF FF FF FF FF FF FF FF FF FF FF FF FF FF FF FF FF FF FF FF FF FF FF FF FF FF FF FF FF FF FF FF FF FF FF FF FF FF FF FF FF FF FF FF FF FF FF FF FF FF FF FF FF FF FF FF FF FF FF FF FF FF FF FF FF FF FF FF FF FF FF FF FF FF FF FF FF FF FF FF FF FF FF FF FF FF FF FF FF FF FF FF FF FF FF FF FF FF FF FF FF FF FF FF FF FF FF FF FF FF FF FF FF FF FF FF FF FF FF FF FF FF FF FF FF FF FF FF FF FF FF FF FF FF FF FF FF FF FF FF FF FF FF FF FF FF FF FF FF FF FF FF FF FF FF FF FF FF FF FF FF FF FF FF FF FF FF FF FF FF FF FF FF FF FF FF FF FF FF FF FF FF FF FF FF FF FF FF FF FF FF FF FF FF FF FF FF FF FF FF FF FF FF FF FF FF FF FF FF FF FF FF FF FF FF FF FF FF FF FF FF FF FF FF FF FF FF FF FF FF FF FF FF FF FF FF FF FF FF FF FF FF FF FF FF FF FF FF FF FF FF FF FF FF FF FF FF FF FF FF FF FF FF FF FF FF FF FF FF FF FF FF FF FF FF FF FF FF FF FF FF FF FF FF FF FF FF FF FF FF FF FF FF FF FF FF FF FF FF FF FF FF FF FF FF FF FF FF FF FF FF FF FF FF FF FF FF FF FF FF FF FF FF FF FF FF FF FF FF FF FF FF FF FF FF FF FF FF FF FF FF FF FF FF FF FF FF FF FF FF FF FF FF FF FF FF FF FF FF FF FF FF FF FF FF FF FF FF FF FF FF FF FF FF FF FF FF FF FF FF FF FF FF FF FF FF FF FF FF FF FF FF FF FF FF FF FF FF FF FF FF FF FF FF FF FF FF FF FF FF FF FF FF FF FF FF FF FF FF FF FF FF FF FF FF FF FF FF FF FF FF FF FF FF FF FF FF FF FF FF FF FF FF FF FF FF FF FF FF FF FF FF FF FF FF FF FF FF FF FF FF FF FF FF FF FF FF FF FF FF FF FF FF FF FF FF FF FF FF FF FF FF FF FF FF FF FF FF FF FF FF FF FF FF FF FF FF FF FF FF FF FF FF FF FF FF FF FF FF FF FF FF FF FF FF FF FF FF FF FF FF FF FF FF FF FF FF FF FF FF FF FF FF FF FF FF FF FF FF FF FF FF FF FF FF FF FF FF FF FF FF FF FF FF FF FF FF FF FF FF FF FF FF FF FF FF FF FF FF FF FF FF FF FF FF FF FF FF FF FF FF FF FF FF FF FF FF FF FF FF FF FF FF FF FF FF FF FF FF FF FF FF FF FF FF FF FF FF FF FF FF FF FF FF FF FF FF FF FF FF FF FF FF FF FF FF FF FF FF FF FF FF FF FF FF FF FF FF FF FF FF FF FF FF FF FF FF FF FF FF FF FF FF FF FF FF FF FF FF FF FF FF FF FF FF FF FF FF FF FF FF FF FF FF FF FF FF FF FF FF FF FF FF FF FF FF FF FF FF FF FF FF FF FF FF FF FF FF FF FF FF FF FF FF FF FF FF FF 